period,code,metric,value,unit,tolerance,status,source_primary,value_primary,raw_primary,source_secondary,value_secondary,raw_secondary,sources_all,source_url_primary,source_url_secondary,fetched_at
FY2002-03,1959,revenue,,JPY_million,1,SINGLE_SOURCE,kabutan_fy10,237375,"237,375",,,,kabutan_fy10=237375,https://kabutan.jp/stock/finance?code=1959,,2026-08-29T10:38:54.893065+09:00
FY2003-03,1959,revenue,,JPY_million,1,SINGLE_SOURCE,kabutan_fy10,222556,"222,556",,,,kabutan_fy10=222556,https://kabutan.jp/stock/finance?code=1959,,2026-08-29T10:38:54.893065+09:00
FY2004-03,1959,revenue,,JPY_million,1,SINGLE_SOURCE,kabutan_fy10,224703,"224,703",,,,kabutan_fy10=224703,https://kabutan.jp/stock/finance?code=1959,,2026-08-29T10:38:54.893065+09:00
FY2005-03,1959,revenue,,JPY_million,1,SINGLE_SOURCE,kabutan_fy10,231478,"231,478",,,,kabutan_fy10=231478,https://kabutan.jp/stock/finance?code=1959,,2026-08-29T10:38:54.893065+09:00
FY2006-03,1959,revenue,,JPY_million,1,SINGLE_SOURCE,kabutan_fy10,233560,"233,560",,,,kabutan_fy10=233560,https://kabutan.jp/stock/finance?code=1959,,2026-08-29T10:38:54.893065+09:00
FY2007-03,1959,revenue,,JPY_million,1,SINGLE_SOURCE,kabutan_fy10,251751,"251,751",,,,kabutan_fy10=251751,https://kabutan.jp/stock/finance?code=1959,,2026-08-29T10:38:54.893065+09:00
FY2008-03,1959,revenue,236206,JPY_million,100,OK|ROUNDING,kabutan_fy10,236206,"236,206",irbank_pl_consolidated,236200,2362億,kabutan_fy10=236206|irbank_pl_consolidated=236200,https://kabutan.jp/stock/finance?code=1959,https://irbank.net/E00146/results,2026-08-29T10:42:55.986064+09:00
FY2009-03,1959,revenue,245388,JPY_million,100,OK|ROUNDING,kabutan_fy10,245388,"245,388",irbank_pl_consolidated,245400,2454億,kabutan_fy10=245388|irbank_pl_consolidated=245400,https://kabutan.jp/stock/finance?code=1959,https://irbank.net/E00146/results,2026-08-29T10:42:55.986064+09:00
FY2010-03,1959,revenue,225891,JPY_million,100,OK|ROUNDING,kabutan_fy10,225891,"225,891",irbank_pl_consolidated,225900,2259億,kabutan_fy10=225891|irbank_pl_consolidated=225900,https://kabutan.jp/stock/finance?code=1959,https://irbank.net/E00146/results,2026-08-29T10:42:55.986064+09:00
FY2011-03,1959,revenue,248577,JPY_million,100,OK|ROUNDING,kabutan_fy10,248577,"248,577",irbank_pl_consolidated,248600,2486億,kabutan_fy10=248577|irbank_pl_consolidated=248600,https://kabutan.jp/stock/finance?code=1959,https://irbank.net/E00146/results,2026-08-29T10:42:55.986064+09:00
FY2012-03,1959,revenue,246660,JPY_million,100,OK|ROUNDING,kabutan_fy10,246660,"246,660",irbank_pl_consolidated,246700,2467億,kabutan_fy10=246660|irbank_pl_consolidated=246700,https://kabutan.jp/stock/finance?code=1959,https://irbank.net/E00146/results,2026-08-29T10:42:55.986064+09:00
FY2013-03,1959,revenue,239282,JPY_million,100,OK|ROUNDING,kabutan_fy10,239282,"239,282",irbank_pl_consolidated,239300,2393億,kabutan_fy10=239282|irbank_pl_consolidated=239300,https://kabutan.jp/stock/finance?code=1959,https://irbank.net/E00146/results,2026-08-29T10:42:55.986064+09:00
FY2014-03,1959,revenue,279310,JPY_million,100,OK|ROUNDING,kabutan_fy10,279310,"279,310",irbank_pl_consolidated,279300,2793億,kabutan_fy10=279310|irbank_pl_consolidated=279300,https://kabutan.jp/stock/finance?code=1959,https://irbank.net/E00146/results,2026-08-29T10:42:55.986064+09:00
FY2015-03,1959,revenue,315949,JPY_million,100,OK|ROUNDING,kabutan_fy10,315949,"315,949",irbank_pl_consolidated,315900,3159億,kabutan_fy10=315949|irbank_pl_consolidated=315900,https://kabutan.jp/stock/finance?code=1959,https://irbank.net/E00146/results,2026-08-29T10:42:55.986064+09:00
FY2016-03,1959,revenue,311346,JPY_million,100,OK|ROUNDING,kabutan_fy10,311346,"311,346",irbank_pl_consolidated,311300,3113億,kabutan_fy10=311346|irbank_pl_consolidated=311300,https://kabutan.jp/stock/finance?code=1959,https://irbank.net/E00146/results,2026-08-29T10:42:55.986064+09:00
FY2017-03,1959,revenue,341771,JPY_million,100,OK|ROUNDING,kabutan_fy10,341771,"341,771",irbank_pl_consolidated,341800,3418億,kabutan_fy10=341771|irbank_pl_consolidated=341800,https://kabutan.jp/stock/finance?code=1959,https://irbank.net/E00146/results,2026-08-29T10:42:55.986064+09:00
FY2018-03,1959,revenue,360872,JPY_million,100,OK|ROUNDING,kabutan_fy10,360872,"360,872",irbank_pl_consolidated,360900,3609億,kabutan_fy10=360872|irbank_pl_consolidated=360900,https://kabutan.jp/stock/finance?code=1959,https://irbank.net/E00146/results,2026-08-29T10:42:55.986064+09:00
FY2019-03,1959,revenue,408143,JPY_million,100,OK|ROUNDING,kabutan_fy10,408143,"408,143",irbank_pl_consolidated,408100,4081億,kabutan_fy10=408143|irbank_pl_consolidated=408100,https://kabutan.jp/stock/finance?code=1959,https://irbank.net/E00146/results,2026-08-29T10:42:55.986064+09:00
FY2020-03,1959,revenue,428939,JPY_million,100,OK|ROUNDING,kabutan_fy10,428939,"428,939",irbank_pl_consolidated,428900,4289億,kabutan_fy10=428939|irbank_pl_consolidated=428900,https://kabutan.jp/stock/finance?code=1959,https://irbank.net/E00146/results,2026-08-29T10:42:55.986064+09:00
FY2021-03,1959,revenue,391901,JPY_million,100,OK|ROUNDING,kabutan_fy10,391901,"391,901",irbank_pl_consolidated,391900,3919億,kabutan_fy10=391901|irbank_pl_consolidated=391900,https://kabutan.jp/stock/finance?code=1959,https://irbank.net/E00146/results,2026-08-29T10:42:55.986064+09:00
FY2022-03,1959,revenue,376563,JPY_million,100,OK|ROUNDING,kabutan_fy10,376563,"376,563",irbank_pl_consolidated,376600,3766億,kabutan_fy10=376563|irbank_pl_consolidated=376600,https://kabutan.jp/stock/finance?code=1959,https://irbank.net/E00146/results,2026-08-29T10:42:55.986064+09:00
FY2023-03,1959,eps,371.92,JPY,0.1,OK|ROUNDING,kabutan_fy,371.9,371.9,irbank_pl_consolidated,371.92,371.92,kabutan_fy=371.9|irbank_pl_consolidated=371.92,https://kabutan.jp/stock/finance?code=1959,https://irbank.net/E00146/results,2026-08-29T10:42:55.986064+09:00
FY2023-03,1959,net_income,26349,JPY_million,100,OK|ROUNDING,kabutan_fy,26349,"26,349",irbank_pl_consolidated,26300,263億,kabutan_fy=26349|irbank_pl_consolidated=26300,https://kabutan.jp/stock/finance?code=1959,https://irbank.net/E00146/results,2026-08-29T10:42:55.986064+09:00
FY2023-03,1959,operating_income,32083,JPY_million,100,OK|ROUNDING,kabutan_fy,32083,"32,083",irbank_pl_consolidated,32100,321億,kabutan_fy=32083|irbank_pl_consolidated=32100|irbank_q=32100,https://kabutan.jp/stock/finance?code=1959,https://irbank.net/E00146/results,2026-08-29T10:42:55.986064+09:00
FY2023-03,1959,ordinary_income,35462,JPY_million,100,OK|ROUNDING,kabutan_fy,35462,"35,462",irbank_pl_consolidated,35500,355億,kabutan_fy=35462|irbank_pl_consolidated=35500|irbank_q=35500,https://kabutan.jp/stock/finance?code=1959,https://irbank.net/E00146/results,2026-08-29T10:42:55.986064+09:00
FY2023-03,1959,revenue,395783,JPY_million,100,OK|ROUNDING,kabutan_fy,395783,"395,783",kabutan_fy10,395783,"395,783",kabutan_fy=395783|kabutan_fy10=395783|irbank_pl_consolidated=395800|irbank_q=395800,https://kabutan.jp/stock/finance?code=1959,https://kabutan.jp/stock/finance?code=1959,2026-08-29T10:42:55.986064+09:00
FY2024-03,1959,bps,,JPY,0.01,SINGLE_SOURCE,kabutan_bs,4082.95,"4,082.95",,,,kabutan_bs=4082.95,https://kabutan.jp/stock/finance?code=1959,,2026-08-29T10:38:54.893065+09:00
FY2024-03,1959,cash_equivalents,94588,JPY_million,100,OK|ROUNDING,kabutan_cf,94588,"94,588",irbank_cf,94600,946億,kabutan_cf=94588|irbank_cf=94600,https://kabutan.jp/stock/finance?code=1959,https://irbank.net/E00146/results,2026-08-29T10:42:55.986064+09:00
FY2024-03,1959,eps,395.87,JPY,0.1,OK|ROUNDING,kabutan_fy,395.9,395.9,irbank_pl_consolidated,395.87,395.87,kabutan_fy=395.9|irbank_pl_consolidated=395.87,https://kabutan.jp/stock/finance?code=1959,https://irbank.net/E00146/results,2026-08-29T10:42:55.986064+09:00
FY2024-03,1959,equity,,JPY_million,1,SINGLE_SOURCE,kabutan_bs,288781,"288,781",,,,kabutan_bs=288781,https://kabutan.jp/stock/finance?code=1959,,2026-08-29T10:38:54.893065+09:00
FY2024-03,1959,equity_ratio,57.4,pct,0.1,OK,kabutan_bs,57.4,57.4,irbank_bs,57.4,57.4,kabutan_bs=57.4|irbank_bs=57.4,https://kabutan.jp/stock/finance?code=1959,https://irbank.net/E00146/results,2026-08-29T10:42:55.986064+09:00
FY2024-03,1959,financing_cf,-11032,JPY_million,100,OK|ROUNDING,kabutan_cf,-11032,"-11,032",irbank_cf,-11000,-110億,kabutan_cf=-11032|irbank_cf=-11000,https://kabutan.jp/stock/finance?code=1959,https://irbank.net/E00146/results,2026-08-29T10:42:55.986064+09:00
FY2024-03,1959,free_cf,41655,JPY_million,100,OK|ROUNDING,kabutan_cf,41655,"41,655",irbank_cf,41700,417億,kabutan_cf=41655|irbank_cf=41700,https://kabutan.jp/stock/finance?code=1959,https://irbank.net/E00146/results,2026-08-29T10:42:55.986064+09:00
FY2024-03,1959,interest_bearing_debt_ratio,0.1107,x,0.01,OK|ROUNDING|UNIT_CONVERTED,kabutan_bs,0.12,0.12,irbank_bs,0.1107,11.07,kabutan_bs=0.12|irbank_bs=0.1107,https://kabutan.jp/stock/finance?code=1959,https://irbank.net/E00146/results,2026-08-29T10:42:55.986064+09:00
FY2024-03,1959,investing_cf,-2314,JPY_million,10,OK|ROUNDING,kabutan_cf,-2314,"-2,314",irbank_cf,-2310,-23.1億,kabutan_cf=-2314|irbank_cf=-2310,https://kabutan.jp/stock/finance?code=1959,https://irbank.net/E00146/results,2026-08-29T10:42:55.986064+09:00
FY2024-03,1959,net_income,28017,JPY_million,100,OK|ROUNDING,kabutan_fy,28017,"28,017",irbank_pl_consolidated,28000,280億,kabutan_fy=28017|irbank_pl_consolidated=28000,https://kabutan.jp/stock/finance?code=1959,https://irbank.net/E00146/results,2026-08-29T10:42:55.986064+09:00
FY2024-03,1959,operating_cf,43969,JPY_million,100,OK|ROUNDING,kabutan_cf,43969,"43,969",irbank_cf,44000,440億,kabutan_cf=43969|irbank_cf=44000,https://kabutan.jp/stock/finance?code=1959,https://irbank.net/E00146/results,2026-08-29T10:42:55.986064+09:00
FY2024-03,1959,operating_income,38016,JPY_million,100,OK|ROUNDING,kabutan_fy,38016,"38,016",kabutan_cf,38016,"38,016",kabutan_fy=38016|kabutan_cf=38016|irbank_pl_consolidated=38000|irbank_q=38000,https://kabutan.jp/stock/finance?code=1959,https://kabutan.jp/stock/finance?code=1959,2026-08-29T10:42:55.986064+09:00
FY2024-03,1959,ordinary_income,42362,JPY_million,100,OK|ROUNDING,kabutan_fy,42362,"42,362",irbank_pl_consolidated,42400,424億,kabutan_fy=42362|irbank_pl_consolidated=42400|irbank_q=42400,https://kabutan.jp/stock/finance?code=1959,https://irbank.net/E00146/results,2026-08-29T10:42:55.986064+09:00
FY2024-03,1959,retained_earnings,253824,JPY_million,100,OK|ROUNDING,kabutan_bs,253824,"253,824",irbank_bs,253800,2538億,kabutan_bs=253824|irbank_bs=253800,https://kabutan.jp/stock/finance?code=1959,https://irbank.net/E00146/results,2026-08-29T10:42:55.986064+09:00
FY2024-03,1959,revenue,469057,JPY_million,100,OK|ROUNDING,kabutan_fy,469057,"469,057",kabutan_fy10,469057,"469,057",kabutan_fy=469057|kabutan_fy10=469057|irbank_pl_consolidated=469100|irbank_q=469100,https://kabutan.jp/stock/finance?code=1959,https://kabutan.jp/stock/finance?code=1959,2026-08-29T10:42:55.986064+09:00
FY2024-03,1959,total_assets,503284,JPY_million,100,OK|ROUNDING,kabutan_bs,503284,"503,284",irbank_bs,503300,5033億,kabutan_bs=503284|irbank_bs=503300,https://kabutan.jp/stock/finance?code=1959,https://irbank.net/E00146/results,2026-08-29T10:42:55.986064+09:00
FY2025-03,1959,bps,4384.3,JPY,0.01,OK|ROUNDING,kabutan_bs,4384.3,"4,384.30",irbank_bs,4384.29,4384.29,kabutan_bs=4384.3|irbank_bs=4384.29,https://kabutan.jp/stock/finance?code=1959,https://irbank.net/E00146/results,2026-08-29T10:42:55.986064+09:00
FY2025-03,1959,cash_equivalents,70437,JPY_million,100,OK|ROUNDING,kabutan_cf,70437,"70,437",irbank_cf,70400,704億,kabutan_cf=70437|irbank_cf=70400,https://kabutan.jp/stock/finance?code=1959,https://irbank.net/E00146/results,2026-08-29T10:42:55.986064+09:00
FY2025-03,1959,eps,408.35,JPY,0.1,OK|ROUNDING,kabutan_fy,408.4,408.4,kabutan_fy_profit,408.4,408.4,kabutan_fy=408.4|kabutan_fy_profit=408.4|irbank_pl_consolidated=408.35,https://kabutan.jp/stock/finance?code=1959,https://kabutan.jp/stock/finance?code=1959,2026-08-29T10:42:55.986064+09:00
FY2025-03,1959,equity,,JPY_million,1,SINGLE_SOURCE,kabutan_bs,310104,"310,104",,,,kabutan_bs=310104,https://kabutan.jp/stock/finance?code=1959,,2026-08-29T10:38:54.893065+09:00
FY2025-03,1959,equity_ratio,63.5,pct,0.1,OK,kabutan_bs,63.5,63.5,irbank_bs,63.5,63.5,kabutan_bs=63.5|irbank_bs=63.5,https://kabutan.jp/stock/finance?code=1959,https://irbank.net/E00146/results,2026-08-29T10:42:55.986064+09:00
FY2025-03,1959,financing_cf,-24552,JPY_million,100,OK|ROUNDING,kabutan_cf,-24552,"-24,552",irbank_cf,-24600,-246億,kabutan_cf=-24552|irbank_cf=-24600,https://kabutan.jp/stock/finance?code=1959,https://irbank.net/E00146/results,2026-08-29T10:42:55.986064+09:00
FY2025-03,1959,free_cf,-254,JPY_million,1,OK,kabutan_cf,-254,-254,irbank_cf,-254,-2.54億,kabutan_cf=-254|irbank_cf=-254,https://kabutan.jp/stock/finance?code=1959,https://irbank.net/E00146/results,2026-08-29T10:42:55.986064+09:00
FY2025-03,1959,interest_bearing_debt_ratio,0.0603,x,0.01,OK|ROUNDING|UNIT_CONVERTED,kabutan_bs,0.07,0.07,irbank_bs,0.0603,6.03,kabutan_bs=0.07|irbank_bs=0.0603,https://kabutan.jp/stock/finance?code=1959,https://irbank.net/E00146/results,2026-08-29T10:42:55.986064+09:00
FY2025-03,1959,investing_cf,-8910,JPY_million,10,OK,kabutan_cf,-8910,"-8,910",irbank_cf,-8910,-89.1億,kabutan_cf=-8910|irbank_cf=-8910,https://kabutan.jp/stock/finance?code=1959,https://irbank.net/E00146/results,2026-08-29T10:42:55.986064+09:00
FY2025-03,1959,net_income,28883,JPY_million,100,OK|ROUNDING,kabutan_fy,28883,"28,883",irbank_pl_consolidated,28900,289億,kabutan_fy=28883|irbank_pl_consolidated=28900,https://kabutan.jp/stock/finance?code=1959,https://irbank.net/E00146/results,2026-08-29T10:42:55.986064+09:00
FY2025-03,1959,operating_cf,8656,JPY_million,10,OK|ROUNDING,kabutan_cf,8656,"8,656",irbank_cf,8660,86.6億,kabutan_cf=8656|irbank_cf=8660,https://kabutan.jp/stock/finance?code=1959,https://irbank.net/E00146/results,2026-08-29T10:42:55.986064+09:00
FY2025-03,1959,operating_income,41388,JPY_million,100,OK|ROUNDING,kabutan_fy,41388,"41,388",kabutan_fy_profit,41388,"41,388",kabutan_fy=41388|kabutan_fy_profit=41388|kabutan_cf=41388|irbank_pl_consolidated=41400|irbank_q=41400,https://kabutan.jp/stock/finance?code=1959,https://kabutan.jp/stock/finance?code=1959,2026-08-29T10:42:55.986064+09:00
FY2025-03,1959,operating_margin,8.73,pct,0.01,OK,kabutan_fy_profit,8.73,8.73,irbank_pl_consolidated,8.73,8.73,kabutan_fy_profit=8.73|irbank_pl_consolidated=8.73|irbank_q=8.73,https://kabutan.jp/stock/finance?code=1959,https://irbank.net/E00146/results,2026-08-29T10:42:55.986064+09:00
FY2025-03,1959,ordinary_income,44434,JPY_million,100,OK|ROUNDING,kabutan_fy,44434,"44,434",irbank_pl_consolidated,44400,444億,kabutan_fy=44434|irbank_pl_consolidated=44400|irbank_q=44400,https://kabutan.jp/stock/finance?code=1959,https://irbank.net/E00146/results,2026-08-29T10:42:55.986064+09:00
FY2025-03,1959,retained_earnings,273660,JPY_million,100,OK|ROUNDING,kabutan_bs,273660,"273,660",irbank_bs,273700,2737億,kabutan_bs=273660|irbank_bs=273700,https://kabutan.jp/stock/finance?code=1959,https://irbank.net/E00146/results,2026-08-29T10:42:55.986064+09:00
FY2025-03,1959,revenue,473954,JPY_million,100,OK|ROUNDING,kabutan_fy,473954,"473,954",kabutan_fy10,473954,"473,954",kabutan_fy=473954|kabutan_fy10=473954|kabutan_fy_profit=473954|irbank_pl_consolidated=474000|irbank_q=474000,https://kabutan.jp/stock/finance?code=1959,https://kabutan.jp/stock/finance?code=1959,2026-08-29T10:42:55.986064+09:00
FY2025-03,1959,roa,,pct,0.01,SINGLE_SOURCE,kabutan_fy_profit,5.82,5.82,,,,kabutan_fy_profit=5.82,https://kabutan.jp/stock/finance?code=1959,,2026-08-29T10:38:54.893065+09:00
FY2025-03,1959,roe,,pct,0.01,SINGLE_SOURCE,kabutan_fy_profit,9.65,9.65,,,,kabutan_fy_profit=9.65,https://kabutan.jp/stock/finance?code=1959,,2026-08-29T10:38:54.893065+09:00
FY2025-03,1959,total_assets,488472,JPY_million,100,OK|ROUNDING,kabutan_bs,488472,"488,472",irbank_bs,488500,4885億,kabutan_bs=488472|irbank_bs=488500,https://kabutan.jp/stock/finance?code=1959,https://irbank.net/E00146/results,2026-08-29T10:42:55.986064+09:00
FY2026-03,1959,bps,,JPY,0.01,SINGLE_SOURCE,kabutan_bs,4915.49,"4,915.49",,,,kabutan_bs=4915.49,https://kabutan.jp/stock/finance?code=1959,,2026-08-29T10:38:54.893065+09:00
FY2026-03,1959,cash_equivalents,50548,JPY_million,100,OK|ROUNDING,kabutan_cf,50548,"50,548",irbank_cf,50500,505億,kabutan_cf=50548|irbank_cf=50500,https://kabutan.jp/stock/finance?code=1959,https://irbank.net/E00146/results,2026-08-29T10:42:55.986064+09:00
FY2026-03,1959,eps,566.25,JPY,0.1,OK|ROUNDING,kabutan_fy,566.3,566.3,kabutan_fy_profit,566.3,566.3,kabutan_fy=566.3|kabutan_fy_profit=566.3|kabutan_record_fy=566.3|irbank_pl_consolidated=566.25,https://kabutan.jp/stock/finance?code=1959,https://kabutan.jp/stock/finance?code=1959,2026-08-29T10:42:55.986064+09:00
FY2026-03,1959,equity,,JPY_million,1,SINGLE_SOURCE,kabutan_bs,347696,"347,696",,,,kabutan_bs=347696,https://kabutan.jp/stock/finance?code=1959,,2026-08-29T10:38:54.893065+09:00
FY2026-03,1959,equity_ratio,66.4,pct,0.1,OK,kabutan_bs,66.4,66.4,irbank_bs,66.4,66.4,kabutan_bs=66.4|irbank_bs=66.4,https://kabutan.jp/stock/finance?code=1959,https://irbank.net/E00146/results,2026-08-29T10:42:55.986064+09:00
FY2026-03,1959,financing_cf,-14307,JPY_million,100,OK|ROUNDING,kabutan_cf,-14307,"-14,307",irbank_cf,-14300,-143億,kabutan_cf=-14307|irbank_cf=-14300,https://kabutan.jp/stock/finance?code=1959,https://irbank.net/E00146/results,2026-08-29T10:42:55.986064+09:00
FY2026-03,1959,free_cf,-5811,JPY_million,10,OK|ROUNDING,kabutan_cf,-5811,"-5,811",irbank_cf,-5810,-58.1億,kabutan_cf=-5811|irbank_cf=-5810,https://kabutan.jp/stock/finance?code=1959,https://irbank.net/E00146/results,2026-08-29T10:42:55.986064+09:00
FY2026-03,1959,interest_bearing_debt_ratio,,x,0.01,SINGLE_SOURCE,kabutan_bs,0.09,0.09,,,,kabutan_bs=0.09,https://kabutan.jp/stock/finance?code=1959,,2026-08-29T10:38:54.893065+09:00
FY2026-03,1959,investing_cf,-18143,JPY_million,100,OK|ROUNDING,kabutan_cf,-18143,"-18,143",irbank_cf,-18100,-181億,kabutan_cf=-18143|irbank_cf=-18100,https://kabutan.jp/stock/finance?code=1959,https://irbank.net/E00146/results,2026-08-29T10:42:55.986064+09:00
FY2026-03,1959,net_income,40053,JPY_million,100,OK|ROUNDING,kabutan_fy,40053,"40,053",kabutan_record_fy,40053,"40,053",kabutan_fy=40053|kabutan_record_fy=40053|irbank_pl_consolidated=40100,https://kabutan.jp/stock/finance?code=1959,https://kabutan.jp/stock/finance?code=1959,2026-08-29T10:42:55.986064+09:00
FY2026-03,1959,operating_cf,12332,JPY_million,100,OK|ROUNDING,kabutan_cf,12332,"12,332",irbank_cf,12300,123億,kabutan_cf=12332|irbank_cf=12300,https://kabutan.jp/stock/finance?code=1959,https://irbank.net/E00146/results,2026-08-29T10:42:55.986064+09:00
FY2026-03,1959,operating_income,54600,JPY_million,100,OK,kabutan_fy,54600,"54,600",kabutan_fy_profit,54600,"54,600",kabutan_fy=54600|kabutan_fy_profit=54600|kabutan_cf=54600|kabutan_record_fy=54600|irbank_pl_consolidated=54600|irbank_q=54600,https://kabutan.jp/stock/finance?code=1959,https://kabutan.jp/stock/finance?code=1959,2026-08-29T10:42:55.986064+09:00
FY2026-03,1959,operating_margin,11.47,pct,0.01,OK,kabutan_fy_profit,11.47,11.47,irbank_pl_consolidated,11.47,11.47,kabutan_fy_profit=11.47|irbank_pl_consolidated=11.47|irbank_q=11.47,https://kabutan.jp/stock/finance?code=1959,https://irbank.net/E00146/results,2026-08-29T10:42:55.986064+09:00
FY2026-03,1959,ordinary_income,58157,JPY_million,100,OK|ROUNDING,kabutan_fy,58157,"58,157",kabutan_record_fy,58157,"58,157",kabutan_fy=58157|kabutan_record_fy=58157|irbank_pl_consolidated=58200|irbank_q=58200,https://kabutan.jp/stock/finance?code=1959,https://kabutan.jp/stock/finance?code=1959,2026-08-29T10:42:55.986064+09:00
FY2026-03,1959,retained_earnings,301661,JPY_million,100,OK|ROUNDING,kabutan_bs,301661,"301,661",irbank_bs,301700,3017億,kabutan_bs=301661|irbank_bs=301700,https://kabutan.jp/stock/finance?code=1959,https://irbank.net/E00146/results,2026-08-29T10:42:55.986064+09:00
FY2026-03,1959,revenue,476123,JPY_million,100,OK|ROUNDING,kabutan_fy,476123,"476,123",kabutan_fy10,476123,"476,123",kabutan_fy=476123|kabutan_fy10=476123|kabutan_fy_profit=476123|kabutan_record_fy=476123|irbank_pl_consolidated=476100|irbank_q=476100,https://kabutan.jp/stock/finance?code=1959,https://kabutan.jp/stock/finance?code=1959,2026-08-29T10:42:55.986064+09:00
FY2026-03,1959,roa,,pct,0.01,SINGLE_SOURCE,kabutan_fy_profit,7.92,7.92,,,,kabutan_fy_profit=7.92,https://kabutan.jp/stock/finance?code=1959,,2026-08-29T10:38:54.893065+09:00
FY2026-03,1959,roe,,pct,0.01,SINGLE_SOURCE,kabutan_fy_profit,12.18,12.18,,,,kabutan_fy_profit=12.18,https://kabutan.jp/stock/finance?code=1959,,2026-08-29T10:38:54.893065+09:00
FY2026-03,1959,total_assets,523268,JPY_million,100,OK|ROUNDING,kabutan_bs,523268,"523,268",irbank_bs,523300,5233億,kabutan_bs=523268|irbank_bs=523300,https://kabutan.jp/stock/finance?code=1959,https://irbank.net/E00146/results,2026-08-29T10:42:55.986064+09:00
FY2027-03,1959,eps_plan,572.54,JPY,0.1,OK|ROUNDING,kabutan_fy,572.5,572.5,kabutan_fy10,572.5,572.5,kabutan_fy=572.5|kabutan_fy10=572.5|kabutan_fy_profit=572.5|irbank_pl_consolidated=572.54,https://kabutan.jp/stock/finance?code=1959,https://kabutan.jp/stock/finance?code=1959,2026-08-29T10:42:55.986064+09:00
FY2027-03,1959,net_income_plan,40500,JPY_million,100,OK,kabutan_fy,40500,"40,500",irbank_pl_consolidated,40500,405億,kabutan_fy=40500|irbank_pl_consolidated=40500,https://kabutan.jp/stock/finance?code=1959,https://irbank.net/E00146/results,2026-08-29T10:42:55.986064+09:00
FY2027-03,1959,operating_income_plan,55500,JPY_million,100,OK,kabutan_fy,55500,"55,500",kabutan_fy10,55500,"55,500",kabutan_fy=55500|kabutan_fy10=55500|kabutan_fy_profit=55500|irbank_pl_consolidated=55500,https://kabutan.jp/stock/finance?code=1959,https://kabutan.jp/stock/finance?code=1959,2026-08-29T10:42:55.986064+09:00
FY2027-03,1959,operating_margin_plan,11.1,pct,0.1,OK,kabutan_fy_profit,11.1,11.10,irbank_pl_consolidated,11.1,11.1,kabutan_fy_profit=11.1|irbank_pl_consolidated=11.1,https://kabutan.jp/stock/finance?code=1959,https://irbank.net/E00146/results,2026-08-29T10:42:55.986064+09:00
FY2027-03,1959,ordinary_income_plan,59000,JPY_million,100,OK,kabutan_fy,59000,"59,000",kabutan_fy10,59000,"59,000",kabutan_fy=59000|kabutan_fy10=59000|irbank_pl_consolidated=59000,https://kabutan.jp/stock/finance?code=1959,https://kabutan.jp/stock/finance?code=1959,2026-08-29T10:42:55.986064+09:00
FY2027-03,1959,revenue_plan,500000,JPY_million,100,OK,kabutan_fy,500000,"500,000",kabutan_fy10,500000,"500,000",kabutan_fy=500000|kabutan_fy10=500000|kabutan_fy_profit=500000|irbank_pl_consolidated=500000,https://kabutan.jp/stock/finance?code=1959,https://kabutan.jp/stock/finance?code=1959,2026-08-29T10:42:55.986064+09:00
FY2027-03,1959,roa_plan,8.21,pct,0.01,OK,kabutan_fy_profit,8.21,8.21,irbank_pl_consolidated,8.21,8.21,kabutan_fy_profit=8.21|irbank_pl_consolidated=8.21,https://kabutan.jp/stock/finance?code=1959,https://irbank.net/E00146/results,2026-08-29T10:42:55.986064+09:00
FY2027-03,1959,roe_plan,11.65,pct,0.01,OK,kabutan_fy_profit,11.65,11.65,irbank_pl_consolidated,11.65,11.65,kabutan_fy_profit=11.65|irbank_pl_consolidated=11.65,https://kabutan.jp/stock/finance?code=1959,https://irbank.net/E00146/results,2026-08-29T10:42:55.986064+09:00
H2023-04_2023-09,1959,eps,,JPY,0.1,SINGLE_SOURCE,kabutan_half,143.5,143.5,,,,kabutan_half=143.5,https://kabutan.jp/stock/finance?code=1959,,2026-08-29T10:38:54.893065+09:00
H2023-04_2023-09,1959,net_income,,JPY_million,1,SINGLE_SOURCE,kabutan_half,10160,"10,160",,,,kabutan_half=10160,https://kabutan.jp/stock/finance?code=1959,,2026-08-29T10:38:54.893065+09:00
H2023-04_2023-09,1959,operating_income,,JPY_million,1,SINGLE_SOURCE,kabutan_half,13692,"13,692",,,,kabutan_half=13692,https://kabutan.jp/stock/finance?code=1959,,2026-08-29T10:38:54.893065+09:00
H2023-04_2023-09,1959,ordinary_income,,JPY_million,1,SINGLE_SOURCE,kabutan_half,15766,"15,766",,,,kabutan_half=15766,https://kabutan.jp/stock/finance?code=1959,,2026-08-29T10:38:54.893065+09:00
H2023-04_2023-09,1959,revenue,,JPY_million,1,SINGLE_SOURCE,kabutan_half,200617,"200,617",,,,kabutan_half=200617,https://kabutan.jp/stock/finance?code=1959,,2026-08-29T10:38:54.893065+09:00
H2024-04_2024-09,1959,eps,,JPY,0.1,SINGLE_SOURCE,kabutan_half,186.2,186.2,,,,kabutan_half=186.2,https://kabutan.jp/stock/finance?code=1959,,2026-08-29T10:38:54.893065+09:00
H2024-04_2024-09,1959,net_income,,JPY_million,1,SINGLE_SOURCE,kabutan_half,13168,"13,168",,,,kabutan_half=13168,https://kabutan.jp/stock/finance?code=1959,,2026-08-29T10:38:54.893065+09:00
H2024-04_2024-09,1959,operating_income,,JPY_million,1,SINGLE_SOURCE,kabutan_half,18254,"18,254",,,,kabutan_half=18254,https://kabutan.jp/stock/finance?code=1959,,2026-08-29T10:38:54.893065+09:00
H2024-04_2024-09,1959,ordinary_income,,JPY_million,1,SINGLE_SOURCE,kabutan_half,19896,"19,896",,,,kabutan_half=19896,https://kabutan.jp/stock/finance?code=1959,,2026-08-29T10:38:54.893065+09:00
H2024-04_2024-09,1959,revenue,,JPY_million,1,SINGLE_SOURCE,kabutan_half,219303,"219,303",,,,kabutan_half=219303,https://kabutan.jp/stock/finance?code=1959,,2026-08-29T10:38:54.893065+09:00
H2025-04_2025-09,1959,eps,,JPY,0.1,SINGLE_SOURCE,kabutan_half,211.2,211.2,,,,kabutan_half=211.2,https://kabutan.jp/stock/finance?code=1959,,2026-08-29T10:38:54.893065+09:00
H2025-04_2025-09,1959,net_income,,JPY_million,1,SINGLE_SOURCE,kabutan_half,14937,"14,937",,,,kabutan_half=14937,https://kabutan.jp/stock/finance?code=1959,,2026-08-29T10:38:54.893065+09:00
H2025-04_2025-09,1959,operating_income,,JPY_million,1,SINGLE_SOURCE,kabutan_half,22804,"22,804",,,,kabutan_half=22804,https://kabutan.jp/stock/finance?code=1959,,2026-08-29T10:38:54.893065+09:00
H2025-04_2025-09,1959,ordinary_income,,JPY_million,1,SINGLE_SOURCE,kabutan_half,24178,"24,178",,,,kabutan_half=24178,https://kabutan.jp/stock/finance?code=1959,,2026-08-29T10:38:54.893065+09:00
H2025-04_2025-09,1959,revenue,,JPY_million,1,SINGLE_SOURCE,kabutan_half,207725,"207,725",,,,kabutan_half=207725,https://kabutan.jp/stock/finance?code=1959,,2026-08-29T10:38:54.893065+09:00
Q2019-01_2019-03,1959,operating_income,,JPY_million,1,SINGLE_SOURCE,kabutan_record_q,19800,"19,800",,,,kabutan_record_q=19800,https://kabutan.jp/stock/finance?code=1959,,2026-08-29T10:38:54.893065+09:00
Q2019-01_2019-03,1959,ordinary_income,,JPY_million,1,SINGLE_SOURCE,kabutan_record_q,20642,"20,642",,,,kabutan_record_q=20642,https://kabutan.jp/stock/finance?code=1959,,2026-08-29T10:38:54.893065+09:00
Q2021-07_2021-09,1959,revenue,,JPY_million,1,SINGLE_SOURCE,kabutan_q10,87504,"87,504",,,,kabutan_q10=87504,https://kabutan.jp/stock/finance?code=1959,,2026-08-29T10:38:54.893065+09:00
Q2021-10_2021-12,1959,revenue,,JPY_million,1,SINGLE_SOURCE,kabutan_q10,83089,"83,089",,,,kabutan_q10=83089,https://kabutan.jp/stock/finance?code=1959,,2026-08-29T10:38:54.893065+09:00
Q2022-01_2022-03,1959,revenue,,JPY_million,1,SINGLE_SOURCE,kabutan_q10,135280,"135,280",,,,kabutan_q10=135280,https://kabutan.jp/stock/finance?code=1959,,2026-08-29T10:38:54.893065+09:00
Q2022-04_2022-06,1959,revenue,69089,JPY_million,100,OK|ROUNDING,kabutan_q10,69089,"69,089",irbank_q,69100,691億,kabutan_q10=69089|irbank_q=69100,https://kabutan.jp/stock/finance?code=1959,https://irbank.net/E00146/quarter,2026-08-29T10:42:55.986064+09:00
Q2022-07_2022-09,1959,revenue,99433,JPY_million,100,OK|ROUNDING,kabutan_q10,99433,"99,433",irbank_q,99400,994億,kabutan_q10=99433|irbank_q=99400,https://kabutan.jp/stock/finance?code=1959,https://irbank.net/E00146/quarter,2026-08-29T10:42:55.986064+09:00
Q2022-10_2022-12,1959,revenue,82733,JPY_million,100,OK|ROUNDING,kabutan_q10,82733,"82,733",irbank_q,82700,827億,kabutan_q10=82733|irbank_q=82700,https://kabutan.jp/stock/finance?code=1959,https://irbank.net/E00146/quarter,2026-08-29T10:42:55.986064+09:00
Q2023-01_2023-03,1959,revenue,144528,JPY_million,100,OK|ROUNDING,kabutan_q10,144528,"144,528",irbank_q,144500,1445億,kabutan_q10=144528|irbank_q=144500,https://kabutan.jp/stock/finance?code=1959,https://irbank.net/E00146/quarter,2026-08-29T10:42:55.986064+09:00
Q2023-04_2023-06,1959,revenue,86242,JPY_million,100,OK|ROUNDING,kabutan_q10,86242,"86,242",irbank_q,86200,862億+24.8%,kabutan_q10=86242|irbank_q=86200,https://kabutan.jp/stock/finance?code=1959,https://irbank.net/E00146/quarter,2026-08-29T10:42:55.986064+09:00
Q2023-07_2023-09,1959,revenue,114375,JPY_million,100,OK|ROUNDING,kabutan_q10,114375,"114,375",irbank_q,114400,1144億+15%,kabutan_q10=114375|irbank_q=114400,https://kabutan.jp/stock/finance?code=1959,https://irbank.net/E00146/quarter,2026-08-29T10:42:55.986064+09:00
Q2023-10_2023-12,1959,revenue,114450,JPY_million,100,OK|ROUNDING,kabutan_q10,114450,"114,450",irbank_q,114500,1145億+38.3%,kabutan_q10=114450|irbank_q=114500,https://kabutan.jp/stock/finance?code=1959,https://irbank.net/E00146/quarter,2026-08-29T10:42:55.986064+09:00
Q2024-01_2024-03,1959,revenue,153990,JPY_million,100,OK|ROUNDING,kabutan_q10,153990,"153,990",irbank_q,154000,1540億+6.5%,kabutan_q10=153990|irbank_q=154000,https://kabutan.jp/stock/finance?code=1959,https://irbank.net/E00146/quarter,2026-08-29T10:42:55.986064+09:00
Q2024-04_2024-06,1959,eps,,JPY,0.1,SINGLE_SOURCE,kabutan_ytd_h1,109.7,109.7,,,,kabutan_ytd_h1=109.7,https://kabutan.jp/stock/finance?code=1959,,2026-08-29T10:38:54.893065+09:00
Q2024-04_2024-06,1959,net_income,,JPY_million,1,SINGLE_SOURCE,kabutan_ytd_h1,7758,"7,758",,,,kabutan_ytd_h1=7758,https://kabutan.jp/stock/finance?code=1959,,2026-08-29T10:38:54.893065+09:00
Q2024-04_2024-06,1959,operating_income,10263,JPY_million,100,OK|ROUNDING,kabutan_ytd_h1,10263,"10,263",irbank_q,10300,103億+113.5%,kabutan_ytd_h1=10263|irbank_q=10300,https://kabutan.jp/stock/finance?code=1959,https://irbank.net/E00146/quarter,2026-08-29T10:42:55.986064+09:00
Q2024-04_2024-06,1959,ordinary_income,11147,JPY_million,100,OK|ROUNDING,kabutan_ytd_h1,11147,"11,147",irbank_q,11100,111億+77.1%,kabutan_ytd_h1=11147|irbank_q=11100,https://kabutan.jp/stock/finance?code=1959,https://irbank.net/E00146/quarter,2026-08-29T10:42:55.986064+09:00
Q2024-04_2024-06,1959,revenue,107205,JPY_million,100,OK|ROUNDING,kabutan_ytd_h1,107205,"107,205",kabutan_q10,107205,"107,205",kabutan_ytd_h1=107205|kabutan_q10=107205|irbank_q=107200,https://kabutan.jp/stock/finance?code=1959,https://kabutan.jp/stock/finance?code=1959,2026-08-29T10:42:55.986064+09:00
Q2024-07_2024-09,1959,eps,,JPY,0.1,SINGLE_SOURCE,kabutan_q,76.5,76.5,,,,kabutan_q=76.5,https://kabutan.jp/stock/finance?code=1959,,2026-08-29T10:38:54.893065+09:00
Q2024-07_2024-09,1959,net_income,,JPY_million,1,SINGLE_SOURCE,kabutan_q,5410,"5,410",,,,kabutan_q=5410,https://kabutan.jp/stock/finance?code=1959,,2026-08-29T10:38:54.893065+09:00
Q2024-07_2024-09,1959,operating_income,7991,JPY_million,10,OK|ROUNDING,kabutan_q,7991,"7,991",irbank_q,7990,79.9億-10.1%,kabutan_q=7991|irbank_q=7990,https://kabutan.jp/stock/finance?code=1959,https://irbank.net/E00146/quarter,2026-08-29T10:42:55.986064+09:00
Q2024-07_2024-09,1959,operating_margin,7.13,pct,0.1,OK|ROUNDING,kabutan_q,7.1,7.1,irbank_q,7.13,7.13%-0.64%,kabutan_q=7.1|irbank_q=7.13,https://kabutan.jp/stock/finance?code=1959,https://irbank.net/E00146/quarter,2026-08-29T10:42:55.986064+09:00
Q2024-07_2024-09,1959,ordinary_income,8749,JPY_million,10,OK|ROUNDING,kabutan_q,8749,"8,749",irbank_q,8750,87.5億-7.6%,kabutan_q=8749|irbank_q=8750,https://kabutan.jp/stock/finance?code=1959,https://irbank.net/E00146/quarter,2026-08-29T10:42:55.986064+09:00
Q2024-07_2024-09,1959,revenue,112098,JPY_million,100,OK|ROUNDING,kabutan_q,112098,"112,098",kabutan_q10,112098,"112,098",kabutan_q=112098|kabutan_q10=112098|irbank_q=112100,https://kabutan.jp/stock/finance?code=1959,https://kabutan.jp/stock/finance?code=1959,2026-08-29T10:42:55.986064+09:00
Q2024-10_2024-12,1959,eps,,JPY,0.1,SINGLE_SOURCE,kabutan_q,108.3,108.3,,,,kabutan_q=108.3,https://kabutan.jp/stock/finance?code=1959,,2026-08-29T10:38:54.893065+09:00
Q2024-10_2024-12,1959,net_income,,JPY_million,1,SINGLE_SOURCE,kabutan_q,7657,"7,657",,,,kabutan_q=7657,https://kabutan.jp/stock/finance?code=1959,,2026-08-29T10:38:54.893065+09:00
Q2024-10_2024-12,1959,operating_income,11216,JPY_million,100,OK|ROUNDING,kabutan_q,11216,"11,216",irbank_q,11200,112億+17.7%,kabutan_q=11216|irbank_q=11200,https://kabutan.jp/stock/finance?code=1959,https://irbank.net/E00146/quarter,2026-08-29T10:42:55.986064+09:00
Q2024-10_2024-12,1959,operating_margin,10.22,pct,0.1,OK|ROUNDING,kabutan_q,10.2,10.2,irbank_q,10.22,10.22%+1.89%,kabutan_q=10.2|irbank_q=10.22,https://kabutan.jp/stock/finance?code=1959,https://irbank.net/E00146/quarter,2026-08-29T10:42:55.986064+09:00
Q2024-10_2024-12,1959,ordinary_income,11848,JPY_million,100,OK|ROUNDING,kabutan_q,11848,"11,848",irbank_q,11800,118億+12.8%,kabutan_q=11848|irbank_q=11800,https://kabutan.jp/stock/finance?code=1959,https://irbank.net/E00146/quarter,2026-08-29T10:42:55.986064+09:00
Q2024-10_2024-12,1959,revenue,109771,JPY_million,100,OK|ROUNDING,kabutan_q,109771,"109,771",kabutan_q10,109771,"109,771",kabutan_q=109771|kabutan_q10=109771|irbank_q=109800,https://kabutan.jp/stock/finance?code=1959,https://kabutan.jp/stock/finance?code=1959,2026-08-29T10:42:55.986064+09:00
Q2025-01_2025-03,1959,eps,,JPY,0.1,SINGLE_SOURCE,kabutan_q,113.9,113.9,,,,kabutan_q=113.9,https://kabutan.jp/stock/finance?code=1959,,2026-08-29T10:38:54.893065+09:00
Q2025-01_2025-03,1959,net_income,,JPY_million,1,SINGLE_SOURCE,kabutan_q,8058,"8,058",,,,kabutan_q=8058,https://kabutan.jp/stock/finance?code=1959,,2026-08-29T10:38:54.893065+09:00
Q2025-01_2025-03,1959,operating_income,11918,JPY_million,100,OK|ROUNDING,kabutan_q,11918,"11,918",irbank_q,11900,119億-19.4%,kabutan_q=11918|irbank_q=11900,https://kabutan.jp/stock/finance?code=1959,https://irbank.net/E00146/quarter,2026-08-29T10:42:55.986064+09:00
Q2025-01_2025-03,1959,operating_margin,8.23,pct,0.1,OK|ROUNDING,kabutan_q,8.2,8.2,irbank_q,8.23,8.23%-1.38%,kabutan_q=8.2|irbank_q=8.23,https://kabutan.jp/stock/finance?code=1959,https://irbank.net/E00146/quarter,2026-08-29T10:42:55.986064+09:00
Q2025-01_2025-03,1959,ordinary_income,12690,JPY_million,100,OK|ROUNDING,kabutan_q,12690,"12,690",irbank_q,12700,127億-21.1%,kabutan_q=12690|irbank_q=12700,https://kabutan.jp/stock/finance?code=1959,https://irbank.net/E00146/quarter,2026-08-29T10:42:55.986064+09:00
Q2025-01_2025-03,1959,revenue,144880,JPY_million,100,OK|ROUNDING,kabutan_q,144880,"144,880",kabutan_q10,144880,"144,880",kabutan_q=144880|kabutan_q10=144880|irbank_q=144900,https://kabutan.jp/stock/finance?code=1959,https://kabutan.jp/stock/finance?code=1959,2026-08-29T10:42:55.986064+09:00
Q2025-04_2025-06,1959,eps,,JPY,0.1,SINGLE_SOURCE,kabutan_ytd_h1,109.1,109.1,kabutan_q,109.1,109.1,kabutan_ytd_h1=109.1|kabutan_q=109.1,https://kabutan.jp/stock/finance?code=1959,https://kabutan.jp/stock/finance?code=1959,2026-08-29T10:38:54.893065+09:00
Q2025-04_2025-06,1959,net_income,,JPY_million,1,SINGLE_SOURCE,kabutan_ytd_h1,7719,"7,719",kabutan_q,7719,"7,719",kabutan_ytd_h1=7719|kabutan_q=7719,https://kabutan.jp/stock/finance?code=1959,https://kabutan.jp/stock/finance?code=1959,2026-08-29T10:38:54.893065+09:00
Q2025-04_2025-06,1959,operating_income,11098,JPY_million,100,OK|ROUNDING,kabutan_ytd_h1,11098,"11,098",kabutan_q,11098,"11,098",kabutan_ytd_h1=11098|kabutan_q=11098|irbank_q=11100,https://kabutan.jp/stock/finance?code=1959,https://kabutan.jp/stock/finance?code=1959,2026-08-29T10:42:55.986064+09:00
Q2025-04_2025-06,1959,operating_margin,11.04,pct,0.1,OK|ROUNDING,kabutan_q,11,11.0,irbank_q,11.04,11.04%+1.47%,kabutan_q=11|irbank_q=11.04,https://kabutan.jp/stock/finance?code=1959,https://irbank.net/E00146/quarter,2026-08-29T10:42:55.986064+09:00
Q2025-04_2025-06,1959,ordinary_income,11737,JPY_million,100,OK|ROUNDING,kabutan_ytd_h1,11737,"11,737",kabutan_q,11737,"11,737",kabutan_ytd_h1=11737|kabutan_q=11737|irbank_q=11700,https://kabutan.jp/stock/finance?code=1959,https://kabutan.jp/stock/finance?code=1959,2026-08-29T10:42:55.986064+09:00
Q2025-04_2025-06,1959,revenue,100568,JPY_million,100,OK|ROUNDING,kabutan_ytd_h1,100568,"100,568",kabutan_q,100568,"100,568",kabutan_ytd_h1=100568|kabutan_q=100568|kabutan_q10=100568|irbank_q=100600,https://kabutan.jp/stock/finance?code=1959,https://kabutan.jp/stock/finance?code=1959,2026-08-29T10:42:55.986064+09:00
Q2025-07_2025-09,1959,eps,,JPY,0.1,SINGLE_SOURCE,kabutan_q,102.1,102.1,,,,kabutan_q=102.1,https://kabutan.jp/stock/finance?code=1959,,2026-08-29T10:38:54.893065+09:00
Q2025-07_2025-09,1959,net_income,,JPY_million,1,SINGLE_SOURCE,kabutan_q,7218,"7,218",,,,kabutan_q=7218,https://kabutan.jp/stock/finance?code=1959,,2026-08-29T10:38:54.893065+09:00
Q2025-07_2025-09,1959,operating_income,11706,JPY_million,100,OK|ROUNDING,kabutan_q,11706,"11,706",irbank_q,11700,117億+46.5%,kabutan_q=11706|irbank_q=11700,https://kabutan.jp/stock/finance?code=1959,https://irbank.net/E00146/quarter,2026-08-29T10:42:55.986064+09:00
Q2025-07_2025-09,1959,operating_margin,10.92,pct,0.1,OK|ROUNDING,kabutan_q,10.9,10.9,irbank_q,10.92,10.92%+3.79%,kabutan_q=10.9|irbank_q=10.92,https://kabutan.jp/stock/finance?code=1959,https://irbank.net/E00146/quarter,2026-08-29T10:42:55.986064+09:00
Q2025-07_2025-09,1959,ordinary_income,12441,JPY_million,100,OK|ROUNDING,kabutan_q,12441,"12,441",irbank_q,12400,124億+42.2%,kabutan_q=12441|irbank_q=12400,https://kabutan.jp/stock/finance?code=1959,https://irbank.net/E00146/quarter,2026-08-29T10:42:55.986064+09:00
Q2025-07_2025-09,1959,revenue,107157,JPY_million,100,OK|ROUNDING,kabutan_q,107157,"107,157",kabutan_q10,107157,"107,157",kabutan_q=107157|kabutan_q10=107157|irbank_q=107200,https://kabutan.jp/stock/finance?code=1959,https://kabutan.jp/stock/finance?code=1959,2026-08-29T10:42:55.986064+09:00
Q2025-10_2025-12,1959,eps,,JPY,0.1,SINGLE_SOURCE,kabutan_q,148.8,148.8,,,,kabutan_q=148.8,https://kabutan.jp/stock/finance?code=1959,,2026-08-29T10:38:54.893065+09:00
Q2025-10_2025-12,1959,net_income,,JPY_million,1,SINGLE_SOURCE,kabutan_q,10527,"10,527",,,,kabutan_q=10527,https://kabutan.jp/stock/finance?code=1959,,2026-08-29T10:38:54.893065+09:00
Q2025-10_2025-12,1959,operating_income,13640,JPY_million,100,OK|ROUNDING,kabutan_q,13640,"13,640",irbank_q,13600,136億+21.6%,kabutan_q=13640|irbank_q=13600,https://kabutan.jp/stock/finance?code=1959,https://irbank.net/E00146/quarter,2026-08-29T10:42:55.986064+09:00
Q2025-10_2025-12,1959,operating_margin,12.23,pct,0.1,OK|ROUNDING,kabutan_q,12.2,12.2,irbank_q,12.23,12.23%+2.01%,kabutan_q=12.2|irbank_q=12.23,https://kabutan.jp/stock/finance?code=1959,https://irbank.net/E00146/quarter,2026-08-29T10:42:55.986064+09:00
Q2025-10_2025-12,1959,ordinary_income,14905,JPY_million,100,OK|ROUNDING,kabutan_q,14905,"14,905",irbank_q,14900,149億+25.8%,kabutan_q=14905|irbank_q=14900,https://kabutan.jp/stock/finance?code=1959,https://irbank.net/E00146/quarter,2026-08-29T10:42:55.986064+09:00
Q2025-10_2025-12,1959,revenue,111528,JPY_million,100,OK|ROUNDING,kabutan_q,111528,"111,528",kabutan_q10,111528,"111,528",kabutan_q=111528|kabutan_q10=111528|irbank_q=111500,https://kabutan.jp/stock/finance?code=1959,https://kabutan.jp/stock/finance?code=1959,2026-08-29T10:42:55.986064+09:00
Q2026-01_2026-03,1959,eps,,JPY,0.1,SINGLE_SOURCE,kabutan_q,206.3,206.3,kabutan_record_q,206.3,206.3,kabutan_q=206.3|kabutan_record_q=206.3,https://kabutan.jp/stock/finance?code=1959,https://kabutan.jp/stock/finance?code=1959,2026-08-29T10:38:54.893065+09:00
Q2026-01_2026-03,1959,net_income,,JPY_million,1,SINGLE_SOURCE,kabutan_q,14589,"14,589",kabutan_record_q,14589,"14,589",kabutan_q=14589|kabutan_record_q=14589,https://kabutan.jp/stock/finance?code=1959,https://kabutan.jp/stock/finance?code=1959,2026-08-29T10:38:54.893065+09:00
Q2026-01_2026-03,1959,operating_income,18156,JPY_million,100,OK|ROUNDING,kabutan_q,18156,"18,156",irbank_q,18200,182億+52.3%,kabutan_q=18156|irbank_q=18200,https://kabutan.jp/stock/finance?code=1959,https://irbank.net/E00146/quarter,2026-08-29T10:42:55.986064+09:00
Q2026-01_2026-03,1959,operating_margin,11.57,pct,0.1,OK|ROUNDING,kabutan_q,11.6,11.6,irbank_q,11.57,11.57%+3.34%,kabutan_q=11.6|irbank_q=11.57,https://kabutan.jp/stock/finance?code=1959,https://irbank.net/E00146/quarter,2026-08-29T10:42:55.986064+09:00
Q2026-01_2026-03,1959,ordinary_income,19074,JPY_million,100,OK|ROUNDING,kabutan_q,19074,"19,074",irbank_q,19100,191億+50.3%,kabutan_q=19074|irbank_q=19100,https://kabutan.jp/stock/finance?code=1959,https://irbank.net/E00146/quarter,2026-08-29T10:42:55.986064+09:00
Q2026-01_2026-03,1959,revenue,156870,JPY_million,100,OK|ROUNDING,kabutan_q,156870,"156,870",kabutan_q10,156870,"156,870",kabutan_q=156870|kabutan_q10=156870|kabutan_record_q=156870|irbank_q=156900,https://kabutan.jp/stock/finance?code=1959,https://kabutan.jp/stock/finance?code=1959,2026-08-29T10:42:55.986064+09:00
Q2026-04_2026-06,1959,eps,,JPY,0.1,SINGLE_SOURCE,kabutan_ytd_h1,119,119.0,kabutan_q,119,119.0,kabutan_ytd_h1=119|kabutan_q=119|kabutan_q10=119,https://kabutan.jp/stock/finance?code=1959,https://kabutan.jp/stock/finance?code=1959,2026-08-29T10:38:54.893065+09:00
Q2026-04_2026-06,1959,equity,,JPY_million,1,SINGLE_SOURCE,kabutan_bs,347653,"347,653",,,,kabutan_bs=347653,https://kabutan.jp/stock/finance?code=1959,,2026-08-29T10:38:54.893065+09:00
Q2026-04_2026-06,1959,equity_ratio,,pct,0.1,SINGLE_SOURCE,kabutan_bs,70.5,70.5,,,,kabutan_bs=70.5,https://kabutan.jp/stock/finance?code=1959,,2026-08-29T10:38:54.893065+09:00
Q2026-04_2026-06,1959,interest_bearing_debt_ratio,,x,0.01,SINGLE_SOURCE,kabutan_bs,0.08,0.08,,,,kabutan_bs=0.08,https://kabutan.jp/stock/finance?code=1959,,2026-08-29T10:38:54.893065+09:00
Q2026-04_2026-06,1959,net_income,,JPY_million,1,SINGLE_SOURCE,kabutan_ytd_h1,8415,"8,415",kabutan_q,8415,"8,415",kabutan_ytd_h1=8415|kabutan_q=8415,https://kabutan.jp/stock/finance?code=1959,https://kabutan.jp/stock/finance?code=1959,2026-08-29T10:38:54.893065+09:00
Q2026-04_2026-06,1959,operating_income,10731,JPY_million,100,OK|ROUNDING,kabutan_ytd_h1,10731,"10,731",kabutan_q,10731,"10,731",kabutan_ytd_h1=10731|kabutan_q=10731|kabutan_q10=10731|irbank_q=10700,https://kabutan.jp/stock/finance?code=1959,https://kabutan.jp/stock/finance?code=1959,2026-08-29T10:42:55.986064+09:00
Q2026-04_2026-06,1959,operating_margin,10.87,pct,0.1,OK|ROUNDING,kabutan_q,10.9,10.9,irbank_q,10.87,10.87%-0.17%,kabutan_q=10.9|irbank_q=10.87,https://kabutan.jp/stock/finance?code=1959,https://irbank.net/E00146/quarter,2026-08-29T10:42:55.986064+09:00
Q2026-04_2026-06,1959,ordinary_income,12212,JPY_million,100,OK|ROUNDING,kabutan_ytd_h1,12212,"12,212",kabutan_q,12212,"12,212",kabutan_ytd_h1=12212|kabutan_q=12212|kabutan_q10=12212|irbank_q=12200,https://kabutan.jp/stock/finance?code=1959,https://kabutan.jp/stock/finance?code=1959,2026-08-29T10:42:55.986064+09:00
Q2026-04_2026-06,1959,retained_earnings,,JPY_million,1,SINGLE_SOURCE,kabutan_bs,300865,"300,865",,,,kabutan_bs=300865,https://kabutan.jp/stock/finance?code=1959,,2026-08-29T10:38:54.893065+09:00
Q2026-04_2026-06,1959,revenue,98696,JPY_million,100,OK|ROUNDING,kabutan_ytd_h1,98696,"98,696",kabutan_q,98696,"98,696",kabutan_ytd_h1=98696|kabutan_q=98696|kabutan_q10=98696|irbank_q=98700,https://kabutan.jp/stock/finance?code=1959,https://kabutan.jp/stock/finance?code=1959,2026-08-29T10:42:55.986064+09:00
Q2026-04_2026-06,1959,total_assets,,JPY_million,1,SINGLE_SOURCE,kabutan_bs,493153,"493,153",,,,kabutan_bs=493153,https://kabutan.jp/stock/finance?code=1959,,2026-08-29T10:38:54.893065+09:00
FY2008-03,1959,capex,,JPY_million,10,SINGLE_SOURCE,irbank_cf,-7950,-79.5億,,,,irbank_cf=-7950,https://irbank.net/E00146/results,,2026-08-29T10:42:55.986064+09:00
FY2008-03,1959,cash_equivalents,,JPY_million,100,SINGLE_SOURCE,irbank_cf,13600,136億,,,,irbank_cf=13600,https://irbank.net/E00146/results,,2026-08-29T10:42:55.986064+09:00
FY2008-03,1959,cost_ratio,,pct,0.01,SINGLE_SOURCE,irbank_pl_consolidated,90.13,90.13,,,,irbank_pl_consolidated=90.13,https://irbank.net/E00146/results,,2026-08-29T10:42:55.986064+09:00
FY2008-03,1959,equity_ratio,,pct,0.01,SINGLE_SOURCE,irbank_bs,34.88,34.88,,,,irbank_bs=34.88,https://irbank.net/E00146/results,,2026-08-29T10:42:55.986064+09:00
FY2008-03,1959,financing_cf,,JPY_million,10,SINGLE_SOURCE,irbank_cf,-4950,-49.5億,,,,irbank_cf=-4950,https://irbank.net/E00146/results,,2026-08-29T10:42:55.986064+09:00
FY2008-03,1959,free_cf,,JPY_million,10,SINGLE_SOURCE,irbank_cf,5510,55.1億,,,,irbank_cf=5510,https://irbank.net/E00146/results,,2026-08-29T10:42:55.986064+09:00
FY2008-03,1959,interest_bearing_debt,,JPY_million,100,SINGLE_SOURCE,irbank_bs,40500,405億,,,,irbank_bs=40500,https://irbank.net/E00146/results,,2026-08-29T10:42:55.986064+09:00
FY2008-03,1959,interest_bearing_debt_ratio,,x,0.0001,SINGLE_SOURCE|UNIT_CONVERTED,irbank_bs,0.4841,48.41,,,,irbank_bs=0.4841,https://irbank.net/E00146/results,,2026-08-29T10:42:55.986064+09:00
FY2008-03,1959,investing_cf,,JPY_million,100,SINGLE_SOURCE,irbank_cf,-13000,-130億,,,,irbank_cf=-13000,https://irbank.net/E00146/results,,2026-08-29T10:42:55.986064+09:00
FY2008-03,1959,net_assets,,JPY_million,100,SINGLE_SOURCE,irbank_bs,84500,845億,,,,irbank_bs=84500,https://irbank.net/E00146/results,,2026-08-29T10:42:55.986064+09:00
FY2008-03,1959,net_income,,JPY_million,10,SINGLE_SOURCE,irbank_pl_consolidated,3370,33.7億,,,,irbank_pl_consolidated=3370,https://irbank.net/E00146/results,,2026-08-29T10:42:55.986064+09:00
FY2008-03,1959,operating_cf,,JPY_million,100,SINGLE_SOURCE,irbank_cf,18500,185億,,,,irbank_cf=18500,https://irbank.net/E00146/results,,2026-08-29T10:42:55.986064+09:00
FY2008-03,1959,operating_income,,JPY_million,10,SINGLE_SOURCE,irbank_pl_consolidated,6940,69.4億,,,,irbank_pl_consolidated=6940,https://irbank.net/E00146/results,,2026-08-29T10:42:55.986064+09:00
FY2008-03,1959,operating_margin,,pct,0.01,SINGLE_SOURCE,irbank_pl_consolidated,2.94,2.94,,,,irbank_pl_consolidated=2.94,https://irbank.net/E00146/results,,2026-08-29T10:42:55.986064+09:00
FY2008-03,1959,ordinary_income,,JPY_million,10,SINGLE_SOURCE,irbank_pl_consolidated,8240,82.4億,,,,irbank_pl_consolidated=8240,https://irbank.net/E00146/results,,2026-08-29T10:42:55.986064+09:00
FY2008-03,1959,retained_earnings,,JPY_million,100,SINGLE_SOURCE,irbank_bs,73400,734億,,,,irbank_bs=73400,https://irbank.net/E00146/results,,2026-08-29T10:42:55.986064+09:00
FY2008-03,1959,roa,,pct,0.01,SINGLE_SOURCE,irbank_pl_consolidated,1.41,1.41,,,,irbank_pl_consolidated=1.41,https://irbank.net/E00146/results,,2026-08-29T10:42:55.986064+09:00
FY2008-03,1959,roe,,pct,0.01,SINGLE_SOURCE,irbank_pl_consolidated,4.03,4.03,,,,irbank_pl_consolidated=4.03,https://irbank.net/E00146/results,,2026-08-29T10:42:55.986064+09:00
FY2008-03,1959,sga_ratio,,pct,0.01,SINGLE_SOURCE,irbank_pl_consolidated,6.93,6.93,,,,irbank_pl_consolidated=6.93,https://irbank.net/E00146/results,,2026-08-29T10:42:55.986064+09:00
FY2008-03,1959,shareholders_equity,,JPY_million,100,SINGLE_SOURCE,irbank_bs,85500,855億,,,,irbank_bs=85500,https://irbank.net/E00146/results,,2026-08-29T10:42:55.986064+09:00
FY2008-03,1959,total_assets,,JPY_million,100,SINGLE_SOURCE,irbank_bs,239800,2398億,,,,irbank_bs=239800,https://irbank.net/E00146/results,,2026-08-29T10:42:55.986064+09:00
FY2009-03,1959,capex,,JPY_million,10,SINGLE_SOURCE,irbank_cf,-3990,-39.9億,,,,irbank_cf=-3990,https://irbank.net/E00146/results,,2026-08-29T10:42:55.986064+09:00
FY2009-03,1959,cash_equivalents,,JPY_million,100,SINGLE_SOURCE,irbank_cf,12800,128億,,,,irbank_cf=12800,https://irbank.net/E00146/results,,2026-08-29T10:42:55.986064+09:00
FY2009-03,1959,cost_ratio,,pct,0.01,SINGLE_SOURCE,irbank_pl_consolidated,90.22,90.22,,,,irbank_pl_consolidated=90.22,https://irbank.net/E00146/results,,2026-08-29T10:42:55.986064+09:00
FY2009-03,1959,equity_ratio,,pct,0.01,SINGLE_SOURCE,irbank_bs,38.18,38.18,,,,irbank_bs=38.18,https://irbank.net/E00146/results,,2026-08-29T10:42:55.986064+09:00
FY2009-03,1959,financing_cf,,JPY_million,100,SINGLE_SOURCE,irbank_cf,-10900,-109億,,,,irbank_cf=-10900,https://irbank.net/E00146/results,,2026-08-29T10:42:55.986064+09:00
FY2009-03,1959,free_cf,,JPY_million,100,SINGLE_SOURCE,irbank_cf,10200,102億,,,,irbank_cf=10200,https://irbank.net/E00146/results,,2026-08-29T10:42:55.986064+09:00
FY2009-03,1959,interest_bearing_debt,,JPY_million,100,SINGLE_SOURCE,irbank_bs,30400,304億,,,,irbank_bs=30400,https://irbank.net/E00146/results,,2026-08-29T10:42:55.986064+09:00
FY2009-03,1959,interest_bearing_debt_ratio,,x,0.0001,SINGLE_SOURCE|UNIT_CONVERTED,irbank_bs,0.3552,35.52,,,,irbank_bs=0.3552,https://irbank.net/E00146/results,,2026-08-29T10:42:55.986064+09:00
FY2009-03,1959,investing_cf,,JPY_million,10,SINGLE_SOURCE,irbank_cf,-5070,-50.7億,,,,irbank_cf=-5070,https://irbank.net/E00146/results,,2026-08-29T10:42:55.986064+09:00
FY2009-03,1959,net_assets,,JPY_million,100,SINGLE_SOURCE,irbank_bs,86300,863億,,,,irbank_bs=86300,https://irbank.net/E00146/results,,2026-08-29T10:42:55.986064+09:00
FY2009-03,1959,net_income,,JPY_million,1,SINGLE_SOURCE,irbank_pl_consolidated,899,8.99億,,,,irbank_pl_consolidated=899,https://irbank.net/E00146/results,,2026-08-29T10:42:55.986064+09:00
FY2009-03,1959,operating_cf,,JPY_million,100,SINGLE_SOURCE,irbank_cf,15200,152億,,,,irbank_cf=15200,https://irbank.net/E00146/results,,2026-08-29T10:42:55.986064+09:00
FY2009-03,1959,operating_income,,JPY_million,10,SINGLE_SOURCE,irbank_pl_consolidated,7010,70.1億,,,,irbank_pl_consolidated=7010,https://irbank.net/E00146/results,,2026-08-29T10:42:55.986064+09:00
FY2009-03,1959,operating_margin,,pct,0.01,SINGLE_SOURCE,irbank_pl_consolidated,2.86,2.86,,,,irbank_pl_consolidated=2.86,https://irbank.net/E00146/results,,2026-08-29T10:42:55.986064+09:00
FY2009-03,1959,ordinary_income,,JPY_million,100,SINGLE_SOURCE,irbank_pl_consolidated,8200,82億,,,,irbank_pl_consolidated=8200,https://irbank.net/E00146/results,,2026-08-29T10:42:55.986064+09:00
FY2009-03,1959,retained_earnings,,JPY_million,100,SINGLE_SOURCE,irbank_bs,73500,735億,,,,irbank_bs=73500,https://irbank.net/E00146/results,,2026-08-29T10:42:55.986064+09:00
FY2009-03,1959,roa,,pct,0.1,SINGLE_SOURCE,irbank_pl_consolidated,0.4,0.4,,,,irbank_pl_consolidated=0.4,https://irbank.net/E00146/results,,2026-08-29T10:42:55.986064+09:00
FY2009-03,1959,roe,,pct,0.01,SINGLE_SOURCE,irbank_pl_consolidated,1.05,1.05,,,,irbank_pl_consolidated=1.05,https://irbank.net/E00146/results,,2026-08-29T10:42:55.986064+09:00
FY2009-03,1959,sga_ratio,,pct,0.01,SINGLE_SOURCE,irbank_pl_consolidated,6.92,6.92,,,,irbank_pl_consolidated=6.92,https://irbank.net/E00146/results,,2026-08-29T10:42:55.986064+09:00
FY2009-03,1959,shareholders_equity,,JPY_million,100,SINGLE_SOURCE,irbank_bs,85600,856億,,,,irbank_bs=85600,https://irbank.net/E00146/results,,2026-08-29T10:42:55.986064+09:00
FY2009-03,1959,total_assets,,JPY_million,100,SINGLE_SOURCE,irbank_bs,223900,2239億,,,,irbank_bs=223900,https://irbank.net/E00146/results,,2026-08-29T10:42:55.986064+09:00
FY2010-03,1959,bps,,JPY,0.01,SINGLE_SOURCE,irbank_bs,1078.31,1078.31,,,,irbank_bs=1078.31,https://irbank.net/E00146/results,,2026-08-29T10:42:55.986064+09:00
FY2010-03,1959,capex,,JPY_million,10,SINGLE_SOURCE,irbank_cf,-4520,-45.2億,,,,irbank_cf=-4520,https://irbank.net/E00146/results,,2026-08-29T10:42:55.986064+09:00
FY2010-03,1959,cash_equivalents,,JPY_million,100,SINGLE_SOURCE,irbank_cf,14400,144億,,,,irbank_cf=14400,https://irbank.net/E00146/results,,2026-08-29T10:42:55.986064+09:00
FY2010-03,1959,cost_ratio,,pct,0.01,SINGLE_SOURCE,irbank_pl_consolidated,90.18,90.18,,,,irbank_pl_consolidated=90.18,https://irbank.net/E00146/results,,2026-08-29T10:42:55.986064+09:00
FY2010-03,1959,eps,,JPY,0.01,SINGLE_SOURCE,irbank_pl_consolidated,49.42,49.42,,,,irbank_pl_consolidated=49.42,https://irbank.net/E00146/results,,2026-08-29T10:42:55.986064+09:00
FY2010-03,1959,equity_ratio,,pct,0.1,SINGLE_SOURCE,irbank_bs,42.1,42.1,,,,irbank_bs=42.1,https://irbank.net/E00146/results,,2026-08-29T10:42:55.986064+09:00
FY2010-03,1959,financing_cf,,JPY_million,10,SINGLE_SOURCE,irbank_cf,-6360,-63.6億,,,,irbank_cf=-6360,https://irbank.net/E00146/results,,2026-08-29T10:42:55.986064+09:00
FY2010-03,1959,free_cf,,JPY_million,10,SINGLE_SOURCE,irbank_cf,7910,79.1億,,,,irbank_cf=7910,https://irbank.net/E00146/results,,2026-08-29T10:42:55.986064+09:00
FY2010-03,1959,interest_bearing_debt,,JPY_million,100,SINGLE_SOURCE,irbank_bs,24900,249億,,,,irbank_bs=24900,https://irbank.net/E00146/results,,2026-08-29T10:42:55.986064+09:00
FY2010-03,1959,interest_bearing_debt_ratio,,x,0.0001,SINGLE_SOURCE|UNIT_CONVERTED,irbank_bs,0.2783,27.83,,,,irbank_bs=0.2783,https://irbank.net/E00146/results,,2026-08-29T10:42:55.986064+09:00
FY2010-03,1959,investing_cf,,JPY_million,10,SINGLE_SOURCE,irbank_cf,-3060,-30.6億,,,,irbank_cf=-3060,https://irbank.net/E00146/results,,2026-08-29T10:42:55.986064+09:00
FY2010-03,1959,net_assets,,JPY_million,100,SINGLE_SOURCE,irbank_bs,90400,904億,,,,irbank_bs=90400,https://irbank.net/E00146/results,,2026-08-29T10:42:55.986064+09:00
FY2010-03,1959,net_income,,JPY_million,100,SINGLE_SOURCE,irbank_pl_consolidated,4100,41億,,,,irbank_pl_consolidated=4100,https://irbank.net/E00146/results,,2026-08-29T10:42:55.986064+09:00
FY2010-03,1959,operating_cf,,JPY_million,100,SINGLE_SOURCE,irbank_cf,11000,110億,,,,irbank_cf=11000,https://irbank.net/E00146/results,,2026-08-29T10:42:55.986064+09:00
FY2010-03,1959,operating_income,,JPY_million,10,SINGLE_SOURCE,irbank_pl_consolidated,5440,54.4億,,,,irbank_pl_consolidated=5440,https://irbank.net/E00146/results,,2026-08-29T10:42:55.986064+09:00
FY2010-03,1959,operating_margin,,pct,0.01,SINGLE_SOURCE,irbank_pl_consolidated,2.41,2.41,,,,irbank_pl_consolidated=2.41,https://irbank.net/E00146/results,,2026-08-29T10:42:55.986064+09:00
FY2010-03,1959,ordinary_income,,JPY_million,10,SINGLE_SOURCE,irbank_pl_consolidated,7010,70.1億,,,,irbank_pl_consolidated=7010,https://irbank.net/E00146/results,,2026-08-29T10:42:55.986064+09:00
FY2010-03,1959,retained_earnings,,JPY_million,100,SINGLE_SOURCE,irbank_bs,76700,767億,,,,irbank_bs=76700,https://irbank.net/E00146/results,,2026-08-29T10:42:55.986064+09:00
FY2010-03,1959,roa,,pct,0.01,SINGLE_SOURCE,irbank_pl_consolidated,1.93,1.93,,,,irbank_pl_consolidated=1.93,https://irbank.net/E00146/results,,2026-08-29T10:42:55.986064+09:00
FY2010-03,1959,roe,,pct,0.01,SINGLE_SOURCE,irbank_pl_consolidated,4.58,4.58,,,,irbank_pl_consolidated=4.58,https://irbank.net/E00146/results,,2026-08-29T10:42:55.986064+09:00
FY2010-03,1959,sga_ratio,,pct,0.01,SINGLE_SOURCE,irbank_pl_consolidated,7.41,7.41,,,,irbank_pl_consolidated=7.41,https://irbank.net/E00146/results,,2026-08-29T10:42:55.986064+09:00
FY2010-03,1959,shareholders_equity,,JPY_million,100,SINGLE_SOURCE,irbank_bs,88800,888億,,,,irbank_bs=88800,https://irbank.net/E00146/results,,2026-08-29T10:42:55.986064+09:00
FY2010-03,1959,total_assets,,JPY_million,100,SINGLE_SOURCE,irbank_bs,212600,2126億,,,,irbank_bs=212600,https://irbank.net/E00146/results,,2026-08-29T10:42:55.986064+09:00
FY2011-03,1959,bps,,JPY,0.01,SINGLE_SOURCE,irbank_bs,1101.63,1101.63,,,,irbank_bs=1101.63,https://irbank.net/E00146/results,,2026-08-29T10:42:55.986064+09:00
FY2011-03,1959,capex,,JPY_million,10,SINGLE_SOURCE,irbank_cf,-4180,-41.8億,,,,irbank_cf=-4180,https://irbank.net/E00146/results,,2026-08-29T10:42:55.986064+09:00
FY2011-03,1959,cash_equivalents,,JPY_million,100,SINGLE_SOURCE,irbank_cf,10500,105億,,,,irbank_cf=10500,https://irbank.net/E00146/results,,2026-08-29T10:42:55.986064+09:00
FY2011-03,1959,cost_ratio,,pct,0.01,SINGLE_SOURCE,irbank_pl_consolidated,90.63,90.63,,,,irbank_pl_consolidated=90.63,https://irbank.net/E00146/results,,2026-08-29T10:42:55.986064+09:00
FY2011-03,1959,eps,,JPY,0.01,SINGLE_SOURCE,irbank_pl_consolidated,45.49,45.49,,,,irbank_pl_consolidated=45.49,https://irbank.net/E00146/results,,2026-08-29T10:42:55.986064+09:00
FY2011-03,1959,equity_ratio,,pct,0.1,SINGLE_SOURCE,irbank_bs,41.7,41.7,,,,irbank_bs=41.7,https://irbank.net/E00146/results,,2026-08-29T10:42:55.986064+09:00
FY2011-03,1959,financing_cf,,JPY_million,1,SINGLE_SOURCE,irbank_cf,-825,-8.25億,,,,irbank_cf=-825,https://irbank.net/E00146/results,,2026-08-29T10:42:55.986064+09:00
FY2011-03,1959,free_cf,,JPY_million,10,SINGLE_SOURCE,irbank_cf,-3040,-30.4億,,,,irbank_cf=-3040,https://irbank.net/E00146/results,,2026-08-29T10:42:55.986064+09:00
FY2011-03,1959,interest_bearing_debt,,JPY_million,100,SINGLE_SOURCE,irbank_bs,15000,150億,,,,irbank_bs=15000,https://irbank.net/E00146/results,,2026-08-29T10:42:55.986064+09:00
FY2011-03,1959,interest_bearing_debt_ratio,,x,0.0001,SINGLE_SOURCE|UNIT_CONVERTED,irbank_bs,0.1637,16.37,,,,irbank_bs=0.1637,https://irbank.net/E00146/results,,2026-08-29T10:42:55.986064+09:00
FY2011-03,1959,investing_cf,,JPY_million,100,SINGLE_SOURCE,irbank_cf,-3800,-38億,,,,irbank_cf=-3800,https://irbank.net/E00146/results,,2026-08-29T10:42:55.986064+09:00
FY2011-03,1959,net_assets,,JPY_million,100,SINGLE_SOURCE,irbank_bs,92400,924億,,,,irbank_bs=92400,https://irbank.net/E00146/results,,2026-08-29T10:42:55.986064+09:00
FY2011-03,1959,net_income,,JPY_million,10,SINGLE_SOURCE,irbank_pl_consolidated,3780,37.8億,,,,irbank_pl_consolidated=3780,https://irbank.net/E00146/results,,2026-08-29T10:42:55.986064+09:00
FY2011-03,1959,operating_cf,,JPY_million,1,SINGLE_SOURCE,irbank_cf,754,7.54億,,,,irbank_cf=754,https://irbank.net/E00146/results,,2026-08-29T10:42:55.986064+09:00
FY2011-03,1959,operating_income,,JPY_million,10,SINGLE_SOURCE,irbank_pl_consolidated,6190,61.9億,,,,irbank_pl_consolidated=6190,https://irbank.net/E00146/results,,2026-08-29T10:42:55.986064+09:00
FY2011-03,1959,operating_margin,,pct,0.01,SINGLE_SOURCE,irbank_pl_consolidated,2.49,2.49,,,,irbank_pl_consolidated=2.49,https://irbank.net/E00146/results,,2026-08-29T10:42:55.986064+09:00
FY2011-03,1959,ordinary_income,,JPY_million,10,SINGLE_SOURCE,irbank_pl_consolidated,7870,78.7億,,,,irbank_pl_consolidated=7870,https://irbank.net/E00146/results,,2026-08-29T10:42:55.986064+09:00
FY2011-03,1959,retained_earnings,,JPY_million,100,SINGLE_SOURCE,irbank_bs,79800,798億,,,,irbank_bs=79800,https://irbank.net/E00146/results,,2026-08-29T10:42:55.986064+09:00
FY2011-03,1959,roa,,pct,0.01,SINGLE_SOURCE,irbank_pl_consolidated,1.72,1.72,,,,irbank_pl_consolidated=1.72,https://irbank.net/E00146/results,,2026-08-29T10:42:55.986064+09:00
FY2011-03,1959,roe,,pct,0.01,SINGLE_SOURCE,irbank_pl_consolidated,4.13,4.13,,,,irbank_pl_consolidated=4.13,https://irbank.net/E00146/results,,2026-08-29T10:42:55.986064+09:00
FY2011-03,1959,sga_ratio,,pct,0.01,SINGLE_SOURCE,irbank_pl_consolidated,6.88,6.88,,,,irbank_pl_consolidated=6.88,https://irbank.net/E00146/results,,2026-08-29T10:42:55.986064+09:00
FY2011-03,1959,shareholders_equity,,JPY_million,100,SINGLE_SOURCE,irbank_bs,91300,913億,,,,irbank_bs=91300,https://irbank.net/E00146/results,,2026-08-29T10:42:55.986064+09:00
FY2011-03,1959,total_assets,,JPY_million,100,SINGLE_SOURCE,irbank_bs,219200,2192億,,,,irbank_bs=219200,https://irbank.net/E00146/results,,2026-08-29T10:42:55.986064+09:00
FY2012-03,1959,bps,,JPY,0.01,SINGLE_SOURCE,irbank_bs,1105.46,1105.46,,,,irbank_bs=1105.46,https://irbank.net/E00146/results,,2026-08-29T10:42:55.986064+09:00
FY2012-03,1959,capex,,JPY_million,10,SINGLE_SOURCE,irbank_cf,-5660,-56.6億,,,,irbank_cf=-5660,https://irbank.net/E00146/results,,2026-08-29T10:42:55.986064+09:00
FY2012-03,1959,cash_equivalents,,JPY_million,100,SINGLE_SOURCE,irbank_cf,14700,147億,,,,irbank_cf=14700,https://irbank.net/E00146/results,,2026-08-29T10:42:55.986064+09:00
FY2012-03,1959,cost_ratio,,pct,0.01,SINGLE_SOURCE,irbank_pl_consolidated,92.22,92.22,,,,irbank_pl_consolidated=92.22,https://irbank.net/E00146/results,,2026-08-29T10:42:55.986064+09:00
FY2012-03,1959,eps,,JPY,0.01,SINGLE_SOURCE,irbank_pl_consolidated,16.28,16.28,,,,irbank_pl_consolidated=16.28,https://irbank.net/E00146/results,,2026-08-29T10:42:55.986064+09:00
FY2012-03,1959,equity_ratio,,pct,1,SINGLE_SOURCE,irbank_bs,47,47,,,,irbank_bs=47,https://irbank.net/E00146/results,,2026-08-29T10:42:55.986064+09:00
FY2012-03,1959,financing_cf,,JPY_million,10,SINGLE_SOURCE,irbank_cf,-1550,-15.5億,,,,irbank_cf=-1550,https://irbank.net/E00146/results,,2026-08-29T10:42:55.986064+09:00
FY2012-03,1959,free_cf,,JPY_million,10,SINGLE_SOURCE,irbank_cf,5650,56.5億,,,,irbank_cf=5650,https://irbank.net/E00146/results,,2026-08-29T10:42:55.986064+09:00
FY2012-03,1959,interest_bearing_debt,,JPY_million,10,SINGLE_SOURCE,irbank_bs,5270,52.7億,,,,irbank_bs=5270,https://irbank.net/E00146/results,,2026-08-29T10:42:55.986064+09:00
FY2012-03,1959,interest_bearing_debt_ratio,,x,0.0001,SINGLE_SOURCE|UNIT_CONVERTED,irbank_bs,0.0575,5.75,,,,irbank_bs=0.0575,https://irbank.net/E00146/results,,2026-08-29T10:42:55.986064+09:00
FY2012-03,1959,investing_cf,,JPY_million,1,SINGLE_SOURCE,irbank_cf,-622,-6.22億,,,,irbank_cf=-622,https://irbank.net/E00146/results,,2026-08-29T10:42:55.986064+09:00
FY2012-03,1959,net_assets,,JPY_million,100,SINGLE_SOURCE,irbank_bs,92700,927億,,,,irbank_bs=92700,https://irbank.net/E00146/results,,2026-08-29T10:42:55.986064+09:00
FY2012-03,1959,net_income,,JPY_million,10,SINGLE_SOURCE,irbank_pl_consolidated,1350,13.5億,,,,irbank_pl_consolidated=1350,https://irbank.net/E00146/results,,2026-08-29T10:42:55.986064+09:00
FY2012-03,1959,operating_cf,,JPY_million,10,SINGLE_SOURCE,irbank_cf,6270,62.7億,,,,irbank_cf=6270,https://irbank.net/E00146/results,,2026-08-29T10:42:55.986064+09:00
FY2012-03,1959,operating_income,,JPY_million,10,SINGLE_SOURCE,irbank_pl_consolidated,1820,18.2億,,,,irbank_pl_consolidated=1820,https://irbank.net/E00146/results,,2026-08-29T10:42:55.986064+09:00
FY2012-03,1959,operating_margin,,pct,0.01,SINGLE_SOURCE,irbank_pl_consolidated,0.74,0.74,,,,irbank_pl_consolidated=0.74,https://irbank.net/E00146/results,,2026-08-29T10:42:55.986064+09:00
FY2012-03,1959,ordinary_income,,JPY_million,10,SINGLE_SOURCE,irbank_pl_consolidated,3280,32.8億,,,,irbank_pl_consolidated=3280,https://irbank.net/E00146/results,,2026-08-29T10:42:55.986064+09:00
FY2012-03,1959,retained_earnings,,JPY_million,100,SINGLE_SOURCE,irbank_bs,80100,801億,,,,irbank_bs=80100,https://irbank.net/E00146/results,,2026-08-29T10:42:55.986064+09:00
FY2012-03,1959,roa,,pct,0.01,SINGLE_SOURCE,irbank_pl_consolidated,0.69,0.69,,,,irbank_pl_consolidated=0.69,https://irbank.net/E00146/results,,2026-08-29T10:42:55.986064+09:00
FY2012-03,1959,roe,,pct,0.01,SINGLE_SOURCE,irbank_pl_consolidated,1.47,1.47,,,,irbank_pl_consolidated=1.47,https://irbank.net/E00146/results,,2026-08-29T10:42:55.986064+09:00
FY2012-03,1959,sga_ratio,,pct,0.01,SINGLE_SOURCE,irbank_pl_consolidated,7.04,7.04,,,,irbank_pl_consolidated=7.04,https://irbank.net/E00146/results,,2026-08-29T10:42:55.986064+09:00
FY2012-03,1959,shareholders_equity,,JPY_million,100,SINGLE_SOURCE,irbank_bs,91600,916億,,,,irbank_bs=91600,https://irbank.net/E00146/results,,2026-08-29T10:42:55.986064+09:00
FY2012-03,1959,total_assets,,JPY_million,100,SINGLE_SOURCE,irbank_bs,195400,1954億,,,,irbank_bs=195400,https://irbank.net/E00146/results,,2026-08-29T10:42:55.986064+09:00
FY2013-03,1959,bps,,JPY,0.01,SINGLE_SOURCE,irbank_bs,1143.98,1143.98,,,,irbank_bs=1143.98,https://irbank.net/E00146/results,,2026-08-29T10:42:55.986064+09:00
FY2013-03,1959,capex,,JPY_million,10,SINGLE_SOURCE,irbank_cf,-6110,-61.1億,,,,irbank_cf=-6110,https://irbank.net/E00146/results,,2026-08-29T10:42:55.986064+09:00
FY2013-03,1959,cash_equivalents,,JPY_million,100,SINGLE_SOURCE,irbank_cf,19200,192億,,,,irbank_cf=19200,https://irbank.net/E00146/results,,2026-08-29T10:42:55.986064+09:00
FY2013-03,1959,cost_ratio,,pct,0.01,SINGLE_SOURCE,irbank_pl_consolidated,90.94,90.94,,,,irbank_pl_consolidated=90.94,https://irbank.net/E00146/results,,2026-08-29T10:42:55.986064+09:00
FY2013-03,1959,eps,,JPY,0.01,SINGLE_SOURCE,irbank_pl_consolidated,34.72,34.72,,,,irbank_pl_consolidated=34.72,https://irbank.net/E00146/results,,2026-08-29T10:42:55.986064+09:00
FY2013-03,1959,equity_ratio,,pct,0.1,SINGLE_SOURCE,irbank_bs,44.8,44.8,,,,irbank_bs=44.8,https://irbank.net/E00146/results,,2026-08-29T10:42:55.986064+09:00
FY2013-03,1959,financing_cf,,JPY_million,10,SINGLE_SOURCE,irbank_cf,5720,57.2億,,,,irbank_cf=5720,https://irbank.net/E00146/results,,2026-08-29T10:42:55.986064+09:00
FY2013-03,1959,free_cf,,JPY_million,10,SINGLE_SOURCE,irbank_cf,-1230,-12.3億,,,,irbank_cf=-1230,https://irbank.net/E00146/results,,2026-08-29T10:42:55.986064+09:00
FY2013-03,1959,interest_bearing_debt,,JPY_million,100,SINGLE_SOURCE,irbank_bs,12800,128億,,,,irbank_bs=12800,https://irbank.net/E00146/results,,2026-08-29T10:42:55.986064+09:00
FY2013-03,1959,interest_bearing_debt_ratio,,x,0.0001,SINGLE_SOURCE|UNIT_CONVERTED,irbank_bs,0.1348,13.48,,,,irbank_bs=0.1348,https://irbank.net/E00146/results,,2026-08-29T10:42:55.986064+09:00
FY2013-03,1959,investing_cf,,JPY_million,100,SINGLE_SOURCE,irbank_cf,-6100,-61億,,,,irbank_cf=-6100,https://irbank.net/E00146/results,,2026-08-29T10:42:55.986064+09:00
FY2013-03,1959,net_assets,,JPY_million,100,SINGLE_SOURCE,irbank_bs,96000,960億,,,,irbank_bs=96000,https://irbank.net/E00146/results,,2026-08-29T10:42:55.986064+09:00
FY2013-03,1959,net_income,,JPY_million,10,SINGLE_SOURCE,irbank_pl_consolidated,2880,28.8億,,,,irbank_pl_consolidated=2880,https://irbank.net/E00146/results,,2026-08-29T10:42:55.986064+09:00
FY2013-03,1959,operating_cf,,JPY_million,10,SINGLE_SOURCE,irbank_cf,4870,48.7億,,,,irbank_cf=4870,https://irbank.net/E00146/results,,2026-08-29T10:42:55.986064+09:00
FY2013-03,1959,operating_income,,JPY_million,10,SINGLE_SOURCE,irbank_pl_consolidated,4370,43.7億,,,,irbank_pl_consolidated=4370,https://irbank.net/E00146/results,,2026-08-29T10:42:55.986064+09:00
FY2013-03,1959,operating_margin,,pct,0.01,SINGLE_SOURCE,irbank_pl_consolidated,1.83,1.83,,,,irbank_pl_consolidated=1.83,https://irbank.net/E00146/results,,2026-08-29T10:42:55.986064+09:00
FY2013-03,1959,ordinary_income,,JPY_million,10,SINGLE_SOURCE,irbank_pl_consolidated,5740,57.4億,,,,irbank_pl_consolidated=5740,https://irbank.net/E00146/results,,2026-08-29T10:42:55.986064+09:00
FY2013-03,1959,retained_earnings,,JPY_million,100,SINGLE_SOURCE,irbank_bs,82300,823億,,,,irbank_bs=82300,https://irbank.net/E00146/results,,2026-08-29T10:42:55.986064+09:00
FY2013-03,1959,roa,,pct,0.01,SINGLE_SOURCE,irbank_pl_consolidated,1.36,1.36,,,,irbank_pl_consolidated=1.36,https://irbank.net/E00146/results,,2026-08-29T10:42:55.986064+09:00
FY2013-03,1959,roe,,pct,0.01,SINGLE_SOURCE,irbank_pl_consolidated,3.04,3.04,,,,irbank_pl_consolidated=3.04,https://irbank.net/E00146/results,,2026-08-29T10:42:55.986064+09:00
FY2013-03,1959,sga_ratio,,pct,0.01,SINGLE_SOURCE,irbank_pl_consolidated,7.23,7.23,,,,irbank_pl_consolidated=7.23,https://irbank.net/E00146/results,,2026-08-29T10:42:55.986064+09:00
FY2013-03,1959,shareholders_equity,,JPY_million,100,SINGLE_SOURCE,irbank_bs,93600,936億,,,,irbank_bs=93600,https://irbank.net/E00146/results,,2026-08-29T10:42:55.986064+09:00
FY2013-03,1959,total_assets,,JPY_million,100,SINGLE_SOURCE,irbank_bs,211900,2119億,,,,irbank_bs=211900,https://irbank.net/E00146/results,,2026-08-29T10:42:55.986064+09:00
FY2014-03,1959,bps,,JPY,0.01,SINGLE_SOURCE,irbank_bs,1405.36,1405.36,,,,irbank_bs=1405.36,https://irbank.net/E00146/results,,2026-08-29T10:42:55.986064+09:00
FY2014-03,1959,capex,,JPY_million,100,SINGLE_SOURCE,irbank_cf,-12800,-128億,,,,irbank_cf=-12800,https://irbank.net/E00146/results,,2026-08-29T10:42:55.986064+09:00
FY2014-03,1959,cash_equivalents,,JPY_million,100,SINGLE_SOURCE,irbank_cf,21700,217億,,,,irbank_cf=21700,https://irbank.net/E00146/results,,2026-08-29T10:42:55.986064+09:00
FY2014-03,1959,cost_ratio,,pct,0.01,SINGLE_SOURCE,irbank_pl_consolidated,90.88,90.88,,,,irbank_pl_consolidated=90.88,https://irbank.net/E00146/results,,2026-08-29T10:42:55.986064+09:00
FY2014-03,1959,eps,,JPY,0.01,SINGLE_SOURCE,irbank_pl_consolidated,51.94,51.94,,,,irbank_pl_consolidated=51.94,https://irbank.net/E00146/results,,2026-08-29T10:42:55.986064+09:00
FY2014-03,1959,equity_ratio,,pct,0.1,SINGLE_SOURCE,irbank_bs,41.1,41.1,,,,irbank_bs=41.1,https://irbank.net/E00146/results,,2026-08-29T10:42:55.986064+09:00
FY2014-03,1959,financing_cf,,JPY_million,10,SINGLE_SOURCE,irbank_cf,4010,40.1億,,,,irbank_cf=4010,https://irbank.net/E00146/results,,2026-08-29T10:42:55.986064+09:00
FY2014-03,1959,free_cf,,JPY_million,10,SINGLE_SOURCE,irbank_cf,-1690,-16.9億,,,,irbank_cf=-1690,https://irbank.net/E00146/results,,2026-08-29T10:42:55.986064+09:00
FY2014-03,1959,interest_bearing_debt,,JPY_million,100,SINGLE_SOURCE,irbank_bs,22400,224億,,,,irbank_bs=22400,https://irbank.net/E00146/results,,2026-08-29T10:42:55.986064+09:00
FY2014-03,1959,interest_bearing_debt_ratio,,x,0.0001,SINGLE_SOURCE|UNIT_CONVERTED,irbank_bs,0.2413,24.13,,,,irbank_bs=0.2413,https://irbank.net/E00146/results,,2026-08-29T10:42:55.986064+09:00
FY2014-03,1959,investing_cf,,JPY_million,100,SINGLE_SOURCE,irbank_cf,-14500,-145億,,,,irbank_cf=-14500,https://irbank.net/E00146/results,,2026-08-29T10:42:55.986064+09:00
FY2014-03,1959,net_assets,,JPY_million,100,SINGLE_SOURCE,irbank_bs,94400,944億,,,,irbank_bs=94400,https://irbank.net/E00146/results,,2026-08-29T10:42:55.986064+09:00
FY2014-03,1959,net_income,,JPY_million,10,SINGLE_SOURCE,irbank_pl_consolidated,3680,36.8億,,,,irbank_pl_consolidated=3680,https://irbank.net/E00146/results,,2026-08-29T10:42:55.986064+09:00
FY2014-03,1959,operating_cf,,JPY_million,100,SINGLE_SOURCE,irbank_cf,12800,128億,,,,irbank_cf=12800,https://irbank.net/E00146/results,,2026-08-29T10:42:55.986064+09:00
FY2014-03,1959,operating_income,,JPY_million,10,SINGLE_SOURCE,irbank_pl_consolidated,7140,71.4億,,,,irbank_pl_consolidated=7140,https://irbank.net/E00146/results,,2026-08-29T10:42:55.986064+09:00
FY2014-03,1959,operating_margin,,pct,0.01,SINGLE_SOURCE,irbank_pl_consolidated,2.55,2.55,,,,irbank_pl_consolidated=2.55,https://irbank.net/E00146/results,,2026-08-29T10:42:55.986064+09:00
FY2014-03,1959,ordinary_income,,JPY_million,10,SINGLE_SOURCE,irbank_pl_consolidated,8910,89.1億,,,,irbank_pl_consolidated=8910,https://irbank.net/E00146/results,,2026-08-29T10:42:55.986064+09:00
FY2014-03,1959,retained_earnings,,JPY_million,100,SINGLE_SOURCE,irbank_bs,76700,767億,,,,irbank_bs=76700,https://irbank.net/E00146/results,,2026-08-29T10:42:55.986064+09:00
FY2014-03,1959,roa,,pct,0.01,SINGLE_SOURCE,irbank_pl_consolidated,1.63,1.63,,,,irbank_pl_consolidated=1.63,https://irbank.net/E00146/results,,2026-08-29T10:42:55.986064+09:00
FY2014-03,1959,roe,,pct,0.01,SINGLE_SOURCE,irbank_pl_consolidated,3.97,3.97,,,,irbank_pl_consolidated=3.97,https://irbank.net/E00146/results,,2026-08-29T10:42:55.986064+09:00
FY2014-03,1959,sga_ratio,,pct,0.01,SINGLE_SOURCE,irbank_pl_consolidated,6.57,6.57,,,,irbank_pl_consolidated=6.57,https://irbank.net/E00146/results,,2026-08-29T10:42:55.986064+09:00
FY2014-03,1959,shareholders_equity,,JPY_million,100,SINGLE_SOURCE,irbank_bs,92500,925億,,,,irbank_bs=92500,https://irbank.net/E00146/results,,2026-08-29T10:42:55.986064+09:00
FY2014-03,1959,total_assets,,JPY_million,100,SINGLE_SOURCE,irbank_bs,225700,2257億,,,,irbank_bs=225700,https://irbank.net/E00146/results,,2026-08-29T10:42:55.986064+09:00
FY2015-03,1959,bps,,JPY,0.01,SINGLE_SOURCE,irbank_bs,1555.32,1555.32,,,,irbank_bs=1555.32,https://irbank.net/E00146/results,,2026-08-29T10:42:55.986064+09:00
FY2015-03,1959,capex,,JPY_million,10,SINGLE_SOURCE,irbank_cf,-6820,-68.2億,,,,irbank_cf=-6820,https://irbank.net/E00146/results,,2026-08-29T10:42:55.986064+09:00
FY2015-03,1959,cash_equivalents,,JPY_million,100,SINGLE_SOURCE,irbank_cf,35900,359億,,,,irbank_cf=35900,https://irbank.net/E00146/results,,2026-08-29T10:42:55.986064+09:00
FY2015-03,1959,cost_ratio,,pct,0.01,SINGLE_SOURCE,irbank_pl_consolidated,88.25,88.25,,,,irbank_pl_consolidated=88.25,https://irbank.net/E00146/results,,2026-08-29T10:42:55.986064+09:00
FY2015-03,1959,eps,,JPY,0.01,SINGLE_SOURCE,irbank_pl_consolidated,174.53,174.53,,,,irbank_pl_consolidated=174.53,https://irbank.net/E00146/results,,2026-08-29T10:42:55.986064+09:00
FY2015-03,1959,equity_ratio,,pct,0.1,SINGLE_SOURCE,irbank_bs,40.3,40.3,,,,irbank_bs=40.3,https://irbank.net/E00146/results,,2026-08-29T10:42:55.986064+09:00
FY2015-03,1959,financing_cf,,JPY_million,10,SINGLE_SOURCE,irbank_cf,6680,66.8億,,,,irbank_cf=6680,https://irbank.net/E00146/results,,2026-08-29T10:42:55.986064+09:00
FY2015-03,1959,free_cf,,JPY_million,100,SINGLE_SOURCE,irbank_cf,7300,73億,,,,irbank_cf=7300,https://irbank.net/E00146/results,,2026-08-29T10:42:55.986064+09:00
FY2015-03,1959,interest_bearing_debt,,JPY_million,100,SINGLE_SOURCE,irbank_bs,21300,213億,,,,irbank_bs=21300,https://irbank.net/E00146/results,,2026-08-29T10:42:55.986064+09:00
FY2015-03,1959,interest_bearing_debt_ratio,,x,0.0001,SINGLE_SOURCE|UNIT_CONVERTED,irbank_bs,0.2079,20.79,,,,irbank_bs=0.2079,https://irbank.net/E00146/results,,2026-08-29T10:42:55.986064+09:00
FY2015-03,1959,investing_cf,,JPY_million,100,SINGLE_SOURCE,irbank_cf,-11800,-118億,,,,irbank_cf=-11800,https://irbank.net/E00146/results,,2026-08-29T10:42:55.986064+09:00
FY2015-03,1959,net_assets,,JPY_million,100,SINGLE_SOURCE,irbank_bs,104700,1047億,,,,irbank_bs=104700,https://irbank.net/E00146/results,,2026-08-29T10:42:55.986064+09:00
FY2015-03,1959,net_income,,JPY_million,100,SINGLE_SOURCE,irbank_pl_consolidated,11500,115億,,,,irbank_pl_consolidated=11500,https://irbank.net/E00146/results,,2026-08-29T10:42:55.986064+09:00
FY2015-03,1959,operating_cf,,JPY_million,100,SINGLE_SOURCE,irbank_cf,19100,191億,,,,irbank_cf=19100,https://irbank.net/E00146/results,,2026-08-29T10:42:55.986064+09:00
FY2015-03,1959,operating_income,,JPY_million,100,SINGLE_SOURCE,irbank_pl_consolidated,16800,168億,,,,irbank_pl_consolidated=16800,https://irbank.net/E00146/results,,2026-08-29T10:42:55.986064+09:00
FY2015-03,1959,operating_margin,,pct,0.1,SINGLE_SOURCE,irbank_pl_consolidated,5.3,5.3,,,,irbank_pl_consolidated=5.3,https://irbank.net/E00146/results,,2026-08-29T10:42:55.986064+09:00
FY2015-03,1959,ordinary_income,,JPY_million,100,SINGLE_SOURCE,irbank_pl_consolidated,18200,182億,,,,irbank_pl_consolidated=18200,https://irbank.net/E00146/results,,2026-08-29T10:42:55.986064+09:00
FY2015-03,1959,retained_earnings,,JPY_million,100,SINGLE_SOURCE,irbank_bs,85500,855億,,,,irbank_bs=85500,https://irbank.net/E00146/results,,2026-08-29T10:42:55.986064+09:00
FY2015-03,1959,roa,,pct,0.01,SINGLE_SOURCE,irbank_pl_consolidated,4.52,4.52,,,,irbank_pl_consolidated=4.52,https://irbank.net/E00146/results,,2026-08-29T10:42:55.986064+09:00
FY2015-03,1959,roe,,pct,0.01,SINGLE_SOURCE,irbank_pl_consolidated,11.22,11.22,,,,irbank_pl_consolidated=11.22,https://irbank.net/E00146/results,,2026-08-29T10:42:55.986064+09:00
FY2015-03,1959,sga_ratio,,pct,0.01,SINGLE_SOURCE,irbank_pl_consolidated,6.44,6.44,,,,irbank_pl_consolidated=6.44,https://irbank.net/E00146/results,,2026-08-29T10:42:55.986064+09:00
FY2015-03,1959,shareholders_equity,,JPY_million,100,SINGLE_SOURCE,irbank_bs,101300,1013億,,,,irbank_bs=101300,https://irbank.net/E00146/results,,2026-08-29T10:42:55.986064+09:00
FY2015-03,1959,total_assets,,JPY_million,100,SINGLE_SOURCE,irbank_bs,254900,2549億,,,,irbank_bs=254900,https://irbank.net/E00146/results,,2026-08-29T10:42:55.986064+09:00
FY2016-03,1959,bps,,JPY,0.01,SINGLE_SOURCE,irbank_bs,1693.46,1693.46,,,,irbank_bs=1693.46,https://irbank.net/E00146/results,,2026-08-29T10:42:55.986064+09:00
FY2016-03,1959,capex,,JPY_million,10,SINGLE_SOURCE,irbank_cf,-6340,-63.4億,,,,irbank_cf=-6340,https://irbank.net/E00146/results,,2026-08-29T10:42:55.986064+09:00
FY2016-03,1959,cash_equivalents,,JPY_million,100,SINGLE_SOURCE,irbank_cf,26700,267億,,,,irbank_cf=26700,https://irbank.net/E00146/results,,2026-08-29T10:42:55.986064+09:00
FY2016-03,1959,cost_ratio,,pct,0.01,SINGLE_SOURCE,irbank_pl_consolidated,85.49,85.49,,,,irbank_pl_consolidated=85.49,https://irbank.net/E00146/results,,2026-08-29T10:42:55.986064+09:00
FY2016-03,1959,eps,,JPY,0.01,SINGLE_SOURCE,irbank_pl_consolidated,272.45,272.45,,,,irbank_pl_consolidated=272.45,https://irbank.net/E00146/results,,2026-08-29T10:42:55.986064+09:00
FY2016-03,1959,equity_ratio,,pct,0.1,SINGLE_SOURCE,irbank_bs,42.4,42.4,,,,irbank_bs=42.4,https://irbank.net/E00146/results,,2026-08-29T10:42:55.986064+09:00
FY2016-03,1959,financing_cf,,JPY_million,10,SINGLE_SOURCE,irbank_cf,-6210,-62.1億,,,,irbank_cf=-6210,https://irbank.net/E00146/results,,2026-08-29T10:42:55.986064+09:00
FY2016-03,1959,free_cf,,JPY_million,10,SINGLE_SOURCE,irbank_cf,-2820,-28.2億,,,,irbank_cf=-2820,https://irbank.net/E00146/results,,2026-08-29T10:42:55.986064+09:00
FY2016-03,1959,interest_bearing_debt,,JPY_million,100,SINGLE_SOURCE,irbank_bs,19200,192億,,,,irbank_bs=19200,https://irbank.net/E00146/results,,2026-08-29T10:42:55.986064+09:00
FY2016-03,1959,interest_bearing_debt_ratio,,x,0.0001,SINGLE_SOURCE|UNIT_CONVERTED,irbank_bs,0.1724,17.24,,,,irbank_bs=0.1724,https://irbank.net/E00146/results,,2026-08-29T10:42:55.986064+09:00
FY2016-03,1959,investing_cf,,JPY_million,100,SINGLE_SOURCE,irbank_cf,-13600,-136億,,,,irbank_cf=-13600,https://irbank.net/E00146/results,,2026-08-29T10:42:55.986064+09:00
FY2016-03,1959,net_assets,,JPY_million,100,SINGLE_SOURCE,irbank_bs,113200,1132億,,,,irbank_bs=113200,https://irbank.net/E00146/results,,2026-08-29T10:42:55.986064+09:00
FY2016-03,1959,net_income,,JPY_million,100,SINGLE_SOURCE,irbank_pl_consolidated,17900,179億,,,,irbank_pl_consolidated=17900,https://irbank.net/E00146/results,,2026-08-29T10:42:55.986064+09:00
FY2016-03,1959,operating_cf,,JPY_million,100,SINGLE_SOURCE,irbank_cf,10800,108億,,,,irbank_cf=10800,https://irbank.net/E00146/results,,2026-08-29T10:42:55.986064+09:00
FY2016-03,1959,operating_income,,JPY_million,100,SINGLE_SOURCE,irbank_pl_consolidated,25200,252億,,,,irbank_pl_consolidated=25200,https://irbank.net/E00146/results,,2026-08-29T10:42:55.986064+09:00
FY2016-03,1959,operating_margin,,pct,0.01,SINGLE_SOURCE,irbank_pl_consolidated,8.09,8.09,,,,irbank_pl_consolidated=8.09,https://irbank.net/E00146/results,,2026-08-29T10:42:55.986064+09:00
FY2016-03,1959,ordinary_income,,JPY_million,100,SINGLE_SOURCE,irbank_pl_consolidated,27600,276億,,,,irbank_pl_consolidated=27600,https://irbank.net/E00146/results,,2026-08-29T10:42:55.986064+09:00
FY2016-03,1959,retained_earnings,,JPY_million,100,SINGLE_SOURCE,irbank_bs,101200,1012億,,,,irbank_bs=101200,https://irbank.net/E00146/results,,2026-08-29T10:42:55.986064+09:00
FY2016-03,1959,roa,,pct,0.01,SINGLE_SOURCE,irbank_pl_consolidated,6.83,6.83,,,,irbank_pl_consolidated=6.83,https://irbank.net/E00146/results,,2026-08-29T10:42:55.986064+09:00
FY2016-03,1959,roe,,pct,0.1,SINGLE_SOURCE,irbank_pl_consolidated,16.1,16.1,,,,irbank_pl_consolidated=16.1,https://irbank.net/E00146/results,,2026-08-29T10:42:55.986064+09:00
FY2016-03,1959,sga_ratio,,pct,0.01,SINGLE_SOURCE,irbank_pl_consolidated,6.42,6.42,,,,irbank_pl_consolidated=6.42,https://irbank.net/E00146/results,,2026-08-29T10:42:55.986064+09:00
FY2016-03,1959,shareholders_equity,,JPY_million,100,SINGLE_SOURCE,irbank_bs,116400,1164億,,,,irbank_bs=116400,https://irbank.net/E00146/results,,2026-08-29T10:42:55.986064+09:00
FY2016-03,1959,total_assets,,JPY_million,100,SINGLE_SOURCE,irbank_bs,262000,2620億,,,,irbank_bs=262000,https://irbank.net/E00146/results,,2026-08-29T10:42:55.986064+09:00
FY2017-03,1959,bps,,JPY,0.01,SINGLE_SOURCE,irbank_bs,1994.99,1994.99,,,,irbank_bs=1994.99,https://irbank.net/E00146/results,,2026-08-29T10:42:55.986064+09:00
FY2017-03,1959,capex,,JPY_million,10,SINGLE_SOURCE,irbank_cf,-6380,-63.8億,,,,irbank_cf=-6380,https://irbank.net/E00146/results,,2026-08-29T10:42:55.986064+09:00
FY2017-03,1959,cash_equivalents,,JPY_million,100,SINGLE_SOURCE,irbank_cf,30000,300億,,,,irbank_cf=30000,https://irbank.net/E00146/results,,2026-08-29T10:42:55.986064+09:00
FY2017-03,1959,cost_ratio,,pct,0.1,SINGLE_SOURCE,irbank_pl_consolidated,84.8,84.8,,,,irbank_pl_consolidated=84.8,https://irbank.net/E00146/results,,2026-08-29T10:42:55.986064+09:00
FY2017-03,1959,eps,,JPY,0.01,SINGLE_SOURCE,irbank_pl_consolidated,327.21,327.21,,,,irbank_pl_consolidated=327.21,https://irbank.net/E00146/results,,2026-08-29T10:42:55.986064+09:00
FY2017-03,1959,equity_ratio,,pct,0.1,SINGLE_SOURCE,irbank_bs,46.6,46.6,,,,irbank_bs=46.6,https://irbank.net/E00146/results,,2026-08-29T10:42:55.986064+09:00
FY2017-03,1959,financing_cf,,JPY_million,100,SINGLE_SOURCE,irbank_cf,7200,72億,,,,irbank_cf=7200,https://irbank.net/E00146/results,,2026-08-29T10:42:55.986064+09:00
FY2017-03,1959,free_cf,,JPY_million,10,SINGLE_SOURCE,irbank_cf,-3760,-37.6億,,,,irbank_cf=-3760,https://irbank.net/E00146/results,,2026-08-29T10:42:55.986064+09:00
FY2017-03,1959,interest_bearing_debt,,JPY_million,100,SINGLE_SOURCE,irbank_bs,31100,311億,,,,irbank_bs=31100,https://irbank.net/E00146/results,,2026-08-29T10:42:55.986064+09:00
FY2017-03,1959,interest_bearing_debt_ratio,,x,0.0001,SINGLE_SOURCE|UNIT_CONVERTED,irbank_bs,0.2223,22.23,,,,irbank_bs=0.2223,https://irbank.net/E00146/results,,2026-08-29T10:42:55.986064+09:00
FY2017-03,1959,investing_cf,,JPY_million,100,SINGLE_SOURCE,irbank_cf,-18000,-180億,,,,irbank_cf=-18000,https://irbank.net/E00146/results,,2026-08-29T10:42:55.986064+09:00
FY2017-03,1959,net_assets,,JPY_million,100,SINGLE_SOURCE,irbank_bs,141500,1415億,,,,irbank_bs=141500,https://irbank.net/E00146/results,,2026-08-29T10:42:55.986064+09:00
FY2017-03,1959,net_income,,JPY_million,100,SINGLE_SOURCE,irbank_pl_consolidated,22300,223億,,,,irbank_pl_consolidated=22300,https://irbank.net/E00146/results,,2026-08-29T10:42:55.986064+09:00
FY2017-03,1959,operating_cf,,JPY_million,100,SINGLE_SOURCE,irbank_cf,14200,142億,,,,irbank_cf=14200,https://irbank.net/E00146/results,,2026-08-29T10:42:55.986064+09:00
FY2017-03,1959,operating_income,,JPY_million,100,SINGLE_SOURCE,irbank_pl_consolidated,30700,307億,,,,irbank_pl_consolidated=30700,https://irbank.net/E00146/results,,2026-08-29T10:42:55.986064+09:00
FY2017-03,1959,operating_margin,,pct,0.01,SINGLE_SOURCE,irbank_pl_consolidated,8.99,8.99,,,,irbank_pl_consolidated=8.99,https://irbank.net/E00146/results,,2026-08-29T10:42:55.986064+09:00
FY2017-03,1959,ordinary_income,,JPY_million,100,SINGLE_SOURCE,irbank_pl_consolidated,32200,322億,,,,irbank_pl_consolidated=32200,https://irbank.net/E00146/results,,2026-08-29T10:42:55.986064+09:00
FY2017-03,1959,retained_earnings,,JPY_million,100,SINGLE_SOURCE,irbank_bs,119700,1197億,,,,irbank_bs=119700,https://irbank.net/E00146/results,,2026-08-29T10:42:55.986064+09:00
FY2017-03,1959,roa,,pct,0.01,SINGLE_SOURCE,irbank_pl_consolidated,7.43,7.43,,,,irbank_pl_consolidated=7.43,https://irbank.net/E00146/results,,2026-08-29T10:42:55.986064+09:00
FY2017-03,1959,roe,,pct,0.01,SINGLE_SOURCE,irbank_pl_consolidated,15.94,15.94,,,,irbank_pl_consolidated=15.94,https://irbank.net/E00146/results,,2026-08-29T10:42:55.986064+09:00
FY2017-03,1959,sga_ratio,,pct,0.01,SINGLE_SOURCE,irbank_pl_consolidated,6.21,6.21,,,,irbank_pl_consolidated=6.21,https://irbank.net/E00146/results,,2026-08-29T10:42:55.986064+09:00
FY2017-03,1959,shareholders_equity,,JPY_million,100,SINGLE_SOURCE,irbank_bs,143200,1432億,,,,irbank_bs=143200,https://irbank.net/E00146/results,,2026-08-29T10:42:55.986064+09:00
FY2017-03,1959,total_assets,,JPY_million,100,SINGLE_SOURCE,irbank_bs,300300,3003億,,,,irbank_bs=300300,https://irbank.net/E00146/results,,2026-08-29T10:42:55.986064+09:00
FY2018-03,1959,bps,,JPY,0.01,SINGLE_SOURCE,irbank_bs,2269.48,2269.48,,,,irbank_bs=2269.48,https://irbank.net/E00146/results,,2026-08-29T10:42:55.986064+09:00
FY2018-03,1959,capex,,JPY_million,10,SINGLE_SOURCE,irbank_cf,-4090,-40.9億,,,,irbank_cf=-4090,https://irbank.net/E00146/results,,2026-08-29T10:42:55.986064+09:00
FY2018-03,1959,cash_equivalents,,JPY_million,100,SINGLE_SOURCE,irbank_cf,34500,345億,,,,irbank_cf=34500,https://irbank.net/E00146/results,,2026-08-29T10:42:55.986064+09:00
FY2018-03,1959,cost_ratio,,pct,0.1,SINGLE_SOURCE,irbank_pl_consolidated,84.3,84.3,,,,irbank_pl_consolidated=84.3,https://irbank.net/E00146/results,,2026-08-29T10:42:55.986064+09:00
FY2018-03,1959,eps,,JPY,0.01,SINGLE_SOURCE,irbank_pl_consolidated,356.89,356.89,,,,irbank_pl_consolidated=356.89,https://irbank.net/E00146/results,,2026-08-29T10:42:55.986064+09:00
FY2018-03,1959,equity_ratio,,pct,0.1,SINGLE_SOURCE,irbank_bs,49.7,49.7,,,,irbank_bs=49.7,https://irbank.net/E00146/results,,2026-08-29T10:42:55.986064+09:00
FY2018-03,1959,financing_cf,,JPY_million,100,SINGLE_SOURCE,irbank_cf,-21800,-218億,,,,irbank_cf=-21800,https://irbank.net/E00146/results,,2026-08-29T10:42:55.986064+09:00
FY2018-03,1959,free_cf,,JPY_million,100,SINGLE_SOURCE,irbank_cf,26200,262億,,,,irbank_cf=26200,https://irbank.net/E00146/results,,2026-08-29T10:42:55.986064+09:00
FY2018-03,1959,interest_bearing_debt,,JPY_million,100,SINGLE_SOURCE,irbank_bs,16600,166億,,,,irbank_bs=16600,https://irbank.net/E00146/results,,2026-08-29T10:42:55.986064+09:00
FY2018-03,1959,interest_bearing_debt_ratio,,x,0.0001,SINGLE_SOURCE|UNIT_CONVERTED,irbank_bs,0.1026,10.26,,,,irbank_bs=0.1026,https://irbank.net/E00146/results,,2026-08-29T10:42:55.986064+09:00
FY2018-03,1959,investing_cf,,JPY_million,10,SINGLE_SOURCE,irbank_cf,-3830,-38.3億,,,,irbank_cf=-3830,https://irbank.net/E00146/results,,2026-08-29T10:42:55.986064+09:00
FY2018-03,1959,net_assets,,JPY_million,100,SINGLE_SOURCE,irbank_bs,164100,1641億,,,,irbank_bs=164100,https://irbank.net/E00146/results,,2026-08-29T10:42:55.986064+09:00
FY2018-03,1959,net_income,,JPY_million,100,SINGLE_SOURCE,irbank_pl_consolidated,25300,253億,,,,irbank_pl_consolidated=25300,https://irbank.net/E00146/results,,2026-08-29T10:42:55.986064+09:00
FY2018-03,1959,operating_cf,,JPY_million,100,SINGLE_SOURCE,irbank_cf,30000,300億,,,,irbank_cf=30000,https://irbank.net/E00146/results,,2026-08-29T10:42:55.986064+09:00
FY2018-03,1959,operating_income,,JPY_million,100,SINGLE_SOURCE,irbank_pl_consolidated,34700,347億,,,,irbank_pl_consolidated=34700,https://irbank.net/E00146/results,,2026-08-29T10:42:55.986064+09:00
FY2018-03,1959,operating_margin,,pct,0.01,SINGLE_SOURCE,irbank_pl_consolidated,9.62,9.62,,,,irbank_pl_consolidated=9.62,https://irbank.net/E00146/results,,2026-08-29T10:42:55.986064+09:00
FY2018-03,1959,ordinary_income,,JPY_million,100,SINGLE_SOURCE,irbank_pl_consolidated,37300,373億,,,,irbank_pl_consolidated=37300,https://irbank.net/E00146/results,,2026-08-29T10:42:55.986064+09:00
FY2018-03,1959,retained_earnings,,JPY_million,100,SINGLE_SOURCE,irbank_bs,139800,1398億,,,,irbank_bs=139800,https://irbank.net/E00146/results,,2026-08-29T10:42:55.986064+09:00
FY2018-03,1959,roa,,pct,0.01,SINGLE_SOURCE,irbank_pl_consolidated,7.79,7.79,,,,irbank_pl_consolidated=7.79,https://irbank.net/E00146/results,,2026-08-29T10:42:55.986064+09:00
FY2018-03,1959,roe,,pct,0.01,SINGLE_SOURCE,irbank_pl_consolidated,15.67,15.67,,,,irbank_pl_consolidated=15.67,https://irbank.net/E00146/results,,2026-08-29T10:42:55.986064+09:00
FY2018-03,1959,sga_ratio,,pct,0.01,SINGLE_SOURCE,irbank_pl_consolidated,6.08,6.08,,,,irbank_pl_consolidated=6.08,https://irbank.net/E00146/results,,2026-08-29T10:42:55.986064+09:00
FY2018-03,1959,shareholders_equity,,JPY_million,100,SINGLE_SOURCE,irbank_bs,165200,1652億,,,,irbank_bs=165200,https://irbank.net/E00146/results,,2026-08-29T10:42:55.986064+09:00
FY2018-03,1959,total_assets,,JPY_million,100,SINGLE_SOURCE,irbank_bs,324900,3249億,,,,irbank_bs=324900,https://irbank.net/E00146/results,,2026-08-29T10:42:55.986064+09:00
FY2019-03,1959,bps,,JPY,0.01,SINGLE_SOURCE,irbank_bs,2534.46,2534.46,,,,irbank_bs=2534.46,https://irbank.net/E00146/results,,2026-08-29T10:42:55.986064+09:00
FY2019-03,1959,capex,,JPY_million,10,SINGLE_SOURCE,irbank_cf,-4350,-43.5億,,,,irbank_cf=-4350,https://irbank.net/E00146/results,,2026-08-29T10:42:55.986064+09:00
FY2019-03,1959,cash_equivalents,,JPY_million,100,SINGLE_SOURCE,irbank_cf,40200,402億,,,,irbank_cf=40200,https://irbank.net/E00146/results,,2026-08-29T10:42:55.986064+09:00
FY2019-03,1959,cost_ratio,,pct,0.01,SINGLE_SOURCE,irbank_pl_consolidated,85.16,85.16,,,,irbank_pl_consolidated=85.16,https://irbank.net/E00146/results,,2026-08-29T10:42:55.986064+09:00
FY2019-03,1959,eps,,JPY,0.01,SINGLE_SOURCE,irbank_pl_consolidated,375.17,375.17,,,,irbank_pl_consolidated=375.17,https://irbank.net/E00146/results,,2026-08-29T10:42:55.986064+09:00
FY2019-03,1959,equity_ratio,,pct,0.1,SINGLE_SOURCE,irbank_bs,50.5,50.5,,,,irbank_bs=50.5,https://irbank.net/E00146/results,,2026-08-29T10:42:55.986064+09:00
FY2019-03,1959,financing_cf,,JPY_million,10,SINGLE_SOURCE,irbank_cf,-9020,-90.2億,,,,irbank_cf=-9020,https://irbank.net/E00146/results,,2026-08-29T10:42:55.986064+09:00
FY2019-03,1959,free_cf,,JPY_million,100,SINGLE_SOURCE,irbank_cf,14800,148億,,,,irbank_cf=14800,https://irbank.net/E00146/results,,2026-08-29T10:42:55.986064+09:00
FY2019-03,1959,interest_bearing_debt,,JPY_million,100,SINGLE_SOURCE,irbank_bs,15700,157億,,,,irbank_bs=15700,https://irbank.net/E00146/results,,2026-08-29T10:42:55.986064+09:00
FY2019-03,1959,interest_bearing_debt_ratio,,x,0.0001,SINGLE_SOURCE|UNIT_CONVERTED,irbank_bs,0.0868,8.68,,,,irbank_bs=0.0868,https://irbank.net/E00146/results,,2026-08-29T10:42:55.986064+09:00
FY2019-03,1959,investing_cf,,JPY_million,100,SINGLE_SOURCE,irbank_cf,-11300,-113億,,,,irbank_cf=-11300,https://irbank.net/E00146/results,,2026-08-29T10:42:55.986064+09:00
FY2019-03,1959,net_assets,,JPY_million,100,SINGLE_SOURCE,irbank_bs,182200,1822億,,,,irbank_bs=182200,https://irbank.net/E00146/results,,2026-08-29T10:42:55.986064+09:00
FY2019-03,1959,net_income,,JPY_million,100,SINGLE_SOURCE,irbank_pl_consolidated,26700,267億,,,,irbank_pl_consolidated=26700,https://irbank.net/E00146/results,,2026-08-29T10:42:55.986064+09:00
FY2019-03,1959,operating_cf,,JPY_million,100,SINGLE_SOURCE,irbank_cf,26100,261億,,,,irbank_cf=26100,https://irbank.net/E00146/results,,2026-08-29T10:42:55.986064+09:00
FY2019-03,1959,operating_income,,JPY_million,100,SINGLE_SOURCE,irbank_pl_consolidated,36700,367億,,,,irbank_pl_consolidated=36700,https://irbank.net/E00146/results,,2026-08-29T10:42:55.986064+09:00
FY2019-03,1959,operating_margin,,pct,1,SINGLE_SOURCE,irbank_pl_consolidated,9,9,,,,irbank_pl_consolidated=9,https://irbank.net/E00146/results,,2026-08-29T10:42:55.986064+09:00
FY2019-03,1959,ordinary_income,,JPY_million,100,SINGLE_SOURCE,irbank_pl_consolidated,39900,399億,,,,irbank_pl_consolidated=39900,https://irbank.net/E00146/results,,2026-08-29T10:42:55.986064+09:00
FY2019-03,1959,retained_earnings,,JPY_million,100,SINGLE_SOURCE,irbank_bs,159400,1594億,,,,irbank_bs=159400,https://irbank.net/E00146/results,,2026-08-29T10:42:55.986064+09:00
FY2019-03,1959,roa,,pct,0.01,SINGLE_SOURCE,irbank_pl_consolidated,7.47,7.47,,,,irbank_pl_consolidated=7.47,https://irbank.net/E00146/results,,2026-08-29T10:42:55.986064+09:00
FY2019-03,1959,roe,,pct,0.1,SINGLE_SOURCE,irbank_pl_consolidated,14.8,14.8,,,,irbank_pl_consolidated=14.8,https://irbank.net/E00146/results,,2026-08-29T10:42:55.986064+09:00
FY2019-03,1959,sga_ratio,,pct,0.01,SINGLE_SOURCE,irbank_pl_consolidated,5.83,5.83,,,,irbank_pl_consolidated=5.83,https://irbank.net/E00146/results,,2026-08-29T10:42:55.986064+09:00
FY2019-03,1959,shareholders_equity,,JPY_million,100,SINGLE_SOURCE,irbank_bs,185000,1850億,,,,irbank_bs=185000,https://irbank.net/E00146/results,,2026-08-29T10:42:55.986064+09:00
FY2019-03,1959,total_assets,,JPY_million,100,SINGLE_SOURCE,irbank_bs,357300,3573億,,,,irbank_bs=357300,https://irbank.net/E00146/results,,2026-08-29T10:42:55.986064+09:00
FY2020-03,1959,bps,,JPY,0.01,SINGLE_SOURCE,irbank_bs,2761.08,2761.08,,,,irbank_bs=2761.08,https://irbank.net/E00146/results,,2026-08-29T10:42:55.986064+09:00
FY2020-03,1959,capex,,JPY_million,10,SINGLE_SOURCE,irbank_cf,-4150,-41.5億,,,,irbank_cf=-4150,https://irbank.net/E00146/results,,2026-08-29T10:42:55.986064+09:00
FY2020-03,1959,cash_equivalents,,JPY_million,100,SINGLE_SOURCE,irbank_cf,55000,550億,,,,irbank_cf=55000,https://irbank.net/E00146/results,,2026-08-29T10:42:55.986064+09:00
FY2020-03,1959,cost_ratio,,pct,0.01,SINGLE_SOURCE,irbank_pl_consolidated,85.99,85.99,,,,irbank_pl_consolidated=85.99,https://irbank.net/E00146/results,,2026-08-29T10:42:55.986064+09:00
FY2020-03,1959,eps,,JPY,0.01,SINGLE_SOURCE,irbank_pl_consolidated,369.99,369.99,,,,irbank_pl_consolidated=369.99,https://irbank.net/E00146/results,,2026-08-29T10:42:55.986064+09:00
FY2020-03,1959,equity_ratio,,pct,0.1,SINGLE_SOURCE,irbank_bs,53.1,53.1,,,,irbank_bs=53.1,https://irbank.net/E00146/results,,2026-08-29T10:42:55.986064+09:00
FY2020-03,1959,financing_cf,,JPY_million,100,SINGLE_SOURCE,irbank_cf,-11300,-113億,,,,irbank_cf=-11300,https://irbank.net/E00146/results,,2026-08-29T10:42:55.986064+09:00
FY2020-03,1959,free_cf,,JPY_million,100,SINGLE_SOURCE,irbank_cf,26100,261億,,,,irbank_cf=26100,https://irbank.net/E00146/results,,2026-08-29T10:42:55.986064+09:00
FY2020-03,1959,interest_bearing_debt,,JPY_million,100,SINGLE_SOURCE,irbank_bs,13700,137億,,,,irbank_bs=13700,https://irbank.net/E00146/results,,2026-08-29T10:42:55.986064+09:00
FY2020-03,1959,interest_bearing_debt_ratio,,x,0.01,SINGLE_SOURCE|UNIT_CONVERTED,irbank_bs,0.07,7,,,,irbank_bs=0.07,https://irbank.net/E00146/results,,2026-08-29T10:42:55.986064+09:00
FY2020-03,1959,investing_cf,,JPY_million,100,SINGLE_SOURCE,irbank_cf,-12100,-121億,,,,irbank_cf=-12100,https://irbank.net/E00146/results,,2026-08-29T10:42:55.986064+09:00
FY2020-03,1959,net_assets,,JPY_million,100,SINGLE_SOURCE,irbank_bs,197400,1974億,,,,irbank_bs=197400,https://irbank.net/E00146/results,,2026-08-29T10:42:55.986064+09:00
FY2020-03,1959,net_income,,JPY_million,100,SINGLE_SOURCE,irbank_pl_consolidated,26200,262億,,,,irbank_pl_consolidated=26200,https://irbank.net/E00146/results,,2026-08-29T10:42:55.986064+09:00
FY2020-03,1959,operating_cf,,JPY_million,100,SINGLE_SOURCE,irbank_cf,38200,382億,,,,irbank_cf=38200,https://irbank.net/E00146/results,,2026-08-29T10:42:55.986064+09:00
FY2020-03,1959,operating_income,,JPY_million,100,SINGLE_SOURCE,irbank_pl_consolidated,36000,360億,,,,irbank_pl_consolidated=36000,https://irbank.net/E00146/results,,2026-08-29T10:42:55.986064+09:00
FY2020-03,1959,operating_margin,,pct,0.1,SINGLE_SOURCE,irbank_pl_consolidated,8.4,8.4,,,,irbank_pl_consolidated=8.4,https://irbank.net/E00146/results,,2026-08-29T10:42:55.986064+09:00
FY2020-03,1959,ordinary_income,,JPY_million,100,SINGLE_SOURCE,irbank_pl_consolidated,38600,386億,,,,irbank_pl_consolidated=38600,https://irbank.net/E00146/results,,2026-08-29T10:42:55.986064+09:00
FY2020-03,1959,retained_earnings,,JPY_million,100,SINGLE_SOURCE,irbank_bs,177600,1776億,,,,irbank_bs=177600,https://irbank.net/E00146/results,,2026-08-29T10:42:55.986064+09:00
FY2020-03,1959,roa,,pct,0.01,SINGLE_SOURCE,irbank_pl_consolidated,7.12,7.12,,,,irbank_pl_consolidated=7.12,https://irbank.net/E00146/results,,2026-08-29T10:42:55.986064+09:00
FY2020-03,1959,roe,,pct,0.01,SINGLE_SOURCE,irbank_pl_consolidated,13.42,13.42,,,,irbank_pl_consolidated=13.42,https://irbank.net/E00146/results,,2026-08-29T10:42:55.986064+09:00
FY2020-03,1959,sga_ratio,,pct,0.01,SINGLE_SOURCE,irbank_pl_consolidated,5.61,5.61,,,,irbank_pl_consolidated=5.61,https://irbank.net/E00146/results,,2026-08-29T10:42:55.986064+09:00
FY2020-03,1959,shareholders_equity,,JPY_million,100,SINGLE_SOURCE,irbank_bs,203200,2032億,,,,irbank_bs=203200,https://irbank.net/E00146/results,,2026-08-29T10:42:55.986064+09:00
FY2020-03,1959,total_assets,,JPY_million,100,SINGLE_SOURCE,irbank_bs,368500,3685億,,,,irbank_bs=368500,https://irbank.net/E00146/results,,2026-08-29T10:42:55.986064+09:00
FY2021-03,1959,bps,,JPY,0.01,SINGLE_SOURCE,irbank_bs,3102.61,3102.61,,,,irbank_bs=3102.61,https://irbank.net/E00146/results,,2026-08-29T10:42:55.986064+09:00
FY2021-03,1959,capex,,JPY_million,10,SINGLE_SOURCE,irbank_cf,-3590,-35.9億,,,,irbank_cf=-3590,https://irbank.net/E00146/results,,2026-08-29T10:42:55.986064+09:00
FY2021-03,1959,cash_equivalents,,JPY_million,100,SINGLE_SOURCE,irbank_cf,49800,498億,,,,irbank_cf=49800,https://irbank.net/E00146/results,,2026-08-29T10:42:55.986064+09:00
FY2021-03,1959,cost_ratio,,pct,0.01,SINGLE_SOURCE,irbank_pl_consolidated,85.55,85.55,,,,irbank_pl_consolidated=85.55,https://irbank.net/E00146/results,,2026-08-29T10:42:55.986064+09:00
FY2021-03,1959,eps,,JPY,0.01,SINGLE_SOURCE,irbank_pl_consolidated,353.47,353.47,,,,irbank_pl_consolidated=353.47,https://irbank.net/E00146/results,,2026-08-29T10:42:55.986064+09:00
FY2021-03,1959,equity_ratio,,pct,1,SINGLE_SOURCE,irbank_bs,60,60,,,,irbank_bs=60,https://irbank.net/E00146/results,,2026-08-29T10:42:55.986064+09:00
FY2021-03,1959,financing_cf,,JPY_million,100,SINGLE_SOURCE,irbank_cf,-10100,-101億,,,,irbank_cf=-10100,https://irbank.net/E00146/results,,2026-08-29T10:42:55.986064+09:00
FY2021-03,1959,free_cf,,JPY_million,10,SINGLE_SOURCE,irbank_cf,4950,49.5億,,,,irbank_cf=4950,https://irbank.net/E00146/results,,2026-08-29T10:42:55.986064+09:00
FY2021-03,1959,interest_bearing_debt,,JPY_million,100,SINGLE_SOURCE,irbank_bs,11900,119億,,,,irbank_bs=11900,https://irbank.net/E00146/results,,2026-08-29T10:42:55.986064+09:00
FY2021-03,1959,interest_bearing_debt_ratio,,x,0.0001,SINGLE_SOURCE|UNIT_CONVERTED,irbank_bs,0.0542,5.42,,,,irbank_bs=0.0542,https://irbank.net/E00146/results,,2026-08-29T10:42:55.986064+09:00
FY2021-03,1959,investing_cf,,JPY_million,10,SINGLE_SOURCE,irbank_cf,-4230,-42.3億,,,,irbank_cf=-4230,https://irbank.net/E00146/results,,2026-08-29T10:42:55.986064+09:00
FY2021-03,1959,net_assets,,JPY_million,100,SINGLE_SOURCE,irbank_bs,221700,2217億,,,,irbank_bs=221700,https://irbank.net/E00146/results,,2026-08-29T10:42:55.986064+09:00
FY2021-03,1959,net_income,,JPY_million,100,SINGLE_SOURCE,irbank_pl_consolidated,25000,250億,,,,irbank_pl_consolidated=25000,https://irbank.net/E00146/results,,2026-08-29T10:42:55.986064+09:00
FY2021-03,1959,operating_cf,,JPY_million,10,SINGLE_SOURCE,irbank_cf,9180,91.8億,,,,irbank_cf=9180,https://irbank.net/E00146/results,,2026-08-29T10:42:55.986064+09:00
FY2021-03,1959,operating_income,,JPY_million,100,SINGLE_SOURCE,irbank_pl_consolidated,33000,330億,,,,irbank_pl_consolidated=33000,https://irbank.net/E00146/results,,2026-08-29T10:42:55.986064+09:00
FY2021-03,1959,operating_margin,,pct,0.01,SINGLE_SOURCE,irbank_pl_consolidated,8.42,8.42,,,,irbank_pl_consolidated=8.42,https://irbank.net/E00146/results,,2026-08-29T10:42:55.986064+09:00
FY2021-03,1959,ordinary_income,,JPY_million,100,SINGLE_SOURCE,irbank_pl_consolidated,35900,359億,,,,irbank_pl_consolidated=35900,https://irbank.net/E00146/results,,2026-08-29T10:42:55.986064+09:00
FY2021-03,1959,retained_earnings,,JPY_million,100,SINGLE_SOURCE,irbank_bs,195600,1956億,,,,irbank_bs=195600,https://irbank.net/E00146/results,,2026-08-29T10:42:55.986064+09:00
FY2021-03,1959,roa,,pct,0.01,SINGLE_SOURCE,irbank_pl_consolidated,6.83,6.83,,,,irbank_pl_consolidated=6.83,https://irbank.net/E00146/results,,2026-08-29T10:42:55.986064+09:00
FY2021-03,1959,roe,,pct,0.01,SINGLE_SOURCE,irbank_pl_consolidated,11.39,11.39,,,,irbank_pl_consolidated=11.39,https://irbank.net/E00146/results,,2026-08-29T10:42:55.986064+09:00
FY2021-03,1959,sga_ratio,,pct,0.01,SINGLE_SOURCE,irbank_pl_consolidated,6.03,6.03,,,,irbank_pl_consolidated=6.03,https://irbank.net/E00146/results,,2026-08-29T10:42:55.986064+09:00
FY2021-03,1959,shareholders_equity,,JPY_million,100,SINGLE_SOURCE,irbank_bs,221100,2211億,,,,irbank_bs=221100,https://irbank.net/E00146/results,,2026-08-29T10:42:55.986064+09:00
FY2021-03,1959,total_assets,,JPY_million,100,SINGLE_SOURCE,irbank_bs,366500,3665億,,,,irbank_bs=366500,https://irbank.net/E00146/results,,2026-08-29T10:42:55.986064+09:00
FY2022-03,1959,bps,,JPY,0.01,SINGLE_SOURCE,irbank_bs,3375.44,3375.44,,,,irbank_bs=3375.44,https://irbank.net/E00146/results,,2026-08-29T10:42:55.986064+09:00
FY2022-03,1959,capex,,JPY_million,100,SINGLE_SOURCE,irbank_cf,-4400,-44億,,,,irbank_cf=-4400,https://irbank.net/E00146/results,,2026-08-29T10:42:55.986064+09:00
FY2022-03,1959,cash_equivalents,,JPY_million,100,SINGLE_SOURCE,irbank_cf,37800,378億,,,,irbank_cf=37800,https://irbank.net/E00146/results,,2026-08-29T10:42:55.986064+09:00
FY2022-03,1959,cost_ratio,,pct,0.01,SINGLE_SOURCE,irbank_pl_consolidated,84.77,84.77,,,,irbank_pl_consolidated=84.77,https://irbank.net/E00146/results,,2026-08-29T10:42:55.986064+09:00
FY2022-03,1959,eps,,JPY,0.01,SINGLE_SOURCE,irbank_pl_consolidated,370.04,370.04,,,,irbank_pl_consolidated=370.04,https://irbank.net/E00146/results,,2026-08-29T10:42:55.986064+09:00
FY2022-03,1959,equity_ratio,,pct,0.1,SINGLE_SOURCE,irbank_bs,63.2,63.2,,,,irbank_bs=63.2,https://irbank.net/E00146/results,,2026-08-29T10:42:55.986064+09:00
FY2022-03,1959,financing_cf,,JPY_million,100,SINGLE_SOURCE,irbank_cf,-10200,-102億,,,,irbank_cf=-10200,https://irbank.net/E00146/results,,2026-08-29T10:42:55.986064+09:00
FY2022-03,1959,free_cf,,JPY_million,10,SINGLE_SOURCE,irbank_cf,-2280,-22.8億,,,,irbank_cf=-2280,https://irbank.net/E00146/results,,2026-08-29T10:42:55.986064+09:00
FY2022-03,1959,interest_bearing_debt,,JPY_million,100,SINGLE_SOURCE,irbank_bs,10400,104億,,,,irbank_bs=10400,https://irbank.net/E00146/results,,2026-08-29T10:42:55.986064+09:00
FY2022-03,1959,interest_bearing_debt_ratio,,x,0.0001,SINGLE_SOURCE|UNIT_CONVERTED,irbank_bs,0.0433,4.33,,,,irbank_bs=0.0433,https://irbank.net/E00146/results,,2026-08-29T10:42:55.986064+09:00
FY2022-03,1959,investing_cf,,JPY_million,10,SINGLE_SOURCE,irbank_cf,-7540,-75.4億,,,,irbank_cf=-7540,https://irbank.net/E00146/results,,2026-08-29T10:42:55.986064+09:00
FY2022-03,1959,net_assets,,JPY_million,100,SINGLE_SOURCE,irbank_bs,241200,2412億,,,,irbank_bs=241200,https://irbank.net/E00146/results,,2026-08-29T10:42:55.986064+09:00
FY2022-03,1959,net_income,,JPY_million,100,SINGLE_SOURCE,irbank_pl_consolidated,26200,262億,,,,irbank_pl_consolidated=26200,https://irbank.net/E00146/results,,2026-08-29T10:42:55.986064+09:00
FY2022-03,1959,operating_cf,,JPY_million,10,SINGLE_SOURCE,irbank_cf,5250,52.5億,,,,irbank_cf=5250,https://irbank.net/E00146/results,,2026-08-29T10:42:55.986064+09:00
FY2022-03,1959,operating_income,,JPY_million,100,SINGLE_SOURCE,irbank_pl_consolidated,33100,331億,,,,irbank_pl_consolidated=33100,https://irbank.net/E00146/results,,2026-08-29T10:42:55.986064+09:00
FY2022-03,1959,operating_margin,,pct,0.1,SINGLE_SOURCE,irbank_pl_consolidated,8.8,8.8,,,,irbank_pl_consolidated=8.8,https://irbank.net/E00146/results,,2026-08-29T10:42:55.986064+09:00
FY2022-03,1959,ordinary_income,,JPY_million,100,SINGLE_SOURCE,irbank_pl_consolidated,36800,368億,,,,irbank_pl_consolidated=36800,https://irbank.net/E00146/results,,2026-08-29T10:42:55.986064+09:00
FY2022-03,1959,retained_earnings,,JPY_million,100,SINGLE_SOURCE,irbank_bs,214700,2147億,,,,irbank_bs=214700,https://irbank.net/E00146/results,,2026-08-29T10:42:55.986064+09:00
FY2022-03,1959,roa,,pct,0.01,SINGLE_SOURCE,irbank_pl_consolidated,6.93,6.93,,,,irbank_pl_consolidated=6.93,https://irbank.net/E00146/results,,2026-08-29T10:42:55.986064+09:00
FY2022-03,1959,roe,,pct,0.01,SINGLE_SOURCE,irbank_pl_consolidated,10.96,10.96,,,,irbank_pl_consolidated=10.96,https://irbank.net/E00146/results,,2026-08-29T10:42:55.986064+09:00
FY2022-03,1959,sga_ratio,,pct,0.01,SINGLE_SOURCE,irbank_pl_consolidated,6.43,6.43,,,,irbank_pl_consolidated=6.43,https://irbank.net/E00146/results,,2026-08-29T10:42:55.986064+09:00
FY2022-03,1959,shareholders_equity,,JPY_million,100,SINGLE_SOURCE,irbank_bs,240200,2402億,,,,irbank_bs=240200,https://irbank.net/E00146/results,,2026-08-29T10:42:55.986064+09:00
FY2022-03,1959,total_assets,,JPY_million,100,SINGLE_SOURCE,irbank_bs,378400,3784億,,,,irbank_bs=378400,https://irbank.net/E00146/results,,2026-08-29T10:42:55.986064+09:00
FY2023-03,1959,bps,,JPY,0.01,SINGLE_SOURCE,irbank_bs,3681.84,3681.84,,,,irbank_bs=3681.84,https://irbank.net/E00146/results,,2026-08-29T10:42:55.986064+09:00
FY2023-03,1959,capex,,JPY_million,10,SINGLE_SOURCE,irbank_cf,-3380,-33.8億,,,,irbank_cf=-3380,https://irbank.net/E00146/results,,2026-08-29T10:42:55.986064+09:00
FY2023-03,1959,cash_equivalents,,JPY_million,100,SINGLE_SOURCE,irbank_cf,63900,639億,,,,irbank_cf=63900,https://irbank.net/E00146/results,,2026-08-29T10:42:55.986064+09:00
FY2023-03,1959,cost_ratio,,pct,0.01,SINGLE_SOURCE,irbank_pl_consolidated,85.37,85.37,irbank_q,85.37,85.37%,irbank_pl_consolidated=85.37|irbank_q=85.37,https://irbank.net/E00146/results,https://irbank.net/E00146/quarter,2026-08-29T10:42:55.986064+09:00
FY2023-03,1959,equity_ratio,,pct,0.1,SINGLE_SOURCE,irbank_bs,58.4,58.4,,,,irbank_bs=58.4,https://irbank.net/E00146/results,,2026-08-29T10:42:55.986064+09:00
FY2023-03,1959,financing_cf,,JPY_million,100,SINGLE_SOURCE,irbank_cf,11600,116億,,,,irbank_cf=11600,https://irbank.net/E00146/results,,2026-08-29T10:42:55.986064+09:00
FY2023-03,1959,free_cf,,JPY_million,100,SINGLE_SOURCE,irbank_cf,14300,143億,,,,irbank_cf=14300,https://irbank.net/E00146/results,,2026-08-29T10:42:55.986064+09:00
FY2023-03,1959,interest_bearing_debt,,JPY_million,100,SINGLE_SOURCE,irbank_bs,33100,331億,,,,irbank_bs=33100,https://irbank.net/E00146/results,,2026-08-29T10:42:55.986064+09:00
FY2023-03,1959,interest_bearing_debt_ratio,,x,0.0001,SINGLE_SOURCE|UNIT_CONVERTED,irbank_bs,0.1268,12.68,,,,irbank_bs=0.1268,https://irbank.net/E00146/results,,2026-08-29T10:42:55.986064+09:00
FY2023-03,1959,investing_cf,,JPY_million,10,SINGLE_SOURCE,irbank_cf,-3110,-31.1億,,,,irbank_cf=-3110,https://irbank.net/E00146/results,,2026-08-29T10:42:55.986064+09:00
FY2023-03,1959,net_assets,,JPY_million,100,SINGLE_SOURCE,irbank_bs,263000,2630億,,,,irbank_bs=263000,https://irbank.net/E00146/results,,2026-08-29T10:42:55.986064+09:00
FY2023-03,1959,operating_cf,,JPY_million,100,SINGLE_SOURCE,irbank_cf,17400,174億,,,,irbank_cf=17400,https://irbank.net/E00146/results,,2026-08-29T10:42:55.986064+09:00
FY2023-03,1959,operating_margin,,pct,0.01,SINGLE_SOURCE,irbank_pl_consolidated,8.11,8.11,irbank_q,8.11,8.11%,irbank_pl_consolidated=8.11|irbank_q=8.11,https://irbank.net/E00146/results,https://irbank.net/E00146/quarter,2026-08-29T10:42:55.986064+09:00
FY2023-03,1959,retained_earnings,,JPY_million,100,SINGLE_SOURCE,irbank_bs,233900,2339億,,,,irbank_bs=233900,https://irbank.net/E00146/results,,2026-08-29T10:42:55.986064+09:00
FY2023-03,1959,roa,,pct,0.1,SINGLE_SOURCE,irbank_pl_consolidated,5.9,5.9,,,,irbank_pl_consolidated=5.9,https://irbank.net/E00146/results,,2026-08-29T10:42:55.986064+09:00
FY2023-03,1959,roe,,pct,0.1,SINGLE_SOURCE,irbank_pl_consolidated,10.1,10.1,,,,irbank_pl_consolidated=10.1,https://irbank.net/E00146/results,,2026-08-29T10:42:55.986064+09:00
FY2023-03,1959,sga_ratio,,pct,0.01,SINGLE_SOURCE,irbank_pl_consolidated,6.52,6.52,irbank_q,6.52,6.52%,irbank_pl_consolidated=6.52|irbank_q=6.52,https://irbank.net/E00146/results,https://irbank.net/E00146/quarter,2026-08-29T10:42:55.986064+09:00
FY2023-03,1959,shareholders_equity,,JPY_million,100,SINGLE_SOURCE,irbank_bs,259500,2595億,,,,irbank_bs=259500,https://irbank.net/E00146/results,,2026-08-29T10:42:55.986064+09:00
FY2023-03,1959,total_assets,,JPY_million,100,SINGLE_SOURCE,irbank_bs,446400,4464億,,,,irbank_bs=446400,https://irbank.net/E00146/results,,2026-08-29T10:42:55.986064+09:00
FY2024-03,1959,capex,,JPY_million,10,SINGLE_SOURCE,irbank_cf,-3040,-30.4億,,,,irbank_cf=-3040,https://irbank.net/E00146/results,,2026-08-29T10:42:55.986064+09:00
FY2024-03,1959,cost_ratio,,pct,0.01,SINGLE_SOURCE,irbank_pl_consolidated,86.22,86.22,irbank_q,86.22,86.22%+0.85%,irbank_pl_consolidated=86.22|irbank_q=86.22,https://irbank.net/E00146/results,https://irbank.net/E00146/quarter,2026-08-29T10:42:55.986064+09:00
FY2024-03,1959,interest_bearing_debt,,JPY_million,100,SINGLE_SOURCE,irbank_bs,32000,320億,,,,irbank_bs=32000,https://irbank.net/E00146/results,,2026-08-29T10:42:55.986064+09:00
FY2024-03,1959,net_assets,,JPY_million,100,SINGLE_SOURCE,irbank_bs,291100,2911億,,,,irbank_bs=291100,https://irbank.net/E00146/results,,2026-08-29T10:42:55.986064+09:00
FY2024-03,1959,operating_margin,,pct,0.1,SINGLE_SOURCE,irbank_pl_consolidated,8.1,8.1,irbank_q,8.1,8.1%-0.01%,irbank_pl_consolidated=8.1|irbank_q=8.1,https://irbank.net/E00146/results,https://irbank.net/E00146/quarter,2026-08-29T10:42:55.986064+09:00
FY2024-03,1959,roa,,pct,0.01,SINGLE_SOURCE,irbank_pl_consolidated,5.57,5.57,,,,irbank_pl_consolidated=5.57,https://irbank.net/E00146/results,,2026-08-29T10:42:55.986064+09:00
FY2024-03,1959,roe,,pct,0.1,SINGLE_SOURCE,irbank_pl_consolidated,9.7,9.7,,,,irbank_pl_consolidated=9.7,https://irbank.net/E00146/results,,2026-08-29T10:42:55.986064+09:00
FY2024-03,1959,sga_ratio,,pct,0.01,SINGLE_SOURCE,irbank_pl_consolidated,5.67,5.67,irbank_q,5.67,5.67%-0.85%,irbank_pl_consolidated=5.67|irbank_q=5.67,https://irbank.net/E00146/results,https://irbank.net/E00146/quarter,2026-08-29T10:42:55.986064+09:00
FY2024-03,1959,shareholders_equity,,JPY_million,100,SINGLE_SOURCE,irbank_bs,279000,2790億,,,,irbank_bs=279000,https://irbank.net/E00146/results,,2026-08-29T10:42:55.986064+09:00
FY2025-03,1959,capex,,JPY_million,10,SINGLE_SOURCE,irbank_cf,-5370,-53.7億,,,,irbank_cf=-5370,https://irbank.net/E00146/results,,2026-08-29T10:42:55.986064+09:00
FY2025-03,1959,cost_ratio,,pct,0.01,SINGLE_SOURCE,irbank_pl_consolidated,85.08,85.08,irbank_q,85.08,85.08%-1.14%,irbank_pl_consolidated=85.08|irbank_q=85.08,https://irbank.net/E00146/results,https://irbank.net/E00146/quarter,2026-08-29T10:42:55.986064+09:00
FY2025-03,1959,interest_bearing_debt,,JPY_million,100,SINGLE_SOURCE,irbank_bs,18700,187億,,,,irbank_bs=18700,https://irbank.net/E00146/results,,2026-08-29T10:42:55.986064+09:00
FY2025-03,1959,net_assets,,JPY_million,100,SINGLE_SOURCE,irbank_bs,312200,3122億,,,,irbank_bs=312200,https://irbank.net/E00146/results,,2026-08-29T10:42:55.986064+09:00
FY2025-03,1959,sga_ratio,,pct,0.01,SINGLE_SOURCE,irbank_pl_consolidated,6.18,6.18,irbank_q,6.18,6.18%+0.51%,irbank_pl_consolidated=6.18|irbank_q=6.18,https://irbank.net/E00146/results,https://irbank.net/E00146/quarter,2026-08-29T10:42:55.986064+09:00
FY2025-03,1959,shareholders_equity,,JPY_million,100,SINGLE_SOURCE,irbank_bs,299000,2990億,,,,irbank_bs=299000,https://irbank.net/E00146/results,,2026-08-29T10:42:55.986064+09:00
FY2026-03,1959,capex,,JPY_million,10,SINGLE_SOURCE,irbank_cf,-5960,-59.6億,,,,irbank_cf=-5960,https://irbank.net/E00146/results,,2026-08-29T10:42:55.986064+09:00
FY2026-03,1959,cost_ratio,,pct,0.01,SINGLE_SOURCE,irbank_pl_consolidated,81.71,81.71,irbank_q,81.71,81.71%-3.37%,irbank_pl_consolidated=81.71|irbank_q=81.71,https://irbank.net/E00146/results,https://irbank.net/E00146/quarter,2026-08-29T10:42:55.986064+09:00
FY2026-03,1959,interest_bearing_debt,,JPY_million,100,SINGLE_SOURCE,irbank_bs,25200,252億,,,,irbank_bs=25200,https://irbank.net/E00146/results,,2026-08-29T10:42:55.986064+09:00
FY2026-03,1959,net_assets,,JPY_million,100,SINGLE_SOURCE,irbank_bs,351600,3516億,,,,irbank_bs=351600,https://irbank.net/E00146/results,,2026-08-29T10:42:55.986064+09:00
FY2026-03,1959,sga_ratio,,pct,0.01,SINGLE_SOURCE,irbank_pl_consolidated,6.82,6.82,irbank_q,6.82,6.82%+0.64%,irbank_pl_consolidated=6.82|irbank_q=6.82,https://irbank.net/E00146/results,https://irbank.net/E00146/quarter,2026-08-29T10:42:55.986064+09:00
FY2026-03,1959,shareholders_equity,,JPY_million,100,SINGLE_SOURCE,irbank_bs,327000,3270億,,,,irbank_bs=327000,https://irbank.net/E00146/results,,2026-08-29T10:42:55.986064+09:00
Q2022-04_2022-06,1959,cost_ratio,,pct,0.01,SINGLE_SOURCE,irbank_q,86.16,86.16%,,,,irbank_q=86.16,https://irbank.net/E00146/quarter,,2026-08-29T10:42:55.986064+09:00
Q2022-04_2022-06,1959,operating_income,,JPY_million,10,SINGLE_SOURCE,irbank_q,2920,29.2億,,,,irbank_q=2920,https://irbank.net/E00146/quarter,,2026-08-29T10:42:55.986064+09:00
Q2022-04_2022-06,1959,operating_margin,,pct,0.01,SINGLE_SOURCE,irbank_q,4.22,4.22%,,,,irbank_q=4.22,https://irbank.net/E00146/quarter,,2026-08-29T10:42:55.986064+09:00
Q2022-04_2022-06,1959,ordinary_income,,JPY_million,100,SINGLE_SOURCE,irbank_q,3800,38億,,,,irbank_q=3800,https://irbank.net/E00146/quarter,,2026-08-29T10:42:55.986064+09:00
Q2022-04_2022-06,1959,sga_ratio,,pct,0.01,SINGLE_SOURCE,irbank_q,9.62,9.62%,,,,irbank_q=9.62,https://irbank.net/E00146/quarter,,2026-08-29T10:42:55.986064+09:00
Q2022-07_2022-09,1959,cost_ratio,,pct,0.01,SINGLE_SOURCE,irbank_q,86.06,86.06%,,,,irbank_q=86.06,https://irbank.net/E00146/quarter,,2026-08-29T10:42:55.986064+09:00
Q2022-07_2022-09,1959,operating_income,,JPY_million,100,SINGLE_SOURCE,irbank_q,7400,74億,,,,irbank_q=7400,https://irbank.net/E00146/quarter,,2026-08-29T10:42:55.986064+09:00
Q2022-07_2022-09,1959,operating_margin,,pct,0.01,SINGLE_SOURCE,irbank_q,7.44,7.44%,,,,irbank_q=7.44,https://irbank.net/E00146/quarter,,2026-08-29T10:42:55.986064+09:00
Q2022-07_2022-09,1959,ordinary_income,,JPY_million,10,SINGLE_SOURCE,irbank_q,8220,82.2億,,,,irbank_q=8220,https://irbank.net/E00146/quarter,,2026-08-29T10:42:55.986064+09:00
Q2022-07_2022-09,1959,sga_ratio,,pct,0.01,SINGLE_SOURCE,irbank_q,6.49,6.49%,,,,irbank_q=6.49,https://irbank.net/E00146/quarter,,2026-08-29T10:42:55.986064+09:00
Q2022-10_2022-12,1959,cost_ratio,,pct,0.01,SINGLE_SOURCE,irbank_q,85.98,85.98%,,,,irbank_q=85.98,https://irbank.net/E00146/quarter,,2026-08-29T10:42:55.986064+09:00
Q2022-10_2022-12,1959,operating_income,,JPY_million,100,SINGLE_SOURCE,irbank_q,5300,53億,,,,irbank_q=5300,https://irbank.net/E00146/quarter,,2026-08-29T10:42:55.986064+09:00
Q2022-10_2022-12,1959,operating_margin,,pct,0.1,SINGLE_SOURCE,irbank_q,6.4,6.4%,,,,irbank_q=6.4,https://irbank.net/E00146/quarter,,2026-08-29T10:42:55.986064+09:00
Q2022-10_2022-12,1959,ordinary_income,,JPY_million,10,SINGLE_SOURCE,irbank_q,6240,62.4億,,,,irbank_q=6240,https://irbank.net/E00146/quarter,,2026-08-29T10:42:55.986064+09:00
Q2022-10_2022-12,1959,sga_ratio,,pct,0.01,SINGLE_SOURCE,irbank_q,7.62,7.62%,,,,irbank_q=7.62,https://irbank.net/E00146/quarter,,2026-08-29T10:42:55.986064+09:00
Q2023-01_2023-03,1959,cost_ratio,,pct,0.01,SINGLE_SOURCE,irbank_q,84.18,84.18%,,,,irbank_q=84.18,https://irbank.net/E00146/quarter,,2026-08-29T10:42:55.986064+09:00
Q2023-01_2023-03,1959,operating_income,,JPY_million,100,SINGLE_SOURCE,irbank_q,16500,165億,,,,irbank_q=16500,https://irbank.net/E00146/quarter,,2026-08-29T10:42:55.986064+09:00
Q2023-01_2023-03,1959,operating_margin,,pct,0.1,SINGLE_SOURCE,irbank_q,11.4,11.4%,,,,irbank_q=11.4,https://irbank.net/E00146/quarter,,2026-08-29T10:42:55.986064+09:00
Q2023-01_2023-03,1959,ordinary_income,,JPY_million,100,SINGLE_SOURCE,irbank_q,17200,172億,,,,irbank_q=17200,https://irbank.net/E00146/quarter,,2026-08-29T10:42:55.986064+09:00
Q2023-01_2023-03,1959,sga_ratio,,pct,0.01,SINGLE_SOURCE,irbank_q,4.43,4.43%,,,,irbank_q=4.43,https://irbank.net/E00146/quarter,,2026-08-29T10:42:55.986064+09:00
Q2023-04_2023-06,1959,cost_ratio,,pct,0.01,SINGLE_SOURCE,irbank_q,86.74,86.74%+0.58%,,,,irbank_q=86.74,https://irbank.net/E00146/quarter,,2026-08-29T10:42:55.986064+09:00
Q2023-04_2023-06,1959,operating_income,,JPY_million,10,SINGLE_SOURCE,irbank_q,4810,48.1億+64.8%,,,,irbank_q=4810,https://irbank.net/E00146/quarter,,2026-08-29T10:42:55.986064+09:00
Q2023-04_2023-06,1959,operating_margin,,pct,0.01,SINGLE_SOURCE,irbank_q,5.58,5.58%+1.36%,,,,irbank_q=5.58,https://irbank.net/E00146/quarter,,2026-08-29T10:42:55.986064+09:00
Q2023-04_2023-06,1959,ordinary_income,,JPY_million,10,SINGLE_SOURCE,irbank_q,6290,62.9億+65.7%,,,,irbank_q=6290,https://irbank.net/E00146/quarter,,2026-08-29T10:42:55.986064+09:00
Q2023-04_2023-06,1959,sga_ratio,,pct,0.01,SINGLE_SOURCE,irbank_q,7.69,7.69%-1.93%,,,,irbank_q=7.69,https://irbank.net/E00146/quarter,,2026-08-29T10:42:55.986064+09:00
Q2023-07_2023-09,1959,cost_ratio,,pct,0.01,SINGLE_SOURCE,irbank_q,86.52,86.52%+0.46%,,,,irbank_q=86.52,https://irbank.net/E00146/quarter,,2026-08-29T10:42:55.986064+09:00
Q2023-07_2023-09,1959,operating_income,,JPY_million,10,SINGLE_SOURCE,irbank_q,8880,88.8億+20.1%,,,,irbank_q=8880,https://irbank.net/E00146/quarter,,2026-08-29T10:42:55.986064+09:00
Q2023-07_2023-09,1959,operating_margin,,pct,0.01,SINGLE_SOURCE,irbank_q,7.77,7.77%+0.33%,,,,irbank_q=7.77,https://irbank.net/E00146/quarter,,2026-08-29T10:42:55.986064+09:00
Q2023-07_2023-09,1959,ordinary_income,,JPY_million,10,SINGLE_SOURCE,irbank_q,9470,94.7億+15.3%,,,,irbank_q=9470,https://irbank.net/E00146/quarter,,2026-08-29T10:42:55.986064+09:00
Q2023-07_2023-09,1959,sga_ratio,,pct,0.01,SINGLE_SOURCE,irbank_q,5.71,5.71%-0.78%,,,,irbank_q=5.71,https://irbank.net/E00146/quarter,,2026-08-29T10:42:55.986064+09:00
Q2023-10_2023-12,1959,cost_ratio,,pct,0.01,SINGLE_SOURCE,irbank_q,86.02,86.02%+0.04%,,,,irbank_q=86.02,https://irbank.net/E00146/quarter,,2026-08-29T10:42:55.986064+09:00
Q2023-10_2023-12,1959,operating_income,,JPY_million,10,SINGLE_SOURCE,irbank_q,9530,95.3億+80%,,,,irbank_q=9530,https://irbank.net/E00146/quarter,,2026-08-29T10:42:55.986064+09:00
Q2023-10_2023-12,1959,operating_margin,,pct,0.01,SINGLE_SOURCE,irbank_q,8.33,8.33%+1.93%,,,,irbank_q=8.33,https://irbank.net/E00146/quarter,,2026-08-29T10:42:55.986064+09:00
Q2023-10_2023-12,1959,ordinary_income,,JPY_million,100,SINGLE_SOURCE,irbank_q,10500,105億+68.3%,,,,irbank_q=10500,https://irbank.net/E00146/quarter,,2026-08-29T10:42:55.986064+09:00
Q2023-10_2023-12,1959,sga_ratio,,pct,0.01,SINGLE_SOURCE,irbank_q,5.65,5.65%-1.97%,,,,irbank_q=5.65,https://irbank.net/E00146/quarter,,2026-08-29T10:42:55.986064+09:00
Q2024-01_2024-03,1959,cost_ratio,,pct,0.01,SINGLE_SOURCE,irbank_q,85.86,85.86%+1.68%,,,,irbank_q=85.86,https://irbank.net/E00146/quarter,,2026-08-29T10:42:55.986064+09:00
Q2024-01_2024-03,1959,operating_income,,JPY_million,100,SINGLE_SOURCE,irbank_q,14800,148億-10.2%,,,,irbank_q=14800,https://irbank.net/E00146/quarter,,2026-08-29T10:42:55.986064+09:00
Q2024-01_2024-03,1959,operating_margin,,pct,0.01,SINGLE_SOURCE,irbank_q,9.61,9.61%-1.79%,,,,irbank_q=9.61,https://irbank.net/E00146/quarter,,2026-08-29T10:42:55.986064+09:00
Q2024-01_2024-03,1959,ordinary_income,,JPY_million,100,SINGLE_SOURCE,irbank_q,16100,161億-6.5%,,,,irbank_q=16100,https://irbank.net/E00146/quarter,,2026-08-29T10:42:55.986064+09:00
Q2024-01_2024-03,1959,sga_ratio,,pct,0.01,SINGLE_SOURCE,irbank_q,4.53,4.53%+0.1%,,,,irbank_q=4.53,https://irbank.net/E00146/quarter,,2026-08-29T10:42:55.986064+09:00
Q2024-04_2024-06,1959,cost_ratio,,pct,0.01,SINGLE_SOURCE,irbank_q,83.69,83.69%-3.05%,,,,irbank_q=83.69,https://irbank.net/E00146/quarter,,2026-08-29T10:42:55.986064+09:00
Q2024-04_2024-06,1959,operating_margin,,pct,0.01,SINGLE_SOURCE,irbank_q,9.57,9.57%+3.99%,,,,irbank_q=9.57,https://irbank.net/E00146/quarter,,2026-08-29T10:42:55.986064+09:00
Q2024-04_2024-06,1959,sga_ratio,,pct,0.01,SINGLE_SOURCE,irbank_q,6.74,6.74%-0.95%,,,,irbank_q=6.74,https://irbank.net/E00146/quarter,,2026-08-29T10:42:55.986064+09:00
Q2024-07_2024-09,1959,cost_ratio,,pct,0.01,SINGLE_SOURCE,irbank_q,86.47,86.47%-0.05%,,,,irbank_q=86.47,https://irbank.net/E00146/quarter,,2026-08-29T10:42:55.986064+09:00
Q2024-07_2024-09,1959,sga_ratio,,pct,0.1,SINGLE_SOURCE,irbank_q,6.4,6.4%+0.69%,,,,irbank_q=6.4,https://irbank.net/E00146/quarter,,2026-08-29T10:42:55.986064+09:00
Q2024-10_2024-12,1959,cost_ratio,,pct,0.01,SINGLE_SOURCE,irbank_q,83.26,83.26%-2.76%,,,,irbank_q=83.26,https://irbank.net/E00146/quarter,,2026-08-29T10:42:55.986064+09:00
Q2024-10_2024-12,1959,sga_ratio,,pct,0.01,SINGLE_SOURCE,irbank_q,6.52,6.52%+0.87%,,,,irbank_q=6.52,https://irbank.net/E00146/quarter,,2026-08-29T10:42:55.986064+09:00
Q2025-01_2025-03,1959,cost_ratio,,pct,0.01,SINGLE_SOURCE,irbank_q,86.42,86.42%+0.56%,,,,irbank_q=86.42,https://irbank.net/E00146/quarter,,2026-08-29T10:42:55.986064+09:00
Q2025-01_2025-03,1959,sga_ratio,,pct,0.01,SINGLE_SOURCE,irbank_q,5.36,5.36%+0.83%,,,,irbank_q=5.36,https://irbank.net/E00146/quarter,,2026-08-29T10:42:55.986064+09:00
Q2025-04_2025-06,1959,cost_ratio,,pct,0.01,SINGLE_SOURCE,irbank_q,80.88,80.88%-2.81%,,,,irbank_q=80.88,https://irbank.net/E00146/quarter,,2026-08-29T10:42:55.986064+09:00
Q2025-04_2025-06,1959,sga_ratio,,pct,0.01,SINGLE_SOURCE,irbank_q,8.08,8.08%+1.34%,,,,irbank_q=8.08,https://irbank.net/E00146/quarter,,2026-08-29T10:42:55.986064+09:00
Q2025-07_2025-09,1959,cost_ratio,,pct,0.01,SINGLE_SOURCE,irbank_q,81.71,81.71%-4.76%,,,,irbank_q=81.71,https://irbank.net/E00146/quarter,,2026-08-29T10:42:55.986064+09:00
Q2025-07_2025-09,1959,sga_ratio,,pct,0.01,SINGLE_SOURCE,irbank_q,7.36,7.36%+0.96%,,,,irbank_q=7.36,https://irbank.net/E00146/quarter,,2026-08-29T10:42:55.986064+09:00
Q2025-10_2025-12,1959,cost_ratio,,pct,0.01,SINGLE_SOURCE,irbank_q,80.61,80.61%-2.65%,,,,irbank_q=80.61,https://irbank.net/E00146/quarter,,2026-08-29T10:42:55.986064+09:00
Q2025-10_2025-12,1959,sga_ratio,,pct,0.01,SINGLE_SOURCE,irbank_q,7.16,7.16%+0.64%,,,,irbank_q=7.16,https://irbank.net/E00146/quarter,,2026-08-29T10:42:55.986064+09:00
Q2026-01_2026-03,1959,cost_ratio,,pct,0.01,SINGLE_SOURCE,irbank_q,83.03,83.03%-3.39%,,,,irbank_q=83.03,https://irbank.net/E00146/quarter,,2026-08-29T10:42:55.986064+09:00
Q2026-01_2026-03,1959,sga_ratio,,pct,0.1,SINGLE_SOURCE,irbank_q,5.4,5.4%+0.04%,,,,irbank_q=5.4,https://irbank.net/E00146/quarter,,2026-08-29T10:42:55.986064+09:00
Q2026-04_2026-06,1959,cost_ratio,,pct,0.1,SINGLE_SOURCE,irbank_q,80.5,80.5%-0.38%,,,,irbank_q=80.5,https://irbank.net/E00146/quarter,,2026-08-29T10:42:55.986064+09:00
Q2026-04_2026-06,1959,sga_ratio,,pct,0.01,SINGLE_SOURCE,irbank_q,8.63,8.63%+0.55%,,,,irbank_q=8.63,https://irbank.net/E00146/quarter,,2026-08-29T10:42:55.986064+09:00
