period,code,metric,value,unit,tolerance,status,source_primary,value_primary,raw_primary,source_secondary,value_secondary,raw_secondary,sources_all,source_url_primary,source_url_secondary,fetched_at
FY2002-03,1969,revenue,,JPY_million,1,SINGLE_SOURCE,kabutan_fy10,196435,"196,435",,,,kabutan_fy10=196435,https://kabutan.jp/stock/finance?code=1969,,2026-08-29T10:38:54.893065+09:00
FY2003-03,1969,revenue,,JPY_million,1,SINGLE_SOURCE,kabutan_fy10,196232,"196,232",,,,kabutan_fy10=196232,https://kabutan.jp/stock/finance?code=1969,,2026-08-29T10:38:54.893065+09:00
FY2004-03,1969,revenue,,JPY_million,1,SINGLE_SOURCE,kabutan_fy10,177051,"177,051",,,,kabutan_fy10=177051,https://kabutan.jp/stock/finance?code=1969,,2026-08-29T10:38:54.893065+09:00
FY2005-03,1969,revenue,,JPY_million,1,SINGLE_SOURCE,kabutan_fy10,204127,"204,127",,,,kabutan_fy10=204127,https://kabutan.jp/stock/finance?code=1969,,2026-08-29T10:38:54.893065+09:00
FY2006-03,1969,revenue,,JPY_million,1,SINGLE_SOURCE,kabutan_fy10,193556,"193,556",,,,kabutan_fy10=193556,https://kabutan.jp/stock/finance?code=1969,,2026-08-29T10:38:54.893065+09:00
FY2007-03,1969,revenue,,JPY_million,1,SINGLE_SOURCE,kabutan_fy10,217482,"217,482",,,,kabutan_fy10=217482,https://kabutan.jp/stock/finance?code=1969,,2026-08-29T10:38:54.893065+09:00
FY2008-03,1969,cash_equivalents,,JPY_million,100,SINGLE_SOURCE,irbank_cf,24800,248億,,,,irbank_cf=24800,https://irbank.net/E00149/results,,2026-08-29T10:38:54.893065+09:00
FY2008-03,1969,cost_ratio,,pct,0.01,SINGLE_SOURCE,irbank_pl_consolidated,90.84,90.84,,,,irbank_pl_consolidated=90.84,https://irbank.net/E00149/results,,2026-08-29T10:38:54.893065+09:00
FY2008-03,1969,equity_ratio,,pct,0.1,SINGLE_SOURCE,irbank_bs,41.9,41.9,,,,irbank_bs=41.9,https://irbank.net/E00149/results,,2026-08-29T10:38:54.893065+09:00
FY2008-03,1969,financing_cf,,JPY_million,10,SINGLE_SOURCE,irbank_cf,-3060,-30.6億,,,,irbank_cf=-3060,https://irbank.net/E00149/results,,2026-08-29T10:38:54.893065+09:00
FY2008-03,1969,free_cf,,JPY_million,10,SINGLE_SOURCE,irbank_cf,5990,59.9億,,,,irbank_cf=5990,https://irbank.net/E00149/results,,2026-08-29T10:38:54.893065+09:00
FY2008-03,1969,interest_bearing_debt,,JPY_million,10,SINGLE_SOURCE,irbank_bs,5470,54.7億,,,,irbank_bs=5470,https://irbank.net/E00149/results,,2026-08-29T10:38:54.893065+09:00
FY2008-03,1969,interest_bearing_debt_ratio,,x,0.0001,SINGLE_SOURCE|UNIT_CONVERTED,irbank_bs,0.0623,6.23,,,,irbank_bs=0.0623,https://irbank.net/E00149/results,,2026-08-29T10:38:54.893065+09:00
FY2008-03,1969,investing_cf,,JPY_million,10,SINGLE_SOURCE,irbank_cf,2860,28.6億,,,,irbank_cf=2860,https://irbank.net/E00149/results,,2026-08-29T10:38:54.893065+09:00
FY2008-03,1969,net_assets,,JPY_million,100,SINGLE_SOURCE,irbank_bs,88100,881億,,,,irbank_bs=88100,https://irbank.net/E00149/results,,2026-08-29T10:38:54.893065+09:00
FY2008-03,1969,net_income,,JPY_million,10,SINGLE_SOURCE,irbank_pl_consolidated,2980,29.8億,,,,irbank_pl_consolidated=2980,https://irbank.net/E00149/results,,2026-08-29T10:38:54.893065+09:00
FY2008-03,1969,operating_cf,,JPY_million,10,SINGLE_SOURCE,irbank_cf,3130,31.3億,,,,irbank_cf=3130,https://irbank.net/E00149/results,,2026-08-29T10:38:54.893065+09:00
FY2008-03,1969,operating_income,,JPY_million,10,SINGLE_SOURCE,irbank_pl_consolidated,5850,58.5億,,,,irbank_pl_consolidated=5850,https://irbank.net/E00149/results,,2026-08-29T10:38:54.893065+09:00
FY2008-03,1969,operating_margin,,pct,0.1,SINGLE_SOURCE,irbank_pl_consolidated,2.4,2.4,,,,irbank_pl_consolidated=2.4,https://irbank.net/E00149/results,,2026-08-29T10:38:54.893065+09:00
FY2008-03,1969,ordinary_income,,JPY_million,10,SINGLE_SOURCE,irbank_pl_consolidated,6180,61.8億,,,,irbank_pl_consolidated=6180,https://irbank.net/E00149/results,,2026-08-29T10:38:54.893065+09:00
FY2008-03,1969,retained_earnings,,JPY_million,100,SINGLE_SOURCE,irbank_bs,58400,584億,,,,irbank_bs=58400,https://irbank.net/E00149/results,,2026-08-29T10:38:54.893065+09:00
FY2008-03,1969,revenue,243376,JPY_million,100,OK|ROUNDING,kabutan_fy10,243376,"243,376",irbank_pl_consolidated,243400,2434億,kabutan_fy10=243376|irbank_pl_consolidated=243400,https://kabutan.jp/stock/finance?code=1969,https://irbank.net/E00149/results,2026-08-29T10:38:54.893065+09:00
FY2008-03,1969,roa,,pct,0.01,SINGLE_SOURCE,irbank_pl_consolidated,1.42,1.42,,,,irbank_pl_consolidated=1.42,https://irbank.net/E00149/results,,2026-08-29T10:38:54.893065+09:00
FY2008-03,1969,roe,,pct,0.01,SINGLE_SOURCE,irbank_pl_consolidated,3.39,3.39,,,,irbank_pl_consolidated=3.39,https://irbank.net/E00149/results,,2026-08-29T10:38:54.893065+09:00
FY2008-03,1969,sga_ratio,,pct,0.01,SINGLE_SOURCE,irbank_pl_consolidated,6.76,6.76,,,,irbank_pl_consolidated=6.76,https://irbank.net/E00149/results,,2026-08-29T10:38:54.893065+09:00
FY2008-03,1969,shareholders_equity,,JPY_million,100,SINGLE_SOURCE,irbank_bs,82000,820億,,,,irbank_bs=82000,https://irbank.net/E00149/results,,2026-08-29T10:38:54.893065+09:00
FY2008-03,1969,total_assets,,JPY_million,100,SINGLE_SOURCE,irbank_bs,209500,2095億,,,,irbank_bs=209500,https://irbank.net/E00149/results,,2026-08-29T10:38:54.893065+09:00
FY2009-03,1969,cash_equivalents,,JPY_million,100,SINGLE_SOURCE,irbank_cf,22800,228億,,,,irbank_cf=22800,https://irbank.net/E00149/results,,2026-08-29T10:38:54.893065+09:00
FY2009-03,1969,cost_ratio,,pct,0.01,SINGLE_SOURCE,irbank_pl_consolidated,88.42,88.42,,,,irbank_pl_consolidated=88.42,https://irbank.net/E00149/results,,2026-08-29T10:38:54.893065+09:00
FY2009-03,1969,equity_ratio,,pct,0.01,SINGLE_SOURCE,irbank_bs,41.13,41.13,,,,irbank_bs=41.13,https://irbank.net/E00149/results,,2026-08-29T10:38:54.893065+09:00
FY2009-03,1969,financing_cf,,JPY_million,10,SINGLE_SOURCE,irbank_cf,-5290,-52.9億,,,,irbank_cf=-5290,https://irbank.net/E00149/results,,2026-08-29T10:38:54.893065+09:00
FY2009-03,1969,free_cf,,JPY_million,10,SINGLE_SOURCE,irbank_cf,3690,36.9億,,,,irbank_cf=3690,https://irbank.net/E00149/results,,2026-08-29T10:38:54.893065+09:00
FY2009-03,1969,interest_bearing_debt,,JPY_million,10,SINGLE_SOURCE,irbank_bs,4370,43.7億,,,,irbank_bs=4370,https://irbank.net/E00149/results,,2026-08-29T10:38:54.893065+09:00
FY2009-03,1969,interest_bearing_debt_ratio,,x,0.001,SINGLE_SOURCE|UNIT_CONVERTED,irbank_bs,0.054,5.4,,,,irbank_bs=0.054,https://irbank.net/E00149/results,,2026-08-29T10:38:54.893065+09:00
FY2009-03,1969,investing_cf,,JPY_million,10,SINGLE_SOURCE,irbank_cf,1260,12.6億,,,,irbank_cf=1260,https://irbank.net/E00149/results,,2026-08-29T10:38:54.893065+09:00
FY2009-03,1969,net_assets,,JPY_million,100,SINGLE_SOURCE,irbank_bs,81200,812億,,,,irbank_bs=81200,https://irbank.net/E00149/results,,2026-08-29T10:38:54.893065+09:00
FY2009-03,1969,net_income,,JPY_million,10,SINGLE_SOURCE,irbank_pl_consolidated,2810,28.1億,,,,irbank_pl_consolidated=2810,https://irbank.net/E00149/results,,2026-08-29T10:38:54.893065+09:00
FY2009-03,1969,operating_cf,,JPY_million,10,SINGLE_SOURCE,irbank_cf,2430,24.3億,,,,irbank_cf=2430,https://irbank.net/E00149/results,,2026-08-29T10:38:54.893065+09:00
FY2009-03,1969,operating_income,,JPY_million,10,SINGLE_SOURCE,irbank_pl_consolidated,7680,76.8億,,,,irbank_pl_consolidated=7680,https://irbank.net/E00149/results,,2026-08-29T10:38:54.893065+09:00
FY2009-03,1969,operating_margin,,pct,0.01,SINGLE_SOURCE,irbank_pl_consolidated,3.59,3.59,,,,irbank_pl_consolidated=3.59,https://irbank.net/E00149/results,,2026-08-29T10:38:54.893065+09:00
FY2009-03,1969,ordinary_income,,JPY_million,10,SINGLE_SOURCE,irbank_pl_consolidated,8160,81.6億,,,,irbank_pl_consolidated=8160,https://irbank.net/E00149/results,,2026-08-29T10:38:54.893065+09:00
FY2009-03,1969,retained_earnings,,JPY_million,100,SINGLE_SOURCE,irbank_bs,58900,589億,,,,irbank_bs=58900,https://irbank.net/E00149/results,,2026-08-29T10:38:54.893065+09:00
FY2009-03,1969,revenue,214215,JPY_million,100,OK|ROUNDING,kabutan_fy10,214215,"214,215",irbank_pl_consolidated,214200,2142億,kabutan_fy10=214215|irbank_pl_consolidated=214200,https://kabutan.jp/stock/finance?code=1969,https://irbank.net/E00149/results,2026-08-29T10:38:54.893065+09:00
FY2009-03,1969,roa,,pct,0.01,SINGLE_SOURCE,irbank_pl_consolidated,1.42,1.42,,,,irbank_pl_consolidated=1.42,https://irbank.net/E00149/results,,2026-08-29T10:38:54.893065+09:00
FY2009-03,1969,roe,,pct,0.01,SINGLE_SOURCE,irbank_pl_consolidated,3.46,3.46,,,,irbank_pl_consolidated=3.46,https://irbank.net/E00149/results,,2026-08-29T10:38:54.893065+09:00
FY2009-03,1969,sga_ratio,,pct,0.01,SINGLE_SOURCE,irbank_pl_consolidated,7.99,7.99,,,,irbank_pl_consolidated=7.99,https://irbank.net/E00149/results,,2026-08-29T10:38:54.893065+09:00
FY2009-03,1969,shareholders_equity,,JPY_million,100,SINGLE_SOURCE,irbank_bs,80700,807億,,,,irbank_bs=80700,https://irbank.net/E00149/results,,2026-08-29T10:38:54.893065+09:00
FY2009-03,1969,total_assets,,JPY_million,100,SINGLE_SOURCE,irbank_bs,196900,1969億,,,,irbank_bs=196900,https://irbank.net/E00149/results,,2026-08-29T10:38:54.893065+09:00
FY2010-03,1969,bps,,JPY,0.01,SINGLE_SOURCE,irbank_bs,481.34,481.34,,,,irbank_bs=481.34,https://irbank.net/E00149/results,,2026-08-29T10:38:54.893065+09:00
FY2010-03,1969,cash_equivalents,,JPY_million,100,SINGLE_SOURCE,irbank_cf,27100,271億,,,,irbank_cf=27100,https://irbank.net/E00149/results,,2026-08-29T10:38:54.893065+09:00
FY2010-03,1969,cost_ratio,,pct,0.1,SINGLE_SOURCE,irbank_pl_consolidated,89.3,89.3,,,,irbank_pl_consolidated=89.3,https://irbank.net/E00149/results,,2026-08-29T10:38:54.893065+09:00
FY2010-03,1969,eps,,JPY,0.01,SINGLE_SOURCE,irbank_pl_consolidated,25.31,25.31,,,,irbank_pl_consolidated=25.31,https://irbank.net/E00149/results,,2026-08-29T10:38:54.893065+09:00
FY2010-03,1969,equity_ratio,,pct,0.1,SINGLE_SOURCE,irbank_bs,43.9,43.9,,,,irbank_bs=43.9,https://irbank.net/E00149/results,,2026-08-29T10:38:54.893065+09:00
FY2010-03,1969,financing_cf,,JPY_million,10,SINGLE_SOURCE,irbank_cf,-4780,-47.8億,,,,irbank_cf=-4780,https://irbank.net/E00149/results,,2026-08-29T10:38:54.893065+09:00
FY2010-03,1969,free_cf,,JPY_million,10,SINGLE_SOURCE,irbank_cf,9080,90.8億,,,,irbank_cf=9080,https://irbank.net/E00149/results,,2026-08-29T10:38:54.893065+09:00
FY2010-03,1969,interest_bearing_debt,,JPY_million,10,SINGLE_SOURCE,irbank_bs,3820,38.2億,,,,irbank_bs=3820,https://irbank.net/E00149/results,,2026-08-29T10:38:54.893065+09:00
FY2010-03,1969,interest_bearing_debt_ratio,,x,0.0001,SINGLE_SOURCE|UNIT_CONVERTED,irbank_bs,0.0463,4.63,,,,irbank_bs=0.0463,https://irbank.net/E00149/results,,2026-08-29T10:38:54.893065+09:00
FY2010-03,1969,investing_cf,,JPY_million,1,SINGLE_SOURCE,irbank_cf,472,4.72億,,,,irbank_cf=472,https://irbank.net/E00149/results,,2026-08-29T10:38:54.893065+09:00
FY2010-03,1969,net_assets,,JPY_million,100,SINGLE_SOURCE,irbank_bs,82700,827億,,,,irbank_bs=82700,https://irbank.net/E00149/results,,2026-08-29T10:38:54.893065+09:00
FY2010-03,1969,net_income,,JPY_million,10,SINGLE_SOURCE,irbank_pl_consolidated,4340,43.4億,,,,irbank_pl_consolidated=4340,https://irbank.net/E00149/results,,2026-08-29T10:38:54.893065+09:00
FY2010-03,1969,operating_cf,,JPY_million,100,SINGLE_SOURCE,irbank_cf,8600,86億,,,,irbank_cf=8600,https://irbank.net/E00149/results,,2026-08-29T10:38:54.893065+09:00
FY2010-03,1969,operating_income,,JPY_million,10,SINGLE_SOURCE,irbank_pl_consolidated,5750,57.5億,,,,irbank_pl_consolidated=5750,https://irbank.net/E00149/results,,2026-08-29T10:38:54.893065+09:00
FY2010-03,1969,operating_margin,,pct,0.01,SINGLE_SOURCE,irbank_pl_consolidated,2.75,2.75,,,,irbank_pl_consolidated=2.75,https://irbank.net/E00149/results,,2026-08-29T10:38:54.893065+09:00
FY2010-03,1969,ordinary_income,,JPY_million,10,SINGLE_SOURCE,irbank_pl_consolidated,6440,64.4億,,,,irbank_pl_consolidated=6440,https://irbank.net/E00149/results,,2026-08-29T10:38:54.893065+09:00
FY2010-03,1969,retained_earnings,,JPY_million,100,SINGLE_SOURCE,irbank_bs,61200,612億,,,,irbank_bs=61200,https://irbank.net/E00149/results,,2026-08-29T10:38:54.893065+09:00
FY2010-03,1969,revenue,209298,JPY_million,100,OK|ROUNDING,kabutan_fy10,209298,"209,298",irbank_pl_consolidated,209300,2093億,kabutan_fy10=209298|irbank_pl_consolidated=209300,https://kabutan.jp/stock/finance?code=1969,https://irbank.net/E00149/results,2026-08-29T10:38:54.893065+09:00
FY2010-03,1969,roa,,pct,0.01,SINGLE_SOURCE,irbank_pl_consolidated,2.31,2.31,,,,irbank_pl_consolidated=2.31,https://irbank.net/E00149/results,,2026-08-29T10:38:54.893065+09:00
FY2010-03,1969,roe,,pct,0.01,SINGLE_SOURCE,irbank_pl_consolidated,5.26,5.26,,,,irbank_pl_consolidated=5.26,https://irbank.net/E00149/results,,2026-08-29T10:38:54.893065+09:00
FY2010-03,1969,sga_ratio,,pct,0.01,SINGLE_SOURCE,irbank_pl_consolidated,7.95,7.95,,,,irbank_pl_consolidated=7.95,https://irbank.net/E00149/results,,2026-08-29T10:38:54.893065+09:00
FY2010-03,1969,shareholders_equity,,JPY_million,100,SINGLE_SOURCE,irbank_bs,80900,809億,,,,irbank_bs=80900,https://irbank.net/E00149/results,,2026-08-29T10:38:54.893065+09:00
FY2010-03,1969,total_assets,,JPY_million,100,SINGLE_SOURCE,irbank_bs,188200,1882億,,,,irbank_bs=188200,https://irbank.net/E00149/results,,2026-08-29T10:38:54.893065+09:00
FY2011-03,1969,bps,,JPY,0.01,SINGLE_SOURCE,irbank_bs,476.03,476.03,,,,irbank_bs=476.03,https://irbank.net/E00149/results,,2026-08-29T10:38:54.893065+09:00
FY2011-03,1969,cash_equivalents,,JPY_million,100,SINGLE_SOURCE,irbank_cf,20200,202億,,,,irbank_cf=20200,https://irbank.net/E00149/results,,2026-08-29T10:38:54.893065+09:00
FY2011-03,1969,cost_ratio,,pct,0.01,SINGLE_SOURCE,irbank_pl_consolidated,89.67,89.67,,,,irbank_pl_consolidated=89.67,https://irbank.net/E00149/results,,2026-08-29T10:38:54.893065+09:00
FY2011-03,1969,eps,,JPY,0.01,SINGLE_SOURCE,irbank_pl_consolidated,17.51,17.51,,,,irbank_pl_consolidated=17.51,https://irbank.net/E00149/results,,2026-08-29T10:38:54.893065+09:00
FY2011-03,1969,equity_ratio,,pct,0.1,SINGLE_SOURCE,irbank_bs,46.6,46.6,,,,irbank_bs=46.6,https://irbank.net/E00149/results,,2026-08-29T10:38:54.893065+09:00
FY2011-03,1969,financing_cf,,JPY_million,10,SINGLE_SOURCE,irbank_cf,-2270,-22.7億,,,,irbank_cf=-2270,https://irbank.net/E00149/results,,2026-08-29T10:38:54.893065+09:00
FY2011-03,1969,free_cf,,JPY_million,100,SINGLE_SOURCE,irbank_cf,-4500,-45億,,,,irbank_cf=-4500,https://irbank.net/E00149/results,,2026-08-29T10:38:54.893065+09:00
FY2011-03,1969,interest_bearing_debt,,JPY_million,10,SINGLE_SOURCE,irbank_bs,3520,35.2億,,,,irbank_bs=3520,https://irbank.net/E00149/results,,2026-08-29T10:38:54.893065+09:00
FY2011-03,1969,interest_bearing_debt_ratio,,x,0.0001,SINGLE_SOURCE|UNIT_CONVERTED,irbank_bs,0.0431,4.31,,,,irbank_bs=0.0431,https://irbank.net/E00149/results,,2026-08-29T10:38:54.893065+09:00
FY2011-03,1969,investing_cf,,JPY_million,10,SINGLE_SOURCE,irbank_cf,1440,14.4億,,,,irbank_cf=1440,https://irbank.net/E00149/results,,2026-08-29T10:38:54.893065+09:00
FY2011-03,1969,net_assets,,JPY_million,100,SINGLE_SOURCE,irbank_bs,81800,818億,,,,irbank_bs=81800,https://irbank.net/E00149/results,,2026-08-29T10:38:54.893065+09:00
FY2011-03,1969,net_income,,JPY_million,100,SINGLE_SOURCE,irbank_pl_consolidated,3000,30億,,,,irbank_pl_consolidated=3000,https://irbank.net/E00149/results,,2026-08-29T10:38:54.893065+09:00
FY2011-03,1969,operating_cf,,JPY_million,10,SINGLE_SOURCE,irbank_cf,-5940,-59.4億,,,,irbank_cf=-5940,https://irbank.net/E00149/results,,2026-08-29T10:38:54.893065+09:00
FY2011-03,1969,operating_income,,JPY_million,10,SINGLE_SOURCE,irbank_pl_consolidated,5210,52.1億,,,,irbank_pl_consolidated=5210,https://irbank.net/E00149/results,,2026-08-29T10:38:54.893065+09:00
FY2011-03,1969,operating_margin,,pct,0.01,SINGLE_SOURCE,irbank_pl_consolidated,2.44,2.44,,,,irbank_pl_consolidated=2.44,https://irbank.net/E00149/results,,2026-08-29T10:38:54.893065+09:00
FY2011-03,1969,ordinary_income,,JPY_million,10,SINGLE_SOURCE,irbank_pl_consolidated,5910,59.1億,,,,irbank_pl_consolidated=5910,https://irbank.net/E00149/results,,2026-08-29T10:38:54.893065+09:00
FY2011-03,1969,retained_earnings,,JPY_million,100,SINGLE_SOURCE,irbank_bs,62300,623億,,,,irbank_bs=62300,https://irbank.net/E00149/results,,2026-08-29T10:38:54.893065+09:00
FY2011-03,1969,revenue,213175,JPY_million,100,OK|ROUNDING,kabutan_fy10,213175,"213,175",irbank_pl_consolidated,213200,2132億,kabutan_fy10=213175|irbank_pl_consolidated=213200,https://kabutan.jp/stock/finance?code=1969,https://irbank.net/E00149/results,2026-08-29T10:38:54.893065+09:00
FY2011-03,1969,roa,,pct,0.01,SINGLE_SOURCE,irbank_pl_consolidated,1.71,1.71,,,,irbank_pl_consolidated=1.71,https://irbank.net/E00149/results,,2026-08-29T10:38:54.893065+09:00
FY2011-03,1969,roe,,pct,0.01,SINGLE_SOURCE,irbank_pl_consolidated,3.68,3.68,,,,irbank_pl_consolidated=3.68,https://irbank.net/E00149/results,,2026-08-29T10:38:54.893065+09:00
FY2011-03,1969,sga_ratio,,pct,0.01,SINGLE_SOURCE,irbank_pl_consolidated,7.89,7.89,,,,irbank_pl_consolidated=7.89,https://irbank.net/E00149/results,,2026-08-29T10:38:54.893065+09:00
FY2011-03,1969,shareholders_equity,,JPY_million,100,SINGLE_SOURCE,irbank_bs,81900,819億,,,,irbank_bs=81900,https://irbank.net/E00149/results,,2026-08-29T10:38:54.893065+09:00
FY2011-03,1969,total_assets,,JPY_million,100,SINGLE_SOURCE,irbank_bs,175200,1752億,,,,irbank_bs=175200,https://irbank.net/E00149/results,,2026-08-29T10:38:54.893065+09:00
FY2012-03,1969,bps,,JPY,0.01,SINGLE_SOURCE,irbank_bs,490.14,490.14,,,,irbank_bs=490.14,https://irbank.net/E00149/results,,2026-08-29T10:38:54.893065+09:00
FY2012-03,1969,cash_equivalents,,JPY_million,100,SINGLE_SOURCE,irbank_cf,19100,191億,,,,irbank_cf=19100,https://irbank.net/E00149/results,,2026-08-29T10:38:54.893065+09:00
FY2012-03,1969,cost_ratio,,pct,0.01,SINGLE_SOURCE,irbank_pl_consolidated,89.52,89.52,,,,irbank_pl_consolidated=89.52,https://irbank.net/E00149/results,,2026-08-29T10:38:54.893065+09:00
FY2012-03,1969,eps,,JPY,0.01,SINGLE_SOURCE,irbank_pl_consolidated,24.89,24.89,,,,irbank_pl_consolidated=24.89,https://irbank.net/E00149/results,,2026-08-29T10:38:54.893065+09:00
FY2012-03,1969,equity_ratio,,pct,0.1,SINGLE_SOURCE,irbank_bs,42.6,42.6,,,,irbank_bs=42.6,https://irbank.net/E00149/results,,2026-08-29T10:38:54.893065+09:00
FY2012-03,1969,financing_cf,,JPY_million,10,SINGLE_SOURCE,irbank_cf,-1160,-11.6億,,,,irbank_cf=-1160,https://irbank.net/E00149/results,,2026-08-29T10:38:54.893065+09:00
FY2012-03,1969,free_cf,,JPY_million,1,SINGLE_SOURCE,irbank_cf,13,0.13億,,,,irbank_cf=13,https://irbank.net/E00149/results,,2026-08-29T10:38:54.893065+09:00
FY2012-03,1969,interest_bearing_debt,,JPY_million,10,SINGLE_SOURCE,irbank_bs,5060,50.6億,,,,irbank_bs=5060,https://irbank.net/E00149/results,,2026-08-29T10:38:54.893065+09:00
FY2012-03,1969,interest_bearing_debt_ratio,,x,0.0001,SINGLE_SOURCE|UNIT_CONVERTED,irbank_bs,0.0602,6.02,,,,irbank_bs=0.0602,https://irbank.net/E00149/results,,2026-08-29T10:38:54.893065+09:00
FY2012-03,1969,investing_cf,,JPY_million,1,SINGLE_SOURCE,irbank_cf,-556,-5.56億,,,,irbank_cf=-556,https://irbank.net/E00149/results,,2026-08-29T10:38:54.893065+09:00
FY2012-03,1969,net_assets,,JPY_million,100,SINGLE_SOURCE,irbank_bs,85800,858億,,,,irbank_bs=85800,https://irbank.net/E00149/results,,2026-08-29T10:38:54.893065+09:00
FY2012-03,1969,net_income,,JPY_million,10,SINGLE_SOURCE,irbank_pl_consolidated,4270,42.7億,,,,irbank_pl_consolidated=4270,https://irbank.net/E00149/results,,2026-08-29T10:38:54.893065+09:00
FY2012-03,1969,operating_cf,,JPY_million,1,SINGLE_SOURCE,irbank_cf,569,5.69億,,,,irbank_cf=569,https://irbank.net/E00149/results,,2026-08-29T10:38:54.893065+09:00
FY2012-03,1969,operating_income,,JPY_million,10,SINGLE_SOURCE,irbank_pl_consolidated,5210,52.1億,,,,irbank_pl_consolidated=5210,https://irbank.net/E00149/results,,2026-08-29T10:38:54.893065+09:00
FY2012-03,1969,operating_margin,,pct,0.01,SINGLE_SOURCE,irbank_pl_consolidated,2.42,2.42,,,,irbank_pl_consolidated=2.42,https://irbank.net/E00149/results,,2026-08-29T10:38:54.893065+09:00
FY2012-03,1969,ordinary_income,,JPY_million,100,SINGLE_SOURCE,irbank_pl_consolidated,6700,67億,,,,irbank_pl_consolidated=6700,https://irbank.net/E00149/results,,2026-08-29T10:38:54.893065+09:00
FY2012-03,1969,retained_earnings,,JPY_million,100,SINGLE_SOURCE,irbank_bs,64600,646億,,,,irbank_bs=64600,https://irbank.net/E00149/results,,2026-08-29T10:38:54.893065+09:00
FY2012-03,1969,revenue,215464,JPY_million,100,OK|ROUNDING,kabutan_fy10,215464,"215,464",irbank_pl_consolidated,215500,2155億,kabutan_fy10=215464|irbank_pl_consolidated=215500,https://kabutan.jp/stock/finance?code=1969,https://irbank.net/E00149/results,2026-08-29T10:38:54.893065+09:00
FY2012-03,1969,roa,,pct,0.01,SINGLE_SOURCE,irbank_pl_consolidated,2.16,2.16,,,,irbank_pl_consolidated=2.16,https://irbank.net/E00149/results,,2026-08-29T10:38:54.893065+09:00
FY2012-03,1969,roe,,pct,0.01,SINGLE_SOURCE,irbank_pl_consolidated,5.08,5.08,,,,irbank_pl_consolidated=5.08,https://irbank.net/E00149/results,,2026-08-29T10:38:54.893065+09:00
FY2012-03,1969,sga_ratio,,pct,0.01,SINGLE_SOURCE,irbank_pl_consolidated,8.06,8.06,,,,irbank_pl_consolidated=8.06,https://irbank.net/E00149/results,,2026-08-29T10:38:54.893065+09:00
FY2012-03,1969,shareholders_equity,,JPY_million,100,SINGLE_SOURCE,irbank_bs,83300,833億,,,,irbank_bs=83300,https://irbank.net/E00149/results,,2026-08-29T10:38:54.893065+09:00
FY2012-03,1969,total_assets,,JPY_million,100,SINGLE_SOURCE,irbank_bs,197400,1974億,,,,irbank_bs=197400,https://irbank.net/E00149/results,,2026-08-29T10:38:54.893065+09:00
FY2013-03,1969,bps,,JPY,0.01,SINGLE_SOURCE,irbank_bs,526.84,526.84,,,,irbank_bs=526.84,https://irbank.net/E00149/results,,2026-08-29T10:38:54.893065+09:00
FY2013-03,1969,cash_equivalents,,JPY_million,100,SINGLE_SOURCE,irbank_cf,31100,311億,,,,irbank_cf=31100,https://irbank.net/E00149/results,,2026-08-29T10:38:54.893065+09:00
FY2013-03,1969,cost_ratio,,pct,0.01,SINGLE_SOURCE,irbank_pl_consolidated,91.04,91.04,,,,irbank_pl_consolidated=91.04,https://irbank.net/E00149/results,,2026-08-29T10:38:54.893065+09:00
FY2013-03,1969,eps,,JPY,0.01,SINGLE_SOURCE,irbank_pl_consolidated,12.74,12.74,,,,irbank_pl_consolidated=12.74,https://irbank.net/E00149/results,,2026-08-29T10:38:54.893065+09:00
FY2013-03,1969,equity_ratio,,pct,0.1,SINGLE_SOURCE,irbank_bs,43.6,43.6,,,,irbank_bs=43.6,https://irbank.net/E00149/results,,2026-08-29T10:38:54.893065+09:00
FY2013-03,1969,financing_cf,,JPY_million,100,SINGLE_SOURCE,irbank_cf,-2800,-28億,,,,irbank_cf=-2800,https://irbank.net/E00149/results,,2026-08-29T10:38:54.893065+09:00
FY2013-03,1969,free_cf,,JPY_million,100,SINGLE_SOURCE,irbank_cf,12200,122億,,,,irbank_cf=12200,https://irbank.net/E00149/results,,2026-08-29T10:38:54.893065+09:00
FY2013-03,1969,interest_bearing_debt,,JPY_million,10,SINGLE_SOURCE,irbank_bs,4440,44.4億,,,,irbank_bs=4440,https://irbank.net/E00149/results,,2026-08-29T10:38:54.893065+09:00
FY2013-03,1969,interest_bearing_debt_ratio,,x,0.0001,SINGLE_SOURCE|UNIT_CONVERTED,irbank_bs,0.0492,4.92,,,,irbank_bs=0.0492,https://irbank.net/E00149/results,,2026-08-29T10:38:54.893065+09:00
FY2013-03,1969,investing_cf,,JPY_million,10,SINGLE_SOURCE,irbank_cf,-870,-8.7億,,,,irbank_cf=-870,https://irbank.net/E00149/results,,2026-08-29T10:38:54.893065+09:00
FY2013-03,1969,net_assets,,JPY_million,100,SINGLE_SOURCE,irbank_bs,93900,939億,,,,irbank_bs=93900,https://irbank.net/E00149/results,,2026-08-29T10:38:54.893065+09:00
FY2013-03,1969,net_income,,JPY_million,10,SINGLE_SOURCE,irbank_pl_consolidated,2190,21.9億,,,,irbank_pl_consolidated=2190,https://irbank.net/E00149/results,,2026-08-29T10:38:54.893065+09:00
FY2013-03,1969,operating_cf,,JPY_million,100,SINGLE_SOURCE,irbank_cf,13100,131億,,,,irbank_cf=13100,https://irbank.net/E00149/results,,2026-08-29T10:38:54.893065+09:00
FY2013-03,1969,operating_income,,JPY_million,10,SINGLE_SOURCE,irbank_pl_consolidated,3570,35.7億,,,,irbank_pl_consolidated=3570,https://irbank.net/E00149/results,,2026-08-29T10:38:54.893065+09:00
FY2013-03,1969,operating_margin,,pct,0.01,SINGLE_SOURCE,irbank_pl_consolidated,1.44,1.44,,,,irbank_pl_consolidated=1.44,https://irbank.net/E00149/results,,2026-08-29T10:38:54.893065+09:00
FY2013-03,1969,ordinary_income,,JPY_million,10,SINGLE_SOURCE,irbank_pl_consolidated,4760,47.6億,,,,irbank_pl_consolidated=4760,https://irbank.net/E00149/results,,2026-08-29T10:38:54.893065+09:00
FY2013-03,1969,retained_earnings,,JPY_million,100,SINGLE_SOURCE,irbank_bs,65800,658億,,,,irbank_bs=65800,https://irbank.net/E00149/results,,2026-08-29T10:38:54.893065+09:00
FY2013-03,1969,revenue,248430,JPY_million,100,OK|ROUNDING,kabutan_fy10,248430,"248,430",irbank_pl_consolidated,248400,2484億,kabutan_fy10=248430|irbank_pl_consolidated=248400,https://kabutan.jp/stock/finance?code=1969,https://irbank.net/E00149/results,2026-08-29T10:38:54.893065+09:00
FY2013-03,1969,roa,,pct,0.01,SINGLE_SOURCE,irbank_pl_consolidated,1.05,1.05,,,,irbank_pl_consolidated=1.05,https://irbank.net/E00149/results,,2026-08-29T10:38:54.893065+09:00
FY2013-03,1969,roe,,pct,0.01,SINGLE_SOURCE,irbank_pl_consolidated,2.42,2.42,,,,irbank_pl_consolidated=2.42,https://irbank.net/E00149/results,,2026-08-29T10:38:54.893065+09:00
FY2013-03,1969,sga_ratio,,pct,0.01,SINGLE_SOURCE,irbank_pl_consolidated,7.52,7.52,,,,irbank_pl_consolidated=7.52,https://irbank.net/E00149/results,,2026-08-29T10:38:54.893065+09:00
FY2013-03,1969,shareholders_equity,,JPY_million,100,SINGLE_SOURCE,irbank_bs,84600,846億,,,,irbank_bs=84600,https://irbank.net/E00149/results,,2026-08-29T10:38:54.893065+09:00
FY2013-03,1969,total_assets,,JPY_million,100,SINGLE_SOURCE,irbank_bs,207500,2075億,,,,irbank_bs=207500,https://irbank.net/E00149/results,,2026-08-29T10:38:54.893065+09:00
FY2014-03,1969,bps,,JPY,0.01,SINGLE_SOURCE,irbank_bs,624.19,624.19,,,,irbank_bs=624.19,https://irbank.net/E00149/results,,2026-08-29T10:38:54.893065+09:00
FY2014-03,1969,cash_equivalents,,JPY_million,100,SINGLE_SOURCE,irbank_cf,44300,443億,,,,irbank_cf=44300,https://irbank.net/E00149/results,,2026-08-29T10:38:54.893065+09:00
FY2014-03,1969,cost_ratio,,pct,0.1,SINGLE_SOURCE,irbank_pl_consolidated,88.5,88.5,,,,irbank_pl_consolidated=88.5,https://irbank.net/E00149/results,,2026-08-29T10:38:54.893065+09:00
FY2014-03,1969,eps,,JPY,0.01,SINGLE_SOURCE,irbank_pl_consolidated,26.61,26.61,,,,irbank_pl_consolidated=26.61,https://irbank.net/E00149/results,,2026-08-29T10:38:54.893065+09:00
FY2014-03,1969,equity_ratio,,pct,1,SINGLE_SOURCE,irbank_bs,43,43,,,,irbank_bs=43,https://irbank.net/E00149/results,,2026-08-29T10:38:54.893065+09:00
FY2014-03,1969,financing_cf,,JPY_million,10,SINGLE_SOURCE,irbank_cf,-3290,-32.9億,,,,irbank_cf=-3290,https://irbank.net/E00149/results,,2026-08-29T10:38:54.893065+09:00
FY2014-03,1969,free_cf,,JPY_million,100,SINGLE_SOURCE,irbank_cf,15000,150億,,,,irbank_cf=15000,https://irbank.net/E00149/results,,2026-08-29T10:38:54.893065+09:00
FY2014-03,1969,interest_bearing_debt,,JPY_million,10,SINGLE_SOURCE,irbank_bs,4450,44.5億,,,,irbank_bs=4450,https://irbank.net/E00149/results,,2026-08-29T10:38:54.893065+09:00
FY2014-03,1969,interest_bearing_debt_ratio,,x,0.0001,SINGLE_SOURCE|UNIT_CONVERTED,irbank_bs,0.0476,4.76,,,,irbank_bs=0.0476,https://irbank.net/E00149/results,,2026-08-29T10:38:54.893065+09:00
FY2014-03,1969,investing_cf,,JPY_million,10,SINGLE_SOURCE,irbank_cf,1460,14.6億,,,,irbank_cf=1460,https://irbank.net/E00149/results,,2026-08-29T10:38:54.893065+09:00
FY2014-03,1969,net_assets,,JPY_million,100,SINGLE_SOURCE,irbank_bs,97400,974億,,,,irbank_bs=97400,https://irbank.net/E00149/results,,2026-08-29T10:38:54.893065+09:00
FY2014-03,1969,net_income,,JPY_million,10,SINGLE_SOURCE,irbank_pl_consolidated,4010,40.1億,,,,irbank_pl_consolidated=4010,https://irbank.net/E00149/results,,2026-08-29T10:38:54.893065+09:00
FY2014-03,1969,operating_cf,,JPY_million,100,SINGLE_SOURCE,irbank_cf,13600,136億,,,,irbank_cf=13600,https://irbank.net/E00149/results,,2026-08-29T10:38:54.893065+09:00
FY2014-03,1969,operating_income,,JPY_million,10,SINGLE_SOURCE,irbank_pl_consolidated,7780,77.8億,,,,irbank_pl_consolidated=7780,https://irbank.net/E00149/results,,2026-08-29T10:38:54.893065+09:00
FY2014-03,1969,operating_margin,,pct,0.01,SINGLE_SOURCE,irbank_pl_consolidated,3.28,3.28,,,,irbank_pl_consolidated=3.28,https://irbank.net/E00149/results,,2026-08-29T10:38:54.893065+09:00
FY2014-03,1969,ordinary_income,,JPY_million,10,SINGLE_SOURCE,irbank_pl_consolidated,9110,91.1億,,,,irbank_pl_consolidated=9110,https://irbank.net/E00149/results,,2026-08-29T10:38:54.893065+09:00
FY2014-03,1969,retained_earnings,,JPY_million,100,SINGLE_SOURCE,irbank_bs,66300,663億,,,,irbank_bs=66300,https://irbank.net/E00149/results,,2026-08-29T10:38:54.893065+09:00
FY2014-03,1969,revenue,237389,JPY_million,100,OK|ROUNDING,kabutan_fy10,237389,"237,389",irbank_pl_consolidated,237400,2374億,kabutan_fy10=237389|irbank_pl_consolidated=237400,https://kabutan.jp/stock/finance?code=1969,https://irbank.net/E00149/results,2026-08-29T10:38:54.893065+09:00
FY2014-03,1969,roa,,pct,0.01,SINGLE_SOURCE,irbank_pl_consolidated,1.85,1.85,,,,irbank_pl_consolidated=1.85,https://irbank.net/E00149/results,,2026-08-29T10:38:54.893065+09:00
FY2014-03,1969,roe,,pct,0.01,SINGLE_SOURCE,irbank_pl_consolidated,4.29,4.29,,,,irbank_pl_consolidated=4.29,https://irbank.net/E00149/results,,2026-08-29T10:38:54.893065+09:00
FY2014-03,1969,sga_ratio,,pct,0.01,SINGLE_SOURCE,irbank_pl_consolidated,8.23,8.23,,,,irbank_pl_consolidated=8.23,https://irbank.net/E00149/results,,2026-08-29T10:38:54.893065+09:00
FY2014-03,1969,shareholders_equity,,JPY_million,100,SINGLE_SOURCE,irbank_bs,85500,855億,,,,irbank_bs=85500,https://irbank.net/E00149/results,,2026-08-29T10:38:54.893065+09:00
FY2014-03,1969,total_assets,,JPY_million,100,SINGLE_SOURCE,irbank_bs,217100,2171億,,,,irbank_bs=217100,https://irbank.net/E00149/results,,2026-08-29T10:38:54.893065+09:00
FY2015-03,1969,bps,,JPY,0.01,SINGLE_SOURCE,irbank_bs,706.79,706.79,,,,irbank_bs=706.79,https://irbank.net/E00149/results,,2026-08-29T10:38:54.893065+09:00
FY2015-03,1969,cash_equivalents,,JPY_million,100,SINGLE_SOURCE,irbank_cf,35800,358億,,,,irbank_cf=35800,https://irbank.net/E00149/results,,2026-08-29T10:38:54.893065+09:00
FY2015-03,1969,cost_ratio,,pct,0.01,SINGLE_SOURCE,irbank_pl_consolidated,88.59,88.59,,,,irbank_pl_consolidated=88.59,https://irbank.net/E00149/results,,2026-08-29T10:38:54.893065+09:00
FY2015-03,1969,eps,,JPY,0.01,SINGLE_SOURCE,irbank_pl_consolidated,34.64,34.64,,,,irbank_pl_consolidated=34.64,https://irbank.net/E00149/results,,2026-08-29T10:38:54.893065+09:00
FY2015-03,1969,equity_ratio,,pct,0.1,SINGLE_SOURCE,irbank_bs,46.8,46.8,,,,irbank_bs=46.8,https://irbank.net/E00149/results,,2026-08-29T10:38:54.893065+09:00
FY2015-03,1969,financing_cf,,JPY_million,1,SINGLE_SOURCE,irbank_cf,-837,-8.37億,,,,irbank_cf=-837,https://irbank.net/E00149/results,,2026-08-29T10:38:54.893065+09:00
FY2015-03,1969,free_cf,,JPY_million,10,SINGLE_SOURCE,irbank_cf,-8340,-83.4億,,,,irbank_cf=-8340,https://irbank.net/E00149/results,,2026-08-29T10:38:54.893065+09:00
FY2015-03,1969,interest_bearing_debt,,JPY_million,100,SINGLE_SOURCE,irbank_bs,7700,77億,,,,irbank_bs=7700,https://irbank.net/E00149/results,,2026-08-29T10:38:54.893065+09:00
FY2015-03,1969,interest_bearing_debt_ratio,,x,0.0001,SINGLE_SOURCE|UNIT_CONVERTED,irbank_bs,0.0728,7.28,,,,irbank_bs=0.0728,https://irbank.net/E00149/results,,2026-08-29T10:38:54.893065+09:00
FY2015-03,1969,investing_cf,,JPY_million,10,SINGLE_SOURCE,irbank_cf,-4920,-49.2億,,,,irbank_cf=-4920,https://irbank.net/E00149/results,,2026-08-29T10:38:54.893065+09:00
FY2015-03,1969,net_assets,,JPY_million,100,SINGLE_SOURCE,irbank_bs,108400,1084億,,,,irbank_bs=108400,https://irbank.net/E00149/results,,2026-08-29T10:38:54.893065+09:00
FY2015-03,1969,net_income,,JPY_million,100,SINGLE_SOURCE,irbank_pl_consolidated,5200,52億,,,,irbank_pl_consolidated=5200,https://irbank.net/E00149/results,,2026-08-29T10:38:54.893065+09:00
FY2015-03,1969,operating_cf,,JPY_million,10,SINGLE_SOURCE,irbank_cf,-3420,-34.2億,,,,irbank_cf=-3420,https://irbank.net/E00149/results,,2026-08-29T10:38:54.893065+09:00
FY2015-03,1969,operating_income,,JPY_million,10,SINGLE_SOURCE,irbank_pl_consolidated,7730,77.3億,,,,irbank_pl_consolidated=7730,https://irbank.net/E00149/results,,2026-08-29T10:38:54.893065+09:00
FY2015-03,1969,operating_margin,,pct,0.01,SINGLE_SOURCE,irbank_pl_consolidated,3.17,3.17,,,,irbank_pl_consolidated=3.17,https://irbank.net/E00149/results,,2026-08-29T10:38:54.893065+09:00
FY2015-03,1969,ordinary_income,,JPY_million,10,SINGLE_SOURCE,irbank_pl_consolidated,8580,85.8億,,,,irbank_pl_consolidated=8580,https://irbank.net/E00149/results,,2026-08-29T10:38:54.893065+09:00
FY2015-03,1969,retained_earnings,,JPY_million,100,SINGLE_SOURCE,irbank_bs,69800,698億,,,,irbank_bs=69800,https://irbank.net/E00149/results,,2026-08-29T10:38:54.893065+09:00
FY2015-03,1969,revenue,243582,JPY_million,100,OK|ROUNDING,kabutan_fy10,243582,"243,582",irbank_pl_consolidated,243600,2436億,kabutan_fy10=243582|irbank_pl_consolidated=243600,https://kabutan.jp/stock/finance?code=1969,https://irbank.net/E00149/results,2026-08-29T10:38:54.893065+09:00
FY2015-03,1969,roa,,pct,0.1,SINGLE_SOURCE,irbank_pl_consolidated,2.3,2.3,,,,irbank_pl_consolidated=2.3,https://irbank.net/E00149/results,,2026-08-29T10:38:54.893065+09:00
FY2015-03,1969,roe,,pct,0.01,SINGLE_SOURCE,irbank_pl_consolidated,4.91,4.91,,,,irbank_pl_consolidated=4.91,https://irbank.net/E00149/results,,2026-08-29T10:38:54.893065+09:00
FY2015-03,1969,sga_ratio,,pct,0.01,SINGLE_SOURCE,irbank_pl_consolidated,8.24,8.24,,,,irbank_pl_consolidated=8.24,https://irbank.net/E00149/results,,2026-08-29T10:38:54.893065+09:00
FY2015-03,1969,shareholders_equity,,JPY_million,100,SINGLE_SOURCE,irbank_bs,88800,888億,,,,irbank_bs=88800,https://irbank.net/E00149/results,,2026-08-29T10:38:54.893065+09:00
FY2015-03,1969,total_assets,,JPY_million,100,SINGLE_SOURCE,irbank_bs,225800,2258億,,,,irbank_bs=225800,https://irbank.net/E00149/results,,2026-08-29T10:38:54.893065+09:00
FY2016-03,1969,bps,,JPY,0.01,SINGLE_SOURCE,irbank_bs,696.15,696.15,,,,irbank_bs=696.15,https://irbank.net/E00149/results,,2026-08-29T10:38:54.893065+09:00
FY2016-03,1969,cash_equivalents,,JPY_million,100,SINGLE_SOURCE,irbank_cf,26300,263億,,,,irbank_cf=26300,https://irbank.net/E00149/results,,2026-08-29T10:38:54.893065+09:00
FY2016-03,1969,cost_ratio,,pct,0.01,SINGLE_SOURCE,irbank_pl_consolidated,88.25,88.25,,,,irbank_pl_consolidated=88.25,https://irbank.net/E00149/results,,2026-08-29T10:38:54.893065+09:00
FY2016-03,1969,eps,,JPY,0.1,SINGLE_SOURCE,irbank_pl_consolidated,44.7,44.7,,,,irbank_pl_consolidated=44.7,https://irbank.net/E00149/results,,2026-08-29T10:38:54.893065+09:00
FY2016-03,1969,equity_ratio,,pct,0.1,SINGLE_SOURCE,irbank_bs,45.8,45.8,,,,irbank_bs=45.8,https://irbank.net/E00149/results,,2026-08-29T10:38:54.893065+09:00
FY2016-03,1969,financing_cf,,JPY_million,10,SINGLE_SOURCE,irbank_cf,-2220,-22.2億,,,,irbank_cf=-2220,https://irbank.net/E00149/results,,2026-08-29T10:38:54.893065+09:00
FY2016-03,1969,free_cf,,JPY_million,10,SINGLE_SOURCE,irbank_cf,-6670,-66.7億,,,,irbank_cf=-6670,https://irbank.net/E00149/results,,2026-08-29T10:38:54.893065+09:00
FY2016-03,1969,interest_bearing_debt,,JPY_million,10,SINGLE_SOURCE,irbank_bs,9440,94.4億,,,,irbank_bs=9440,https://irbank.net/E00149/results,,2026-08-29T10:38:54.893065+09:00
FY2016-03,1969,interest_bearing_debt_ratio,,x,0.0001,SINGLE_SOURCE|UNIT_CONVERTED,irbank_bs,0.0922,9.22,,,,irbank_bs=0.0922,https://irbank.net/E00149/results,,2026-08-29T10:38:54.893065+09:00
FY2016-03,1969,investing_cf,,JPY_million,100,SINGLE_SOURCE,irbank_cf,-5400,-54億,,,,irbank_cf=-5400,https://irbank.net/E00149/results,,2026-08-29T10:38:54.893065+09:00
FY2016-03,1969,net_assets,,JPY_million,100,SINGLE_SOURCE,irbank_bs,104600,1046億,,,,irbank_bs=104600,https://irbank.net/E00149/results,,2026-08-29T10:38:54.893065+09:00
FY2016-03,1969,net_income,,JPY_million,10,SINGLE_SOURCE,irbank_pl_consolidated,6650,66.5億,,,,irbank_pl_consolidated=6650,https://irbank.net/E00149/results,,2026-08-29T10:38:54.893065+09:00
FY2016-03,1969,operating_cf,,JPY_million,10,SINGLE_SOURCE,irbank_cf,-1270,-12.7億,,,,irbank_cf=-1270,https://irbank.net/E00149/results,,2026-08-29T10:38:54.893065+09:00
FY2016-03,1969,operating_income,,JPY_million,10,SINGLE_SOURCE,irbank_pl_consolidated,9290,92.9億,,,,irbank_pl_consolidated=9290,https://irbank.net/E00149/results,,2026-08-29T10:38:54.893065+09:00
FY2016-03,1969,operating_margin,,pct,0.1,SINGLE_SOURCE,irbank_pl_consolidated,3.7,3.7,,,,irbank_pl_consolidated=3.7,https://irbank.net/E00149/results,,2026-08-29T10:38:54.893065+09:00
FY2016-03,1969,ordinary_income,,JPY_million,100,SINGLE_SOURCE,irbank_pl_consolidated,10600,106億,,,,irbank_pl_consolidated=10600,https://irbank.net/E00149/results,,2026-08-29T10:38:54.893065+09:00
FY2016-03,1969,retained_earnings,,JPY_million,100,SINGLE_SOURCE,irbank_bs,74600,746億,,,,irbank_bs=74600,https://irbank.net/E00149/results,,2026-08-29T10:38:54.893065+09:00
FY2016-03,1969,revenue,251291,JPY_million,100,OK|ROUNDING,kabutan_fy10,251291,"251,291",irbank_pl_consolidated,251300,2513億,kabutan_fy10=251291|irbank_pl_consolidated=251300,https://kabutan.jp/stock/finance?code=1969,https://irbank.net/E00149/results,2026-08-29T10:38:54.893065+09:00
FY2016-03,1969,roa,,pct,0.01,SINGLE_SOURCE,irbank_pl_consolidated,2.98,2.98,,,,irbank_pl_consolidated=2.98,https://irbank.net/E00149/results,,2026-08-29T10:38:54.893065+09:00
FY2016-03,1969,roe,,pct,0.1,SINGLE_SOURCE,irbank_pl_consolidated,6.5,6.5,,,,irbank_pl_consolidated=6.5,https://irbank.net/E00149/results,,2026-08-29T10:38:54.893065+09:00
FY2016-03,1969,sga_ratio,,pct,0.01,SINGLE_SOURCE,irbank_pl_consolidated,8.05,8.05,,,,irbank_pl_consolidated=8.05,https://irbank.net/E00149/results,,2026-08-29T10:38:54.893065+09:00
FY2016-03,1969,shareholders_equity,,JPY_million,100,SINGLE_SOURCE,irbank_bs,91600,916億,,,,irbank_bs=91600,https://irbank.net/E00149/results,,2026-08-29T10:38:54.893065+09:00
FY2016-03,1969,total_assets,,JPY_million,100,SINGLE_SOURCE,irbank_bs,223300,2233億,,,,irbank_bs=223300,https://irbank.net/E00149/results,,2026-08-29T10:38:54.893065+09:00
FY2017-03,1969,bps,,JPY,0.01,SINGLE_SOURCE,irbank_bs,743.64,743.64,,,,irbank_bs=743.64,https://irbank.net/E00149/results,,2026-08-29T10:38:54.893065+09:00
FY2017-03,1969,cash_equivalents,,JPY_million,100,SINGLE_SOURCE,irbank_cf,46600,466億,,,,irbank_cf=46600,https://irbank.net/E00149/results,,2026-08-29T10:38:54.893065+09:00
FY2017-03,1969,cost_ratio,,pct,0.1,SINGLE_SOURCE,irbank_pl_consolidated,86.9,86.9,,,,irbank_pl_consolidated=86.9,https://irbank.net/E00149/results,,2026-08-29T10:38:54.893065+09:00
FY2017-03,1969,eps,,JPY,0.01,SINGLE_SOURCE,irbank_pl_consolidated,58.91,58.91,,,,irbank_pl_consolidated=58.91,https://irbank.net/E00149/results,,2026-08-29T10:38:54.893065+09:00
FY2017-03,1969,equity_ratio,,pct,0.1,SINGLE_SOURCE,irbank_bs,46.9,46.9,,,,irbank_bs=46.9,https://irbank.net/E00149/results,,2026-08-29T10:38:54.893065+09:00
FY2017-03,1969,financing_cf,,JPY_million,10,SINGLE_SOURCE,irbank_cf,-6080,-60.8億,,,,irbank_cf=-6080,https://irbank.net/E00149/results,,2026-08-29T10:38:54.893065+09:00
FY2017-03,1969,free_cf,,JPY_million,100,SINGLE_SOURCE,irbank_cf,25900,259億,,,,irbank_cf=25900,https://irbank.net/E00149/results,,2026-08-29T10:38:54.893065+09:00
FY2017-03,1969,interest_bearing_debt,,JPY_million,10,SINGLE_SOURCE,irbank_bs,5530,55.3億,,,,irbank_bs=5530,https://irbank.net/E00149/results,,2026-08-29T10:38:54.893065+09:00
FY2017-03,1969,interest_bearing_debt_ratio,,x,0.0001,SINGLE_SOURCE|UNIT_CONVERTED,irbank_bs,0.0505,5.05,,,,irbank_bs=0.0505,https://irbank.net/E00149/results,,2026-08-29T10:38:54.893065+09:00
FY2017-03,1969,investing_cf,,JPY_million,10,SINGLE_SOURCE,irbank_cf,2330,23.3億,,,,irbank_cf=2330,https://irbank.net/E00149/results,,2026-08-29T10:38:54.893065+09:00
FY2017-03,1969,net_assets,,JPY_million,100,SINGLE_SOURCE,irbank_bs,111600,1116億,,,,irbank_bs=111600,https://irbank.net/E00149/results,,2026-08-29T10:38:54.893065+09:00
FY2017-03,1969,net_income,,JPY_million,10,SINGLE_SOURCE,irbank_pl_consolidated,8670,86.7億,,,,irbank_pl_consolidated=8670,https://irbank.net/E00149/results,,2026-08-29T10:38:54.893065+09:00
FY2017-03,1969,operating_cf,,JPY_million,100,SINGLE_SOURCE,irbank_cf,23500,235億,,,,irbank_cf=23500,https://irbank.net/E00149/results,,2026-08-29T10:38:54.893065+09:00
FY2017-03,1969,operating_income,,JPY_million,100,SINGLE_SOURCE,irbank_pl_consolidated,12400,124億,,,,irbank_pl_consolidated=12400,https://irbank.net/E00149/results,,2026-08-29T10:38:54.893065+09:00
FY2017-03,1969,operating_margin,,pct,0.01,SINGLE_SOURCE,irbank_pl_consolidated,4.76,4.76,,,,irbank_pl_consolidated=4.76,https://irbank.net/E00149/results,,2026-08-29T10:38:54.893065+09:00
FY2017-03,1969,ordinary_income,,JPY_million,100,SINGLE_SOURCE,irbank_pl_consolidated,13400,134億,,,,irbank_pl_consolidated=13400,https://irbank.net/E00149/results,,2026-08-29T10:38:54.893065+09:00
FY2017-03,1969,retained_earnings,,JPY_million,100,SINGLE_SOURCE,irbank_bs,80800,808億,,,,irbank_bs=80800,https://irbank.net/E00149/results,,2026-08-29T10:38:54.893065+09:00
FY2017-03,1969,revenue,260204,JPY_million,100,OK|ROUNDING,kabutan_fy10,260204,"260,204",irbank_pl_consolidated,260200,2602億,kabutan_fy10=260204|irbank_pl_consolidated=260200,https://kabutan.jp/stock/finance?code=1969,https://irbank.net/E00149/results,2026-08-29T10:38:54.893065+09:00
FY2017-03,1969,roa,,pct,0.01,SINGLE_SOURCE,irbank_pl_consolidated,3.71,3.71,,,,irbank_pl_consolidated=3.71,https://irbank.net/E00149/results,,2026-08-29T10:38:54.893065+09:00
FY2017-03,1969,roe,,pct,0.01,SINGLE_SOURCE,irbank_pl_consolidated,7.92,7.92,,,,irbank_pl_consolidated=7.92,https://irbank.net/E00149/results,,2026-08-29T10:38:54.893065+09:00
FY2017-03,1969,sga_ratio,,pct,0.01,SINGLE_SOURCE,irbank_pl_consolidated,8.34,8.34,,,,irbank_pl_consolidated=8.34,https://irbank.net/E00149/results,,2026-08-29T10:38:54.893065+09:00
FY2017-03,1969,shareholders_equity,,JPY_million,100,SINGLE_SOURCE,irbank_bs,97900,979億,,,,irbank_bs=97900,https://irbank.net/E00149/results,,2026-08-29T10:38:54.893065+09:00
FY2017-03,1969,total_assets,,JPY_million,100,SINGLE_SOURCE,irbank_bs,233400,2334億,,,,irbank_bs=233400,https://irbank.net/E00149/results,,2026-08-29T10:38:54.893065+09:00
FY2018-03,1969,bps,,JPY,0.01,SINGLE_SOURCE,irbank_bs,818.81,818.81,,,,irbank_bs=818.81,https://irbank.net/E00149/results,,2026-08-29T10:38:54.893065+09:00
FY2018-03,1969,cash_equivalents,,JPY_million,100,SINGLE_SOURCE,irbank_cf,54600,546億,,,,irbank_cf=54600,https://irbank.net/E00149/results,,2026-08-29T10:38:54.893065+09:00
FY2018-03,1969,cost_ratio,,pct,0.01,SINGLE_SOURCE,irbank_pl_consolidated,86.36,86.36,,,,irbank_pl_consolidated=86.36,https://irbank.net/E00149/results,,2026-08-29T10:38:54.893065+09:00
FY2018-03,1969,eps,,JPY,0.1,SINGLE_SOURCE,irbank_pl_consolidated,80.2,80.2,,,,irbank_pl_consolidated=80.2,https://irbank.net/E00149/results,,2026-08-29T10:38:54.893065+09:00
FY2018-03,1969,equity_ratio,,pct,0.1,SINGLE_SOURCE,irbank_bs,45.7,45.7,,,,irbank_bs=45.7,https://irbank.net/E00149/results,,2026-08-29T10:38:54.893065+09:00
FY2018-03,1969,financing_cf,,JPY_million,10,SINGLE_SOURCE,irbank_cf,7110,71.1億,,,,irbank_cf=7110,https://irbank.net/E00149/results,,2026-08-29T10:38:54.893065+09:00
FY2018-03,1969,free_cf,,JPY_million,1,SINGLE_SOURCE,irbank_cf,485,4.85億,,,,irbank_cf=485,https://irbank.net/E00149/results,,2026-08-29T10:38:54.893065+09:00
FY2018-03,1969,interest_bearing_debt,,JPY_million,100,SINGLE_SOURCE,irbank_bs,16100,161億,,,,irbank_bs=16100,https://irbank.net/E00149/results,,2026-08-29T10:38:54.893065+09:00
FY2018-03,1969,interest_bearing_debt_ratio,,x,0.0001,SINGLE_SOURCE|UNIT_CONVERTED,irbank_bs,0.1337,13.37,,,,irbank_bs=0.1337,https://irbank.net/E00149/results,,2026-08-29T10:38:54.893065+09:00
FY2018-03,1969,investing_cf,,JPY_million,10,SINGLE_SOURCE,irbank_cf,-5690,-56.9億,,,,irbank_cf=-5690,https://irbank.net/E00149/results,,2026-08-29T10:38:54.893065+09:00
FY2018-03,1969,net_assets,,JPY_million,100,SINGLE_SOURCE,irbank_bs,124500,1245億,,,,irbank_bs=124500,https://irbank.net/E00149/results,,2026-08-29T10:38:54.893065+09:00
FY2018-03,1969,net_income,,JPY_million,100,SINGLE_SOURCE,irbank_pl_consolidated,11800,118億,,,,irbank_pl_consolidated=11800,https://irbank.net/E00149/results,,2026-08-29T10:38:54.893065+09:00
FY2018-03,1969,operating_cf,,JPY_million,10,SINGLE_SOURCE,irbank_cf,6170,61.7億,,,,irbank_cf=6170,https://irbank.net/E00149/results,,2026-08-29T10:38:54.893065+09:00
FY2018-03,1969,operating_income,,JPY_million,100,SINGLE_SOURCE,irbank_pl_consolidated,16400,164億,,,,irbank_pl_consolidated=16400,https://irbank.net/E00149/results,,2026-08-29T10:38:54.893065+09:00
FY2018-03,1969,operating_margin,,pct,0.01,SINGLE_SOURCE,irbank_pl_consolidated,5.64,5.64,,,,irbank_pl_consolidated=5.64,https://irbank.net/E00149/results,,2026-08-29T10:38:54.893065+09:00
FY2018-03,1969,ordinary_income,,JPY_million,100,SINGLE_SOURCE,irbank_pl_consolidated,17500,175億,,,,irbank_pl_consolidated=17500,https://irbank.net/E00149/results,,2026-08-29T10:38:54.893065+09:00
FY2018-03,1969,retained_earnings,,JPY_million,100,SINGLE_SOURCE,irbank_bs,89800,898億,,,,irbank_bs=89800,https://irbank.net/E00149/results,,2026-08-29T10:38:54.893065+09:00
FY2018-03,1969,revenue,289933,JPY_million,100,OK|ROUNDING,kabutan_fy10,289933,"289,933",irbank_pl_consolidated,289900,2899億,kabutan_fy10=289933|irbank_pl_consolidated=289900,https://kabutan.jp/stock/finance?code=1969,https://irbank.net/E00149/results,2026-08-29T10:38:54.893065+09:00
FY2018-03,1969,roa,,pct,0.01,SINGLE_SOURCE,irbank_pl_consolidated,4.47,4.47,,,,irbank_pl_consolidated=4.47,https://irbank.net/E00149/results,,2026-08-29T10:38:54.893065+09:00
FY2018-03,1969,roe,,pct,0.01,SINGLE_SOURCE,irbank_pl_consolidated,9.79,9.79,,,,irbank_pl_consolidated=9.79,https://irbank.net/E00149/results,,2026-08-29T10:38:54.893065+09:00
FY2018-03,1969,sga_ratio,,pct,1,SINGLE_SOURCE,irbank_pl_consolidated,8,8,,,,irbank_pl_consolidated=8,https://irbank.net/E00149/results,,2026-08-29T10:38:54.893065+09:00
FY2018-03,1969,shareholders_equity,,JPY_million,100,SINGLE_SOURCE,irbank_bs,106900,1069億,,,,irbank_bs=106900,https://irbank.net/E00149/results,,2026-08-29T10:38:54.893065+09:00
FY2018-03,1969,total_assets,,JPY_million,100,SINGLE_SOURCE,irbank_bs,264100,2641億,,,,irbank_bs=264100,https://irbank.net/E00149/results,,2026-08-29T10:38:54.893065+09:00
FY2019-03,1969,bps,,JPY,0.01,SINGLE_SOURCE,irbank_bs,852.15,852.15,,,,irbank_bs=852.15,https://irbank.net/E00149/results,,2026-08-29T10:38:54.893065+09:00
FY2019-03,1969,capex,,JPY_million,10,SINGLE_SOURCE,irbank_cf,-3960,-39.6億,,,,irbank_cf=-3960,https://irbank.net/E00149/results,,2026-08-29T10:38:54.893065+09:00
FY2019-03,1969,cash_equivalents,,JPY_million,100,SINGLE_SOURCE,irbank_cf,55200,552億,,,,irbank_cf=55200,https://irbank.net/E00149/results,,2026-08-29T10:38:54.893065+09:00
FY2019-03,1969,cost_ratio,,pct,0.01,SINGLE_SOURCE,irbank_pl_consolidated,86.91,86.91,,,,irbank_pl_consolidated=86.91,https://irbank.net/E00149/results,,2026-08-29T10:38:54.893065+09:00
FY2019-03,1969,eps,,JPY,0.01,SINGLE_SOURCE,irbank_pl_consolidated,86.64,86.64,,,,irbank_pl_consolidated=86.64,https://irbank.net/E00149/results,,2026-08-29T10:38:54.893065+09:00
FY2019-03,1969,equity_ratio,,pct,0.1,SINGLE_SOURCE,irbank_bs,43.6,43.6,,,,irbank_bs=43.6,https://irbank.net/E00149/results,,2026-08-29T10:38:54.893065+09:00
FY2019-03,1969,financing_cf,,JPY_million,10,SINGLE_SOURCE,irbank_cf,-7930,-79.3億,,,,irbank_cf=-7930,https://irbank.net/E00149/results,,2026-08-29T10:38:54.893065+09:00
FY2019-03,1969,free_cf,,JPY_million,10,SINGLE_SOURCE,irbank_cf,8820,88.2億,,,,irbank_cf=8820,https://irbank.net/E00149/results,,2026-08-29T10:38:54.893065+09:00
FY2019-03,1969,interest_bearing_debt,,JPY_million,100,SINGLE_SOURCE,irbank_bs,16600,166億,,,,irbank_bs=16600,https://irbank.net/E00149/results,,2026-08-29T10:38:54.893065+09:00
FY2019-03,1969,interest_bearing_debt_ratio,,x,0.0001,SINGLE_SOURCE|UNIT_CONVERTED,irbank_bs,0.1361,13.61,,,,irbank_bs=0.1361,https://irbank.net/E00149/results,,2026-08-29T10:38:54.893065+09:00
FY2019-03,1969,investing_cf,,JPY_million,10,SINGLE_SOURCE,irbank_cf,-6070,-60.7億,,,,irbank_cf=-6070,https://irbank.net/E00149/results,,2026-08-29T10:38:54.893065+09:00
FY2019-03,1969,net_assets,,JPY_million,100,SINGLE_SOURCE,irbank_bs,126200,1262億,,,,irbank_bs=126200,https://irbank.net/E00149/results,,2026-08-29T10:38:54.893065+09:00
FY2019-03,1969,net_income,,JPY_million,100,SINGLE_SOURCE,irbank_pl_consolidated,12600,126億,,,,irbank_pl_consolidated=12600,https://irbank.net/E00149/results,,2026-08-29T10:38:54.893065+09:00
FY2019-03,1969,operating_cf,,JPY_million,100,SINGLE_SOURCE,irbank_cf,14900,149億,,,,irbank_cf=14900,https://irbank.net/E00149/results,,2026-08-29T10:38:54.893065+09:00
FY2019-03,1969,operating_income,,JPY_million,100,SINGLE_SOURCE,irbank_pl_consolidated,17200,172億,,,,irbank_pl_consolidated=17200,https://irbank.net/E00149/results,,2026-08-29T10:38:54.893065+09:00
FY2019-03,1969,operating_margin,,pct,0.01,SINGLE_SOURCE,irbank_pl_consolidated,5.38,5.38,,,,irbank_pl_consolidated=5.38,https://irbank.net/E00149/results,,2026-08-29T10:38:54.893065+09:00
FY2019-03,1969,ordinary_income,,JPY_million,100,SINGLE_SOURCE,irbank_pl_consolidated,18400,184億,,,,irbank_pl_consolidated=18400,https://irbank.net/E00149/results,,2026-08-29T10:38:54.893065+09:00
FY2019-03,1969,retained_earnings,,JPY_million,100,SINGLE_SOURCE,irbank_bs,94700,947億,,,,irbank_bs=94700,https://irbank.net/E00149/results,,2026-08-29T10:38:54.893065+09:00
FY2019-03,1969,revenue,319834,JPY_million,100,OK|ROUNDING,kabutan_fy10,319834,"319,834",irbank_pl_consolidated,319800,3198億,kabutan_fy10=319834|irbank_pl_consolidated=319800,https://kabutan.jp/stock/finance?code=1969,https://irbank.net/E00149/results,2026-08-29T10:38:54.893065+09:00
FY2019-03,1969,roa,,pct,0.01,SINGLE_SOURCE,irbank_pl_consolidated,4.51,4.51,,,,irbank_pl_consolidated=4.51,https://irbank.net/E00149/results,,2026-08-29T10:38:54.893065+09:00
FY2019-03,1969,roe,,pct,0.01,SINGLE_SOURCE,irbank_pl_consolidated,10.33,10.33,,,,irbank_pl_consolidated=10.33,https://irbank.net/E00149/results,,2026-08-29T10:38:54.893065+09:00
FY2019-03,1969,sga_ratio,,pct,0.01,SINGLE_SOURCE,irbank_pl_consolidated,7.71,7.71,,,,irbank_pl_consolidated=7.71,https://irbank.net/E00149/results,,2026-08-29T10:38:54.893065+09:00
FY2019-03,1969,shareholders_equity,,JPY_million,100,SINGLE_SOURCE,irbank_bs,111100,1111億,,,,irbank_bs=111100,https://irbank.net/E00149/results,,2026-08-29T10:38:54.893065+09:00
FY2019-03,1969,total_assets,,JPY_million,100,SINGLE_SOURCE,irbank_bs,279700,2797億,,,,irbank_bs=279700,https://irbank.net/E00149/results,,2026-08-29T10:38:54.893065+09:00
FY2020-03,1969,bps,,JPY,0.01,SINGLE_SOURCE,irbank_bs,878.84,878.84,,,,irbank_bs=878.84,https://irbank.net/E00149/results,,2026-08-29T10:38:54.893065+09:00
FY2020-03,1969,capex,,JPY_million,100,SINGLE_SOURCE,irbank_cf,-12700,-127億,,,,irbank_cf=-12700,https://irbank.net/E00149/results,,2026-08-29T10:38:54.893065+09:00
FY2020-03,1969,cash_equivalents,,JPY_million,100,SINGLE_SOURCE,irbank_cf,36500,365億,,,,irbank_cf=36500,https://irbank.net/E00149/results,,2026-08-29T10:38:54.893065+09:00
FY2020-03,1969,cost_ratio,,pct,0.01,SINGLE_SOURCE,irbank_pl_consolidated,86.48,86.48,,,,irbank_pl_consolidated=86.48,https://irbank.net/E00149/results,,2026-08-29T10:38:54.893065+09:00
FY2020-03,1969,eps,,JPY,0.01,SINGLE_SOURCE,irbank_pl_consolidated,93.24,93.24,,,,irbank_pl_consolidated=93.24,https://irbank.net/E00149/results,,2026-08-29T10:38:54.893065+09:00
FY2020-03,1969,equity_ratio,,pct,1,SINGLE_SOURCE,irbank_bs,46,46,,,,irbank_bs=46,https://irbank.net/E00149/results,,2026-08-29T10:38:54.893065+09:00
FY2020-03,1969,financing_cf,,JPY_million,100,SINGLE_SOURCE,irbank_cf,-4200,-42億,,,,irbank_cf=-4200,https://irbank.net/E00149/results,,2026-08-29T10:38:54.893065+09:00
FY2020-03,1969,free_cf,,JPY_million,100,SINGLE_SOURCE,irbank_cf,-14600,-146億,,,,irbank_cf=-14600,https://irbank.net/E00149/results,,2026-08-29T10:38:54.893065+09:00
FY2020-03,1969,interest_bearing_debt,,JPY_million,100,SINGLE_SOURCE,irbank_bs,21200,212億,,,,irbank_bs=21200,https://irbank.net/E00149/results,,2026-08-29T10:38:54.893065+09:00
FY2020-03,1969,interest_bearing_debt_ratio,,x,0.0001,SINGLE_SOURCE|UNIT_CONVERTED,irbank_bs,0.1736,17.36,,,,irbank_bs=0.1736,https://irbank.net/E00149/results,,2026-08-29T10:38:54.893065+09:00
FY2020-03,1969,investing_cf,,JPY_million,10,SINGLE_SOURCE,irbank_cf,-8190,-81.9億,,,,irbank_cf=-8190,https://irbank.net/E00149/results,,2026-08-29T10:38:54.893065+09:00
FY2020-03,1969,net_assets,,JPY_million,100,SINGLE_SOURCE,irbank_bs,125900,1259億,,,,irbank_bs=125900,https://irbank.net/E00149/results,,2026-08-29T10:38:54.893065+09:00
FY2020-03,1969,net_income,,JPY_million,100,SINGLE_SOURCE,irbank_pl_consolidated,13200,132億,,,,irbank_pl_consolidated=13200,https://irbank.net/E00149/results,,2026-08-29T10:38:54.893065+09:00
FY2020-03,1969,operating_cf,,JPY_million,10,SINGLE_SOURCE,irbank_cf,-6370,-63.7億,,,,irbank_cf=-6370,https://irbank.net/E00149/results,,2026-08-29T10:38:54.893065+09:00
FY2020-03,1969,operating_income,,JPY_million,100,SINGLE_SOURCE,irbank_pl_consolidated,17900,179億,,,,irbank_pl_consolidated=17900,https://irbank.net/E00149/results,,2026-08-29T10:38:54.893065+09:00
FY2020-03,1969,operating_margin,,pct,0.01,SINGLE_SOURCE,irbank_pl_consolidated,5.58,5.58,,,,irbank_pl_consolidated=5.58,https://irbank.net/E00149/results,,2026-08-29T10:38:54.893065+09:00
FY2020-03,1969,ordinary_income,,JPY_million,100,SINGLE_SOURCE,irbank_pl_consolidated,19300,193億,,,,irbank_pl_consolidated=19300,https://irbank.net/E00149/results,,2026-08-29T10:38:54.893065+09:00
FY2020-03,1969,retained_earnings,,JPY_million,100,SINGLE_SOURCE,irbank_bs,104100,1041億,,,,irbank_bs=104100,https://irbank.net/E00149/results,,2026-08-29T10:38:54.893065+09:00
FY2020-03,1969,revenue,320893,JPY_million,100,OK|ROUNDING,kabutan_fy10,320893,"320,893",irbank_pl_consolidated,320900,3209億,kabutan_fy10=320893|irbank_pl_consolidated=320900,https://kabutan.jp/stock/finance?code=1969,https://irbank.net/E00149/results,2026-08-29T10:38:54.893065+09:00
FY2020-03,1969,roa,,pct,0.01,SINGLE_SOURCE,irbank_pl_consolidated,4.98,4.98,,,,irbank_pl_consolidated=4.98,https://irbank.net/E00149/results,,2026-08-29T10:38:54.893065+09:00
FY2020-03,1969,roe,,pct,0.01,SINGLE_SOURCE,irbank_pl_consolidated,10.84,10.84,,,,irbank_pl_consolidated=10.84,https://irbank.net/E00149/results,,2026-08-29T10:38:54.893065+09:00
FY2020-03,1969,sga_ratio,,pct,0.01,SINGLE_SOURCE,irbank_pl_consolidated,7.94,7.94,,,,irbank_pl_consolidated=7.94,https://irbank.net/E00149/results,,2026-08-29T10:38:54.893065+09:00
FY2020-03,1969,shareholders_equity,,JPY_million,100,SINGLE_SOURCE,irbank_bs,116600,1166億,,,,irbank_bs=116600,https://irbank.net/E00149/results,,2026-08-29T10:38:54.893065+09:00
FY2020-03,1969,total_assets,,JPY_million,100,SINGLE_SOURCE,irbank_bs,265600,2656億,,,,irbank_bs=265600,https://irbank.net/E00149/results,,2026-08-29T10:38:54.893065+09:00
FY2021-03,1969,bps,,JPY,0.01,SINGLE_SOURCE,irbank_bs,953.81,953.81,,,,irbank_bs=953.81,https://irbank.net/E00149/results,,2026-08-29T10:38:54.893065+09:00
FY2021-03,1969,capex,,JPY_million,10,SINGLE_SOURCE,irbank_cf,-4420,-44.2億,,,,irbank_cf=-4420,https://irbank.net/E00149/results,,2026-08-29T10:38:54.893065+09:00
FY2021-03,1969,cash_equivalents,,JPY_million,100,SINGLE_SOURCE,irbank_cf,62300,623億,,,,irbank_cf=62300,https://irbank.net/E00149/results,,2026-08-29T10:38:54.893065+09:00
FY2021-03,1969,cost_ratio,,pct,0.01,SINGLE_SOURCE,irbank_pl_consolidated,86.61,86.61,,,,irbank_pl_consolidated=86.61,https://irbank.net/E00149/results,,2026-08-29T10:38:54.893065+09:00
FY2021-03,1969,eps,,JPY,0.01,SINGLE_SOURCE,irbank_pl_consolidated,72.77,72.77,,,,irbank_pl_consolidated=72.77,https://irbank.net/E00149/results,,2026-08-29T10:38:54.893065+09:00
FY2021-03,1969,equity_ratio,,pct,0.1,SINGLE_SOURCE,irbank_bs,48.7,48.7,,,,irbank_bs=48.7,https://irbank.net/E00149/results,,2026-08-29T10:38:54.893065+09:00
FY2021-03,1969,financing_cf,,JPY_million,10,SINGLE_SOURCE,irbank_cf,3640,36.4億,,,,irbank_cf=3640,https://irbank.net/E00149/results,,2026-08-29T10:38:54.893065+09:00
FY2021-03,1969,free_cf,,JPY_million,100,SINGLE_SOURCE,irbank_cf,22200,222億,,,,irbank_cf=22200,https://irbank.net/E00149/results,,2026-08-29T10:38:54.893065+09:00
FY2021-03,1969,interest_bearing_debt,,JPY_million,100,SINGLE_SOURCE,irbank_bs,29900,299億,,,,irbank_bs=29900,https://irbank.net/E00149/results,,2026-08-29T10:38:54.893065+09:00
FY2021-03,1969,interest_bearing_debt_ratio,,x,0.0001,SINGLE_SOURCE|UNIT_CONVERTED,irbank_bs,0.2265,22.65,,,,irbank_bs=0.2265,https://irbank.net/E00149/results,,2026-08-29T10:38:54.893065+09:00
FY2021-03,1969,investing_cf,,JPY_million,1,SINGLE_SOURCE,irbank_cf,-324,-3.24億,,,,irbank_cf=-324,https://irbank.net/E00149/results,,2026-08-29T10:38:54.893065+09:00
FY2021-03,1969,net_assets,,JPY_million,100,SINGLE_SOURCE,irbank_bs,135800,1358億,,,,irbank_bs=135800,https://irbank.net/E00149/results,,2026-08-29T10:38:54.893065+09:00
FY2021-03,1969,net_income,,JPY_million,100,SINGLE_SOURCE,irbank_pl_consolidated,10100,101億,,,,irbank_pl_consolidated=10100,https://irbank.net/E00149/results,,2026-08-29T10:38:54.893065+09:00
FY2021-03,1969,operating_cf,,JPY_million,100,SINGLE_SOURCE,irbank_cf,22600,226億,,,,irbank_cf=22600,https://irbank.net/E00149/results,,2026-08-29T10:38:54.893065+09:00
FY2021-03,1969,operating_income,,JPY_million,100,SINGLE_SOURCE,irbank_pl_consolidated,12300,123億,,,,irbank_pl_consolidated=12300,https://irbank.net/E00149/results,,2026-08-29T10:38:54.893065+09:00
FY2021-03,1969,operating_margin,,pct,0.01,SINGLE_SOURCE,irbank_pl_consolidated,4.47,4.47,,,,irbank_pl_consolidated=4.47,https://irbank.net/E00149/results,,2026-08-29T10:38:54.893065+09:00
FY2021-03,1969,ordinary_income,,JPY_million,100,SINGLE_SOURCE,irbank_pl_consolidated,13900,139億,,,,irbank_pl_consolidated=13900,https://irbank.net/E00149/results,,2026-08-29T10:38:54.893065+09:00
FY2021-03,1969,retained_earnings,,JPY_million,100,SINGLE_SOURCE,irbank_bs,97900,979億,,,,irbank_bs=97900,https://irbank.net/E00149/results,,2026-08-29T10:38:54.893065+09:00
FY2021-03,1969,revenue,275181,JPY_million,100,OK|ROUNDING,kabutan_fy10,275181,"275,181",irbank_pl_consolidated,275200,2752億,kabutan_fy10=275181|irbank_pl_consolidated=275200,https://kabutan.jp/stock/finance?code=1969,https://irbank.net/E00149/results,2026-08-29T10:38:54.893065+09:00
FY2021-03,1969,roa,,pct,0.01,SINGLE_SOURCE,irbank_pl_consolidated,3.73,3.73,,,,irbank_pl_consolidated=3.73,https://irbank.net/E00149/results,,2026-08-29T10:38:54.893065+09:00
FY2021-03,1969,roe,,pct,0.01,SINGLE_SOURCE,irbank_pl_consolidated,7.66,7.66,,,,irbank_pl_consolidated=7.66,https://irbank.net/E00149/results,,2026-08-29T10:38:54.893065+09:00
FY2021-03,1969,sga_ratio,,pct,0.01,SINGLE_SOURCE,irbank_pl_consolidated,8.92,8.92,,,,irbank_pl_consolidated=8.92,https://irbank.net/E00149/results,,2026-08-29T10:38:54.893065+09:00
FY2021-03,1969,shareholders_equity,,JPY_million,100,SINGLE_SOURCE,irbank_bs,122300,1223億,,,,irbank_bs=122300,https://irbank.net/E00149/results,,2026-08-29T10:38:54.893065+09:00
FY2021-03,1969,total_assets,,JPY_million,100,SINGLE_SOURCE,irbank_bs,271100,2711億,,,,irbank_bs=271100,https://irbank.net/E00149/results,,2026-08-29T10:38:54.893065+09:00
FY2022-03,1969,bps,,JPY,0.01,SINGLE_SOURCE,irbank_bs,1004.67,1004.67,,,,irbank_bs=1004.67,https://irbank.net/E00149/results,,2026-08-29T10:38:54.893065+09:00
FY2022-03,1969,capex,,JPY_million,10,SINGLE_SOURCE,irbank_cf,-2550,-25.5億,,,,irbank_cf=-2550,https://irbank.net/E00149/results,,2026-08-29T10:38:54.893065+09:00
FY2022-03,1969,cash_equivalents,,JPY_million,100,SINGLE_SOURCE,irbank_cf,56900,569億,,,,irbank_cf=56900,https://irbank.net/E00149/results,,2026-08-29T10:38:54.893065+09:00
FY2022-03,1969,cost_ratio,,pct,0.01,SINGLE_SOURCE,irbank_pl_consolidated,86.33,86.33,,,,irbank_pl_consolidated=86.33,https://irbank.net/E00149/results,,2026-08-29T10:38:54.893065+09:00
FY2022-03,1969,eps,,JPY,0.01,SINGLE_SOURCE,irbank_pl_consolidated,84.68,84.68,,,,irbank_pl_consolidated=84.68,https://irbank.net/E00149/results,,2026-08-29T10:38:54.893065+09:00
FY2022-03,1969,equity_ratio,,pct,0.1,SINGLE_SOURCE,irbank_bs,44.2,44.2,,,,irbank_bs=44.2,https://irbank.net/E00149/results,,2026-08-29T10:38:54.893065+09:00
FY2022-03,1969,financing_cf,,JPY_million,10,SINGLE_SOURCE,irbank_cf,-8010,-80.1億,,,,irbank_cf=-8010,https://irbank.net/E00149/results,,2026-08-29T10:38:54.893065+09:00
FY2022-03,1969,free_cf,,JPY_million,10,SINGLE_SOURCE,irbank_cf,2230,22.3億,,,,irbank_cf=2230,https://irbank.net/E00149/results,,2026-08-29T10:38:54.893065+09:00
FY2022-03,1969,interest_bearing_debt,,JPY_million,100,SINGLE_SOURCE,irbank_bs,33100,331億,,,,irbank_bs=33100,https://irbank.net/E00149/results,,2026-08-29T10:38:54.893065+09:00
FY2022-03,1969,interest_bearing_debt_ratio,,x,0.0001,SINGLE_SOURCE|UNIT_CONVERTED,irbank_bs,0.2487,24.87,,,,irbank_bs=0.2487,https://irbank.net/E00149/results,,2026-08-29T10:38:54.893065+09:00
FY2022-03,1969,investing_cf,,JPY_million,10,SINGLE_SOURCE,irbank_cf,1040,10.4億,,,,irbank_cf=1040,https://irbank.net/E00149/results,,2026-08-29T10:38:54.893065+09:00
FY2022-03,1969,net_assets,,JPY_million,100,SINGLE_SOURCE,irbank_bs,136900,1369億,,,,irbank_bs=136900,https://irbank.net/E00149/results,,2026-08-29T10:38:54.893065+09:00
FY2022-03,1969,net_income,,JPY_million,100,SINGLE_SOURCE,irbank_pl_consolidated,11500,115億,,,,irbank_pl_consolidated=11500,https://irbank.net/E00149/results,,2026-08-29T10:38:54.893065+09:00
FY2022-03,1969,operating_cf,,JPY_million,10,SINGLE_SOURCE,irbank_cf,1190,11.9億,,,,irbank_cf=1190,https://irbank.net/E00149/results,,2026-08-29T10:38:54.893065+09:00
FY2022-03,1969,operating_income,,JPY_million,100,SINGLE_SOURCE,irbank_pl_consolidated,14400,144億,,,,irbank_pl_consolidated=14400,https://irbank.net/E00149/results,,2026-08-29T10:38:54.893065+09:00
FY2022-03,1969,operating_margin,,pct,0.01,SINGLE_SOURCE,irbank_pl_consolidated,4.75,4.75,,,,irbank_pl_consolidated=4.75,https://irbank.net/E00149/results,,2026-08-29T10:38:54.893065+09:00
FY2022-03,1969,ordinary_income,,JPY_million,100,SINGLE_SOURCE,irbank_pl_consolidated,15600,156億,,,,irbank_pl_consolidated=15600,https://irbank.net/E00149/results,,2026-08-29T10:38:54.893065+09:00
FY2022-03,1969,retained_earnings,,JPY_million,100,SINGLE_SOURCE,irbank_bs,105800,1058億,,,,irbank_bs=105800,https://irbank.net/E00149/results,,2026-08-29T10:38:54.893065+09:00
FY2022-03,1969,revenue,302746,JPY_million,100,OK|ROUNDING,kabutan_fy10,302746,"302,746",irbank_pl_consolidated,302700,3027億,kabutan_fy10=302746|irbank_pl_consolidated=302700,https://kabutan.jp/stock/finance?code=1969,https://irbank.net/E00149/results,2026-08-29T10:38:54.893065+09:00
FY2022-03,1969,roa,,pct,0.01,SINGLE_SOURCE,irbank_pl_consolidated,3.84,3.84,,,,irbank_pl_consolidated=3.84,https://irbank.net/E00149/results,,2026-08-29T10:38:54.893065+09:00
FY2022-03,1969,roe,,pct,0.01,SINGLE_SOURCE,irbank_pl_consolidated,8.68,8.68,,,,irbank_pl_consolidated=8.68,https://irbank.net/E00149/results,,2026-08-29T10:38:54.893065+09:00
FY2022-03,1969,sga_ratio,,pct,0.01,SINGLE_SOURCE,irbank_pl_consolidated,8.92,8.92,,,,irbank_pl_consolidated=8.92,https://irbank.net/E00149/results,,2026-08-29T10:38:54.893065+09:00
FY2022-03,1969,shareholders_equity,,JPY_million,100,SINGLE_SOURCE,irbank_bs,123900,1239億,,,,irbank_bs=123900,https://irbank.net/E00149/results,,2026-08-29T10:38:54.893065+09:00
FY2022-03,1969,total_assets,,JPY_million,100,SINGLE_SOURCE,irbank_bs,300700,3007億,,,,irbank_bs=300700,https://irbank.net/E00149/results,,2026-08-29T10:38:54.893065+09:00
FY2023-03,1969,bps,,JPY,0.01,SINGLE_SOURCE,irbank_bs,1075.51,1075.51,,,,irbank_bs=1075.51,https://irbank.net/E00149/results,,2026-08-29T10:38:54.893065+09:00
FY2023-03,1969,capex,,JPY_million,10,SINGLE_SOURCE,irbank_cf,-5430,-54.3億,,,,irbank_cf=-5430,https://irbank.net/E00149/results,,2026-08-29T10:38:54.893065+09:00
FY2023-03,1969,cash_equivalents,,JPY_million,100,SINGLE_SOURCE,irbank_cf,70000,700億,,,,irbank_cf=70000,https://irbank.net/E00149/results,,2026-08-29T10:38:54.893065+09:00
FY2023-03,1969,cost_ratio,,pct,0.01,SINGLE_SOURCE,irbank_pl_consolidated,86.32,86.32,irbank_q,86.32,86.32%,irbank_pl_consolidated=86.32|irbank_q=86.32,https://irbank.net/E00149/results,https://irbank.net/E00149/quarter,2026-08-29T10:38:54.893065+09:00
FY2023-03,1969,eps,92.34,JPY,0.1,OK|ROUNDING,kabutan_fy,92.4,92.4,irbank_pl_consolidated,92.34,92.34,kabutan_fy=92.4|irbank_pl_consolidated=92.34,https://kabutan.jp/stock/finance?code=1969,https://irbank.net/E00149/results,2026-08-29T10:38:54.893065+09:00
FY2023-03,1969,equity_ratio,,pct,0.1,SINGLE_SOURCE,irbank_bs,45.5,45.5,,,,irbank_bs=45.5,https://irbank.net/E00149/results,,2026-08-29T10:38:54.893065+09:00
FY2023-03,1969,financing_cf,,JPY_million,10,SINGLE_SOURCE,irbank_cf,-8330,-83.3億,,,,irbank_cf=-8330,https://irbank.net/E00149/results,,2026-08-29T10:38:54.893065+09:00
FY2023-03,1969,free_cf,,JPY_million,100,SINGLE_SOURCE,irbank_cf,20400,204億,,,,irbank_cf=20400,https://irbank.net/E00149/results,,2026-08-29T10:38:54.893065+09:00
FY2023-03,1969,interest_bearing_debt,,JPY_million,100,SINGLE_SOURCE,irbank_bs,29800,298億,,,,irbank_bs=29800,https://irbank.net/E00149/results,,2026-08-29T10:38:54.893065+09:00
FY2023-03,1969,interest_bearing_debt_ratio,,x,0.0001,SINGLE_SOURCE|UNIT_CONVERTED,irbank_bs,0.2093,20.93,,,,irbank_bs=0.2093,https://irbank.net/E00149/results,,2026-08-29T10:38:54.893065+09:00
FY2023-03,1969,investing_cf,,JPY_million,10,SINGLE_SOURCE,irbank_cf,-5430,-54.3億,,,,irbank_cf=-5430,https://irbank.net/E00149/results,,2026-08-29T10:38:54.893065+09:00
FY2023-03,1969,net_assets,,JPY_million,100,SINGLE_SOURCE,irbank_bs,147200,1472億,,,,irbank_bs=147200,https://irbank.net/E00149/results,,2026-08-29T10:38:54.893065+09:00
FY2023-03,1969,net_income,12227,JPY_million,100,OK|ROUNDING,kabutan_fy,12227,"12,227",irbank_pl_consolidated,12200,122億,kabutan_fy=12227|irbank_pl_consolidated=12200,https://kabutan.jp/stock/finance?code=1969,https://irbank.net/E00149/results,2026-08-29T10:38:54.893065+09:00
FY2023-03,1969,operating_cf,,JPY_million,100,SINGLE_SOURCE,irbank_cf,25800,258億,,,,irbank_cf=25800,https://irbank.net/E00149/results,,2026-08-29T10:38:54.893065+09:00
FY2023-03,1969,operating_income,15326,JPY_million,100,OK|ROUNDING,kabutan_fy,15326,"15,326",irbank_pl_consolidated,15300,153億,kabutan_fy=15326|irbank_pl_consolidated=15300|irbank_q=15300,https://kabutan.jp/stock/finance?code=1969,https://irbank.net/E00149/results,2026-08-29T10:38:54.893065+09:00
FY2023-03,1969,operating_margin,,pct,0.01,SINGLE_SOURCE,irbank_pl_consolidated,4.52,4.52,irbank_q,4.52,4.52%,irbank_pl_consolidated=4.52|irbank_q=4.52,https://irbank.net/E00149/results,https://irbank.net/E00149/quarter,2026-08-29T10:38:54.893065+09:00
FY2023-03,1969,ordinary_income,16685,JPY_million,100,OK|ROUNDING,kabutan_fy,16685,"16,685",irbank_pl_consolidated,16700,167億,kabutan_fy=16685|irbank_pl_consolidated=16700|irbank_q=16700,https://kabutan.jp/stock/finance?code=1969,https://irbank.net/E00149/results,2026-08-29T10:38:54.893065+09:00
FY2023-03,1969,retained_earnings,,JPY_million,100,SINGLE_SOURCE,irbank_bs,113900,1139億,,,,irbank_bs=113900,https://irbank.net/E00149/results,,2026-08-29T10:38:54.893065+09:00
FY2023-03,1969,revenue,338831,JPY_million,100,OK|ROUNDING,kabutan_fy,338831,"338,831",kabutan_fy10,338831,"338,831",kabutan_fy=338831|kabutan_fy10=338831|irbank_pl_consolidated=338800|irbank_q=338800,https://kabutan.jp/stock/finance?code=1969,https://kabutan.jp/stock/finance?code=1969,2026-08-29T10:38:54.893065+09:00
FY2023-03,1969,roa,,pct,0.1,SINGLE_SOURCE,irbank_pl_consolidated,3.9,3.9,,,,irbank_pl_consolidated=3.9,https://irbank.net/E00149/results,,2026-08-29T10:38:54.893065+09:00
FY2023-03,1969,roe,,pct,0.01,SINGLE_SOURCE,irbank_pl_consolidated,8.58,8.58,,,,irbank_pl_consolidated=8.58,https://irbank.net/E00149/results,,2026-08-29T10:38:54.893065+09:00
FY2023-03,1969,sga_ratio,,pct,0.01,SINGLE_SOURCE,irbank_pl_consolidated,9.16,9.16,irbank_q,9.16,9.16%,irbank_pl_consolidated=9.16|irbank_q=9.16,https://irbank.net/E00149/results,https://irbank.net/E00149/quarter,2026-08-29T10:38:54.893065+09:00
FY2023-03,1969,shareholders_equity,,JPY_million,100,SINGLE_SOURCE,irbank_bs,132200,1322億,,,,irbank_bs=132200,https://irbank.net/E00149/results,,2026-08-29T10:38:54.893065+09:00
FY2023-03,1969,total_assets,,JPY_million,100,SINGLE_SOURCE,irbank_bs,313400,3134億,,,,irbank_bs=313400,https://irbank.net/E00149/results,,2026-08-29T10:38:54.893065+09:00
FY2024-03,1969,bps,,JPY,0.01,MISMATCH,kabutan_bs,2476.38,"2,476.38",irbank_bs,1238.19,1238.19,kabutan_bs=2476.38|irbank_bs=1238.19,https://kabutan.jp/stock/finance?code=1969,https://irbank.net/E00149/results,2026-08-29T10:38:54.893065+09:00
FY2024-03,1969,capex,,JPY_million,10,SINGLE_SOURCE,irbank_cf,-3490,-34.9億,,,,irbank_cf=-3490,https://irbank.net/E00149/results,,2026-08-29T10:38:54.893065+09:00
FY2024-03,1969,cash_equivalents,49064,JPY_million,100,OK|ROUNDING,kabutan_cf,49064,"49,064",irbank_cf,49100,491億,kabutan_cf=49064|irbank_cf=49100,https://kabutan.jp/stock/finance?code=1969,https://irbank.net/E00149/results,2026-08-29T10:38:54.893065+09:00
FY2024-03,1969,cost_ratio,,pct,0.1,SINGLE_SOURCE,irbank_pl_consolidated,83.5,83.5,irbank_q,83.5,83.5%-2.82%,irbank_pl_consolidated=83.5|irbank_q=83.5,https://irbank.net/E00149/results,https://irbank.net/E00149/quarter,2026-08-29T10:38:54.893065+09:00
FY2024-03,1969,eps,147.83,JPY,0.1,OK|ROUNDING,kabutan_fy,147.8,147.8,irbank_pl_consolidated,147.83,147.83,kabutan_fy=147.8|irbank_pl_consolidated=147.83,https://kabutan.jp/stock/finance?code=1969,https://irbank.net/E00149/results,2026-08-29T10:38:54.893065+09:00
FY2024-03,1969,equity,,JPY_million,1,SINGLE_SOURCE,kabutan_bs,164355,"164,355",,,,kabutan_bs=164355,https://kabutan.jp/stock/finance?code=1969,,2026-08-29T10:38:54.893065+09:00
FY2024-03,1969,equity_ratio,48.3,pct,0.1,OK,kabutan_bs,48.3,48.3,irbank_bs,48.3,48.3,kabutan_bs=48.3|irbank_bs=48.3,https://kabutan.jp/stock/finance?code=1969,https://irbank.net/E00149/results,2026-08-29T10:38:54.893065+09:00
FY2024-03,1969,financing_cf,-491,JPY_million,1,OK,kabutan_cf,-491,-491,irbank_cf,-491,-4.91億,kabutan_cf=-491|irbank_cf=-491,https://kabutan.jp/stock/finance?code=1969,https://irbank.net/E00149/results,2026-08-29T10:38:54.893065+09:00
FY2024-03,1969,free_cf,-21203,JPY_million,100,OK|ROUNDING,kabutan_cf,-21203,"-21,203",irbank_cf,-21200,-212億,kabutan_cf=-21203|irbank_cf=-21200,https://kabutan.jp/stock/finance?code=1969,https://irbank.net/E00149/results,2026-08-29T10:38:54.893065+09:00
FY2024-03,1969,interest_bearing_debt,,JPY_million,100,SINGLE_SOURCE,irbank_bs,39100,391億,,,,irbank_bs=39100,https://irbank.net/E00149/results,,2026-08-29T10:38:54.893065+09:00
FY2024-03,1969,interest_bearing_debt_ratio,0.2381,x,0.01,OK|ROUNDING|UNIT_CONVERTED,kabutan_bs,0.24,0.24,irbank_bs,0.2381,23.81,kabutan_bs=0.24|irbank_bs=0.2381,https://kabutan.jp/stock/finance?code=1969,https://irbank.net/E00149/results,2026-08-29T10:38:54.893065+09:00
FY2024-03,1969,investing_cf,-8103,JPY_million,100,OK|ROUNDING,kabutan_cf,-8103,"-8,103",irbank_cf,-8100,-81億,kabutan_cf=-8103|irbank_cf=-8100,https://kabutan.jp/stock/finance?code=1969,https://irbank.net/E00149/results,2026-08-29T10:38:54.893065+09:00
FY2024-03,1969,net_assets,,JPY_million,100,SINGLE_SOURCE,irbank_bs,167200,1672億,,,,irbank_bs=167200,https://irbank.net/E00149/results,,2026-08-29T10:38:54.893065+09:00
FY2024-03,1969,net_income,19612,JPY_million,100,OK|ROUNDING,kabutan_fy,19612,"19,612",irbank_pl_consolidated,19600,196億,kabutan_fy=19612|irbank_pl_consolidated=19600,https://kabutan.jp/stock/finance?code=1969,https://irbank.net/E00149/results,2026-08-29T10:38:54.893065+09:00
FY2024-03,1969,operating_cf,-13100,JPY_million,100,OK,kabutan_cf,-13100,"-13,100",irbank_cf,-13100,-131億,kabutan_cf=-13100|irbank_cf=-13100,https://kabutan.jp/stock/finance?code=1969,https://irbank.net/E00149/results,2026-08-29T10:38:54.893065+09:00
FY2024-03,1969,operating_income,24192,JPY_million,100,OK|ROUNDING,kabutan_fy,24192,"24,192",kabutan_cf,24192,"24,192",kabutan_fy=24192|kabutan_cf=24192|irbank_pl_consolidated=24200|irbank_q=24200,https://kabutan.jp/stock/finance?code=1969,https://kabutan.jp/stock/finance?code=1969,2026-08-29T10:38:54.893065+09:00
FY2024-03,1969,operating_margin,,pct,0.01,SINGLE_SOURCE,irbank_pl_consolidated,6.66,6.66,irbank_q,6.66,6.66%+2.14%,irbank_pl_consolidated=6.66|irbank_q=6.66,https://irbank.net/E00149/results,https://irbank.net/E00149/quarter,2026-08-29T10:38:54.893065+09:00
FY2024-03,1969,ordinary_income,26150,JPY_million,100,OK|ROUNDING,kabutan_fy,26150,"26,150",irbank_pl_consolidated,26200,262億,kabutan_fy=26150|irbank_pl_consolidated=26200|irbank_q=26200,https://kabutan.jp/stock/finance?code=1969,https://irbank.net/E00149/results,2026-08-29T10:38:54.893065+09:00
FY2024-03,1969,retained_earnings,128724,JPY_million,100,OK|ROUNDING,kabutan_bs,128724,"128,724",irbank_bs,128700,1287億,kabutan_bs=128724|irbank_bs=128700,https://kabutan.jp/stock/finance?code=1969,https://irbank.net/E00149/results,2026-08-29T10:38:54.893065+09:00
FY2024-03,1969,revenue,363366,JPY_million,100,OK|ROUNDING,kabutan_fy,363366,"363,366",kabutan_fy10,363366,"363,366",kabutan_fy=363366|kabutan_fy10=363366|irbank_pl_consolidated=363400|irbank_q=363400,https://kabutan.jp/stock/finance?code=1969,https://kabutan.jp/stock/finance?code=1969,2026-08-29T10:38:54.893065+09:00
FY2024-03,1969,roa,,pct,0.01,SINGLE_SOURCE,irbank_pl_consolidated,5.77,5.77,,,,irbank_pl_consolidated=5.77,https://irbank.net/E00149/results,,2026-08-29T10:38:54.893065+09:00
FY2024-03,1969,roe,,pct,0.01,SINGLE_SOURCE,irbank_pl_consolidated,11.93,11.93,,,,irbank_pl_consolidated=11.93,https://irbank.net/E00149/results,,2026-08-29T10:38:54.893065+09:00
FY2024-03,1969,sga_ratio,,pct,0.01,SINGLE_SOURCE,irbank_pl_consolidated,9.84,9.84,irbank_q,9.84,9.84%+0.68%,irbank_pl_consolidated=9.84|irbank_q=9.84,https://irbank.net/E00149/results,https://irbank.net/E00149/quarter,2026-08-29T10:38:54.893065+09:00
FY2024-03,1969,shareholders_equity,,JPY_million,100,SINGLE_SOURCE,irbank_bs,145000,1450億,,,,irbank_bs=145000,https://irbank.net/E00149/results,,2026-08-29T10:38:54.893065+09:00
FY2024-03,1969,total_assets,340106,JPY_million,100,OK|ROUNDING,kabutan_bs,340106,"340,106",irbank_bs,340100,3401億,kabutan_bs=340106|irbank_bs=340100,https://kabutan.jp/stock/finance?code=1969,https://irbank.net/E00149/results,2026-08-29T10:38:54.893065+09:00
FY2025-03,1969,bps,,JPY,0.01,MISMATCH,kabutan_bs,2720.64,"2,720.64",irbank_bs,1360.32,1360.32,kabutan_bs=2720.64|irbank_bs=1360.32,https://kabutan.jp/stock/finance?code=1969,https://irbank.net/E00149/results,2026-08-29T10:38:54.893065+09:00
FY2025-03,1969,capex,,JPY_million,10,SINGLE_SOURCE,irbank_cf,-4350,-43.5億,,,,irbank_cf=-4350,https://irbank.net/E00149/results,,2026-08-29T10:38:54.893065+09:00
FY2025-03,1969,cash_equivalents,41364,JPY_million,100,OK|ROUNDING,kabutan_cf,41364,"41,364",irbank_cf,41400,414億,kabutan_cf=41364|irbank_cf=41400,https://kabutan.jp/stock/finance?code=1969,https://irbank.net/E00149/results,2026-08-29T10:38:54.893065+09:00
FY2025-03,1969,cost_ratio,,pct,0.01,SINGLE_SOURCE,irbank_pl_consolidated,81.23,81.23,irbank_q,81.23,81.23%-2.27%,irbank_pl_consolidated=81.23|irbank_q=81.23,https://irbank.net/E00149/results,https://irbank.net/E00149/quarter,2026-08-29T10:38:54.893065+09:00
FY2025-03,1969,eps,208.07,JPY,0.1,OK|ROUNDING,kabutan_fy,208.1,208.1,kabutan_fy_profit,208.1,208.1,kabutan_fy=208.1|kabutan_fy_profit=208.1|irbank_pl_consolidated=208.07,https://kabutan.jp/stock/finance?code=1969,https://kabutan.jp/stock/finance?code=1969,2026-08-29T10:38:54.893065+09:00
FY2025-03,1969,equity,,JPY_million,1,SINGLE_SOURCE,kabutan_bs,180667,"180,667",,,,kabutan_bs=180667,https://kabutan.jp/stock/finance?code=1969,,2026-08-29T10:38:54.893065+09:00
FY2025-03,1969,equity_ratio,53.9,pct,0.1,OK,kabutan_bs,53.9,53.9,irbank_bs,53.9,53.9,kabutan_bs=53.9|irbank_bs=53.9,https://kabutan.jp/stock/finance?code=1969,https://irbank.net/E00149/results,2026-08-29T10:38:54.893065+09:00
FY2025-03,1969,financing_cf,-12713,JPY_million,100,OK|ROUNDING,kabutan_cf,-12713,"-12,713",irbank_cf,-12700,-127億,kabutan_cf=-12713|irbank_cf=-12700,https://kabutan.jp/stock/finance?code=1969,https://irbank.net/E00149/results,2026-08-29T10:38:54.893065+09:00
FY2025-03,1969,free_cf,4480,JPY_million,10,OK,kabutan_cf,4480,"4,480",irbank_cf,4480,44.8億,kabutan_cf=4480|irbank_cf=4480,https://kabutan.jp/stock/finance?code=1969,https://irbank.net/E00149/results,2026-08-29T10:38:54.893065+09:00
FY2025-03,1969,interest_bearing_debt,,JPY_million,100,SINGLE_SOURCE,irbank_bs,37700,377億,,,,irbank_bs=37700,https://irbank.net/E00149/results,,2026-08-29T10:38:54.893065+09:00
FY2025-03,1969,interest_bearing_debt_ratio,0.2089,x,0.01,OK|ROUNDING|UNIT_CONVERTED,kabutan_bs,0.21,0.21,irbank_bs,0.2089,20.89,kabutan_bs=0.21|irbank_bs=0.2089,https://kabutan.jp/stock/finance?code=1969,https://irbank.net/E00149/results,2026-08-29T10:38:54.893065+09:00
FY2025-03,1969,investing_cf,-1405,JPY_million,10,OK|ROUNDING,kabutan_cf,-1405,"-1,405",irbank_cf,-1410,-14.1億,kabutan_cf=-1405|irbank_cf=-1410,https://kabutan.jp/stock/finance?code=1969,https://irbank.net/E00149/results,2026-08-29T10:38:54.893065+09:00
FY2025-03,1969,net_assets,,JPY_million,100,SINGLE_SOURCE,irbank_bs,184300,1843億,,,,irbank_bs=184300,https://irbank.net/E00149/results,,2026-08-29T10:38:54.893065+09:00
FY2025-03,1969,net_income,27631,JPY_million,100,OK|ROUNDING,kabutan_fy,27631,"27,631",irbank_pl_consolidated,27600,276億,kabutan_fy=27631|irbank_pl_consolidated=27600,https://kabutan.jp/stock/finance?code=1969,https://irbank.net/E00149/results,2026-08-29T10:38:54.893065+09:00
FY2025-03,1969,operating_cf,5885,JPY_million,10,OK|ROUNDING,kabutan_cf,5885,"5,885",irbank_cf,5890,58.9億,kabutan_cf=5885|irbank_cf=5890,https://kabutan.jp/stock/finance?code=1969,https://irbank.net/E00149/results,2026-08-29T10:38:54.893065+09:00
FY2025-03,1969,operating_income,32415,JPY_million,100,OK|ROUNDING,kabutan_fy,32415,"32,415",kabutan_fy_profit,32415,"32,415",kabutan_fy=32415|kabutan_fy_profit=32415|kabutan_cf=32415|irbank_pl_consolidated=32400|irbank_q=32400,https://kabutan.jp/stock/finance?code=1969,https://kabutan.jp/stock/finance?code=1969,2026-08-29T10:38:54.893065+09:00
FY2025-03,1969,operating_margin,8.49,pct,0.01,OK,kabutan_fy_profit,8.49,8.49,irbank_pl_consolidated,8.49,8.49,kabutan_fy_profit=8.49|irbank_pl_consolidated=8.49|irbank_q=8.49,https://kabutan.jp/stock/finance?code=1969,https://irbank.net/E00149/results,2026-08-29T10:38:54.893065+09:00
FY2025-03,1969,ordinary_income,34970,JPY_million,100,OK|ROUNDING,kabutan_fy,34970,"34,970",irbank_pl_consolidated,35000,350億,kabutan_fy=34970|irbank_pl_consolidated=35000|irbank_q=35000,https://kabutan.jp/stock/finance?code=1969,https://irbank.net/E00149/results,2026-08-29T10:38:54.893065+09:00
FY2025-03,1969,retained_earnings,145846,JPY_million,100,OK|ROUNDING,kabutan_bs,145846,"145,846",irbank_bs,145800,1458億,kabutan_bs=145846|irbank_bs=145800,https://kabutan.jp/stock/finance?code=1969,https://irbank.net/E00149/results,2026-08-29T10:38:54.893065+09:00
FY2025-03,1969,revenue,381661,JPY_million,100,OK|ROUNDING,kabutan_fy,381661,"381,661",kabutan_fy10,381661,"381,661",kabutan_fy=381661|kabutan_fy10=381661|kabutan_fy_profit=381661|irbank_pl_consolidated=381700|irbank_q=381700,https://kabutan.jp/stock/finance?code=1969,https://kabutan.jp/stock/finance?code=1969,2026-08-29T10:38:54.893065+09:00
FY2025-03,1969,roa,,pct,0.01,MISMATCH,kabutan_fy_profit,8.19,8.19,irbank_pl_consolidated,8.25,8.25,kabutan_fy_profit=8.19|irbank_pl_consolidated=8.25,https://kabutan.jp/stock/finance?code=1969,https://irbank.net/E00149/results,2026-08-29T10:38:54.893065+09:00
FY2025-03,1969,roe,,pct,0.01,MISMATCH,kabutan_fy_profit,16.02,16.02,irbank_pl_consolidated,15.29,15.29,kabutan_fy_profit=16.02|irbank_pl_consolidated=15.29,https://kabutan.jp/stock/finance?code=1969,https://irbank.net/E00149/results,2026-08-29T10:38:54.893065+09:00
FY2025-03,1969,sga_ratio,,pct,0.01,SINGLE_SOURCE,irbank_pl_consolidated,10.28,10.28,irbank_q,10.28,10.28%+0.44%,irbank_pl_consolidated=10.28|irbank_q=10.28,https://irbank.net/E00149/results,https://irbank.net/E00149/quarter,2026-08-29T10:38:54.893065+09:00
FY2025-03,1969,shareholders_equity,,JPY_million,100,SINGLE_SOURCE,irbank_bs,162200,1622億,,,,irbank_bs=162200,https://irbank.net/E00149/results,,2026-08-29T10:38:54.893065+09:00
FY2025-03,1969,total_assets,334949,JPY_million,100,OK|ROUNDING,kabutan_bs,334949,"334,949",irbank_bs,334900,3349億,kabutan_bs=334949|irbank_bs=334900,https://kabutan.jp/stock/finance?code=1969,https://irbank.net/E00149/results,2026-08-29T10:38:54.893065+09:00
FY2026-03,1969,bps,1603.89,JPY,0.01,OK|ROUNDING,kabutan_bs,1603.89,"1,603.89",irbank_bs,1603.88,1603.88,kabutan_bs=1603.89|irbank_bs=1603.88,https://kabutan.jp/stock/finance?code=1969,https://irbank.net/E00149/results,2026-08-29T10:38:54.893065+09:00
FY2026-03,1969,capex,,JPY_million,10,SINGLE_SOURCE,irbank_cf,-5030,-50.3億,,,,irbank_cf=-5030,https://irbank.net/E00149/results,,2026-08-29T10:38:54.893065+09:00
FY2026-03,1969,cash_equivalents,42537,JPY_million,100,OK|ROUNDING,kabutan_cf,42537,"42,537",irbank_cf,42500,425億,kabutan_cf=42537|irbank_cf=42500,https://kabutan.jp/stock/finance?code=1969,https://irbank.net/E00149/results,2026-08-29T10:38:54.893065+09:00
FY2026-03,1969,cost_ratio,,pct,0.01,SINGLE_SOURCE,irbank_pl_consolidated,77.89,77.89,irbank_q,77.89,77.89%-3.34%,irbank_pl_consolidated=77.89|irbank_q=77.89,https://irbank.net/E00149/results,https://irbank.net/E00149/quarter,2026-08-29T10:38:54.893065+09:00
FY2026-03,1969,eps,285.73,JPY,0.1,OK|ROUNDING,kabutan_fy,285.7,285.7,kabutan_fy_profit,285.7,285.7,kabutan_fy=285.7|kabutan_fy_profit=285.7|kabutan_record_fy=285.7|irbank_pl_consolidated=285.73,https://kabutan.jp/stock/finance?code=1969,https://kabutan.jp/stock/finance?code=1969,2026-08-29T10:38:54.893065+09:00
FY2026-03,1969,equity,,JPY_million,1,SINGLE_SOURCE,kabutan_bs,209889,"209,889",,,,kabutan_bs=209889,https://kabutan.jp/stock/finance?code=1969,,2026-08-29T10:38:54.893065+09:00
FY2026-03,1969,equity_ratio,55,pct,1,OK,kabutan_bs,55,55.0,irbank_bs,55,55,kabutan_bs=55|irbank_bs=55,https://kabutan.jp/stock/finance?code=1969,https://irbank.net/E00149/results,2026-08-29T10:38:54.893065+09:00
FY2026-03,1969,financing_cf,-16956,JPY_million,100,OK|ROUNDING,kabutan_cf,-16956,"-16,956",irbank_cf,-17000,-170億,kabutan_cf=-16956|irbank_cf=-17000,https://kabutan.jp/stock/finance?code=1969,https://irbank.net/E00149/results,2026-08-29T10:38:54.893065+09:00
FY2026-03,1969,free_cf,17885,JPY_million,100,OK|ROUNDING,kabutan_cf,17885,"17,885",irbank_cf,17900,179億,kabutan_cf=17885|irbank_cf=17900,https://kabutan.jp/stock/finance?code=1969,https://irbank.net/E00149/results,2026-08-29T10:38:54.893065+09:00
FY2026-03,1969,interest_bearing_debt,,JPY_million,100,SINGLE_SOURCE,irbank_bs,42400,424億,,,,irbank_bs=42400,https://irbank.net/E00149/results,,2026-08-29T10:38:54.893065+09:00
FY2026-03,1969,interest_bearing_debt_ratio,0.202,x,0.01,OK|ROUNDING|UNIT_CONVERTED,kabutan_bs,0.2,0.20,irbank_bs,0.202,20.2,kabutan_bs=0.2|irbank_bs=0.202,https://kabutan.jp/stock/finance?code=1969,https://irbank.net/E00149/results,2026-08-29T10:38:54.893065+09:00
FY2026-03,1969,investing_cf,-11840,JPY_million,100,OK|ROUNDING,kabutan_cf,-11840,"-11,840",irbank_cf,-11800,-118億,kabutan_cf=-11840|irbank_cf=-11800,https://kabutan.jp/stock/finance?code=1969,https://irbank.net/E00149/results,2026-08-29T10:38:54.893065+09:00
FY2026-03,1969,net_assets,,JPY_million,100,SINGLE_SOURCE,irbank_bs,215100,2151億,,,,irbank_bs=215100,https://irbank.net/E00149/results,,2026-08-29T10:38:54.893065+09:00
FY2026-03,1969,net_income,37470,JPY_million,100,OK|ROUNDING,kabutan_fy,37470,"37,470",kabutan_record_fy,37470,"37,470",kabutan_fy=37470|kabutan_record_fy=37470|irbank_pl_consolidated=37500,https://kabutan.jp/stock/finance?code=1969,https://kabutan.jp/stock/finance?code=1969,2026-08-29T10:38:54.893065+09:00
FY2026-03,1969,operating_cf,29725,JPY_million,100,OK|ROUNDING,kabutan_cf,29725,"29,725",irbank_cf,29700,297億,kabutan_cf=29725|irbank_cf=29700,https://kabutan.jp/stock/finance?code=1969,https://irbank.net/E00149/results,2026-08-29T10:38:54.893065+09:00
FY2026-03,1969,operating_income,47745,JPY_million,100,OK|ROUNDING,kabutan_fy,47745,"47,745",kabutan_fy_profit,47745,"47,745",kabutan_fy=47745|kabutan_fy_profit=47745|kabutan_cf=47745|kabutan_record_fy=47745|irbank_pl_consolidated=47700|irbank_q=47700,https://kabutan.jp/stock/finance?code=1969,https://kabutan.jp/stock/finance?code=1969,2026-08-29T10:38:54.893065+09:00
FY2026-03,1969,operating_margin,11.26,pct,0.01,OK,kabutan_fy_profit,11.26,11.26,irbank_pl_consolidated,11.26,11.26,kabutan_fy_profit=11.26|irbank_pl_consolidated=11.26|irbank_q=11.26,https://kabutan.jp/stock/finance?code=1969,https://irbank.net/E00149/results,2026-08-29T10:38:54.893065+09:00
FY2026-03,1969,ordinary_income,50642,JPY_million,100,OK|ROUNDING,kabutan_fy,50642,"50,642",kabutan_record_fy,50642,"50,642",kabutan_fy=50642|kabutan_record_fy=50642|irbank_pl_consolidated=50600|irbank_q=50600,https://kabutan.jp/stock/finance?code=1969,https://kabutan.jp/stock/finance?code=1969,2026-08-29T10:38:54.893065+09:00
FY2026-03,1969,retained_earnings,170683,JPY_million,100,OK|ROUNDING,kabutan_bs,170683,"170,683",irbank_bs,170700,1707億,kabutan_bs=170683|irbank_bs=170700,https://kabutan.jp/stock/finance?code=1969,https://irbank.net/E00149/results,2026-08-29T10:38:54.893065+09:00
FY2026-03,1969,revenue,423923,JPY_million,100,OK|ROUNDING,kabutan_fy,423923,"423,923",kabutan_fy10,423923,"423,923",kabutan_fy=423923|kabutan_fy10=423923|kabutan_fy_profit=423923|kabutan_record_fy=423923|irbank_pl_consolidated=423900|irbank_q=423900,https://kabutan.jp/stock/finance?code=1969,https://kabutan.jp/stock/finance?code=1969,2026-08-29T10:38:54.893065+09:00
FY2026-03,1969,roa,,pct,0.01,MISMATCH,kabutan_fy_profit,10.46,10.46,irbank_pl_consolidated,9.81,9.81,kabutan_fy_profit=10.46|irbank_pl_consolidated=9.81,https://kabutan.jp/stock/finance?code=1969,https://irbank.net/E00149/results,2026-08-29T10:38:54.893065+09:00
FY2026-03,1969,roe,,pct,0.01,MISMATCH,kabutan_fy_profit,19.19,19.19,irbank_pl_consolidated,17.85,17.85,kabutan_fy_profit=19.19|irbank_pl_consolidated=17.85,https://kabutan.jp/stock/finance?code=1969,https://irbank.net/E00149/results,2026-08-29T10:38:54.893065+09:00
FY2026-03,1969,sga_ratio,,pct,0.01,SINGLE_SOURCE,irbank_pl_consolidated,10.84,10.84,irbank_q,10.84,10.84%+0.56%,irbank_pl_consolidated=10.84|irbank_q=10.84,https://irbank.net/E00149/results,https://irbank.net/E00149/quarter,2026-08-29T10:38:54.893065+09:00
FY2026-03,1969,shareholders_equity,,JPY_million,100,SINGLE_SOURCE,irbank_bs,180800,1808億,,,,irbank_bs=180800,https://irbank.net/E00149/results,,2026-08-29T10:38:54.893065+09:00
FY2026-03,1969,total_assets,381823,JPY_million,100,OK|ROUNDING,kabutan_bs,381823,"381,823",irbank_bs,381800,3818億,kabutan_bs=381823|irbank_bs=381800,https://kabutan.jp/stock/finance?code=1969,https://irbank.net/E00149/results,2026-08-29T10:38:54.893065+09:00
FY2027-03,1969,eps_plan,305.6,JPY,0.1,OK,kabutan_fy,305.6,305.6,kabutan_fy10,305.6,305.6,kabutan_fy=305.6|kabutan_fy10=305.6|kabutan_fy_profit=305.6|irbank_pl_consolidated=305.6,https://kabutan.jp/stock/finance?code=1969,https://kabutan.jp/stock/finance?code=1969,2026-08-29T10:38:54.893065+09:00
FY2027-03,1969,net_income_plan,40000,JPY_million,100,OK,kabutan_fy,40000,"40,000",irbank_pl_consolidated,40000,400億,kabutan_fy=40000|irbank_pl_consolidated=40000,https://kabutan.jp/stock/finance?code=1969,https://irbank.net/E00149/results,2026-08-29T10:38:54.893065+09:00
FY2027-03,1969,operating_income_plan,50000,JPY_million,100,OK,kabutan_fy,50000,"50,000",kabutan_fy10,50000,"50,000",kabutan_fy=50000|kabutan_fy10=50000|kabutan_fy_profit=50000|irbank_pl_consolidated=50000,https://kabutan.jp/stock/finance?code=1969,https://kabutan.jp/stock/finance?code=1969,2026-08-29T10:38:54.893065+09:00
FY2027-03,1969,operating_margin_plan,11.36,pct,0.01,OK,kabutan_fy_profit,11.36,11.36,irbank_pl_consolidated,11.36,11.36,kabutan_fy_profit=11.36|irbank_pl_consolidated=11.36,https://kabutan.jp/stock/finance?code=1969,https://irbank.net/E00149/results,2026-08-29T10:38:54.893065+09:00
FY2027-03,1969,ordinary_income_plan,52000,JPY_million,100,OK,kabutan_fy,52000,"52,000",kabutan_fy10,52000,"52,000",kabutan_fy=52000|kabutan_fy10=52000|irbank_pl_consolidated=52000,https://kabutan.jp/stock/finance?code=1969,https://kabutan.jp/stock/finance?code=1969,2026-08-29T10:38:54.893065+09:00
FY2027-03,1969,revenue_plan,440000,JPY_million,100,OK,kabutan_fy,440000,"440,000",kabutan_fy10,440000,"440,000",kabutan_fy=440000|kabutan_fy10=440000|kabutan_fy_profit=440000|irbank_pl_consolidated=440000,https://kabutan.jp/stock/finance?code=1969,https://kabutan.jp/stock/finance?code=1969,2026-08-29T10:38:54.893065+09:00
FY2027-03,1969,roa_plan,11.38,pct,0.01,OK,kabutan_fy_profit,11.38,11.38,irbank_pl_consolidated,11.38,11.38,kabutan_fy_profit=11.38|irbank_pl_consolidated=11.38,https://kabutan.jp/stock/finance?code=1969,https://irbank.net/E00149/results,2026-08-29T10:38:54.893065+09:00
FY2027-03,1969,roe_plan,19.33,pct,0.01,OK,kabutan_fy_profit,19.33,19.33,irbank_pl_consolidated,19.33,19.33,kabutan_fy_profit=19.33|irbank_pl_consolidated=19.33,https://kabutan.jp/stock/finance?code=1969,https://irbank.net/E00149/results,2026-08-29T10:38:54.893065+09:00
H2023-04_2023-09,1969,eps,,JPY,0.1,SINGLE_SOURCE,kabutan_half,45.4,45.4,,,,kabutan_half=45.4,https://kabutan.jp/stock/finance?code=1969,,2026-08-29T10:38:54.893065+09:00
H2023-04_2023-09,1969,net_income,,JPY_million,1,SINGLE_SOURCE,kabutan_half,6021,"6,021",,,,kabutan_half=6021,https://kabutan.jp/stock/finance?code=1969,,2026-08-29T10:38:54.893065+09:00
H2023-04_2023-09,1969,operating_income,,JPY_million,1,SINGLE_SOURCE,kabutan_half,8205,"8,205",,,,kabutan_half=8205,https://kabutan.jp/stock/finance?code=1969,,2026-08-29T10:38:54.893065+09:00
H2023-04_2023-09,1969,ordinary_income,,JPY_million,1,SINGLE_SOURCE,kabutan_half,9256,"9,256",,,,kabutan_half=9256,https://kabutan.jp/stock/finance?code=1969,,2026-08-29T10:38:54.893065+09:00
H2023-04_2023-09,1969,revenue,,JPY_million,1,SINGLE_SOURCE,kabutan_half,164370,"164,370",,,,kabutan_half=164370,https://kabutan.jp/stock/finance?code=1969,,2026-08-29T10:38:54.893065+09:00
H2024-04_2024-09,1969,eps,,JPY,0.1,SINGLE_SOURCE,kabutan_half,61.7,61.7,,,,kabutan_half=61.7,https://kabutan.jp/stock/finance?code=1969,,2026-08-29T10:38:54.893065+09:00
H2024-04_2024-09,1969,net_income,,JPY_million,1,SINGLE_SOURCE,kabutan_half,8192,"8,192",,,,kabutan_half=8192,https://kabutan.jp/stock/finance?code=1969,,2026-08-29T10:38:54.893065+09:00
H2024-04_2024-09,1969,operating_income,,JPY_million,1,SINGLE_SOURCE,kabutan_half,9779,"9,779",,,,kabutan_half=9779,https://kabutan.jp/stock/finance?code=1969,,2026-08-29T10:38:54.893065+09:00
H2024-04_2024-09,1969,ordinary_income,,JPY_million,1,SINGLE_SOURCE,kabutan_half,11134,"11,134",,,,kabutan_half=11134,https://kabutan.jp/stock/finance?code=1969,,2026-08-29T10:38:54.893065+09:00
H2024-04_2024-09,1969,revenue,,JPY_million,1,SINGLE_SOURCE,kabutan_half,159910,"159,910",,,,kabutan_half=159910,https://kabutan.jp/stock/finance?code=1969,,2026-08-29T10:38:54.893065+09:00
H2025-04_2025-09,1969,eps,,JPY,0.1,SINGLE_SOURCE,kabutan_half,153.8,153.8,,,,kabutan_half=153.8,https://kabutan.jp/stock/finance?code=1969,,2026-08-29T10:38:54.893065+09:00
H2025-04_2025-09,1969,net_income,,JPY_million,1,SINGLE_SOURCE,kabutan_half,20201,"20,201",,,,kabutan_half=20201,https://kabutan.jp/stock/finance?code=1969,,2026-08-29T10:38:54.893065+09:00
H2025-04_2025-09,1969,operating_income,,JPY_million,1,SINGLE_SOURCE,kabutan_half,24679,"24,679",,,,kabutan_half=24679,https://kabutan.jp/stock/finance?code=1969,,2026-08-29T10:38:54.893065+09:00
H2025-04_2025-09,1969,ordinary_income,,JPY_million,1,SINGLE_SOURCE,kabutan_half,26111,"26,111",,,,kabutan_half=26111,https://kabutan.jp/stock/finance?code=1969,,2026-08-29T10:38:54.893065+09:00
H2025-04_2025-09,1969,revenue,,JPY_million,1,SINGLE_SOURCE,kabutan_half,194501,"194,501",,,,kabutan_half=194501,https://kabutan.jp/stock/finance?code=1969,,2026-08-29T10:38:54.893065+09:00
Q2021-07_2021-09,1969,revenue,,JPY_million,1,SINGLE_SOURCE,kabutan_q10,66700,"66,700",,,,kabutan_q10=66700,https://kabutan.jp/stock/finance?code=1969,,2026-08-29T10:38:54.893065+09:00
Q2021-10_2021-12,1969,revenue,,JPY_million,1,SINGLE_SOURCE,kabutan_q10,77886,"77,886",,,,kabutan_q10=77886,https://kabutan.jp/stock/finance?code=1969,,2026-08-29T10:38:54.893065+09:00
Q2022-01_2022-03,1969,revenue,,JPY_million,1,SINGLE_SOURCE,kabutan_q10,102585,"102,585",,,,kabutan_q10=102585,https://kabutan.jp/stock/finance?code=1969,,2026-08-29T10:38:54.893065+09:00
Q2022-04_2022-06,1969,cost_ratio,,pct,0.01,SINGLE_SOURCE,irbank_q,90.79,90.79%,,,,irbank_q=90.79,https://irbank.net/E00149/quarter,,2026-08-29T10:38:54.893065+09:00
Q2022-04_2022-06,1969,operating_income,,JPY_million,1,SINGLE_SOURCE,irbank_q,-677,-6.77億,,,,irbank_q=-677,https://irbank.net/E00149/quarter,,2026-08-29T10:38:54.893065+09:00
Q2022-04_2022-06,1969,operating_margin,,pct,0.01,SINGLE_SOURCE,irbank_q,-0.94,-0.94%,,,,irbank_q=-0.94,https://irbank.net/E00149/quarter,,2026-08-29T10:38:54.893065+09:00
Q2022-04_2022-06,1969,ordinary_income,,JPY_million,1,SINGLE_SOURCE,irbank_q,-157,-1.57億,,,,irbank_q=-157,https://irbank.net/E00149/quarter,,2026-08-29T10:38:54.893065+09:00
Q2022-04_2022-06,1969,revenue,72314,JPY_million,100,OK|ROUNDING,kabutan_q10,72314,"72,314",irbank_q,72300,723億,kabutan_q10=72314|irbank_q=72300,https://kabutan.jp/stock/finance?code=1969,https://irbank.net/E00149/quarter,2026-08-29T10:38:54.893065+09:00
Q2022-04_2022-06,1969,sga_ratio,,pct,0.01,SINGLE_SOURCE,irbank_q,10.15,10.15%,,,,irbank_q=10.15,https://irbank.net/E00149/quarter,,2026-08-29T10:38:54.893065+09:00
Q2022-07_2022-09,1969,cost_ratio,,pct,0.01,SINGLE_SOURCE,irbank_q,87.42,87.42%,,,,irbank_q=87.42,https://irbank.net/E00149/quarter,,2026-08-29T10:38:54.893065+09:00
Q2022-07_2022-09,1969,operating_income,,JPY_million,10,SINGLE_SOURCE,irbank_q,2230,22.3億,,,,irbank_q=2230,https://irbank.net/E00149/quarter,,2026-08-29T10:38:54.893065+09:00
Q2022-07_2022-09,1969,operating_margin,,pct,0.01,SINGLE_SOURCE,irbank_q,2.84,2.84%,,,,irbank_q=2.84,https://irbank.net/E00149/quarter,,2026-08-29T10:38:54.893065+09:00
Q2022-07_2022-09,1969,ordinary_income,,JPY_million,100,SINGLE_SOURCE,irbank_q,2500,25億,,,,irbank_q=2500,https://irbank.net/E00149/quarter,,2026-08-29T10:38:54.893065+09:00
Q2022-07_2022-09,1969,revenue,78487,JPY_million,100,OK|ROUNDING,kabutan_q10,78487,"78,487",irbank_q,78500,785億,kabutan_q10=78487|irbank_q=78500,https://kabutan.jp/stock/finance?code=1969,https://irbank.net/E00149/quarter,2026-08-29T10:38:54.893065+09:00
Q2022-07_2022-09,1969,sga_ratio,,pct,0.01,SINGLE_SOURCE,irbank_q,9.74,9.74%,,,,irbank_q=9.74,https://irbank.net/E00149/quarter,,2026-08-29T10:38:54.893065+09:00
Q2022-10_2022-12,1969,cost_ratio,,pct,0.01,SINGLE_SOURCE,irbank_q,84.01,84.01%,,,,irbank_q=84.01,https://irbank.net/E00149/quarter,,2026-08-29T10:38:54.893065+09:00
Q2022-10_2022-12,1969,operating_income,,JPY_million,10,SINGLE_SOURCE,irbank_q,6970,69.7億,,,,irbank_q=6970,https://irbank.net/E00149/quarter,,2026-08-29T10:38:54.893065+09:00
Q2022-10_2022-12,1969,operating_margin,,pct,0.01,SINGLE_SOURCE,irbank_q,7.93,7.93%,,,,irbank_q=7.93,https://irbank.net/E00149/quarter,,2026-08-29T10:38:54.893065+09:00
Q2022-10_2022-12,1969,ordinary_income,,JPY_million,10,SINGLE_SOURCE,irbank_q,7440,74.4億,,,,irbank_q=7440,https://irbank.net/E00149/quarter,,2026-08-29T10:38:54.893065+09:00
Q2022-10_2022-12,1969,revenue,87880,JPY_million,100,OK|ROUNDING,kabutan_q10,87880,"87,880",irbank_q,87900,879億,kabutan_q10=87880|irbank_q=87900,https://kabutan.jp/stock/finance?code=1969,https://irbank.net/E00149/quarter,2026-08-29T10:38:54.893065+09:00
Q2022-10_2022-12,1969,sga_ratio,,pct,0.01,SINGLE_SOURCE,irbank_q,8.07,8.07%,,,,irbank_q=8.07,https://irbank.net/E00149/quarter,,2026-08-29T10:38:54.893065+09:00
Q2023-01_2023-03,1969,cost_ratio,,pct,0.01,SINGLE_SOURCE,irbank_q,84.25,84.25%,,,,irbank_q=84.25,https://irbank.net/E00149/quarter,,2026-08-29T10:38:54.893065+09:00
Q2023-01_2023-03,1969,operating_income,,JPY_million,10,SINGLE_SOURCE,irbank_q,6810,68.1億,,,,irbank_q=6810,https://irbank.net/E00149/quarter,,2026-08-29T10:38:54.893065+09:00
Q2023-01_2023-03,1969,operating_margin,,pct,0.01,SINGLE_SOURCE,irbank_q,6.79,6.79%,,,,irbank_q=6.79,https://irbank.net/E00149/quarter,,2026-08-29T10:38:54.893065+09:00
Q2023-01_2023-03,1969,ordinary_income,,JPY_million,100,SINGLE_SOURCE,irbank_q,6900,69億,,,,irbank_q=6900,https://irbank.net/E00149/quarter,,2026-08-29T10:38:54.893065+09:00
Q2023-01_2023-03,1969,revenue,100150,JPY_million,100,OK|ROUNDING,kabutan_q10,100150,"100,150",irbank_q,100200,1002億,kabutan_q10=100150|irbank_q=100200,https://kabutan.jp/stock/finance?code=1969,https://irbank.net/E00149/quarter,2026-08-29T10:38:54.893065+09:00
Q2023-01_2023-03,1969,sga_ratio,,pct,0.01,SINGLE_SOURCE,irbank_q,8.95,8.95%,,,,irbank_q=8.95,https://irbank.net/E00149/quarter,,2026-08-29T10:38:54.893065+09:00
Q2023-04_2023-06,1969,cost_ratio,,pct,0.01,SINGLE_SOURCE,irbank_q,87.57,87.57%-3.22%,,,,irbank_q=87.57,https://irbank.net/E00149/quarter,,2026-08-29T10:38:54.893065+09:00
Q2023-04_2023-06,1969,operating_income,,JPY_million,10,SINGLE_SOURCE,irbank_q,2320,23.2億,,,,irbank_q=2320,https://irbank.net/E00149/quarter,,2026-08-29T10:38:54.893065+09:00
Q2023-04_2023-06,1969,operating_margin,,pct,0.01,SINGLE_SOURCE,irbank_q,2.96,2.96%,,,,irbank_q=2.96,https://irbank.net/E00149/quarter,,2026-08-29T10:38:54.893065+09:00
Q2023-04_2023-06,1969,ordinary_income,,JPY_million,10,SINGLE_SOURCE,irbank_q,3110,31.1億,,,,irbank_q=3110,https://irbank.net/E00149/quarter,,2026-08-29T10:38:54.893065+09:00
Q2023-04_2023-06,1969,revenue,78246,JPY_million,100,OK|ROUNDING,kabutan_q10,78246,"78,246",irbank_q,78200,782億+8.2%,kabutan_q10=78246|irbank_q=78200,https://kabutan.jp/stock/finance?code=1969,https://irbank.net/E00149/quarter,2026-08-29T10:38:54.893065+09:00
Q2023-04_2023-06,1969,sga_ratio,,pct,0.01,SINGLE_SOURCE,irbank_q,9.47,9.47%-0.68%,,,,irbank_q=9.47,https://irbank.net/E00149/quarter,,2026-08-29T10:38:54.893065+09:00
Q2023-07_2023-09,1969,cost_ratio,,pct,0.01,SINGLE_SOURCE,irbank_q,84.49,84.49%-2.93%,,,,irbank_q=84.49,https://irbank.net/E00149/quarter,,2026-08-29T10:38:54.893065+09:00
Q2023-07_2023-09,1969,operating_income,,JPY_million,10,SINGLE_SOURCE,irbank_q,5890,58.9億+163.7%,,,,irbank_q=5890,https://irbank.net/E00149/quarter,,2026-08-29T10:38:54.893065+09:00
Q2023-07_2023-09,1969,operating_margin,,pct,0.01,SINGLE_SOURCE,irbank_q,6.83,6.83%+3.99%,,,,irbank_q=6.83,https://irbank.net/E00149/quarter,,2026-08-29T10:38:54.893065+09:00
Q2023-07_2023-09,1969,ordinary_income,,JPY_million,10,SINGLE_SOURCE,irbank_q,6140,61.4億+145.3%,,,,irbank_q=6140,https://irbank.net/E00149/quarter,,2026-08-29T10:38:54.893065+09:00
Q2023-07_2023-09,1969,revenue,86124,JPY_million,100,OK|ROUNDING,kabutan_q10,86124,"86,124",irbank_q,86100,861億+9.7%,kabutan_q10=86124|irbank_q=86100,https://kabutan.jp/stock/finance?code=1969,https://irbank.net/E00149/quarter,2026-08-29T10:38:54.893065+09:00
Q2023-07_2023-09,1969,sga_ratio,,pct,0.01,SINGLE_SOURCE,irbank_q,8.68,8.68%-1.06%,,,,irbank_q=8.68,https://irbank.net/E00149/quarter,,2026-08-29T10:38:54.893065+09:00
Q2023-10_2023-12,1969,cost_ratio,,pct,0.1,SINGLE_SOURCE,irbank_q,80.2,80.2%-3.81%,,,,irbank_q=80.2,https://irbank.net/E00149/quarter,,2026-08-29T10:38:54.893065+09:00
Q2023-10_2023-12,1969,operating_income,,JPY_million,100,SINGLE_SOURCE,irbank_q,10300,103億+47.9%,,,,irbank_q=10300,https://irbank.net/E00149/quarter,,2026-08-29T10:38:54.893065+09:00
Q2023-10_2023-12,1969,operating_margin,,pct,0.01,SINGLE_SOURCE,irbank_q,10.37,10.37%+2.44%,,,,irbank_q=10.37,https://irbank.net/E00149/quarter,,2026-08-29T10:38:54.893065+09:00
Q2023-10_2023-12,1969,ordinary_income,,JPY_million,100,SINGLE_SOURCE,irbank_q,10800,108億+45.3%,,,,irbank_q=10800,https://irbank.net/E00149/quarter,,2026-08-29T10:38:54.893065+09:00
Q2023-10_2023-12,1969,revenue,99362,JPY_million,100,OK|ROUNDING,kabutan_q10,99362,"99,362",irbank_q,99400,994億+13.1%,kabutan_q10=99362|irbank_q=99400,https://kabutan.jp/stock/finance?code=1969,https://irbank.net/E00149/quarter,2026-08-29T10:38:54.893065+09:00
Q2023-10_2023-12,1969,sga_ratio,,pct,0.01,SINGLE_SOURCE,irbank_q,9.43,9.43%+1.36%,,,,irbank_q=9.43,https://irbank.net/E00149/quarter,,2026-08-29T10:38:54.893065+09:00
Q2024-01_2024-03,1969,cost_ratio,,pct,0.01,SINGLE_SOURCE,irbank_q,82.75,82.75%-1.5%,,,,irbank_q=82.75,https://irbank.net/E00149/quarter,,2026-08-29T10:38:54.893065+09:00
Q2024-01_2024-03,1969,operating_income,,JPY_million,10,SINGLE_SOURCE,irbank_q,5680,56.8億-16.5%,,,,irbank_q=5680,https://irbank.net/E00149/quarter,,2026-08-29T10:38:54.893065+09:00
Q2024-01_2024-03,1969,operating_margin,,pct,0.1,SINGLE_SOURCE,irbank_q,5.7,5.7%-1.09%,,,,irbank_q=5.7,https://irbank.net/E00149/quarter,,2026-08-29T10:38:54.893065+09:00
Q2024-01_2024-03,1969,ordinary_income,,JPY_million,10,SINGLE_SOURCE,irbank_q,6090,60.9億-11.8%,,,,irbank_q=6090,https://irbank.net/E00149/quarter,,2026-08-29T10:38:54.893065+09:00
Q2024-01_2024-03,1969,revenue,99634,JPY_million,100,OK|ROUNDING,kabutan_q10,99634,"99,634",irbank_q,99600,996億-0.5%,kabutan_q10=99634|irbank_q=99600,https://kabutan.jp/stock/finance?code=1969,https://irbank.net/E00149/quarter,2026-08-29T10:38:54.893065+09:00
Q2024-01_2024-03,1969,sga_ratio,,pct,0.01,SINGLE_SOURCE,irbank_q,11.55,11.55%+2.6%,,,,irbank_q=11.55,https://irbank.net/E00149/quarter,,2026-08-29T10:38:54.893065+09:00
Q2024-04_2024-06,1969,cost_ratio,,pct,0.01,SINGLE_SOURCE,irbank_q,85.65,85.65%-1.92%,,,,irbank_q=85.65,https://irbank.net/E00149/quarter,,2026-08-29T10:38:54.893065+09:00
Q2024-04_2024-06,1969,eps,,JPY,0.1,SINGLE_SOURCE,kabutan_ytd_h1,15.3,15.3,,,,kabutan_ytd_h1=15.3,https://kabutan.jp/stock/finance?code=1969,,2026-08-29T10:38:54.893065+09:00
Q2024-04_2024-06,1969,net_income,,JPY_million,1,SINGLE_SOURCE,kabutan_ytd_h1,2027,"2,027",,,,kabutan_ytd_h1=2027,https://kabutan.jp/stock/finance?code=1969,,2026-08-29T10:38:54.893065+09:00
Q2024-04_2024-06,1969,operating_income,1897,JPY_million,100,OK|ROUNDING,kabutan_ytd_h1,1897,"1,897",irbank_q,1900,19億-18.2%,kabutan_ytd_h1=1897|irbank_q=1900,https://kabutan.jp/stock/finance?code=1969,https://irbank.net/E00149/quarter,2026-08-29T10:38:54.893065+09:00
Q2024-04_2024-06,1969,operating_margin,,pct,0.01,SINGLE_SOURCE,irbank_q,2.69,2.69%-0.27%,,,,irbank_q=2.69,https://irbank.net/E00149/quarter,,2026-08-29T10:38:54.893065+09:00
Q2024-04_2024-06,1969,ordinary_income,2910,JPY_million,10,OK,kabutan_ytd_h1,2910,"2,910",irbank_q,2910,29.1億-6.6%,kabutan_ytd_h1=2910|irbank_q=2910,https://kabutan.jp/stock/finance?code=1969,https://irbank.net/E00149/quarter,2026-08-29T10:38:54.893065+09:00
Q2024-04_2024-06,1969,revenue,70415,JPY_million,100,OK|ROUNDING,kabutan_ytd_h1,70415,"70,415",kabutan_q10,70415,"70,415",kabutan_ytd_h1=70415|kabutan_q10=70415|irbank_q=70400,https://kabutan.jp/stock/finance?code=1969,https://kabutan.jp/stock/finance?code=1969,2026-08-29T10:38:54.893065+09:00
Q2024-04_2024-06,1969,sga_ratio,,pct,0.01,SINGLE_SOURCE,irbank_q,11.65,11.65%+2.18%,,,,irbank_q=11.65,https://irbank.net/E00149/quarter,,2026-08-29T10:38:54.893065+09:00
Q2024-07_2024-09,1969,cost_ratio,,pct,0.01,SINGLE_SOURCE,irbank_q,81.47,81.47%-3.02%,,,,irbank_q=81.47,https://irbank.net/E00149/quarter,,2026-08-29T10:38:54.893065+09:00
Q2024-07_2024-09,1969,eps,,JPY,0.1,SINGLE_SOURCE,kabutan_q,46.4,46.4,,,,kabutan_q=46.4,https://kabutan.jp/stock/finance?code=1969,,2026-08-29T10:38:54.893065+09:00
Q2024-07_2024-09,1969,net_income,,JPY_million,1,SINGLE_SOURCE,kabutan_q,6165,"6,165",,,,kabutan_q=6165,https://kabutan.jp/stock/finance?code=1969,,2026-08-29T10:38:54.893065+09:00
Q2024-07_2024-09,1969,operating_income,7882,JPY_million,10,OK|ROUNDING,kabutan_q,7882,"7,882",irbank_q,7880,78.8億+33.9%,kabutan_q=7882|irbank_q=7880,https://kabutan.jp/stock/finance?code=1969,https://irbank.net/E00149/quarter,2026-08-29T10:38:54.893065+09:00
Q2024-07_2024-09,1969,operating_margin,8.81,pct,0.1,OK|ROUNDING,kabutan_q,8.8,8.8,irbank_q,8.81,8.81%+1.98%,kabutan_q=8.8|irbank_q=8.81,https://kabutan.jp/stock/finance?code=1969,https://irbank.net/E00149/quarter,2026-08-29T10:38:54.893065+09:00
Q2024-07_2024-09,1969,ordinary_income,8224,JPY_million,10,OK|ROUNDING,kabutan_q,8224,"8,224",irbank_q,8220,82.2億+33.9%,kabutan_q=8224|irbank_q=8220,https://kabutan.jp/stock/finance?code=1969,https://irbank.net/E00149/quarter,2026-08-29T10:38:54.893065+09:00
Q2024-07_2024-09,1969,revenue,89495,JPY_million,100,OK|ROUNDING,kabutan_q,89495,"89,495",kabutan_q10,89495,"89,495",kabutan_q=89495|kabutan_q10=89495|irbank_q=89500,https://kabutan.jp/stock/finance?code=1969,https://kabutan.jp/stock/finance?code=1969,2026-08-29T10:38:54.893065+09:00
Q2024-07_2024-09,1969,sga_ratio,,pct,0.01,SINGLE_SOURCE,irbank_q,9.72,9.72%+1.04%,,,,irbank_q=9.72,https://irbank.net/E00149/quarter,,2026-08-29T10:38:54.893065+09:00
Q2024-10_2024-12,1969,cost_ratio,,pct,1,SINGLE_SOURCE,irbank_q,80,80%-0.2%,,,,irbank_q=80,https://irbank.net/E00149/quarter,,2026-08-29T10:38:54.893065+09:00
Q2024-10_2024-12,1969,eps,,JPY,0.1,SINGLE_SOURCE,kabutan_q,63.5,63.5,,,,kabutan_q=63.5,https://kabutan.jp/stock/finance?code=1969,,2026-08-29T10:38:54.893065+09:00
Q2024-10_2024-12,1969,net_income,,JPY_million,1,SINGLE_SOURCE,kabutan_q,8429,"8,429",,,,kabutan_q=8429,https://kabutan.jp/stock/finance?code=1969,,2026-08-29T10:38:54.893065+09:00
Q2024-10_2024-12,1969,operating_income,11146,JPY_million,100,OK|ROUNDING,kabutan_q,11146,"11,146",irbank_q,11100,111億+8.2%,kabutan_q=11146|irbank_q=11100,https://kabutan.jp/stock/finance?code=1969,https://irbank.net/E00149/quarter,2026-08-29T10:38:54.893065+09:00
Q2024-10_2024-12,1969,operating_margin,10.59,pct,0.1,OK|ROUNDING,kabutan_q,10.6,10.6,irbank_q,10.59,10.59%+0.22%,kabutan_q=10.6|irbank_q=10.59,https://kabutan.jp/stock/finance?code=1969,https://irbank.net/E00149/quarter,2026-08-29T10:38:54.893065+09:00
Q2024-10_2024-12,1969,ordinary_income,11768,JPY_million,100,OK|ROUNDING,kabutan_q,11768,"11,768",irbank_q,11800,118億+8.9%,kabutan_q=11768|irbank_q=11800,https://kabutan.jp/stock/finance?code=1969,https://irbank.net/E00149/quarter,2026-08-29T10:38:54.893065+09:00
Q2024-10_2024-12,1969,revenue,105283,JPY_million,100,OK|ROUNDING,kabutan_q,105283,"105,283",kabutan_q10,105283,"105,283",kabutan_q=105283|kabutan_q10=105283|irbank_q=105300,https://kabutan.jp/stock/finance?code=1969,https://kabutan.jp/stock/finance?code=1969,2026-08-29T10:38:54.893065+09:00
Q2024-10_2024-12,1969,sga_ratio,,pct,0.01,SINGLE_SOURCE,irbank_q,9.41,9.41%-0.02%,,,,irbank_q=9.41,https://irbank.net/E00149/quarter,,2026-08-29T10:38:54.893065+09:00
Q2025-01_2025-03,1969,cost_ratio,,pct,0.01,SINGLE_SOURCE,irbank_q,79.47,79.47%-3.28%,,,,irbank_q=79.47,https://irbank.net/E00149/quarter,,2026-08-29T10:38:54.893065+09:00
Q2025-01_2025-03,1969,eps,,JPY,0.1,SINGLE_SOURCE,kabutan_q,82.9,82.9,,,,kabutan_q=82.9,https://kabutan.jp/stock/finance?code=1969,,2026-08-29T10:38:54.893065+09:00
Q2025-01_2025-03,1969,net_income,,JPY_million,1,SINGLE_SOURCE,kabutan_q,11010,"11,010",,,,kabutan_q=11010,https://kabutan.jp/stock/finance?code=1969,,2026-08-29T10:38:54.893065+09:00
Q2025-01_2025-03,1969,operating_income,11490,JPY_million,100,OK|ROUNDING,kabutan_q,11490,"11,490",irbank_q,11500,115億+102.2%,kabutan_q=11490|irbank_q=11500,https://kabutan.jp/stock/finance?code=1969,https://irbank.net/E00149/quarter,2026-08-29T10:38:54.893065+09:00
Q2025-01_2025-03,1969,operating_margin,9.87,pct,0.1,OK|ROUNDING,kabutan_q,9.9,9.9,irbank_q,9.87,9.87%+4.17%,kabutan_q=9.9|irbank_q=9.87,https://kabutan.jp/stock/finance?code=1969,https://irbank.net/E00149/quarter,2026-08-29T10:38:54.893065+09:00
Q2025-01_2025-03,1969,ordinary_income,12068,JPY_million,100,OK|ROUNDING,kabutan_q,12068,"12,068",irbank_q,12100,121億+98.3%,kabutan_q=12068|irbank_q=12100,https://kabutan.jp/stock/finance?code=1969,https://irbank.net/E00149/quarter,2026-08-29T10:38:54.893065+09:00
Q2025-01_2025-03,1969,revenue,116468,JPY_million,100,OK|ROUNDING,kabutan_q,116468,"116,468",kabutan_q10,116468,"116,468",kabutan_q=116468|kabutan_q10=116468|irbank_q=116500,https://kabutan.jp/stock/finance?code=1969,https://kabutan.jp/stock/finance?code=1969,2026-08-29T10:38:54.893065+09:00
Q2025-01_2025-03,1969,sga_ratio,,pct,0.01,SINGLE_SOURCE,irbank_q,10.66,10.66%-0.89%,,,,irbank_q=10.66,https://irbank.net/E00149/quarter,,2026-08-29T10:38:54.893065+09:00
Q2025-04_2025-06,1969,cost_ratio,,pct,0.01,SINGLE_SOURCE,irbank_q,78.87,78.87%-6.78%,,,,irbank_q=78.87,https://irbank.net/E00149/quarter,,2026-08-29T10:38:54.893065+09:00
Q2025-04_2025-06,1969,eps,,JPY,0.1,SINGLE_SOURCE,kabutan_ytd_h1,68,68.0,kabutan_q,68,68.0,kabutan_ytd_h1=68|kabutan_q=68,https://kabutan.jp/stock/finance?code=1969,https://kabutan.jp/stock/finance?code=1969,2026-08-29T10:38:54.893065+09:00
Q2025-04_2025-06,1969,net_income,,JPY_million,1,SINGLE_SOURCE,kabutan_ytd_h1,8956,"8,956",kabutan_q,8956,"8,956",kabutan_ytd_h1=8956|kabutan_q=8956,https://kabutan.jp/stock/finance?code=1969,https://kabutan.jp/stock/finance?code=1969,2026-08-29T10:38:54.893065+09:00
Q2025-04_2025-06,1969,operating_income,10117,JPY_million,100,OK|ROUNDING,kabutan_ytd_h1,10117,"10,117",kabutan_q,10117,"10,117",kabutan_ytd_h1=10117|kabutan_q=10117|irbank_q=10100,https://kabutan.jp/stock/finance?code=1969,https://kabutan.jp/stock/finance?code=1969,2026-08-29T10:38:54.893065+09:00
Q2025-04_2025-06,1969,operating_margin,10.74,pct,0.1,OK|ROUNDING,kabutan_q,10.7,10.7,irbank_q,10.74,10.74%+8.05%,kabutan_q=10.7|irbank_q=10.74,https://kabutan.jp/stock/finance?code=1969,https://irbank.net/E00149/quarter,2026-08-29T10:38:54.893065+09:00
Q2025-04_2025-06,1969,ordinary_income,10906,JPY_million,100,OK|ROUNDING,kabutan_ytd_h1,10906,"10,906",kabutan_q,10906,"10,906",kabutan_ytd_h1=10906|kabutan_q=10906|irbank_q=10900,https://kabutan.jp/stock/finance?code=1969,https://kabutan.jp/stock/finance?code=1969,2026-08-29T10:38:54.893065+09:00
Q2025-04_2025-06,1969,revenue,94205,JPY_million,100,OK|ROUNDING,kabutan_ytd_h1,94205,"94,205",kabutan_q,94205,"94,205",kabutan_ytd_h1=94205|kabutan_q=94205|kabutan_q10=94205|irbank_q=94200,https://kabutan.jp/stock/finance?code=1969,https://kabutan.jp/stock/finance?code=1969,2026-08-29T10:38:54.893065+09:00
Q2025-04_2025-06,1969,sga_ratio,,pct,0.01,SINGLE_SOURCE,irbank_q,10.39,10.39%-1.26%,,,,irbank_q=10.39,https://irbank.net/E00149/quarter,,2026-08-29T10:38:54.893065+09:00
Q2025-07_2025-09,1969,cost_ratio,,pct,0.01,SINGLE_SOURCE,irbank_q,75.58,75.58%-5.89%,,,,irbank_q=75.58,https://irbank.net/E00149/quarter,,2026-08-29T10:38:54.893065+09:00
Q2025-07_2025-09,1969,eps,,JPY,0.1,SINGLE_SOURCE,kabutan_q,85.6,85.6,kabutan_record_q,85.6,85.6,kabutan_q=85.6|kabutan_record_q=85.6,https://kabutan.jp/stock/finance?code=1969,https://kabutan.jp/stock/finance?code=1969,2026-08-29T10:38:54.893065+09:00
Q2025-07_2025-09,1969,net_income,,JPY_million,1,SINGLE_SOURCE,kabutan_q,11245,"11,245",kabutan_record_q,11245,"11,245",kabutan_q=11245|kabutan_record_q=11245,https://kabutan.jp/stock/finance?code=1969,https://kabutan.jp/stock/finance?code=1969,2026-08-29T10:38:54.893065+09:00
Q2025-07_2025-09,1969,operating_income,14562,JPY_million,100,OK|ROUNDING,kabutan_q,14562,"14,562",kabutan_record_q,14562,"14,562",kabutan_q=14562|kabutan_record_q=14562|irbank_q=14600,https://kabutan.jp/stock/finance?code=1969,https://kabutan.jp/stock/finance?code=1969,2026-08-29T10:38:54.893065+09:00
Q2025-07_2025-09,1969,operating_margin,14.52,pct,0.1,OK|ROUNDING,kabutan_q,14.5,14.5,irbank_q,14.52,14.52%+5.71%,kabutan_q=14.5|irbank_q=14.52,https://kabutan.jp/stock/finance?code=1969,https://irbank.net/E00149/quarter,2026-08-29T10:38:54.893065+09:00
Q2025-07_2025-09,1969,ordinary_income,15205,JPY_million,100,OK|ROUNDING,kabutan_q,15205,"15,205",irbank_q,15200,152億+84.9%,kabutan_q=15205|irbank_q=15200,https://kabutan.jp/stock/finance?code=1969,https://irbank.net/E00149/quarter,2026-08-29T10:38:54.893065+09:00
Q2025-07_2025-09,1969,revenue,100296,JPY_million,100,OK|ROUNDING,kabutan_q,100296,"100,296",kabutan_q10,100296,"100,296",kabutan_q=100296|kabutan_q10=100296|irbank_q=100300,https://kabutan.jp/stock/finance?code=1969,https://kabutan.jp/stock/finance?code=1969,2026-08-29T10:38:54.893065+09:00
Q2025-07_2025-09,1969,sga_ratio,,pct,0.1,SINGLE_SOURCE,irbank_q,9.9,9.9%+0.18%,,,,irbank_q=9.9,https://irbank.net/E00149/quarter,,2026-08-29T10:38:54.893065+09:00
Q2025-10_2025-12,1969,cost_ratio,,pct,0.01,SINGLE_SOURCE,irbank_q,77.24,77.24%-2.76%,,,,irbank_q=77.24,https://irbank.net/E00149/quarter,,2026-08-29T10:38:54.893065+09:00
Q2025-10_2025-12,1969,eps,,JPY,0.1,SINGLE_SOURCE,kabutan_q,84.2,84.2,,,,kabutan_q=84.2,https://kabutan.jp/stock/finance?code=1969,,2026-08-29T10:38:54.893065+09:00
Q2025-10_2025-12,1969,net_income,,JPY_million,1,SINGLE_SOURCE,kabutan_q,11054,"11,054",,,,kabutan_q=11054,https://kabutan.jp/stock/finance?code=1969,,2026-08-29T10:38:54.893065+09:00
Q2025-10_2025-12,1969,operating_income,14416,JPY_million,100,OK|ROUNDING,kabutan_q,14416,"14,416",irbank_q,14400,144億+29.3%,kabutan_q=14416|irbank_q=14400,https://kabutan.jp/stock/finance?code=1969,https://irbank.net/E00149/quarter,2026-08-29T10:38:54.893065+09:00
Q2025-10_2025-12,1969,operating_margin,12.93,pct,0.1,OK|ROUNDING,kabutan_q,12.9,12.9,irbank_q,12.93,12.93%+2.34%,kabutan_q=12.9|irbank_q=12.93,https://kabutan.jp/stock/finance?code=1969,https://irbank.net/E00149/quarter,2026-08-29T10:38:54.893065+09:00
Q2025-10_2025-12,1969,ordinary_income,15342,JPY_million,100,OK|ROUNDING,kabutan_q,15342,"15,342",kabutan_record_q,15342,"15,342",kabutan_q=15342|kabutan_record_q=15342|irbank_q=15300,https://kabutan.jp/stock/finance?code=1969,https://kabutan.jp/stock/finance?code=1969,2026-08-29T10:38:54.893065+09:00
Q2025-10_2025-12,1969,revenue,111524,JPY_million,100,OK|ROUNDING,kabutan_q,111524,"111,524",kabutan_q10,111524,"111,524",kabutan_q=111524|kabutan_q10=111524|irbank_q=111500,https://kabutan.jp/stock/finance?code=1969,https://kabutan.jp/stock/finance?code=1969,2026-08-29T10:38:54.893065+09:00
Q2025-10_2025-12,1969,sga_ratio,,pct,0.01,SINGLE_SOURCE,irbank_q,9.83,9.83%+0.42%,,,,irbank_q=9.83,https://irbank.net/E00149/quarter,,2026-08-29T10:38:54.893065+09:00
Q2026-01_2026-03,1969,cost_ratio,,pct,0.01,SINGLE_SOURCE,irbank_q,79.69,79.69%+0.22%,,,,irbank_q=79.69,https://irbank.net/E00149/quarter,,2026-08-29T10:38:54.893065+09:00
Q2026-01_2026-03,1969,eps,,JPY,0.1,SINGLE_SOURCE,kabutan_q,47.4,47.4,,,,kabutan_q=47.4,https://kabutan.jp/stock/finance?code=1969,,2026-08-29T10:38:54.893065+09:00
Q2026-01_2026-03,1969,net_income,,JPY_million,1,SINGLE_SOURCE,kabutan_q,6215,"6,215",,,,kabutan_q=6215,https://kabutan.jp/stock/finance?code=1969,,2026-08-29T10:38:54.893065+09:00
Q2026-01_2026-03,1969,operating_income,8650,JPY_million,10,OK,kabutan_q,8650,"8,650",irbank_q,8650,86.5億-24.7%,kabutan_q=8650|irbank_q=8650,https://kabutan.jp/stock/finance?code=1969,https://irbank.net/E00149/quarter,2026-08-29T10:38:54.893065+09:00
Q2026-01_2026-03,1969,operating_margin,7.34,pct,0.1,OK|ROUNDING,kabutan_q,7.3,7.3,irbank_q,7.34,7.34%-2.53%,kabutan_q=7.3|irbank_q=7.34,https://kabutan.jp/stock/finance?code=1969,https://irbank.net/E00149/quarter,2026-08-29T10:38:54.893065+09:00
Q2026-01_2026-03,1969,ordinary_income,9189,JPY_million,10,OK|ROUNDING,kabutan_q,9189,"9,189",irbank_q,9190,91.9億-23.9%,kabutan_q=9189|irbank_q=9190,https://kabutan.jp/stock/finance?code=1969,https://irbank.net/E00149/quarter,2026-08-29T10:38:54.893065+09:00
Q2026-01_2026-03,1969,revenue,117898,JPY_million,100,OK|ROUNDING,kabutan_q,117898,"117,898",kabutan_q10,117898,"117,898",kabutan_q=117898|kabutan_q10=117898|kabutan_record_q=117898|irbank_q=117900,https://kabutan.jp/stock/finance?code=1969,https://kabutan.jp/stock/finance?code=1969,2026-08-29T10:38:54.893065+09:00
Q2026-01_2026-03,1969,sga_ratio,,pct,0.01,SINGLE_SOURCE,irbank_q,12.97,12.97%+2.31%,,,,irbank_q=12.97,https://irbank.net/E00149/quarter,,2026-08-29T10:38:54.893065+09:00
Q2026-04_2026-06,1969,cost_ratio,,pct,0.01,SINGLE_SOURCE,irbank_q,77.53,77.53%-1.34%,,,,irbank_q=77.53,https://irbank.net/E00149/quarter,,2026-08-29T10:38:54.893065+09:00
Q2026-04_2026-06,1969,eps,,JPY,0.1,SINGLE_SOURCE,kabutan_ytd_h1,49,49.0,kabutan_q,49,49.0,kabutan_ytd_h1=49|kabutan_q=49|kabutan_q10=49,https://kabutan.jp/stock/finance?code=1969,https://kabutan.jp/stock/finance?code=1969,2026-08-29T10:38:54.893065+09:00
Q2026-04_2026-06,1969,equity,,JPY_million,1,SINGLE_SOURCE,kabutan_bs,206973,"206,973",,,,kabutan_bs=206973,https://kabutan.jp/stock/finance?code=1969,,2026-08-29T10:38:54.893065+09:00
Q2026-04_2026-06,1969,equity_ratio,,pct,0.1,SINGLE_SOURCE,kabutan_bs,58.9,58.9,,,,kabutan_bs=58.9,https://kabutan.jp/stock/finance?code=1969,,2026-08-29T10:38:54.893065+09:00
Q2026-04_2026-06,1969,interest_bearing_debt_ratio,,x,0.01,SINGLE_SOURCE,kabutan_bs,0.2,0.20,,,,kabutan_bs=0.2,https://kabutan.jp/stock/finance?code=1969,,2026-08-29T10:38:54.893065+09:00
Q2026-04_2026-06,1969,net_income,,JPY_million,1,SINGLE_SOURCE,kabutan_ytd_h1,6408,"6,408",kabutan_q,6408,"6,408",kabutan_ytd_h1=6408|kabutan_q=6408,https://kabutan.jp/stock/finance?code=1969,https://kabutan.jp/stock/finance?code=1969,2026-08-29T10:38:54.893065+09:00
Q2026-04_2026-06,1969,operating_income,8481,JPY_million,10,OK|ROUNDING,kabutan_ytd_h1,8481,"8,481",kabutan_q,8481,"8,481",kabutan_ytd_h1=8481|kabutan_q=8481|kabutan_q10=8481|irbank_q=8480,https://kabutan.jp/stock/finance?code=1969,https://kabutan.jp/stock/finance?code=1969,2026-08-29T10:38:54.893065+09:00
Q2026-04_2026-06,1969,operating_margin,9.99,pct,0.1,OK|ROUNDING,kabutan_q,10,10.0,irbank_q,9.99,9.99%-0.75%,kabutan_q=10|irbank_q=9.99,https://kabutan.jp/stock/finance?code=1969,https://irbank.net/E00149/quarter,2026-08-29T10:38:54.893065+09:00
Q2026-04_2026-06,1969,ordinary_income,9621,JPY_million,10,OK|ROUNDING,kabutan_ytd_h1,9621,"9,621",kabutan_q,9621,"9,621",kabutan_ytd_h1=9621|kabutan_q=9621|kabutan_q10=9621|irbank_q=9620,https://kabutan.jp/stock/finance?code=1969,https://kabutan.jp/stock/finance?code=1969,2026-08-29T10:38:54.893065+09:00
Q2026-04_2026-06,1969,retained_earnings,,JPY_million,1,SINGLE_SOURCE,kabutan_bs,167490,"167,490",,,,kabutan_bs=167490,https://kabutan.jp/stock/finance?code=1969,,2026-08-29T10:38:54.893065+09:00
Q2026-04_2026-06,1969,revenue,84922,JPY_million,100,OK|ROUNDING,kabutan_ytd_h1,84922,"84,922",kabutan_q,84922,"84,922",kabutan_ytd_h1=84922|kabutan_q=84922|kabutan_q10=84922|irbank_q=84900,https://kabutan.jp/stock/finance?code=1969,https://kabutan.jp/stock/finance?code=1969,2026-08-29T10:38:54.893065+09:00
Q2026-04_2026-06,1969,sga_ratio,,pct,0.01,SINGLE_SOURCE,irbank_q,12.48,12.48%+2.09%,,,,irbank_q=12.48,https://irbank.net/E00149/quarter,,2026-08-29T10:38:54.893065+09:00
Q2026-04_2026-06,1969,total_assets,,JPY_million,1,SINGLE_SOURCE,kabutan_bs,351491,"351,491",,,,kabutan_bs=351491,https://kabutan.jp/stock/finance?code=1969,,2026-08-29T10:38:54.893065+09:00
