period,code,metric,value,unit,tolerance,status,source_primary,value_primary,raw_primary,source_secondary,value_secondary,raw_secondary,sources_all,source_url_primary,source_url_secondary,fetched_at
FY2002-03,3040,revenue,,JPY_million,1,SINGLE_SOURCE|NONCONSOLIDATED|PERIOD_ASTERISK,kabutan_fy10,14893,"14,893",,,,kabutan_fy10=14893,https://kabutan.jp/stock/finance?code=3040,,2026-10-09T22:21:14.745823+09:00
FY2003-03,3040,revenue,,JPY_million,1,SINGLE_SOURCE|NONCONSOLIDATED|PERIOD_ASTERISK,kabutan_fy10,16447,"16,447",,,,kabutan_fy10=16447,https://kabutan.jp/stock/finance?code=3040,,2026-10-09T22:21:14.745823+09:00
FY2004-03,3040,revenue,,JPY_million,1,SINGLE_SOURCE|NONCONSOLIDATED|PERIOD_ASTERISK,kabutan_fy10,16014,"16,014",,,,kabutan_fy10=16014,https://kabutan.jp/stock/finance?code=3040,,2026-10-09T22:21:14.745823+09:00
FY2005-03,3040,revenue,,JPY_million,1,SINGLE_SOURCE|PERIOD_ASTERISK,kabutan_fy10,14644,"14,644",,,,kabutan_fy10=14644,https://kabutan.jp/stock/finance?code=3040,,2026-10-09T22:21:14.745823+09:00
FY2006-03,3040,revenue,,JPY_million,1,SINGLE_SOURCE|PERIOD_ASTERISK,kabutan_fy10,20628,"20,628",kabutan_record_fy,20628,"20,628",kabutan_fy10=20628|kabutan_record_fy=20628,https://kabutan.jp/stock/finance?code=3040,https://kabutan.jp/stock/finance?code=3040,2026-10-09T22:21:14.745823+09:00
FY2007-03,3040,revenue,,JPY_million,1,SINGLE_SOURCE,kabutan_fy10,19197,"19,197",,,,kabutan_fy10=19197,https://kabutan.jp/stock/finance?code=3040,,2026-10-09T22:21:14.745823+09:00
FY2008-03,3040,capex,,JPY_million,1,SINGLE_SOURCE,irbank_cf,-501,-5.01億,,,,irbank_cf=-501,https://irbank.net/E05592/results,,2026-10-09T22:21:14.745823+09:00
FY2008-03,3040,cash_equivalents,,JPY_million,1,SINGLE_SOURCE,irbank_cf,822,8.22億,,,,irbank_cf=822,https://irbank.net/E05592/results,,2026-10-09T22:21:14.745823+09:00
FY2008-03,3040,cost_ratio,,pct,0.01,SINGLE_SOURCE,irbank_pl_consolidated,70.32,70.32,,,,irbank_pl_consolidated=70.32,https://irbank.net/E05592/results,,2026-10-09T22:21:14.745823+09:00
FY2008-03,3040,equity_ratio,,pct,0.1,SINGLE_SOURCE,irbank_bs,41.5,41.5,,,,irbank_bs=41.5,https://irbank.net/E05592/results,,2026-10-09T22:21:14.745823+09:00
FY2008-03,3040,financing_cf,,JPY_million,1,SINGLE_SOURCE,irbank_cf,223,2.23億,,,,irbank_cf=223,https://irbank.net/E05592/results,,2026-10-09T22:21:14.745823+09:00
FY2008-03,3040,free_cf,,JPY_million,1,SINGLE_SOURCE,irbank_cf,-178,-1.78億,,,,irbank_cf=-178,https://irbank.net/E05592/results,,2026-10-09T22:21:14.745823+09:00
FY2008-03,3040,interest_bearing_debt,,JPY_million,10,SINGLE_SOURCE,irbank_bs,2050,20.5億,,,,irbank_bs=2050,https://irbank.net/E05592/results,,2026-10-09T22:21:14.745823+09:00
FY2008-03,3040,interest_bearing_debt_ratio,,x,0.0001,SINGLE_SOURCE|UNIT_CONVERTED,irbank_bs,0.4244,42.44,,,,irbank_bs=0.4244,https://irbank.net/E05592/results,,2026-10-09T22:21:14.745823+09:00
FY2008-03,3040,investing_cf,,JPY_million,1,SINGLE_SOURCE,irbank_cf,-723,-7.23億,,,,irbank_cf=-723,https://irbank.net/E05592/results,,2026-10-09T22:21:14.745823+09:00
FY2008-03,3040,net_assets,,JPY_million,10,SINGLE_SOURCE,irbank_bs,4840,48.4億,,,,irbank_bs=4840,https://irbank.net/E05592/results,,2026-10-09T22:21:14.745823+09:00
FY2008-03,3040,net_income,,JPY_million,1,SINGLE_SOURCE,irbank_pl_consolidated,476,4.76億,,,,irbank_pl_consolidated=476,https://irbank.net/E05592/results,,2026-10-09T22:21:14.745823+09:00
FY2008-03,3040,operating_cf,,JPY_million,1,SINGLE_SOURCE,irbank_cf,545,5.45億,,,,irbank_cf=545,https://irbank.net/E05592/results,,2026-10-09T22:21:14.745823+09:00
FY2008-03,3040,operating_income,,JPY_million,10,SINGLE_SOURCE,irbank_pl_consolidated,1360,13.6億,,,,irbank_pl_consolidated=1360,https://irbank.net/E05592/results,,2026-10-09T22:21:14.745823+09:00
FY2008-03,3040,operating_margin,,pct,0.1,SINGLE_SOURCE,irbank_pl_consolidated,8.5,8.5,,,,irbank_pl_consolidated=8.5,https://irbank.net/E05592/results,,2026-10-09T22:21:14.745823+09:00
FY2008-03,3040,ordinary_income,,JPY_million,10,SINGLE_SOURCE,irbank_pl_consolidated,930,9.3億,,,,irbank_pl_consolidated=930,https://irbank.net/E05592/results,,2026-10-09T22:21:14.745823+09:00
FY2008-03,3040,retained_earnings,,JPY_million,100,SINGLE_SOURCE,irbank_bs,2300,23億,,,,irbank_bs=2300,https://irbank.net/E05592/results,,2026-10-09T22:21:14.745823+09:00
FY2008-03,3040,revenue,16020,JPY_million,100,OK|ROUNDING,kabutan_fy10,16020,"16,020",irbank_pl_consolidated,16000,160億,kabutan_fy10=16020|irbank_pl_consolidated=16000,https://kabutan.jp/stock/finance?code=3040,https://irbank.net/E05592/results,2026-10-09T22:21:14.745823+09:00
FY2008-03,3040,roa,,pct,0.01,SINGLE_SOURCE,irbank_pl_consolidated,4.09,4.09,,,,irbank_pl_consolidated=4.09,https://irbank.net/E05592/results,,2026-10-09T22:21:14.745823+09:00
FY2008-03,3040,roe,,pct,0.01,SINGLE_SOURCE,irbank_pl_consolidated,9.86,9.86,,,,irbank_pl_consolidated=9.86,https://irbank.net/E05592/results,,2026-10-09T22:21:14.745823+09:00
FY2008-03,3040,sga_ratio,,pct,0.01,SINGLE_SOURCE,irbank_pl_consolidated,21.18,21.18,,,,irbank_pl_consolidated=21.18,https://irbank.net/E05592/results,,2026-10-09T22:21:14.745823+09:00
FY2008-03,3040,shareholders_equity,,JPY_million,10,SINGLE_SOURCE,irbank_bs,4780,47.8億,,,,irbank_bs=4780,https://irbank.net/E05592/results,,2026-10-09T22:21:14.745823+09:00
FY2008-03,3040,total_assets,,JPY_million,100,SINGLE_SOURCE,irbank_bs,11600,116億,,,,irbank_bs=11600,https://irbank.net/E05592/results,,2026-10-09T22:21:14.745823+09:00
FY2009-03,3040,capex,,JPY_million,1,SINGLE_SOURCE,irbank_cf,-896,-8.96億,,,,irbank_cf=-896,https://irbank.net/E05592/results,,2026-10-09T22:21:14.745823+09:00
FY2009-03,3040,cash_equivalents,,JPY_million,10,SINGLE_SOURCE,irbank_cf,1010,10.1億,,,,irbank_cf=1010,https://irbank.net/E05592/results,,2026-10-09T22:21:14.745823+09:00
FY2009-03,3040,cost_ratio,,pct,0.01,SINGLE_SOURCE,irbank_pl_consolidated,69.88,69.88,,,,irbank_pl_consolidated=69.88,https://irbank.net/E05592/results,,2026-10-09T22:21:14.745823+09:00
FY2009-03,3040,equity_ratio,,pct,0.01,SINGLE_SOURCE,irbank_bs,36.85,36.85,,,,irbank_bs=36.85,https://irbank.net/E05592/results,,2026-10-09T22:21:14.745823+09:00
FY2009-03,3040,financing_cf,,JPY_million,1,SINGLE_SOURCE,irbank_cf,-763,-7.63億,,,,irbank_cf=-763,https://irbank.net/E05592/results,,2026-10-09T22:21:14.745823+09:00
FY2009-03,3040,free_cf,,JPY_million,1,SINGLE_SOURCE,irbank_cf,955,9.55億,,,,irbank_cf=955,https://irbank.net/E05592/results,,2026-10-09T22:21:14.745823+09:00
FY2009-03,3040,interest_bearing_debt,,JPY_million,10,SINGLE_SOURCE,irbank_bs,1850,18.5億,,,,irbank_bs=1850,https://irbank.net/E05592/results,,2026-10-09T22:21:14.745823+09:00
FY2009-03,3040,interest_bearing_debt_ratio,,x,0.0001,SINGLE_SOURCE|UNIT_CONVERTED,irbank_bs,0.5479,54.79,,,,irbank_bs=0.5479,https://irbank.net/E05592/results,,2026-10-09T22:21:14.745823+09:00
FY2009-03,3040,investing_cf,,JPY_million,10,SINGLE_SOURCE,irbank_cf,-1020,-10.2億,,,,irbank_cf=-1020,https://irbank.net/E05592/results,,2026-10-09T22:21:14.745823+09:00
FY2009-03,3040,net_assets,,JPY_million,100,SINGLE_SOURCE,irbank_bs,3400,34億,,,,irbank_bs=3400,https://irbank.net/E05592/results,,2026-10-09T22:21:14.745823+09:00
FY2009-03,3040,net_income,,JPY_million,1,SINGLE_SOURCE,irbank_pl_consolidated,-874,-8.74億,,,,irbank_pl_consolidated=-874,https://irbank.net/E05592/results,,2026-10-09T22:21:14.745823+09:00
FY2009-03,3040,operating_cf,,JPY_million,10,SINGLE_SOURCE,irbank_cf,1970,19.7億,,,,irbank_cf=1970,https://irbank.net/E05592/results,,2026-10-09T22:21:14.745823+09:00
FY2009-03,3040,operating_income,,JPY_million,10,SINGLE_SOURCE,irbank_pl_consolidated,490,4.9億,,,,irbank_pl_consolidated=490,https://irbank.net/E05592/results,,2026-10-09T22:21:14.745823+09:00
FY2009-03,3040,operating_margin,,pct,0.1,SINGLE_SOURCE,irbank_pl_consolidated,3.6,3.6,,,,irbank_pl_consolidated=3.6,https://irbank.net/E05592/results,,2026-10-09T22:21:14.745823+09:00
FY2009-03,3040,ordinary_income,,JPY_million,10,SINGLE_SOURCE,irbank_pl_consolidated,-30,-0.3億,,,,irbank_pl_consolidated=-30,https://irbank.net/E05592/results,,2026-10-09T22:21:14.745823+09:00
FY2009-03,3040,retained_earnings,,JPY_million,100,SINGLE_SOURCE,irbank_bs,1300,13億,,,,irbank_bs=1300,https://irbank.net/E05592/results,,2026-10-09T22:21:14.745823+09:00
FY2009-03,3040,revenue,13605,JPY_million,100,OK|ROUNDING,kabutan_fy10,13605,"13,605",irbank_pl_consolidated,13600,136億,kabutan_fy10=13605|irbank_pl_consolidated=13600,https://kabutan.jp/stock/finance?code=3040,https://irbank.net/E05592/results,2026-10-09T22:21:14.745823+09:00
FY2009-03,3040,sga_ratio,,pct,0.01,SINGLE_SOURCE,irbank_pl_consolidated,26.52,26.52,,,,irbank_pl_consolidated=26.52,https://irbank.net/E05592/results,,2026-10-09T22:21:14.745823+09:00
FY2009-03,3040,shareholders_equity,,JPY_million,10,SINGLE_SOURCE,irbank_bs,3360,33.6億,,,,irbank_bs=3360,https://irbank.net/E05592/results,,2026-10-09T22:21:14.745823+09:00
FY2009-03,3040,total_assets,,JPY_million,10,SINGLE_SOURCE,irbank_bs,9160,91.6億,,,,irbank_bs=9160,https://irbank.net/E05592/results,,2026-10-09T22:21:14.745823+09:00
FY2010-03,3040,bps,,JPY,0.01,SINGLE_SOURCE,irbank_bs,158.65,158.65,,,,irbank_bs=158.65,https://irbank.net/E05592/results,,2026-10-09T22:21:14.745823+09:00
FY2010-03,3040,capex,,JPY_million,1,SINGLE_SOURCE,irbank_cf,-554,-5.54億,,,,irbank_cf=-554,https://irbank.net/E05592/results,,2026-10-09T22:21:14.745823+09:00
FY2010-03,3040,cash_equivalents,,JPY_million,1,SINGLE_SOURCE,irbank_cf,866,8.66億,,,,irbank_cf=866,https://irbank.net/E05592/results,,2026-10-09T22:21:14.745823+09:00
FY2010-03,3040,cost_ratio,,pct,0.01,SINGLE_SOURCE,irbank_pl_consolidated,66.15,66.15,,,,irbank_pl_consolidated=66.15,https://irbank.net/E05592/results,,2026-10-09T22:21:14.745823+09:00
FY2010-03,3040,eps,,JPY,0.01,SINGLE_SOURCE,irbank_pl_consolidated,22.64,22.64,,,,irbank_pl_consolidated=22.64,https://irbank.net/E05592/results,,2026-10-09T22:21:14.745823+09:00
FY2010-03,3040,equity_ratio,,pct,0.1,SINGLE_SOURCE,irbank_bs,43.9,43.9,,,,irbank_bs=43.9,https://irbank.net/E05592/results,,2026-10-09T22:21:14.745823+09:00
FY2010-03,3040,financing_cf,,JPY_million,1,SINGLE_SOURCE,irbank_cf,-599,-5.99億,,,,irbank_cf=-599,https://irbank.net/E05592/results,,2026-10-09T22:21:14.745823+09:00
FY2010-03,3040,free_cf,,JPY_million,1,SINGLE_SOURCE,irbank_cf,455,4.55億,,,,irbank_cf=455,https://irbank.net/E05592/results,,2026-10-09T22:21:14.745823+09:00
FY2010-03,3040,interest_bearing_debt,,JPY_million,100,SINGLE_SOURCE,irbank_bs,1400,14億,,,,irbank_bs=1400,https://irbank.net/E05592/results,,2026-10-09T22:21:14.745823+09:00
FY2010-03,3040,interest_bearing_debt_ratio,,x,0.0001,SINGLE_SOURCE|UNIT_CONVERTED,irbank_bs,0.3715,37.15,,,,irbank_bs=0.3715,https://irbank.net/E05592/results,,2026-10-09T22:21:14.745823+09:00
FY2010-03,3040,investing_cf,,JPY_million,1,SINGLE_SOURCE,irbank_cf,-462,-4.62億,,,,irbank_cf=-462,https://irbank.net/E05592/results,,2026-10-09T22:21:14.745823+09:00
FY2010-03,3040,net_assets,,JPY_million,10,SINGLE_SOURCE,irbank_bs,3790,37.9億,,,,irbank_bs=3790,https://irbank.net/E05592/results,,2026-10-09T22:21:14.745823+09:00
FY2010-03,3040,net_income,,JPY_million,1,SINGLE_SOURCE,irbank_pl_consolidated,538,5.38億,,,,irbank_pl_consolidated=538,https://irbank.net/E05592/results,,2026-10-09T22:21:14.745823+09:00
FY2010-03,3040,operating_cf,,JPY_million,1,SINGLE_SOURCE,irbank_cf,917,9.17億,,,,irbank_cf=917,https://irbank.net/E05592/results,,2026-10-09T22:21:14.745823+09:00
FY2010-03,3040,operating_income,,JPY_million,1,SINGLE_SOURCE,irbank_pl_consolidated,634,6.34億,,,,irbank_pl_consolidated=634,https://irbank.net/E05592/results,,2026-10-09T22:21:14.745823+09:00
FY2010-03,3040,operating_margin,,pct,0.01,SINGLE_SOURCE,irbank_pl_consolidated,5.36,5.36,,,,irbank_pl_consolidated=5.36,https://irbank.net/E05592/results,,2026-10-09T22:21:14.745823+09:00
FY2010-03,3040,ordinary_income,,JPY_million,1,SINGLE_SOURCE,irbank_pl_consolidated,725,7.25億,,,,irbank_pl_consolidated=725,https://irbank.net/E05592/results,,2026-10-09T22:21:14.745823+09:00
FY2010-03,3040,retained_earnings,,JPY_million,10,SINGLE_SOURCE,irbank_bs,1690,16.9億,,,,irbank_bs=1690,https://irbank.net/E05592/results,,2026-10-09T22:21:14.745823+09:00
FY2010-03,3040,revenue,11825,JPY_million,100,OK|ROUNDING,kabutan_fy10,11825,"11,825",irbank_pl_consolidated,11800,118億,kabutan_fy10=11825|irbank_pl_consolidated=11800,https://kabutan.jp/stock/finance?code=3040,https://irbank.net/E05592/results,2026-10-09T22:21:14.745823+09:00
FY2010-03,3040,roa,,pct,0.01,SINGLE_SOURCE,irbank_pl_consolidated,6.26,6.26,,,,irbank_pl_consolidated=6.26,https://irbank.net/E05592/results,,2026-10-09T22:21:14.745823+09:00
FY2010-03,3040,roe,,pct,0.01,SINGLE_SOURCE,irbank_pl_consolidated,14.27,14.27,,,,irbank_pl_consolidated=14.27,https://irbank.net/E05592/results,,2026-10-09T22:21:14.745823+09:00
FY2010-03,3040,sga_ratio,,pct,0.01,SINGLE_SOURCE,irbank_pl_consolidated,28.48,28.48,,,,irbank_pl_consolidated=28.48,https://irbank.net/E05592/results,,2026-10-09T22:21:14.745823+09:00
FY2010-03,3040,shareholders_equity,,JPY_million,10,SINGLE_SOURCE,irbank_bs,3750,37.5億,,,,irbank_bs=3750,https://irbank.net/E05592/results,,2026-10-09T22:21:14.745823+09:00
FY2010-03,3040,total_assets,,JPY_million,10,SINGLE_SOURCE,irbank_bs,8590,85.9億,,,,irbank_bs=8590,https://irbank.net/E05592/results,,2026-10-09T22:21:14.745823+09:00
FY2011-03,3040,bps,,JPY,0.01,SINGLE_SOURCE,irbank_bs,186.12,186.12,,,,irbank_bs=186.12,https://irbank.net/E05592/results,,2026-10-09T22:21:14.745823+09:00
FY2011-03,3040,capex,,JPY_million,1,SINGLE_SOURCE,irbank_cf,-718,-7.18億,,,,irbank_cf=-718,https://irbank.net/E05592/results,,2026-10-09T22:21:14.745823+09:00
FY2011-03,3040,cash_equivalents,,JPY_million,1,SINGLE_SOURCE,irbank_cf,839,8.39億,,,,irbank_cf=839,https://irbank.net/E05592/results,,2026-10-09T22:21:14.745823+09:00
FY2011-03,3040,cost_ratio,,pct,0.01,SINGLE_SOURCE,irbank_pl_consolidated,62.48,62.48,,,,irbank_pl_consolidated=62.48,https://irbank.net/E05592/results,,2026-10-09T22:21:14.745823+09:00
FY2011-03,3040,eps,,JPY,0.01,SINGLE_SOURCE,irbank_pl_consolidated,2.58,2.58,,,,irbank_pl_consolidated=2.58,https://irbank.net/E05592/results,,2026-10-09T22:21:14.745823+09:00
FY2011-03,3040,equity_ratio,,pct,0.1,SINGLE_SOURCE,irbank_bs,48.6,48.6,,,,irbank_bs=48.6,https://irbank.net/E05592/results,,2026-10-09T22:21:14.745823+09:00
FY2011-03,3040,financing_cf,,JPY_million,1,SINGLE_SOURCE,irbank_cf,-745,-7.45億,,,,irbank_cf=-745,https://irbank.net/E05592/results,,2026-10-09T22:21:14.745823+09:00
FY2011-03,3040,free_cf,,JPY_million,1,SINGLE_SOURCE,irbank_cf,704,7.04億,,,,irbank_cf=704,https://irbank.net/E05592/results,,2026-10-09T22:21:14.745823+09:00
FY2011-03,3040,interest_bearing_debt,,JPY_million,100,SINGLE_SOURCE,irbank_bs,800,8億,,,,irbank_bs=800,https://irbank.net/E05592/results,,2026-10-09T22:21:14.745823+09:00
FY2011-03,3040,interest_bearing_debt_ratio,,x,0.0001,SINGLE_SOURCE|UNIT_CONVERTED,irbank_bs,0.2178,21.78,,,,irbank_bs=0.2178,https://irbank.net/E05592/results,,2026-10-09T22:21:14.745823+09:00
FY2011-03,3040,investing_cf,,JPY_million,1,SINGLE_SOURCE,irbank_cf,-701,-7.01億,,,,irbank_cf=-701,https://irbank.net/E05592/results,,2026-10-09T22:21:14.745823+09:00
FY2011-03,3040,net_assets,,JPY_million,100,SINGLE_SOURCE,irbank_bs,3700,37億,,,,irbank_bs=3700,https://irbank.net/E05592/results,,2026-10-09T22:21:14.745823+09:00
FY2011-03,3040,net_income,,JPY_million,1,SINGLE_SOURCE,irbank_pl_consolidated,51,0.51億,,,,irbank_pl_consolidated=51,https://irbank.net/E05592/results,,2026-10-09T22:21:14.745823+09:00
FY2011-03,3040,operating_cf,,JPY_million,10,SINGLE_SOURCE,irbank_cf,1410,14.1億,,,,irbank_cf=1410,https://irbank.net/E05592/results,,2026-10-09T22:21:14.745823+09:00
FY2011-03,3040,operating_income,,JPY_million,1,SINGLE_SOURCE,irbank_pl_consolidated,266,2.66億,,,,irbank_pl_consolidated=266,https://irbank.net/E05592/results,,2026-10-09T22:21:14.745823+09:00
FY2011-03,3040,operating_margin,,pct,0.01,SINGLE_SOURCE,irbank_pl_consolidated,2.63,2.63,,,,irbank_pl_consolidated=2.63,https://irbank.net/E05592/results,,2026-10-09T22:21:14.745823+09:00
FY2011-03,3040,ordinary_income,,JPY_million,10,SINGLE_SOURCE,irbank_pl_consolidated,-10,-0.1億,,,,irbank_pl_consolidated=-10,https://irbank.net/E05592/results,,2026-10-09T22:21:14.745823+09:00
FY2011-03,3040,retained_earnings,,JPY_million,10,SINGLE_SOURCE,irbank_bs,1050,10.5億,,,,irbank_bs=1050,https://irbank.net/E05592/results,,2026-10-09T22:21:14.745823+09:00
FY2011-03,3040,revenue,10110,JPY_million,100,OK|ROUNDING,kabutan_fy10,10110,"10,110",irbank_pl_consolidated,10100,101億,kabutan_fy10=10110|irbank_pl_consolidated=10100,https://kabutan.jp/stock/finance?code=3040,https://irbank.net/E05592/results,2026-10-09T22:21:14.745823+09:00
FY2011-03,3040,roa,,pct,0.01,SINGLE_SOURCE,irbank_pl_consolidated,0.68,0.68,,,,irbank_pl_consolidated=0.68,https://irbank.net/E05592/results,,2026-10-09T22:21:14.745823+09:00
FY2011-03,3040,roe,,pct,0.01,SINGLE_SOURCE,irbank_pl_consolidated,1.39,1.39,,,,irbank_pl_consolidated=1.39,https://irbank.net/E05592/results,,2026-10-09T22:21:14.745823+09:00
FY2011-03,3040,sga_ratio,,pct,0.1,SINGLE_SOURCE,irbank_pl_consolidated,34.9,34.9,,,,irbank_pl_consolidated=34.9,https://irbank.net/E05592/results,,2026-10-09T22:21:14.745823+09:00
FY2011-03,3040,shareholders_equity,,JPY_million,10,SINGLE_SOURCE,irbank_bs,3620,36.2億,,,,irbank_bs=3620,https://irbank.net/E05592/results,,2026-10-09T22:21:14.745823+09:00
FY2011-03,3040,total_assets,,JPY_million,10,SINGLE_SOURCE,irbank_bs,7550,75.5億,,,,irbank_bs=7550,https://irbank.net/E05592/results,,2026-10-09T22:21:14.745823+09:00
FY2012-03,3040,bps,,JPY,0.01,SINGLE_SOURCE,irbank_bs,195.66,195.66,,,,irbank_bs=195.66,https://irbank.net/E05592/results,,2026-10-09T22:21:14.745823+09:00
FY2012-03,3040,capex,,JPY_million,1,SINGLE_SOURCE,irbank_cf,-384,-3.84億,,,,irbank_cf=-384,https://irbank.net/E05592/results,,2026-10-09T22:21:14.745823+09:00
FY2012-03,3040,cash_equivalents,,JPY_million,10,SINGLE_SOURCE,irbank_cf,2090,20.9億,,,,irbank_cf=2090,https://irbank.net/E05592/results,,2026-10-09T22:21:14.745823+09:00
FY2012-03,3040,cost_ratio,,pct,0.01,SINGLE_SOURCE,irbank_pl_consolidated,64.82,64.82,,,,irbank_pl_consolidated=64.82,https://irbank.net/E05592/results,,2026-10-09T22:21:14.745823+09:00
FY2012-03,3040,eps,,JPY,0.01,SINGLE_SOURCE,irbank_pl_consolidated,14.59,14.59,,,,irbank_pl_consolidated=14.59,https://irbank.net/E05592/results,,2026-10-09T22:21:14.745823+09:00
FY2012-03,3040,equity_ratio,,pct,0.1,SINGLE_SOURCE,irbank_bs,46.4,46.4,,,,irbank_bs=46.4,https://irbank.net/E05592/results,,2026-10-09T22:21:14.745823+09:00
FY2012-03,3040,financing_cf,,JPY_million,10,SINGLE_SOURCE,irbank_cf,-440,-4.4億,,,,irbank_cf=-440,https://irbank.net/E05592/results,,2026-10-09T22:21:14.745823+09:00
FY2012-03,3040,free_cf,,JPY_million,100,SINGLE_SOURCE,irbank_cf,1700,17億,,,,irbank_cf=1700,https://irbank.net/E05592/results,,2026-10-09T22:21:14.745823+09:00
FY2012-03,3040,interest_bearing_debt,,JPY_million,100,SINGLE_SOURCE,irbank_bs,500,5億,,,,irbank_bs=500,https://irbank.net/E05592/results,,2026-10-09T22:21:14.745823+09:00
FY2012-03,3040,interest_bearing_debt_ratio,,x,0.0001,SINGLE_SOURCE|UNIT_CONVERTED,irbank_bs,0.1295,12.95,,,,irbank_bs=0.1295,https://irbank.net/E05592/results,,2026-10-09T22:21:14.745823+09:00
FY2012-03,3040,investing_cf,,JPY_million,1,SINGLE_SOURCE,irbank_cf,-235,-2.35億,,,,irbank_cf=-235,https://irbank.net/E05592/results,,2026-10-09T22:21:14.745823+09:00
FY2012-03,3040,net_assets,,JPY_million,10,SINGLE_SOURCE,irbank_bs,3880,38.8億,,,,irbank_bs=3880,https://irbank.net/E05592/results,,2026-10-09T22:21:14.745823+09:00
FY2012-03,3040,net_income,,JPY_million,1,SINGLE_SOURCE,irbank_pl_consolidated,288,2.88億,,,,irbank_pl_consolidated=288,https://irbank.net/E05592/results,,2026-10-09T22:21:14.745823+09:00
FY2012-03,3040,operating_cf,,JPY_million,10,SINGLE_SOURCE,irbank_cf,1930,19.3億,,,,irbank_cf=1930,https://irbank.net/E05592/results,,2026-10-09T22:21:14.745823+09:00
FY2012-03,3040,operating_income,,JPY_million,1,SINGLE_SOURCE,irbank_pl_consolidated,413,4.13億,,,,irbank_pl_consolidated=413,https://irbank.net/E05592/results,,2026-10-09T22:21:14.745823+09:00
FY2012-03,3040,operating_margin,,pct,0.01,SINGLE_SOURCE,irbank_pl_consolidated,3.92,3.92,,,,irbank_pl_consolidated=3.92,https://irbank.net/E05592/results,,2026-10-09T22:21:14.745823+09:00
FY2012-03,3040,ordinary_income,,JPY_million,1,SINGLE_SOURCE,irbank_pl_consolidated,487,4.87億,,,,irbank_pl_consolidated=487,https://irbank.net/E05592/results,,2026-10-09T22:21:14.745823+09:00
FY2012-03,3040,retained_earnings,,JPY_million,10,SINGLE_SOURCE,irbank_bs,1250,12.5億,,,,irbank_bs=1250,https://irbank.net/E05592/results,,2026-10-09T22:21:14.745823+09:00
FY2012-03,3040,revenue,10531,JPY_million,100,OK|ROUNDING,kabutan_fy10,10531,"10,531",irbank_pl_consolidated,10500,105億,kabutan_fy10=10531|irbank_pl_consolidated=10500,https://kabutan.jp/stock/finance?code=3040,https://irbank.net/E05592/results,2026-10-09T22:21:14.745823+09:00
FY2012-03,3040,roa,,pct,0.01,SINGLE_SOURCE,irbank_pl_consolidated,3.46,3.46,,,,irbank_pl_consolidated=3.46,https://irbank.net/E05592/results,,2026-10-09T22:21:14.745823+09:00
FY2012-03,3040,roe,,pct,0.01,SINGLE_SOURCE,irbank_pl_consolidated,7.46,7.46,,,,irbank_pl_consolidated=7.46,https://irbank.net/E05592/results,,2026-10-09T22:21:14.745823+09:00
FY2012-03,3040,sga_ratio,,pct,0.01,SINGLE_SOURCE,irbank_pl_consolidated,31.27,31.27,,,,irbank_pl_consolidated=31.27,https://irbank.net/E05592/results,,2026-10-09T22:21:14.745823+09:00
FY2012-03,3040,shareholders_equity,,JPY_million,10,SINGLE_SOURCE,irbank_bs,3830,38.3億,,,,irbank_bs=3830,https://irbank.net/E05592/results,,2026-10-09T22:21:14.745823+09:00
FY2012-03,3040,total_assets,,JPY_million,10,SINGLE_SOURCE,irbank_bs,8330,83.3億,,,,irbank_bs=8330,https://irbank.net/E05592/results,,2026-10-09T22:21:14.745823+09:00
FY2013-03,3040,bps,,JPY,0.01,SINGLE_SOURCE,irbank_bs,213.75,213.75,,,,irbank_bs=213.75,https://irbank.net/E05592/results,,2026-10-09T22:21:14.745823+09:00
FY2013-03,3040,capex,,JPY_million,1,SINGLE_SOURCE,irbank_cf,-447,-4.47億,,,,irbank_cf=-447,https://irbank.net/E05592/results,,2026-10-09T22:21:14.745823+09:00
FY2013-03,3040,cash_equivalents,,JPY_million,10,SINGLE_SOURCE,irbank_cf,3120,31.2億,,,,irbank_cf=3120,https://irbank.net/E05592/results,,2026-10-09T22:21:14.745823+09:00
FY2013-03,3040,cost_ratio,,pct,0.01,SINGLE_SOURCE,irbank_pl_consolidated,61.67,61.67,,,,irbank_pl_consolidated=61.67,https://irbank.net/E05592/results,,2026-10-09T22:21:14.745823+09:00
FY2013-03,3040,eps,,JPY,0.01,SINGLE_SOURCE,irbank_pl_consolidated,24.01,24.01,,,,irbank_pl_consolidated=24.01,https://irbank.net/E05592/results,,2026-10-09T22:21:14.745823+09:00
FY2013-03,3040,equity_ratio,,pct,0.1,SINGLE_SOURCE,irbank_bs,46.7,46.7,,,,irbank_bs=46.7,https://irbank.net/E05592/results,,2026-10-09T22:21:14.745823+09:00
FY2013-03,3040,financing_cf,,JPY_million,1,SINGLE_SOURCE,irbank_cf,-132,-1.32億,,,,irbank_cf=-132,https://irbank.net/E05592/results,,2026-10-09T22:21:14.745823+09:00
FY2013-03,3040,free_cf,,JPY_million,10,SINGLE_SOURCE,irbank_cf,1150,11.5億,,,,irbank_cf=1150,https://irbank.net/E05592/results,,2026-10-09T22:21:14.745823+09:00
FY2013-03,3040,interest_bearing_debt,,JPY_million,100,SINGLE_SOURCE,irbank_bs,500,5億,,,,irbank_bs=500,https://irbank.net/E05592/results,,2026-10-09T22:21:14.745823+09:00
FY2013-03,3040,interest_bearing_debt_ratio,,x,0.0001,SINGLE_SOURCE|UNIT_CONVERTED,irbank_bs,0.1185,11.85,,,,irbank_bs=0.1185,https://irbank.net/E05592/results,,2026-10-09T22:21:14.745823+09:00
FY2013-03,3040,investing_cf,,JPY_million,1,SINGLE_SOURCE,irbank_cf,-476,-4.76億,,,,irbank_cf=-476,https://irbank.net/E05592/results,,2026-10-09T22:21:14.745823+09:00
FY2013-03,3040,net_assets,,JPY_million,10,SINGLE_SOURCE,irbank_bs,4220,42.2億,,,,irbank_bs=4220,https://irbank.net/E05592/results,,2026-10-09T22:21:14.745823+09:00
FY2013-03,3040,net_income,,JPY_million,1,SINGLE_SOURCE,irbank_pl_consolidated,474,4.74億,,,,irbank_pl_consolidated=474,https://irbank.net/E05592/results,,2026-10-09T22:21:14.745823+09:00
FY2013-03,3040,operating_cf,,JPY_million,10,SINGLE_SOURCE,irbank_cf,1620,16.2億,,,,irbank_cf=1620,https://irbank.net/E05592/results,,2026-10-09T22:21:14.745823+09:00
FY2013-03,3040,operating_income,,JPY_million,10,SINGLE_SOURCE,irbank_pl_consolidated,750,7.5億,,,,irbank_pl_consolidated=750,https://irbank.net/E05592/results,,2026-10-09T22:21:14.745823+09:00
FY2013-03,3040,operating_margin,,pct,0.01,SINGLE_SOURCE,irbank_pl_consolidated,6.89,6.89,,,,irbank_pl_consolidated=6.89,https://irbank.net/E05592/results,,2026-10-09T22:21:14.745823+09:00
FY2013-03,3040,ordinary_income,,JPY_million,1,SINGLE_SOURCE,irbank_pl_consolidated,998,9.98億,,,,irbank_pl_consolidated=998,https://irbank.net/E05592/results,,2026-10-09T22:21:14.745823+09:00
FY2013-03,3040,retained_earnings,,JPY_million,100,SINGLE_SOURCE,irbank_bs,1600,16億,,,,irbank_bs=1600,https://irbank.net/E05592/results,,2026-10-09T22:21:14.745823+09:00
FY2013-03,3040,revenue,10894,JPY_million,100,OK|ROUNDING,kabutan_fy10,10894,"10,894",irbank_pl_consolidated,10900,109億,kabutan_fy10=10894|irbank_pl_consolidated=10900,https://kabutan.jp/stock/finance?code=3040,https://irbank.net/E05592/results,2026-10-09T22:21:14.745823+09:00
FY2013-03,3040,roa,,pct,0.01,SINGLE_SOURCE,irbank_pl_consolidated,5.25,5.25,,,,irbank_pl_consolidated=5.25,https://irbank.net/E05592/results,,2026-10-09T22:21:14.745823+09:00
FY2013-03,3040,roe,,pct,0.01,SINGLE_SOURCE,irbank_pl_consolidated,11.23,11.23,,,,irbank_pl_consolidated=11.23,https://irbank.net/E05592/results,,2026-10-09T22:21:14.745823+09:00
FY2013-03,3040,sga_ratio,,pct,0.01,SINGLE_SOURCE,irbank_pl_consolidated,31.45,31.45,,,,irbank_pl_consolidated=31.45,https://irbank.net/E05592/results,,2026-10-09T22:21:14.745823+09:00
FY2013-03,3040,shareholders_equity,,JPY_million,10,SINGLE_SOURCE,irbank_bs,4180,41.8億,,,,irbank_bs=4180,https://irbank.net/E05592/results,,2026-10-09T22:21:14.745823+09:00
FY2013-03,3040,total_assets,,JPY_million,10,SINGLE_SOURCE,irbank_bs,9030,90.3億,,,,irbank_bs=9030,https://irbank.net/E05592/results,,2026-10-09T22:21:14.745823+09:00
FY2014-03,3040,bps,,JPY,0.01,SINGLE_SOURCE,irbank_bs,249.41,249.41,,,,irbank_bs=249.41,https://irbank.net/E05592/results,,2026-10-09T22:21:14.745823+09:00
FY2014-03,3040,capex,,JPY_million,1,SINGLE_SOURCE,irbank_cf,-361,-3.61億,,,,irbank_cf=-361,https://irbank.net/E05592/results,,2026-10-09T22:21:14.745823+09:00
FY2014-03,3040,cash_equivalents,,JPY_million,10,SINGLE_SOURCE,irbank_cf,3090,30.9億,,,,irbank_cf=3090,https://irbank.net/E05592/results,,2026-10-09T22:21:14.745823+09:00
FY2014-03,3040,cost_ratio,,pct,0.1,SINGLE_SOURCE,irbank_pl_consolidated,58.9,58.9,,,,irbank_pl_consolidated=58.9,https://irbank.net/E05592/results,,2026-10-09T22:21:14.745823+09:00
FY2014-03,3040,eps,,JPY,0.01,SINGLE_SOURCE,irbank_pl_consolidated,44.43,44.43,,,,irbank_pl_consolidated=44.43,https://irbank.net/E05592/results,,2026-10-09T22:21:14.745823+09:00
FY2014-03,3040,equity_ratio,,pct,0.1,SINGLE_SOURCE,irbank_bs,54.4,54.4,,,,irbank_bs=54.4,https://irbank.net/E05592/results,,2026-10-09T22:21:14.745823+09:00
FY2014-03,3040,financing_cf,,JPY_million,1,SINGLE_SOURCE,irbank_cf,-705,-7.05億,,,,irbank_cf=-705,https://irbank.net/E05592/results,,2026-10-09T22:21:14.745823+09:00
FY2014-03,3040,free_cf,,JPY_million,1,SINGLE_SOURCE,irbank_cf,639,6.39億,,,,irbank_cf=639,https://irbank.net/E05592/results,,2026-10-09T22:21:14.745823+09:00
FY2014-03,3040,interest_bearing_debt,,JPY_million,1,SINGLE_SOURCE,irbank_bs,19,0.19億,,,,irbank_bs=19,https://irbank.net/E05592/results,,2026-10-09T22:21:14.745823+09:00
FY2014-03,3040,interest_bearing_debt_ratio,,x,0.0001,SINGLE_SOURCE|UNIT_CONVERTED,irbank_bs,0.0039,0.39,,,,irbank_bs=0.0039,https://irbank.net/E05592/results,,2026-10-09T22:21:14.745823+09:00
FY2014-03,3040,investing_cf,,JPY_million,1,SINGLE_SOURCE,irbank_cf,-104,-1.04億,,,,irbank_cf=-104,https://irbank.net/E05592/results,,2026-10-09T22:21:14.745823+09:00
FY2014-03,3040,net_assets,,JPY_million,10,SINGLE_SOURCE,irbank_bs,4940,49.4億,,,,irbank_bs=4940,https://irbank.net/E05592/results,,2026-10-09T22:21:14.745823+09:00
FY2014-03,3040,net_income,,JPY_million,1,SINGLE_SOURCE,irbank_pl_consolidated,877,8.77億,,,,irbank_pl_consolidated=877,https://irbank.net/E05592/results,,2026-10-09T22:21:14.745823+09:00
FY2014-03,3040,operating_cf,,JPY_million,1,SINGLE_SOURCE,irbank_cf,743,7.43億,,,,irbank_cf=743,https://irbank.net/E05592/results,,2026-10-09T22:21:14.745823+09:00
FY2014-03,3040,operating_income,,JPY_million,1,SINGLE_SOURCE,irbank_pl_consolidated,956,9.56億,,,,irbank_pl_consolidated=956,https://irbank.net/E05592/results,,2026-10-09T22:21:14.745823+09:00
FY2014-03,3040,operating_margin,,pct,0.01,SINGLE_SOURCE,irbank_pl_consolidated,8.57,8.57,,,,irbank_pl_consolidated=8.57,https://irbank.net/E05592/results,,2026-10-09T22:21:14.745823+09:00
FY2014-03,3040,ordinary_income,,JPY_million,10,SINGLE_SOURCE,irbank_pl_consolidated,1010,10.1億,,,,irbank_pl_consolidated=1010,https://irbank.net/E05592/results,,2026-10-09T22:21:14.745823+09:00
FY2014-03,3040,retained_earnings,,JPY_million,10,SINGLE_SOURCE,irbank_bs,2280,22.8億,,,,irbank_bs=2280,https://irbank.net/E05592/results,,2026-10-09T22:21:14.745823+09:00
FY2014-03,3040,revenue,11161,JPY_million,100,OK|ROUNDING,kabutan_fy10,11161,"11,161",irbank_pl_consolidated,11200,112億,kabutan_fy10=11161|irbank_pl_consolidated=11200,https://kabutan.jp/stock/finance?code=3040,https://irbank.net/E05592/results,2026-10-09T22:21:14.745823+09:00
FY2014-03,3040,roa,,pct,0.1,SINGLE_SOURCE,irbank_pl_consolidated,9.7,9.7,,,,irbank_pl_consolidated=9.7,https://irbank.net/E05592/results,,2026-10-09T22:21:14.745823+09:00
FY2014-03,3040,roe,,pct,0.01,SINGLE_SOURCE,irbank_pl_consolidated,17.82,17.82,,,,irbank_pl_consolidated=17.82,https://irbank.net/E05592/results,,2026-10-09T22:21:14.745823+09:00
FY2014-03,3040,sga_ratio,,pct,0.01,SINGLE_SOURCE,irbank_pl_consolidated,32.54,32.54,,,,irbank_pl_consolidated=32.54,https://irbank.net/E05592/results,,2026-10-09T22:21:14.745823+09:00
FY2014-03,3040,shareholders_equity,,JPY_million,10,SINGLE_SOURCE,irbank_bs,4850,48.5億,,,,irbank_bs=4850,https://irbank.net/E05592/results,,2026-10-09T22:21:14.745823+09:00
FY2014-03,3040,total_assets,,JPY_million,10,SINGLE_SOURCE,irbank_bs,9040,90.4億,,,,irbank_bs=9040,https://irbank.net/E05592/results,,2026-10-09T22:21:14.745823+09:00
FY2015-03,3040,bps,,JPY,0.01,SINGLE_SOURCE,irbank_bs,272.63,272.63,,,,irbank_bs=272.63,https://irbank.net/E05592/results,,2026-10-09T22:21:14.745823+09:00
FY2015-03,3040,capex,,JPY_million,1,SINGLE_SOURCE,irbank_cf,-497,-4.97億,,,,irbank_cf=-497,https://irbank.net/E05592/results,,2026-10-09T22:21:14.745823+09:00
FY2015-03,3040,cash_equivalents,,JPY_million,10,SINGLE_SOURCE,irbank_cf,3470,34.7億,,,,irbank_cf=3470,https://irbank.net/E05592/results,,2026-10-09T22:21:14.745823+09:00
FY2015-03,3040,cost_ratio,,pct,0.01,SINGLE_SOURCE,irbank_pl_consolidated,59.25,59.25,,,,irbank_pl_consolidated=59.25,https://irbank.net/E05592/results,,2026-10-09T22:21:14.745823+09:00
FY2015-03,3040,eps,,JPY,0.01,SINGLE_SOURCE,irbank_pl_consolidated,33.62,33.62,,,,irbank_pl_consolidated=33.62,https://irbank.net/E05592/results,,2026-10-09T22:21:14.745823+09:00
FY2015-03,3040,equity_ratio,,pct,0.1,SINGLE_SOURCE,irbank_bs,48.4,48.4,,,,irbank_bs=48.4,https://irbank.net/E05592/results,,2026-10-09T22:21:14.745823+09:00
FY2015-03,3040,financing_cf,,JPY_million,1,SINGLE_SOURCE,irbank_cf,-593,-5.93億,,,,irbank_cf=-593,https://irbank.net/E05592/results,,2026-10-09T22:21:14.745823+09:00
FY2015-03,3040,free_cf,,JPY_million,1,SINGLE_SOURCE,irbank_cf,957,9.57億,,,,irbank_cf=957,https://irbank.net/E05592/results,,2026-10-09T22:21:14.745823+09:00
FY2015-03,3040,interest_bearing_debt,,JPY_million,1,SINGLE_SOURCE,irbank_bs,83,0.83億,,,,irbank_bs=83,https://irbank.net/E05592/results,,2026-10-09T22:21:14.745823+09:00
FY2015-03,3040,interest_bearing_debt_ratio,,x,0.0001,SINGLE_SOURCE|UNIT_CONVERTED,irbank_bs,0.0162,1.62,,,,irbank_bs=0.0162,https://irbank.net/E05592/results,,2026-10-09T22:21:14.745823+09:00
FY2015-03,3040,investing_cf,,JPY_million,1,SINGLE_SOURCE,irbank_cf,-492,-4.92億,,,,irbank_cf=-492,https://irbank.net/E05592/results,,2026-10-09T22:21:14.745823+09:00
FY2015-03,3040,net_assets,,JPY_million,10,SINGLE_SOURCE,irbank_bs,5160,51.6億,,,,irbank_bs=5160,https://irbank.net/E05592/results,,2026-10-09T22:21:14.745823+09:00
FY2015-03,3040,net_income,,JPY_million,1,SINGLE_SOURCE,irbank_pl_consolidated,633,6.33億,,,,irbank_pl_consolidated=633,https://irbank.net/E05592/results,,2026-10-09T22:21:14.745823+09:00
FY2015-03,3040,operating_cf,,JPY_million,10,SINGLE_SOURCE,irbank_cf,1450,14.5億,,,,irbank_cf=1450,https://irbank.net/E05592/results,,2026-10-09T22:21:14.745823+09:00
FY2015-03,3040,operating_income,,JPY_million,10,SINGLE_SOURCE,irbank_pl_consolidated,1070,10.7億,,,,irbank_pl_consolidated=1070,https://irbank.net/E05592/results,,2026-10-09T22:21:14.745823+09:00
FY2015-03,3040,operating_margin,,pct,0.01,SINGLE_SOURCE,irbank_pl_consolidated,8.62,8.62,,,,irbank_pl_consolidated=8.62,https://irbank.net/E05592/results,,2026-10-09T22:21:14.745823+09:00
FY2015-03,3040,ordinary_income,,JPY_million,10,SINGLE_SOURCE,irbank_pl_consolidated,1040,10.4億,,,,irbank_pl_consolidated=1040,https://irbank.net/E05592/results,,2026-10-09T22:21:14.745823+09:00
FY2015-03,3040,retained_earnings,,JPY_million,10,SINGLE_SOURCE,irbank_bs,2760,27.6億,,,,irbank_bs=2760,https://irbank.net/E05592/results,,2026-10-09T22:21:14.745823+09:00
FY2015-03,3040,revenue,12439,JPY_million,100,OK|ROUNDING,kabutan_fy10,12439,"12,439",irbank_pl_consolidated,12400,124億,kabutan_fy10=12439|irbank_pl_consolidated=12400,https://kabutan.jp/stock/finance?code=3040,https://irbank.net/E05592/results,2026-10-09T22:21:14.745823+09:00
FY2015-03,3040,roa,,pct,0.01,SINGLE_SOURCE,irbank_pl_consolidated,5.96,5.96,,,,irbank_pl_consolidated=5.96,https://irbank.net/E05592/results,,2026-10-09T22:21:14.745823+09:00
FY2015-03,3040,roe,,pct,0.01,SINGLE_SOURCE,irbank_pl_consolidated,12.32,12.32,,,,irbank_pl_consolidated=12.32,https://irbank.net/E05592/results,,2026-10-09T22:21:14.745823+09:00
FY2015-03,3040,sga_ratio,,pct,0.01,SINGLE_SOURCE,irbank_pl_consolidated,32.12,32.12,,,,irbank_pl_consolidated=32.12,https://irbank.net/E05592/results,,2026-10-09T22:21:14.745823+09:00
FY2015-03,3040,shareholders_equity,,JPY_million,10,SINGLE_SOURCE,irbank_bs,5030,50.3億,,,,irbank_bs=5030,https://irbank.net/E05592/results,,2026-10-09T22:21:14.745823+09:00
FY2015-03,3040,total_assets,,JPY_million,100,SINGLE_SOURCE,irbank_bs,10600,106億,,,,irbank_bs=10600,https://irbank.net/E05592/results,,2026-10-09T22:21:14.745823+09:00
FY2015-12,3040,bps,,JPY,0.01,SINGLE_SOURCE,irbank_bs,245.51,245.51,,,,irbank_bs=245.51,https://irbank.net/E05592/results,,2026-10-09T22:21:14.745823+09:00
FY2015-12,3040,capex,,JPY_million,1,SINGLE_SOURCE,irbank_cf,-604,-6.04億,,,,irbank_cf=-604,https://irbank.net/E05592/results,,2026-10-09T22:21:14.745823+09:00
FY2015-12,3040,cash_equivalents,,JPY_million,10,SINGLE_SOURCE,irbank_cf,3340,33.4億,,,,irbank_cf=3340,https://irbank.net/E05592/results,,2026-10-09T22:21:14.745823+09:00
FY2015-12,3040,cost_ratio,,pct,0.1,SINGLE_SOURCE,irbank_pl_consolidated,61.4,61.4,,,,irbank_pl_consolidated=61.4,https://irbank.net/E05592/results,,2026-10-09T22:21:14.745823+09:00
FY2015-12,3040,eps,,JPY,0.01,SINGLE_SOURCE,irbank_pl_consolidated,-15.97,-15.97,,,,irbank_pl_consolidated=-15.97,https://irbank.net/E05592/results,,2026-10-09T22:21:14.745823+09:00
FY2015-12,3040,equity_ratio,,pct,0.1,SINGLE_SOURCE,irbank_bs,44.3,44.3,,,,irbank_bs=44.3,https://irbank.net/E05592/results,,2026-10-09T22:21:14.745823+09:00
FY2015-12,3040,financing_cf,,JPY_million,1,SINGLE_SOURCE,irbank_cf,279,2.79億,,,,irbank_cf=279,https://irbank.net/E05592/results,,2026-10-09T22:21:14.745823+09:00
FY2015-12,3040,free_cf,,JPY_million,1,SINGLE_SOURCE,irbank_cf,-329,-3.29億,,,,irbank_cf=-329,https://irbank.net/E05592/results,,2026-10-09T22:21:14.745823+09:00
FY2015-12,3040,interest_bearing_debt,,JPY_million,1,SINGLE_SOURCE,irbank_bs,506,5.06億,,,,irbank_bs=506,https://irbank.net/E05592/results,,2026-10-09T22:21:14.745823+09:00
FY2015-12,3040,interest_bearing_debt_ratio,,x,0.0001,SINGLE_SOURCE|UNIT_CONVERTED,irbank_bs,0.1094,10.94,,,,irbank_bs=0.1094,https://irbank.net/E05592/results,,2026-10-09T22:21:14.745823+09:00
FY2015-12,3040,investing_cf,,JPY_million,1,SINGLE_SOURCE,irbank_cf,-614,-6.14億,,,,irbank_cf=-614,https://irbank.net/E05592/results,,2026-10-09T22:21:14.745823+09:00
FY2015-12,3040,net_assets,,JPY_million,10,SINGLE_SOURCE,irbank_bs,4650,46.5億,,,,irbank_bs=4650,https://irbank.net/E05592/results,,2026-10-09T22:21:14.745823+09:00
FY2015-12,3040,net_income,,JPY_million,1,SINGLE_SOURCE,irbank_pl_consolidated,-301,-3.01億,,,,irbank_pl_consolidated=-301,https://irbank.net/E05592/results,,2026-10-09T22:21:14.745823+09:00
FY2015-12,3040,operating_cf,,JPY_million,1,SINGLE_SOURCE,irbank_cf,285,2.85億,,,,irbank_cf=285,https://irbank.net/E05592/results,,2026-10-09T22:21:14.745823+09:00
FY2015-12,3040,operating_income,,JPY_million,1,SINGLE_SOURCE,irbank_pl_consolidated,452,4.52億,,,,irbank_pl_consolidated=452,https://irbank.net/E05592/results,,2026-10-09T22:21:14.745823+09:00
FY2015-12,3040,operating_margin,,pct,0.1,SINGLE_SOURCE,irbank_pl_consolidated,4.4,4.4,,,,irbank_pl_consolidated=4.4,https://irbank.net/E05592/results,,2026-10-09T22:21:14.745823+09:00
FY2015-12,3040,ordinary_income,,JPY_million,1,SINGLE_SOURCE,irbank_pl_consolidated,435,4.35億,,,,irbank_pl_consolidated=435,https://irbank.net/E05592/results,,2026-10-09T22:21:14.745823+09:00
FY2015-12,3040,retained_earnings,,JPY_million,10,SINGLE_SOURCE,irbank_bs,2240,22.4億,,,,irbank_bs=2240,https://irbank.net/E05592/results,,2026-10-09T22:21:14.745823+09:00
FY2015-12,3040,revenue,10278,JPY_million,100,OK|ROUNDING|PERIOD_CHANGED,kabutan_fy10,10278,"10,278",irbank_pl_consolidated,10300,103億,kabutan_fy10=10278|irbank_pl_consolidated=10300,https://kabutan.jp/stock/finance?code=3040,https://irbank.net/E05592/results,2026-10-09T22:21:14.745823+09:00
FY2015-12,3040,sga_ratio,,pct,0.01,SINGLE_SOURCE,irbank_pl_consolidated,34.19,34.19,,,,irbank_pl_consolidated=34.19,https://irbank.net/E05592/results,,2026-10-09T22:21:14.745823+09:00
FY2015-12,3040,shareholders_equity,,JPY_million,10,SINGLE_SOURCE,irbank_bs,4510,45.1億,,,,irbank_bs=4510,https://irbank.net/E05592/results,,2026-10-09T22:21:14.745823+09:00
FY2015-12,3040,total_assets,,JPY_million,100,SINGLE_SOURCE,irbank_bs,10400,104億,,,,irbank_bs=10400,https://irbank.net/E05592/results,,2026-10-09T22:21:14.745823+09:00
FY2016-12,3040,bps,,JPY,0.01,SINGLE_SOURCE,irbank_bs,285.99,285.99,,,,irbank_bs=285.99,https://irbank.net/E05592/results,,2026-10-09T22:21:14.745823+09:00
FY2016-12,3040,capex,,JPY_million,1,SINGLE_SOURCE,irbank_cf,-443,-4.43億,,,,irbank_cf=-443,https://irbank.net/E05592/results,,2026-10-09T22:21:14.745823+09:00
FY2016-12,3040,cash_equivalents,,JPY_million,10,SINGLE_SOURCE,irbank_cf,4230,42.3億,,,,irbank_cf=4230,https://irbank.net/E05592/results,,2026-10-09T22:21:14.745823+09:00
FY2016-12,3040,cost_ratio,,pct,0.01,SINGLE_SOURCE,irbank_pl_consolidated,60.34,60.34,,,,irbank_pl_consolidated=60.34,https://irbank.net/E05592/results,,2026-10-09T22:21:14.745823+09:00
FY2016-12,3040,eps,,JPY,0.01,SINGLE_SOURCE,irbank_pl_consolidated,34.75,34.75,,,,irbank_pl_consolidated=34.75,https://irbank.net/E05592/results,,2026-10-09T22:21:14.745823+09:00
FY2016-12,3040,equity_ratio,,pct,0.1,SINGLE_SOURCE,irbank_bs,43.4,43.4,,,,irbank_bs=43.4,https://irbank.net/E05592/results,,2026-10-09T22:21:14.745823+09:00
FY2016-12,3040,financing_cf,,JPY_million,1,SINGLE_SOURCE,irbank_cf,-269,-2.69億,,,,irbank_cf=-269,https://irbank.net/E05592/results,,2026-10-09T22:21:14.745823+09:00
FY2016-12,3040,free_cf,,JPY_million,10,SINGLE_SOURCE,irbank_cf,1130,11.3億,,,,irbank_cf=1130,https://irbank.net/E05592/results,,2026-10-09T22:21:14.745823+09:00
FY2016-12,3040,interest_bearing_debt,,JPY_million,1,SINGLE_SOURCE,irbank_bs,387,3.87億,,,,irbank_bs=387,https://irbank.net/E05592/results,,2026-10-09T22:21:14.745823+09:00
FY2016-12,3040,interest_bearing_debt_ratio,,x,0.0001,SINGLE_SOURCE|UNIT_CONVERTED,irbank_bs,0.0695,6.95,,,,irbank_bs=0.0695,https://irbank.net/E05592/results,,2026-10-09T22:21:14.745823+09:00
FY2016-12,3040,investing_cf,,JPY_million,10,SINGLE_SOURCE,irbank_cf,-650,-6.5億,,,,irbank_cf=-650,https://irbank.net/E05592/results,,2026-10-09T22:21:14.745823+09:00
FY2016-12,3040,net_assets,,JPY_million,10,SINGLE_SOURCE,irbank_bs,5590,55.9億,,,,irbank_bs=5590,https://irbank.net/E05592/results,,2026-10-09T22:21:14.745823+09:00
FY2016-12,3040,net_income,,JPY_million,1,SINGLE_SOURCE,irbank_pl_consolidated,664,6.64億,,,,irbank_pl_consolidated=664,https://irbank.net/E05592/results,,2026-10-09T22:21:14.745823+09:00
FY2016-12,3040,operating_cf,,JPY_million,10,SINGLE_SOURCE,irbank_cf,1780,17.8億,,,,irbank_cf=1780,https://irbank.net/E05592/results,,2026-10-09T22:21:14.745823+09:00
FY2016-12,3040,operating_income,,JPY_million,10,SINGLE_SOURCE,irbank_pl_consolidated,1260,12.6億,,,,irbank_pl_consolidated=1260,https://irbank.net/E05592/results,,2026-10-09T22:21:14.745823+09:00
FY2016-12,3040,operating_margin,,pct,0.01,SINGLE_SOURCE,irbank_pl_consolidated,7.87,7.87,,,,irbank_pl_consolidated=7.87,https://irbank.net/E05592/results,,2026-10-09T22:21:14.745823+09:00
FY2016-12,3040,ordinary_income,,JPY_million,10,SINGLE_SOURCE,irbank_pl_consolidated,1190,11.9億,,,,irbank_pl_consolidated=1190,https://irbank.net/E05592/results,,2026-10-09T22:21:14.745823+09:00
FY2016-12,3040,retained_earnings,,JPY_million,10,SINGLE_SOURCE,irbank_bs,2760,27.6億,,,,irbank_bs=2760,https://irbank.net/E05592/results,,2026-10-09T22:21:14.745823+09:00
FY2016-12,3040,revenue,15998,JPY_million,100,OK|ROUNDING,kabutan_fy10,15998,"15,998",irbank_pl_consolidated,16000,160億,kabutan_fy10=15998|irbank_pl_consolidated=16000,https://kabutan.jp/stock/finance?code=3040,https://irbank.net/E05592/results,2026-10-09T22:21:14.745823+09:00
FY2016-12,3040,roa,,pct,0.01,SINGLE_SOURCE,irbank_pl_consolidated,5.18,5.18,,,,irbank_pl_consolidated=5.18,https://irbank.net/E05592/results,,2026-10-09T22:21:14.745823+09:00
FY2016-12,3040,roe,,pct,0.01,SINGLE_SOURCE,irbank_pl_consolidated,11.93,11.93,,,,irbank_pl_consolidated=11.93,https://irbank.net/E05592/results,,2026-10-09T22:21:14.745823+09:00
FY2016-12,3040,sga_ratio,,pct,0.01,SINGLE_SOURCE,irbank_pl_consolidated,31.79,31.79,,,,irbank_pl_consolidated=31.79,https://irbank.net/E05592/results,,2026-10-09T22:21:14.745823+09:00
FY2016-12,3040,shareholders_equity,,JPY_million,10,SINGLE_SOURCE,irbank_bs,5390,53.9億,,,,irbank_bs=5390,https://irbank.net/E05592/results,,2026-10-09T22:21:14.745823+09:00
FY2016-12,3040,total_assets,,JPY_million,100,SINGLE_SOURCE,irbank_bs,12800,128億,,,,irbank_bs=12800,https://irbank.net/E05592/results,,2026-10-09T22:21:14.745823+09:00
FY2017-12,3040,bps,,JPY,0.01,SINGLE_SOURCE,irbank_bs,320.57,320.57,,,,irbank_bs=320.57,https://irbank.net/E05592/results,,2026-10-09T22:21:14.745823+09:00
FY2017-12,3040,capex,,JPY_million,1,SINGLE_SOURCE,irbank_cf,-775,-7.75億,,,,irbank_cf=-775,https://irbank.net/E05592/results,,2026-10-09T22:21:14.745823+09:00
FY2017-12,3040,cash_equivalents,,JPY_million,10,SINGLE_SOURCE,irbank_cf,5850,58.5億,,,,irbank_cf=5850,https://irbank.net/E05592/results,,2026-10-09T22:21:14.745823+09:00
FY2017-12,3040,cost_ratio,,pct,0.01,SINGLE_SOURCE,irbank_pl_consolidated,57.26,57.26,,,,irbank_pl_consolidated=57.26,https://irbank.net/E05592/results,,2026-10-09T22:21:14.745823+09:00
FY2017-12,3040,eps,,JPY,0.01,SINGLE_SOURCE,irbank_pl_consolidated,47.73,47.73,,,,irbank_pl_consolidated=47.73,https://irbank.net/E05592/results,,2026-10-09T22:21:14.745823+09:00
FY2017-12,3040,equity_ratio,,pct,0.1,SINGLE_SOURCE,irbank_bs,44.8,44.8,,,,irbank_bs=44.8,https://irbank.net/E05592/results,,2026-10-09T22:21:14.745823+09:00
FY2017-12,3040,financing_cf,,JPY_million,1,SINGLE_SOURCE,irbank_cf,-92,-0.92億,,,,irbank_cf=-92,https://irbank.net/E05592/results,,2026-10-09T22:21:14.745823+09:00
FY2017-12,3040,free_cf,,JPY_million,10,SINGLE_SOURCE,irbank_cf,1710,17.1億,,,,irbank_cf=1710,https://irbank.net/E05592/results,,2026-10-09T22:21:14.745823+09:00
FY2017-12,3040,interest_bearing_debt,,JPY_million,10,SINGLE_SOURCE,irbank_bs,450,4.5億,,,,irbank_bs=450,https://irbank.net/E05592/results,,2026-10-09T22:21:14.745823+09:00
FY2017-12,3040,interest_bearing_debt_ratio,,x,0.0001,SINGLE_SOURCE|UNIT_CONVERTED,irbank_bs,0.0721,7.21,,,,irbank_bs=0.0721,https://irbank.net/E05592/results,,2026-10-09T22:21:14.745823+09:00
FY2017-12,3040,investing_cf,,JPY_million,1,SINGLE_SOURCE,irbank_cf,-792,-7.92億,,,,irbank_cf=-792,https://irbank.net/E05592/results,,2026-10-09T22:21:14.745823+09:00
FY2017-12,3040,net_assets,,JPY_million,10,SINGLE_SOURCE,irbank_bs,6260,62.6億,,,,irbank_bs=6260,https://irbank.net/E05592/results,,2026-10-09T22:21:14.745823+09:00
FY2017-12,3040,net_income,,JPY_million,1,SINGLE_SOURCE,irbank_pl_consolidated,929,9.29億,,,,irbank_pl_consolidated=929,https://irbank.net/E05592/results,,2026-10-09T22:21:14.745823+09:00
FY2017-12,3040,operating_cf,,JPY_million,100,SINGLE_SOURCE,irbank_cf,2500,25億,,,,irbank_cf=2500,https://irbank.net/E05592/results,,2026-10-09T22:21:14.745823+09:00
FY2017-12,3040,operating_income,,JPY_million,10,SINGLE_SOURCE,irbank_pl_consolidated,1530,15.3億,,,,irbank_pl_consolidated=1530,https://irbank.net/E05592/results,,2026-10-09T22:21:14.745823+09:00
FY2017-12,3040,operating_margin,,pct,0.01,SINGLE_SOURCE,irbank_pl_consolidated,9.26,9.26,,,,irbank_pl_consolidated=9.26,https://irbank.net/E05592/results,,2026-10-09T22:21:14.745823+09:00
FY2017-12,3040,ordinary_income,,JPY_million,10,SINGLE_SOURCE,irbank_pl_consolidated,1620,16.2億,,,,irbank_pl_consolidated=1620,https://irbank.net/E05592/results,,2026-10-09T22:21:14.745823+09:00
FY2017-12,3040,retained_earnings,,JPY_million,10,SINGLE_SOURCE,irbank_bs,3540,35.4億,,,,irbank_bs=3540,https://irbank.net/E05592/results,,2026-10-09T22:21:14.745823+09:00
FY2017-12,3040,revenue,16467,JPY_million,100,OK|ROUNDING,kabutan_fy10,16467,"16,467",irbank_pl_consolidated,16500,165億,kabutan_fy10=16467|irbank_pl_consolidated=16500,https://kabutan.jp/stock/finance?code=3040,https://irbank.net/E05592/results,2026-10-09T22:21:14.745823+09:00
FY2017-12,3040,roa,,pct,0.01,SINGLE_SOURCE,irbank_pl_consolidated,6.67,6.67,,,,irbank_pl_consolidated=6.67,https://irbank.net/E05592/results,,2026-10-09T22:21:14.745823+09:00
FY2017-12,3040,roe,,pct,0.01,SINGLE_SOURCE,irbank_pl_consolidated,14.89,14.89,,,,irbank_pl_consolidated=14.89,https://irbank.net/E05592/results,,2026-10-09T22:21:14.745823+09:00
FY2017-12,3040,sga_ratio,,pct,0.01,SINGLE_SOURCE,irbank_pl_consolidated,33.47,33.47,,,,irbank_pl_consolidated=33.47,https://irbank.net/E05592/results,,2026-10-09T22:21:14.745823+09:00
FY2017-12,3040,shareholders_equity,,JPY_million,10,SINGLE_SOURCE,irbank_bs,6170,61.7億,,,,irbank_bs=6170,https://irbank.net/E05592/results,,2026-10-09T22:21:14.745823+09:00
FY2017-12,3040,total_assets,,JPY_million,100,SINGLE_SOURCE,irbank_bs,13900,139億,,,,irbank_bs=13900,https://irbank.net/E05592/results,,2026-10-09T22:21:14.745823+09:00
FY2018-12,3040,bps,,JPY,0.1,SINGLE_SOURCE,irbank_bs,316.2,316.2,,,,irbank_bs=316.2,https://irbank.net/E05592/results,,2026-10-09T22:21:14.745823+09:00
FY2018-12,3040,capex,,JPY_million,1,SINGLE_SOURCE,irbank_cf,-784,-7.84億,,,,irbank_cf=-784,https://irbank.net/E05592/results,,2026-10-09T22:21:14.745823+09:00
FY2018-12,3040,cash_equivalents,,JPY_million,10,SINGLE_SOURCE,irbank_cf,5250,52.5億,,,,irbank_cf=5250,https://irbank.net/E05592/results,,2026-10-09T22:21:14.745823+09:00
FY2018-12,3040,cost_ratio,,pct,0.01,SINGLE_SOURCE,irbank_pl_consolidated,55.17,55.17,,,,irbank_pl_consolidated=55.17,https://irbank.net/E05592/results,,2026-10-09T22:21:14.745823+09:00
FY2018-12,3040,eps,,JPY,0.01,SINGLE_SOURCE,irbank_pl_consolidated,16.96,16.96,,,,irbank_pl_consolidated=16.96,https://irbank.net/E05592/results,,2026-10-09T22:21:14.745823+09:00
FY2018-12,3040,equity_ratio,,pct,0.1,SINGLE_SOURCE,irbank_bs,45.7,45.7,,,,irbank_bs=45.7,https://irbank.net/E05592/results,,2026-10-09T22:21:14.745823+09:00
FY2018-12,3040,financing_cf,,JPY_million,1,SINGLE_SOURCE,irbank_cf,-813,-8.13億,,,,irbank_cf=-813,https://irbank.net/E05592/results,,2026-10-09T22:21:14.745823+09:00
FY2018-12,3040,free_cf,,JPY_million,10,SINGLE_SOURCE,irbank_cf,220,2.2億,,,,irbank_cf=220,https://irbank.net/E05592/results,,2026-10-09T22:21:14.745823+09:00
FY2018-12,3040,interest_bearing_debt,,JPY_million,10,SINGLE_SOURCE,irbank_bs,270,2.7億,,,,irbank_bs=270,https://irbank.net/E05592/results,,2026-10-09T22:21:14.745823+09:00
FY2018-12,3040,interest_bearing_debt_ratio,,x,0.001,SINGLE_SOURCE|UNIT_CONVERTED,irbank_bs,0.045,4.5,,,,irbank_bs=0.045,https://irbank.net/E05592/results,,2026-10-09T22:21:14.745823+09:00
FY2018-12,3040,investing_cf,,JPY_million,1,SINGLE_SOURCE,irbank_cf,-468,-4.68億,,,,irbank_cf=-468,https://irbank.net/E05592/results,,2026-10-09T22:21:14.745823+09:00
FY2018-12,3040,net_assets,,JPY_million,10,SINGLE_SOURCE,irbank_bs,6010,60.1億,,,,irbank_bs=6010,https://irbank.net/E05592/results,,2026-10-09T22:21:14.745823+09:00
FY2018-12,3040,net_income,,JPY_million,1,SINGLE_SOURCE,irbank_pl_consolidated,329,3.29億,,,,irbank_pl_consolidated=329,https://irbank.net/E05592/results,,2026-10-09T22:21:14.745823+09:00
FY2018-12,3040,operating_cf,,JPY_million,1,SINGLE_SOURCE,irbank_cf,688,6.88億,,,,irbank_cf=688,https://irbank.net/E05592/results,,2026-10-09T22:21:14.745823+09:00
FY2018-12,3040,operating_income,,JPY_million,10,SINGLE_SOURCE,irbank_pl_consolidated,1370,13.7億,,,,irbank_pl_consolidated=1370,https://irbank.net/E05592/results,,2026-10-09T22:21:14.745823+09:00
FY2018-12,3040,operating_margin,,pct,0.01,SINGLE_SOURCE,irbank_pl_consolidated,8.95,8.95,,,,irbank_pl_consolidated=8.95,https://irbank.net/E05592/results,,2026-10-09T22:21:14.745823+09:00
FY2018-12,3040,ordinary_income,,JPY_million,10,SINGLE_SOURCE,irbank_pl_consolidated,1240,12.4億,,,,irbank_pl_consolidated=1240,https://irbank.net/E05592/results,,2026-10-09T22:21:14.745823+09:00
FY2018-12,3040,retained_earnings,,JPY_million,10,SINGLE_SOURCE,irbank_bs,3660,36.6億,,,,irbank_bs=3660,https://irbank.net/E05592/results,,2026-10-09T22:21:14.745823+09:00
FY2018-12,3040,revenue,15266,JPY_million,100,OK|ROUNDING,kabutan_fy10,15266,"15,266",irbank_pl_consolidated,15300,153億,kabutan_fy10=15266|irbank_pl_consolidated=15300,https://kabutan.jp/stock/finance?code=3040,https://irbank.net/E05592/results,2026-10-09T22:21:14.745823+09:00
FY2018-12,3040,roa,,pct,0.01,SINGLE_SOURCE,irbank_pl_consolidated,2.51,2.51,,,,irbank_pl_consolidated=2.51,https://irbank.net/E05592/results,,2026-10-09T22:21:14.745823+09:00
FY2018-12,3040,roe,,pct,0.01,SINGLE_SOURCE,irbank_pl_consolidated,5.49,5.49,,,,irbank_pl_consolidated=5.49,https://irbank.net/E05592/results,,2026-10-09T22:21:14.745823+09:00
FY2018-12,3040,sga_ratio,,pct,0.01,SINGLE_SOURCE,irbank_pl_consolidated,35.86,35.86,,,,irbank_pl_consolidated=35.86,https://irbank.net/E05592/results,,2026-10-09T22:21:14.745823+09:00
FY2018-12,3040,shareholders_equity,,JPY_million,10,SINGLE_SOURCE,irbank_bs,5870,58.7億,,,,irbank_bs=5870,https://irbank.net/E05592/results,,2026-10-09T22:21:14.745823+09:00
FY2018-12,3040,total_assets,,JPY_million,100,SINGLE_SOURCE,irbank_bs,13100,131億,,,,irbank_bs=13100,https://irbank.net/E05592/results,,2026-10-09T22:21:14.745823+09:00
FY2019-12,3040,bps,,JPY,0.01,SINGLE_SOURCE,irbank_bs,344.16,344.16,,,,irbank_bs=344.16,https://irbank.net/E05592/results,,2026-10-09T22:21:14.745823+09:00
FY2019-12,3040,capex,,JPY_million,1,SINGLE_SOURCE,irbank_cf,-266,-2.66億,,,,irbank_cf=-266,https://irbank.net/E05592/results,,2026-10-09T22:21:14.745823+09:00
FY2019-12,3040,cash_equivalents,,JPY_million,10,SINGLE_SOURCE,irbank_cf,6910,69.1億,,,,irbank_cf=6910,https://irbank.net/E05592/results,,2026-10-09T22:21:14.745823+09:00
FY2019-12,3040,cost_ratio,,pct,0.01,SINGLE_SOURCE,irbank_pl_consolidated,57.25,57.25,,,,irbank_pl_consolidated=57.25,https://irbank.net/E05592/results,,2026-10-09T22:21:14.745823+09:00
FY2019-12,3040,eps,,JPY,0.01,SINGLE_SOURCE,irbank_pl_consolidated,34.81,34.81,,,,irbank_pl_consolidated=34.81,https://irbank.net/E05592/results,,2026-10-09T22:21:14.745823+09:00
FY2019-12,3040,equity_ratio,,pct,0.1,SINGLE_SOURCE,irbank_bs,46.4,46.4,,,,irbank_bs=46.4,https://irbank.net/E05592/results,,2026-10-09T22:21:14.745823+09:00
FY2019-12,3040,financing_cf,,JPY_million,1,SINGLE_SOURCE,irbank_cf,-136,-1.36億,,,,irbank_cf=-136,https://irbank.net/E05592/results,,2026-10-09T22:21:14.745823+09:00
FY2019-12,3040,free_cf,,JPY_million,100,SINGLE_SOURCE,irbank_cf,1800,18億,,,,irbank_cf=1800,https://irbank.net/E05592/results,,2026-10-09T22:21:14.745823+09:00
FY2019-12,3040,interest_bearing_debt,,JPY_million,1,SINGLE_SOURCE,irbank_bs,411,4.11億,,,,irbank_bs=411,https://irbank.net/E05592/results,,2026-10-09T22:21:14.745823+09:00
FY2019-12,3040,interest_bearing_debt_ratio,,x,0.001,SINGLE_SOURCE|UNIT_CONVERTED,irbank_bs,0.063,6.3,,,,irbank_bs=0.063,https://irbank.net/E05592/results,,2026-10-09T22:21:14.745823+09:00
FY2019-12,3040,investing_cf,,JPY_million,1,SINGLE_SOURCE,irbank_cf,-635,-6.35億,,,,irbank_cf=-635,https://irbank.net/E05592/results,,2026-10-09T22:21:14.745823+09:00
FY2019-12,3040,net_assets,,JPY_million,10,SINGLE_SOURCE,irbank_bs,6540,65.4億,,,,irbank_bs=6540,https://irbank.net/E05592/results,,2026-10-09T22:21:14.745823+09:00
FY2019-12,3040,net_income,,JPY_million,10,SINGLE_SOURCE,irbank_pl_consolidated,660,6.6億,,,,irbank_pl_consolidated=660,https://irbank.net/E05592/results,,2026-10-09T22:21:14.745823+09:00
FY2019-12,3040,operating_cf,,JPY_million,10,SINGLE_SOURCE,irbank_cf,2440,24.4億,,,,irbank_cf=2440,https://irbank.net/E05592/results,,2026-10-09T22:21:14.745823+09:00
FY2019-12,3040,operating_income,,JPY_million,10,SINGLE_SOURCE,irbank_pl_consolidated,1080,10.8億,,,,irbank_pl_consolidated=1080,https://irbank.net/E05592/results,,2026-10-09T22:21:14.745823+09:00
FY2019-12,3040,operating_margin,,pct,0.01,SINGLE_SOURCE,irbank_pl_consolidated,6.95,6.95,,,,irbank_pl_consolidated=6.95,https://irbank.net/E05592/results,,2026-10-09T22:21:14.745823+09:00
FY2019-12,3040,ordinary_income,,JPY_million,10,SINGLE_SOURCE,irbank_pl_consolidated,1050,10.5億,,,,irbank_pl_consolidated=1050,https://irbank.net/E05592/results,,2026-10-09T22:21:14.745823+09:00
FY2019-12,3040,retained_earnings,,JPY_million,10,SINGLE_SOURCE,irbank_bs,4130,41.3億,,,,irbank_bs=4130,https://irbank.net/E05592/results,,2026-10-09T22:21:14.745823+09:00
FY2019-12,3040,revenue,15552,JPY_million,100,OK|ROUNDING,kabutan_fy10,15552,"15,552",irbank_pl_consolidated,15600,156億,kabutan_fy10=15552|irbank_pl_consolidated=15600,https://kabutan.jp/stock/finance?code=3040,https://irbank.net/E05592/results,2026-10-09T22:21:14.745823+09:00
FY2019-12,3040,roa,,pct,0.1,SINGLE_SOURCE,irbank_pl_consolidated,4.7,4.7,,,,irbank_pl_consolidated=4.7,https://irbank.net/E05592/results,,2026-10-09T22:21:14.745823+09:00
FY2019-12,3040,roe,,pct,0.01,SINGLE_SOURCE,irbank_pl_consolidated,10.11,10.11,,,,irbank_pl_consolidated=10.11,https://irbank.net/E05592/results,,2026-10-09T22:21:14.745823+09:00
FY2019-12,3040,sga_ratio,,pct,0.1,SINGLE_SOURCE,irbank_pl_consolidated,35.8,35.8,,,,irbank_pl_consolidated=35.8,https://irbank.net/E05592/results,,2026-10-09T22:21:14.745823+09:00
FY2019-12,3040,shareholders_equity,,JPY_million,10,SINGLE_SOURCE,irbank_bs,6340,63.4億,,,,irbank_bs=6340,https://irbank.net/E05592/results,,2026-10-09T22:21:14.745823+09:00
FY2019-12,3040,total_assets,,JPY_million,100,SINGLE_SOURCE,irbank_bs,14100,141億,,,,irbank_bs=14100,https://irbank.net/E05592/results,,2026-10-09T22:21:14.745823+09:00
FY2020-12,3040,bps,,JPY,0.01,SINGLE_SOURCE,irbank_bs,377.57,377.57,,,,irbank_bs=377.57,https://irbank.net/E05592/results,,2026-10-09T22:21:14.745823+09:00
FY2020-12,3040,capex,,JPY_million,10,SINGLE_SOURCE,irbank_cf,-1090,-10.9億,,,,irbank_cf=-1090,https://irbank.net/E05592/results,,2026-10-09T22:21:14.745823+09:00
FY2020-12,3040,cash_equivalents,,JPY_million,10,SINGLE_SOURCE,irbank_cf,7310,73.1億,,,,irbank_cf=7310,https://irbank.net/E05592/results,,2026-10-09T22:21:14.745823+09:00
FY2020-12,3040,cost_ratio,,pct,0.01,SINGLE_SOURCE,irbank_pl_consolidated,54.15,54.15,,,,irbank_pl_consolidated=54.15,https://irbank.net/E05592/results,,2026-10-09T22:21:14.745823+09:00
FY2020-12,3040,eps,,JPY,0.01,SINGLE_SOURCE,irbank_pl_consolidated,78.26,78.26,,,,irbank_pl_consolidated=78.26,https://irbank.net/E05592/results,,2026-10-09T22:21:14.745823+09:00
FY2020-12,3040,equity_ratio,,pct,0.1,SINGLE_SOURCE,irbank_bs,43.8,43.8,,,,irbank_bs=43.8,https://irbank.net/E05592/results,,2026-10-09T22:21:14.745823+09:00
FY2020-12,3040,financing_cf,,JPY_million,10,SINGLE_SOURCE,irbank_cf,-1110,-11.1億,,,,irbank_cf=-1110,https://irbank.net/E05592/results,,2026-10-09T22:21:14.745823+09:00
FY2020-12,3040,free_cf,,JPY_million,100,SINGLE_SOURCE,irbank_cf,1500,15億,,,,irbank_cf=1500,https://irbank.net/E05592/results,,2026-10-09T22:21:14.745823+09:00
FY2020-12,3040,interest_bearing_debt,,JPY_million,1,SINGLE_SOURCE,irbank_bs,214,2.14億,,,,irbank_bs=214,https://irbank.net/E05592/results,,2026-10-09T22:21:14.745823+09:00
FY2020-12,3040,interest_bearing_debt_ratio,,x,0.0001,SINGLE_SOURCE|UNIT_CONVERTED,irbank_bs,0.0305,3.05,,,,irbank_bs=0.0305,https://irbank.net/E05592/results,,2026-10-09T22:21:14.745823+09:00
FY2020-12,3040,investing_cf,,JPY_million,10,SINGLE_SOURCE,irbank_cf,-1120,-11.2億,,,,irbank_cf=-1120,https://irbank.net/E05592/results,,2026-10-09T22:21:14.745823+09:00
FY2020-12,3040,net_assets,,JPY_million,10,SINGLE_SOURCE,irbank_bs,7030,70.3億,,,,irbank_bs=7030,https://irbank.net/E05592/results,,2026-10-09T22:21:14.745823+09:00
FY2020-12,3040,net_income,,JPY_million,10,SINGLE_SOURCE,irbank_pl_consolidated,1480,14.8億,,,,irbank_pl_consolidated=1480,https://irbank.net/E05592/results,,2026-10-09T22:21:14.745823+09:00
FY2020-12,3040,operating_cf,,JPY_million,10,SINGLE_SOURCE,irbank_cf,2620,26.2億,,,,irbank_cf=2620,https://irbank.net/E05592/results,,2026-10-09T22:21:14.745823+09:00
FY2020-12,3040,operating_income,,JPY_million,10,SINGLE_SOURCE,irbank_pl_consolidated,1870,18.7億,,,,irbank_pl_consolidated=1870,https://irbank.net/E05592/results,,2026-10-09T22:21:14.745823+09:00
FY2020-12,3040,operating_margin,,pct,0.01,SINGLE_SOURCE,irbank_pl_consolidated,11.34,11.34,,,,irbank_pl_consolidated=11.34,https://irbank.net/E05592/results,,2026-10-09T22:21:14.745823+09:00
FY2020-12,3040,ordinary_income,,JPY_million,10,SINGLE_SOURCE,irbank_pl_consolidated,1950,19.5億,,,,irbank_pl_consolidated=1950,https://irbank.net/E05592/results,,2026-10-09T22:21:14.745823+09:00
FY2020-12,3040,retained_earnings,,JPY_million,10,SINGLE_SOURCE,irbank_bs,5420,54.2億,,,,irbank_bs=5420,https://irbank.net/E05592/results,,2026-10-09T22:21:14.745823+09:00
FY2020-12,3040,revenue,16457,JPY_million,100,OK|ROUNDING,kabutan_fy10,16457,"16,457",irbank_pl_consolidated,16500,165億,kabutan_fy10=16457|irbank_pl_consolidated=16500,https://kabutan.jp/stock/finance?code=3040,https://irbank.net/E05592/results,2026-10-09T22:21:14.745823+09:00
FY2020-12,3040,roa,,pct,0.01,SINGLE_SOURCE,irbank_pl_consolidated,9.26,9.26,,,,irbank_pl_consolidated=9.26,https://irbank.net/E05592/results,,2026-10-09T22:21:14.745823+09:00
FY2020-12,3040,roe,,pct,0.01,SINGLE_SOURCE,irbank_pl_consolidated,21.14,21.14,,,,irbank_pl_consolidated=21.14,https://irbank.net/E05592/results,,2026-10-09T22:21:14.745823+09:00
FY2020-12,3040,sga_ratio,,pct,0.1,SINGLE_SOURCE,irbank_pl_consolidated,34.5,34.5,,,,irbank_pl_consolidated=34.5,https://irbank.net/E05592/results,,2026-10-09T22:21:14.745823+09:00
FY2020-12,3040,shareholders_equity,,JPY_million,10,SINGLE_SOURCE,irbank_bs,6920,69.2億,,,,irbank_bs=6920,https://irbank.net/E05592/results,,2026-10-09T22:21:14.745823+09:00
FY2020-12,3040,total_assets,,JPY_million,100,SINGLE_SOURCE,irbank_bs,16000,160億,,,,irbank_bs=16000,https://irbank.net/E05592/results,,2026-10-09T22:21:14.745823+09:00
FY2021-12,3040,bps,,JPY,0.01,SINGLE_SOURCE,irbank_bs,457.07,457.07,,,,irbank_bs=457.07,https://irbank.net/E05592/results,,2026-10-09T22:21:14.745823+09:00
FY2021-12,3040,capex,,JPY_million,1,SINGLE_SOURCE,irbank_cf,-324,-3.24億,,,,irbank_cf=-324,https://irbank.net/E05592/results,,2026-10-09T22:21:14.745823+09:00
FY2021-12,3040,cash_equivalents,,JPY_million,10,SINGLE_SOURCE,irbank_cf,8450,84.5億,,,,irbank_cf=8450,https://irbank.net/E05592/results,,2026-10-09T22:21:14.745823+09:00
FY2021-12,3040,cost_ratio,,pct,0.01,SINGLE_SOURCE,irbank_pl_consolidated,55.01,55.01,,,,irbank_pl_consolidated=55.01,https://irbank.net/E05592/results,,2026-10-09T22:21:14.745823+09:00
FY2021-12,3040,eps,,JPY,0.01,SINGLE_SOURCE,irbank_pl_consolidated,101.14,101.14,,,,irbank_pl_consolidated=101.14,https://irbank.net/E05592/results,,2026-10-09T22:21:14.745823+09:00
FY2021-12,3040,equity_ratio,,pct,0.1,SINGLE_SOURCE,irbank_bs,48.9,48.9,,,,irbank_bs=48.9,https://irbank.net/E05592/results,,2026-10-09T22:21:14.745823+09:00
FY2021-12,3040,financing_cf,,JPY_million,1,SINGLE_SOURCE,irbank_cf,-481,-4.81億,,,,irbank_cf=-481,https://irbank.net/E05592/results,,2026-10-09T22:21:14.745823+09:00
FY2021-12,3040,free_cf,,JPY_million,10,SINGLE_SOURCE,irbank_cf,1620,16.2億,,,,irbank_cf=1620,https://irbank.net/E05592/results,,2026-10-09T22:21:14.745823+09:00
FY2021-12,3040,interest_bearing_debt,,JPY_million,1,SINGLE_SOURCE,irbank_bs,108,1.08億,,,,irbank_bs=108,https://irbank.net/E05592/results,,2026-10-09T22:21:14.745823+09:00
FY2021-12,3040,interest_bearing_debt_ratio,,x,0.0001,SINGLE_SOURCE|UNIT_CONVERTED,irbank_bs,0.0128,1.28,,,,irbank_bs=0.0128,https://irbank.net/E05592/results,,2026-10-09T22:21:14.745823+09:00
FY2021-12,3040,investing_cf,,JPY_million,1,SINGLE_SOURCE,irbank_cf,-464,-4.64億,,,,irbank_cf=-464,https://irbank.net/E05592/results,,2026-10-09T22:21:14.745823+09:00
FY2021-12,3040,net_assets,,JPY_million,10,SINGLE_SOURCE,irbank_bs,8480,84.8億,,,,irbank_bs=8480,https://irbank.net/E05592/results,,2026-10-09T22:21:14.745823+09:00
FY2021-12,3040,net_income,,JPY_million,10,SINGLE_SOURCE,irbank_pl_consolidated,1870,18.7億,,,,irbank_pl_consolidated=1870,https://irbank.net/E05592/results,,2026-10-09T22:21:14.745823+09:00
FY2021-12,3040,operating_cf,,JPY_million,10,SINGLE_SOURCE,irbank_cf,2080,20.8億,,,,irbank_cf=2080,https://irbank.net/E05592/results,,2026-10-09T22:21:14.745823+09:00
FY2021-12,3040,operating_income,,JPY_million,10,SINGLE_SOURCE,irbank_pl_consolidated,2370,23.7億,,,,irbank_pl_consolidated=2370,https://irbank.net/E05592/results,,2026-10-09T22:21:14.745823+09:00
FY2021-12,3040,operating_margin,,pct,0.01,SINGLE_SOURCE,irbank_pl_consolidated,13.61,13.61,,,,irbank_pl_consolidated=13.61,https://irbank.net/E05592/results,,2026-10-09T22:21:14.745823+09:00
FY2021-12,3040,ordinary_income,,JPY_million,10,SINGLE_SOURCE,irbank_pl_consolidated,2490,24.9億,,,,irbank_pl_consolidated=2490,https://irbank.net/E05592/results,,2026-10-09T22:21:14.745823+09:00
FY2021-12,3040,retained_earnings,,JPY_million,10,SINGLE_SOURCE,irbank_bs,7030,70.3億,,,,irbank_bs=7030,https://irbank.net/E05592/results,,2026-10-09T22:21:14.745823+09:00
FY2021-12,3040,revenue,17389,JPY_million,100,OK|ROUNDING,kabutan_fy10,17389,"17,389",irbank_pl_consolidated,17400,174億,kabutan_fy10=17389|irbank_pl_consolidated=17400,https://kabutan.jp/stock/finance?code=3040,https://irbank.net/E05592/results,2026-10-09T22:21:14.745823+09:00
FY2021-12,3040,roa,,pct,0.01,SINGLE_SOURCE,irbank_pl_consolidated,10.82,10.82,,,,irbank_pl_consolidated=10.82,https://irbank.net/E05592/results,,2026-10-09T22:21:14.745823+09:00
FY2021-12,3040,roe,,pct,0.01,SINGLE_SOURCE,irbank_pl_consolidated,22.13,22.13,,,,irbank_pl_consolidated=22.13,https://irbank.net/E05592/results,,2026-10-09T22:21:14.745823+09:00
FY2021-12,3040,sga_ratio,,pct,0.01,SINGLE_SOURCE,irbank_pl_consolidated,31.37,31.37,,,,irbank_pl_consolidated=31.37,https://irbank.net/E05592/results,,2026-10-09T22:21:14.745823+09:00
FY2021-12,3040,shareholders_equity,,JPY_million,10,SINGLE_SOURCE,irbank_bs,8410,84.1億,,,,irbank_bs=8410,https://irbank.net/E05592/results,,2026-10-09T22:21:14.745823+09:00
FY2021-12,3040,total_assets,,JPY_million,100,SINGLE_SOURCE,irbank_bs,17300,173億,,,,irbank_bs=17300,https://irbank.net/E05592/results,,2026-10-09T22:21:14.745823+09:00
FY2022-12,3040,bps,,JPY,0.01,SINGLE_SOURCE,irbank_bs,518.25,518.25,,,,irbank_bs=518.25,https://irbank.net/E05592/results,,2026-10-09T22:21:14.745823+09:00
FY2022-12,3040,capex,,JPY_million,1,SINGLE_SOURCE,irbank_cf,-315,-3.15億,,,,irbank_cf=-315,https://irbank.net/E05592/results,,2026-10-09T22:21:14.745823+09:00
FY2022-12,3040,cash_equivalents,,JPY_million,100,SINGLE_SOURCE,irbank_cf,10200,102億,,,,irbank_cf=10200,https://irbank.net/E05592/results,,2026-10-09T22:21:14.745823+09:00
FY2022-12,3040,cost_ratio,,pct,0.01,SINGLE_SOURCE,irbank_pl_consolidated,61.38,61.38,irbank_q,61.38,61.38%,irbank_pl_consolidated=61.38|irbank_q=61.38,https://irbank.net/E05592/results,https://irbank.net/E05592/quarter,2026-10-09T22:21:14.745823+09:00
FY2022-12,3040,eps,85.71,JPY,0.1,OK|ROUNDING,kabutan_fy,85.7,85.7,irbank_pl_consolidated,85.71,85.71,kabutan_fy=85.7|irbank_pl_consolidated=85.71,https://kabutan.jp/stock/finance?code=3040,https://irbank.net/E05592/results,2026-10-09T22:21:14.745823+09:00
FY2022-12,3040,equity_ratio,,pct,0.1,SINGLE_SOURCE,irbank_bs,49.8,49.8,,,,irbank_bs=49.8,https://irbank.net/E05592/results,,2026-10-09T22:21:14.745823+09:00
FY2022-12,3040,financing_cf,,JPY_million,1,SINGLE_SOURCE,irbank_cf,-252,-2.52億,,,,irbank_cf=-252,https://irbank.net/E05592/results,,2026-10-09T22:21:14.745823+09:00
FY2022-12,3040,free_cf,,JPY_million,10,SINGLE_SOURCE,irbank_cf,1990,19.9億,,,,irbank_cf=1990,https://irbank.net/E05592/results,,2026-10-09T22:21:14.745823+09:00
FY2022-12,3040,interest_bearing_debt,,JPY_million,1,SINGLE_SOURCE,irbank_bs,133,1.33億,,,,irbank_bs=133,https://irbank.net/E05592/results,,2026-10-09T22:21:14.745823+09:00
FY2022-12,3040,interest_bearing_debt_ratio,,x,0.0001,SINGLE_SOURCE|UNIT_CONVERTED,irbank_bs,0.0139,1.39,,,,irbank_bs=0.0139,https://irbank.net/E05592/results,,2026-10-09T22:21:14.745823+09:00
FY2022-12,3040,investing_cf,,JPY_million,1,SINGLE_SOURCE,irbank_cf,-305,-3.05億,,,,irbank_cf=-305,https://irbank.net/E05592/results,,2026-10-09T22:21:14.745823+09:00
FY2022-12,3040,net_assets,,JPY_million,10,SINGLE_SOURCE,irbank_bs,9620,96.2億,,,,irbank_bs=9620,https://irbank.net/E05592/results,,2026-10-09T22:21:14.745823+09:00
FY2022-12,3040,net_income,1587,JPY_million,10,OK|ROUNDING,kabutan_fy,1587,"1,587",irbank_pl_consolidated,1590,15.9億,kabutan_fy=1587|irbank_pl_consolidated=1590,https://kabutan.jp/stock/finance?code=3040,https://irbank.net/E05592/results,2026-10-09T22:21:14.745823+09:00
FY2022-12,3040,operating_cf,,JPY_million,100,SINGLE_SOURCE,irbank_cf,2300,23億,,,,irbank_cf=2300,https://irbank.net/E05592/results,,2026-10-09T22:21:14.745823+09:00
FY2022-12,3040,operating_income,2036,JPY_million,10,OK|ROUNDING,kabutan_fy,2036,"2,036",irbank_pl_consolidated,2040,20.4億,kabutan_fy=2036|irbank_pl_consolidated=2040|irbank_q=2040,https://kabutan.jp/stock/finance?code=3040,https://irbank.net/E05592/results,2026-10-09T22:21:14.745823+09:00
FY2022-12,3040,operating_margin,,pct,0.01,SINGLE_SOURCE,irbank_pl_consolidated,10.31,10.31,irbank_q,10.31,10.31%,irbank_pl_consolidated=10.31|irbank_q=10.31,https://irbank.net/E05592/results,https://irbank.net/E05592/quarter,2026-10-09T22:21:14.745823+09:00
FY2022-12,3040,ordinary_income,2203,JPY_million,100,OK|ROUNDING,kabutan_fy,2203,"2,203",irbank_pl_consolidated,2200,22億,kabutan_fy=2203|irbank_pl_consolidated=2200|irbank_q=2200,https://kabutan.jp/stock/finance?code=3040,https://irbank.net/E05592/results,2026-10-09T22:21:14.745823+09:00
FY2022-12,3040,retained_earnings,,JPY_million,10,SINGLE_SOURCE,irbank_bs,8240,82.4億,,,,irbank_bs=8240,https://irbank.net/E05592/results,,2026-10-09T22:21:14.745823+09:00
FY2022-12,3040,revenue,19757,JPY_million,100,OK|ROUNDING,kabutan_fy,19757,"19,757",kabutan_fy10,19757,"19,757",kabutan_fy=19757|kabutan_fy10=19757|irbank_pl_consolidated=19800|irbank_q=19800,https://kabutan.jp/stock/finance?code=3040,https://kabutan.jp/stock/finance?code=3040,2026-10-09T22:21:14.745823+09:00
FY2022-12,3040,roa,,pct,0.01,SINGLE_SOURCE,irbank_pl_consolidated,8.24,8.24,,,,irbank_pl_consolidated=8.24,https://irbank.net/E05592/results,,2026-10-09T22:21:14.745823+09:00
FY2022-12,3040,roe,,pct,0.01,SINGLE_SOURCE,irbank_pl_consolidated,16.53,16.53,,,,irbank_pl_consolidated=16.53,https://irbank.net/E05592/results,,2026-10-09T22:21:14.745823+09:00
FY2022-12,3040,sga_ratio,,pct,0.01,SINGLE_SOURCE,irbank_pl_consolidated,28.31,28.31,irbank_q,28.31,28.31%,irbank_pl_consolidated=28.31|irbank_q=28.31,https://irbank.net/E05592/results,https://irbank.net/E05592/quarter,2026-10-09T22:21:14.745823+09:00
FY2022-12,3040,shareholders_equity,,JPY_million,10,SINGLE_SOURCE,irbank_bs,9640,96.4億,,,,irbank_bs=9640,https://irbank.net/E05592/results,,2026-10-09T22:21:14.745823+09:00
FY2022-12,3040,total_assets,,JPY_million,100,SINGLE_SOURCE,irbank_bs,19300,193億,,,,irbank_bs=19300,https://irbank.net/E05592/results,,2026-10-09T22:21:14.745823+09:00
FY2023-12,3040,bps,,JPY,0.01,MISMATCH,kabutan_bs,599.9,599.90,irbank_bs,599.95,599.95,kabutan_bs=599.9|irbank_bs=599.95,https://kabutan.jp/stock/finance?code=3040,https://irbank.net/E05592/results,2026-10-09T22:21:14.745823+09:00
FY2023-12,3040,capex,,JPY_million,1,SINGLE_SOURCE,irbank_cf,-487,-4.87億,,,,irbank_cf=-487,https://irbank.net/E05592/results,,2026-10-09T22:21:14.745823+09:00
FY2023-12,3040,cash_equivalents,13394,JPY_million,100,OK|ROUNDING,kabutan_cf,13394,"13,394",irbank_cf,13400,134億,kabutan_cf=13394|irbank_cf=13400,https://kabutan.jp/stock/finance?code=3040,https://irbank.net/E05592/results,2026-10-09T22:21:14.745823+09:00
FY2023-12,3040,cost_ratio,,pct,0.01,SINGLE_SOURCE,irbank_pl_consolidated,55.08,55.08,irbank_q,55.08,55.08%-6.3%,irbank_pl_consolidated=55.08|irbank_q=55.08,https://irbank.net/E05592/results,https://irbank.net/E05592/quarter,2026-10-09T22:21:14.745823+09:00
FY2023-12,3040,eps,104.51,JPY,0.1,OK|ROUNDING,kabutan_fy,104.6,104.6,irbank_pl_consolidated,104.51,104.51,kabutan_fy=104.6|irbank_pl_consolidated=104.51,https://kabutan.jp/stock/finance?code=3040,https://irbank.net/E05592/results,2026-10-09T22:21:14.745823+09:00
FY2023-12,3040,equity,,JPY_million,1,SINGLE_SOURCE,kabutan_bs,11116,"11,116",,,,kabutan_bs=11116,https://kabutan.jp/stock/finance?code=3040,,2026-10-09T22:21:14.745823+09:00
FY2023-12,3040,equity_ratio,49.1,pct,0.1,OK,kabutan_bs,49.1,49.1,irbank_bs,49.1,49.1,kabutan_bs=49.1|irbank_bs=49.1,https://kabutan.jp/stock/finance?code=3040,https://irbank.net/E05592/results,2026-10-09T22:21:14.745823+09:00
FY2023-12,3040,financing_cf,-397,JPY_million,1,OK,kabutan_cf,-397,-397,irbank_cf,-397,-3.97億,kabutan_cf=-397|irbank_cf=-397,https://kabutan.jp/stock/finance?code=3040,https://irbank.net/E05592/results,2026-10-09T22:21:14.745823+09:00
FY2023-12,3040,free_cf,3586,JPY_million,10,OK|ROUNDING,kabutan_cf,3586,"3,586",irbank_cf,3590,35.9億,kabutan_cf=3586|irbank_cf=3590,https://kabutan.jp/stock/finance?code=3040,https://irbank.net/E05592/results,2026-10-09T22:21:14.745823+09:00
FY2023-12,3040,interest_bearing_debt,,JPY_million,1,SINGLE_SOURCE,irbank_bs,69,0.69億,,,,irbank_bs=69,https://irbank.net/E05592/results,,2026-10-09T22:21:14.745823+09:00
FY2023-12,3040,interest_bearing_debt_ratio,0.0062,x,0.01,OK|ROUNDING|UNIT_CONVERTED,kabutan_bs,0.01,0.01,irbank_bs,0.0062,0.62,kabutan_bs=0.01|irbank_bs=0.0062,https://kabutan.jp/stock/finance?code=3040,https://irbank.net/E05592/results,2026-10-09T22:21:14.745823+09:00
FY2023-12,3040,investing_cf,-57,JPY_million,1,OK,kabutan_cf,-57,-57,irbank_cf,-57,-0.57億,kabutan_cf=-57|irbank_cf=-57,https://kabutan.jp/stock/finance?code=3040,https://irbank.net/E05592/results,2026-10-09T22:21:14.745823+09:00
FY2023-12,3040,net_assets,,JPY_million,100,SINGLE_SOURCE,irbank_bs,11100,111億,,,,irbank_bs=11100,https://irbank.net/E05592/results,,2026-10-09T22:21:14.745823+09:00
FY2023-12,3040,net_income,1936,JPY_million,10,OK|ROUNDING,kabutan_fy,1936,"1,936",irbank_pl_consolidated,1940,19.4億,kabutan_fy=1936|irbank_pl_consolidated=1940,https://kabutan.jp/stock/finance?code=3040,https://irbank.net/E05592/results,2026-10-09T22:21:14.745823+09:00
FY2023-12,3040,operating_cf,3643,JPY_million,10,OK|ROUNDING,kabutan_cf,3643,"3,643",irbank_cf,3640,36.4億,kabutan_cf=3643|irbank_cf=3640,https://kabutan.jp/stock/finance?code=3040,https://irbank.net/E05592/results,2026-10-09T22:21:14.745823+09:00
FY2023-12,3040,operating_income,2608,JPY_million,10,OK|ROUNDING,kabutan_fy,2608,"2,608",kabutan_cf,2608,"2,608",kabutan_fy=2608|kabutan_cf=2608|irbank_pl_consolidated=2610|irbank_q=2610,https://kabutan.jp/stock/finance?code=3040,https://kabutan.jp/stock/finance?code=3040,2026-10-09T22:21:14.745823+09:00
FY2023-12,3040,operating_margin,,pct,0.01,SINGLE_SOURCE,irbank_pl_consolidated,13.68,13.68,irbank_q,13.68,13.68%+3.37%,irbank_pl_consolidated=13.68|irbank_q=13.68,https://irbank.net/E05592/results,https://irbank.net/E05592/quarter,2026-10-09T22:21:14.745823+09:00
FY2023-12,3040,ordinary_income,2809,JPY_million,10,OK|ROUNDING,kabutan_fy,2809,"2,809",irbank_pl_consolidated,2810,28.1億,kabutan_fy=2809|irbank_pl_consolidated=2810|irbank_q=2810,https://kabutan.jp/stock/finance?code=3040,https://irbank.net/E05592/results,2026-10-09T22:21:14.745823+09:00
FY2023-12,3040,retained_earnings,9844,JPY_million,10,OK|ROUNDING,kabutan_bs,9844,"9,844",irbank_bs,9840,98.4億,kabutan_bs=9844|irbank_bs=9840,https://kabutan.jp/stock/finance?code=3040,https://irbank.net/E05592/results,2026-10-09T22:21:14.745823+09:00
FY2023-12,3040,revenue,19058,JPY_million,100,OK|ROUNDING,kabutan_fy,19058,"19,058",kabutan_fy10,19058,"19,058",kabutan_fy=19058|kabutan_fy10=19058|irbank_pl_consolidated=19100|irbank_q=19100,https://kabutan.jp/stock/finance?code=3040,https://kabutan.jp/stock/finance?code=3040,2026-10-09T22:21:14.745823+09:00
FY2023-12,3040,roa,,pct,0.01,SINGLE_SOURCE,irbank_pl_consolidated,8.56,8.56,,,,irbank_pl_consolidated=8.56,https://irbank.net/E05592/results,,2026-10-09T22:21:14.745823+09:00
FY2023-12,3040,roe,,pct,0.01,SINGLE_SOURCE,irbank_pl_consolidated,17.41,17.41,,,,irbank_pl_consolidated=17.41,https://irbank.net/E05592/results,,2026-10-09T22:21:14.745823+09:00
FY2023-12,3040,sga_ratio,,pct,0.01,SINGLE_SOURCE,irbank_pl_consolidated,31.23,31.23,irbank_q,31.23,31.23%+2.92%,irbank_pl_consolidated=31.23|irbank_q=31.23,https://irbank.net/E05592/results,https://irbank.net/E05592/quarter,2026-10-09T22:21:14.745823+09:00
FY2023-12,3040,shareholders_equity,,JPY_million,100,SINGLE_SOURCE,irbank_bs,11300,113億,,,,irbank_bs=11300,https://irbank.net/E05592/results,,2026-10-09T22:21:14.745823+09:00
FY2023-12,3040,total_assets,22624,JPY_million,100,OK|ROUNDING,kabutan_bs,22624,"22,624",irbank_bs,22600,226億,kabutan_bs=22624|irbank_bs=22600,https://kabutan.jp/stock/finance?code=3040,https://irbank.net/E05592/results,2026-10-09T22:21:14.745823+09:00
FY2024-12,3040,bps,,JPY,0.01,MISMATCH,kabutan_bs,662.01,662.01,irbank_bs,661.97,661.97,kabutan_bs=662.01|irbank_bs=661.97,https://kabutan.jp/stock/finance?code=3040,https://irbank.net/E05592/results,2026-10-09T22:21:14.745823+09:00
FY2024-12,3040,capex,,JPY_million,1,SINGLE_SOURCE,irbank_cf,-277,-2.77億,,,,irbank_cf=-277,https://irbank.net/E05592/results,,2026-10-09T22:21:14.745823+09:00
FY2024-12,3040,cash_equivalents,14692,JPY_million,100,OK|ROUNDING,kabutan_cf,14692,"14,692",irbank_cf,14700,147億,kabutan_cf=14692|irbank_cf=14700,https://kabutan.jp/stock/finance?code=3040,https://irbank.net/E05592/results,2026-10-09T22:21:14.745823+09:00
FY2024-12,3040,cost_ratio,,pct,0.01,SINGLE_SOURCE,irbank_pl_consolidated,55.43,55.43,irbank_q,55.43,55.43%+0.35%,irbank_pl_consolidated=55.43|irbank_q=55.43,https://irbank.net/E05592/results,https://irbank.net/E05592/quarter,2026-10-09T22:21:14.745823+09:00
FY2024-12,3040,eps,93.07,JPY,0.1,OK|ROUNDING,kabutan_fy,93.1,93.1,kabutan_fy_profit,93.1,93.1,kabutan_fy=93.1|kabutan_fy_profit=93.1|irbank_pl_consolidated=93.07,https://kabutan.jp/stock/finance?code=3040,https://kabutan.jp/stock/finance?code=3040,2026-10-09T22:21:14.745823+09:00
FY2024-12,3040,equity,,JPY_million,1,SINGLE_SOURCE,kabutan_bs,12271,"12,271",,,,kabutan_bs=12271,https://kabutan.jp/stock/finance?code=3040,,2026-10-09T22:21:14.745823+09:00
FY2024-12,3040,equity_ratio,52.7,pct,0.1,OK,kabutan_bs,52.7,52.7,irbank_bs,52.7,52.7,kabutan_bs=52.7|irbank_bs=52.7,https://kabutan.jp/stock/finance?code=3040,https://irbank.net/E05592/results,2026-10-09T22:21:14.745823+09:00
FY2024-12,3040,financing_cf,-507,JPY_million,1,OK,kabutan_cf,-507,-507,irbank_cf,-507,-5.07億,kabutan_cf=-507|irbank_cf=-507,https://kabutan.jp/stock/finance?code=3040,https://irbank.net/E05592/results,2026-10-09T22:21:14.745823+09:00
FY2024-12,3040,free_cf,1798,JPY_million,100,OK|ROUNDING,kabutan_cf,1798,"1,798",irbank_cf,1800,18億,kabutan_cf=1798|irbank_cf=1800,https://kabutan.jp/stock/finance?code=3040,https://irbank.net/E05592/results,2026-10-09T22:21:14.745823+09:00
FY2024-12,3040,interest_bearing_debt,,JPY_million,1,SINGLE_SOURCE,irbank_bs,63,0.63億,,,,irbank_bs=63,https://irbank.net/E05592/results,,2026-10-09T22:21:14.745823+09:00
FY2024-12,3040,interest_bearing_debt_ratio,,x,0.01,MISMATCH|UNIT_CONVERTED,kabutan_bs,0.02,0.02,irbank_bs,0.0051,0.51,kabutan_bs=0.02|irbank_bs=0.0051,https://kabutan.jp/stock/finance?code=3040,https://irbank.net/E05592/results,2026-10-09T22:21:14.745823+09:00
FY2024-12,3040,investing_cf,-237,JPY_million,1,OK,kabutan_cf,-237,-237,irbank_cf,-237,-2.37億,kabutan_cf=-237|irbank_cf=-237,https://kabutan.jp/stock/finance?code=3040,https://irbank.net/E05592/results,2026-10-09T22:21:14.745823+09:00
FY2024-12,3040,net_assets,,JPY_million,100,SINGLE_SOURCE,irbank_bs,12300,123億,,,,irbank_bs=12300,https://irbank.net/E05592/results,,2026-10-09T22:21:14.745823+09:00
FY2024-12,3040,net_income,1725,JPY_million,10,OK|ROUNDING,kabutan_fy,1725,"1,725",irbank_pl_consolidated,1730,17.3億,kabutan_fy=1725|irbank_pl_consolidated=1730,https://kabutan.jp/stock/finance?code=3040,https://irbank.net/E05592/results,2026-10-09T22:21:14.745823+09:00
FY2024-12,3040,operating_cf,2035,JPY_million,10,OK|ROUNDING,kabutan_cf,2035,"2,035",irbank_cf,2040,20.4億,kabutan_cf=2035|irbank_cf=2040,https://kabutan.jp/stock/finance?code=3040,https://irbank.net/E05592/results,2026-10-09T22:21:14.745823+09:00
FY2024-12,3040,operating_income,2043,JPY_million,10,OK|ROUNDING,kabutan_fy,2043,"2,043",kabutan_fy_profit,2043,"2,043",kabutan_fy=2043|kabutan_fy_profit=2043|kabutan_cf=2043|irbank_pl_consolidated=2040|irbank_q=2040,https://kabutan.jp/stock/finance?code=3040,https://kabutan.jp/stock/finance?code=3040,2026-10-09T22:21:14.745823+09:00
FY2024-12,3040,operating_margin,10.98,pct,0.01,OK,kabutan_fy_profit,10.98,10.98,irbank_pl_consolidated,10.98,10.98,kabutan_fy_profit=10.98|irbank_pl_consolidated=10.98|irbank_q=10.98,https://kabutan.jp/stock/finance?code=3040,https://irbank.net/E05592/results,2026-10-09T22:21:14.745823+09:00
FY2024-12,3040,ordinary_income,2156,JPY_million,10,OK|ROUNDING,kabutan_fy,2156,"2,156",irbank_pl_consolidated,2160,21.6億,kabutan_fy=2156|irbank_pl_consolidated=2160|irbank_q=2160,https://kabutan.jp/stock/finance?code=3040,https://irbank.net/E05592/results,2026-10-09T22:21:14.745823+09:00
FY2024-12,3040,retained_earnings,11070,JPY_million,100,OK|ROUNDING,kabutan_bs,11070,"11,070",irbank_bs,11100,111億,kabutan_bs=11070|irbank_bs=11100,https://kabutan.jp/stock/finance?code=3040,https://irbank.net/E05592/results,2026-10-09T22:21:14.745823+09:00
FY2024-12,3040,revenue,18606,JPY_million,100,OK|ROUNDING,kabutan_fy,18606,"18,606",kabutan_fy10,18606,"18,606",kabutan_fy=18606|kabutan_fy10=18606|kabutan_fy_profit=18606|irbank_pl_consolidated=18600|irbank_q=18600,https://kabutan.jp/stock/finance?code=3040,https://kabutan.jp/stock/finance?code=3040,2026-10-09T22:21:14.745823+09:00
FY2024-12,3040,roa,,pct,0.01,MISMATCH,kabutan_fy_profit,7.51,7.51,irbank_pl_consolidated,7.41,7.41,kabutan_fy_profit=7.51|irbank_pl_consolidated=7.41,https://kabutan.jp/stock/finance?code=3040,https://irbank.net/E05592/results,2026-10-09T22:21:14.745823+09:00
FY2024-12,3040,roe,,pct,0.01,MISMATCH,kabutan_fy_profit,14.75,14.75,irbank_pl_consolidated,14.06,14.06,kabutan_fy_profit=14.75|irbank_pl_consolidated=14.06,https://kabutan.jp/stock/finance?code=3040,https://irbank.net/E05592/results,2026-10-09T22:21:14.745823+09:00
FY2024-12,3040,sga_ratio,,pct,0.01,SINGLE_SOURCE,irbank_pl_consolidated,33.59,33.59,irbank_q,33.59,33.59%+2.36%,irbank_pl_consolidated=33.59|irbank_q=33.59,https://irbank.net/E05592/results,https://irbank.net/E05592/quarter,2026-10-09T22:21:14.745823+09:00
FY2024-12,3040,shareholders_equity,,JPY_million,100,SINGLE_SOURCE,irbank_bs,12500,125億,,,,irbank_bs=12500,https://irbank.net/E05592/results,,2026-10-09T22:21:14.745823+09:00
FY2024-12,3040,total_assets,23286,JPY_million,100,OK|ROUNDING,kabutan_bs,23286,"23,286",irbank_bs,23300,233億,kabutan_bs=23286|irbank_bs=23300,https://kabutan.jp/stock/finance?code=3040,https://irbank.net/E05592/results,2026-10-09T22:21:14.745823+09:00
FY2025-12,3040,bps,,JPY,0.01,MISMATCH,kabutan_bs,714.48,714.48,irbank_bs,714.46,714.46,kabutan_bs=714.48|irbank_bs=714.46,https://kabutan.jp/stock/finance?code=3040,https://irbank.net/E05592/results,2026-10-09T22:21:14.745823+09:00
FY2025-12,3040,capex,,JPY_million,1,SINGLE_SOURCE,irbank_cf,-221,-2.21億,,,,irbank_cf=-221,https://irbank.net/E05592/results,,2026-10-09T22:21:14.745823+09:00
FY2025-12,3040,cash_equivalents,6858,JPY_million,10,OK|ROUNDING,kabutan_cf,6858,"6,858",irbank_cf,6860,68.6億,kabutan_cf=6858|irbank_cf=6860,https://kabutan.jp/stock/finance?code=3040,https://irbank.net/E05592/results,2026-10-09T22:21:14.745823+09:00
FY2025-12,3040,cost_ratio,,pct,0.01,SINGLE_SOURCE,irbank_pl_consolidated,53.25,53.25,irbank_q,53.25,53.25%-2.18%,irbank_pl_consolidated=53.25|irbank_q=53.25,https://irbank.net/E05592/results,https://irbank.net/E05592/quarter,2026-10-09T22:21:14.745823+09:00
FY2025-12,3040,eps,123.95,JPY,0.1,OK|ROUNDING,kabutan_fy,124,124.0,kabutan_fy_profit,124,124.0,kabutan_fy=124|kabutan_fy_profit=124|kabutan_record_fy=124|irbank_pl_consolidated=123.95,https://kabutan.jp/stock/finance?code=3040,https://kabutan.jp/stock/finance?code=3040,2026-10-09T22:21:14.745823+09:00
FY2025-12,3040,equity,,JPY_million,1,SINGLE_SOURCE,kabutan_bs,13247,"13,247",,,,kabutan_bs=13247,https://kabutan.jp/stock/finance?code=3040,,2026-10-09T22:21:14.745823+09:00
FY2025-12,3040,equity_ratio,50.5,pct,0.1,OK,kabutan_bs,50.5,50.5,irbank_bs,50.5,50.5,kabutan_bs=50.5|irbank_bs=50.5,https://kabutan.jp/stock/finance?code=3040,https://irbank.net/E05592/results,2026-10-09T22:21:14.745823+09:00
FY2025-12,3040,financing_cf,-1268,JPY_million,10,OK|ROUNDING,kabutan_cf,-1268,"-1,268",irbank_cf,-1270,-12.7億,kabutan_cf=-1268|irbank_cf=-1270,https://kabutan.jp/stock/finance?code=3040,https://irbank.net/E05592/results,2026-10-09T22:21:14.745823+09:00
FY2025-12,3040,free_cf,-6568,JPY_million,10,OK|ROUNDING,kabutan_cf,-6568,"-6,568",irbank_cf,-6570,-65.7億,kabutan_cf=-6568|irbank_cf=-6570,https://kabutan.jp/stock/finance?code=3040,https://irbank.net/E05592/results,2026-10-09T22:21:14.745823+09:00
FY2025-12,3040,interest_bearing_debt_ratio,0.01,x,0.01,OK|ROUNDING|UNIT_CONVERTED,kabutan_bs,0.01,0.01,irbank_bs,0,0,kabutan_bs=0.01|irbank_bs=0,https://kabutan.jp/stock/finance?code=3040,https://irbank.net/E05592/results,2026-10-09T22:21:14.745823+09:00
FY2025-12,3040,investing_cf,-10171,JPY_million,100,OK|ROUNDING,kabutan_cf,-10171,"-10,171",irbank_cf,-10200,-102億,kabutan_cf=-10171|irbank_cf=-10200,https://kabutan.jp/stock/finance?code=3040,https://irbank.net/E05592/results,2026-10-09T22:21:14.745823+09:00
FY2025-12,3040,net_assets,,JPY_million,100,SINGLE_SOURCE,irbank_bs,13300,133億,,,,irbank_bs=13300,https://irbank.net/E05592/results,,2026-10-09T22:21:14.745823+09:00
FY2025-12,3040,net_income,2298,JPY_million,100,OK|ROUNDING,kabutan_fy,2298,"2,298",kabutan_record_fy,2298,"2,298",kabutan_fy=2298|kabutan_record_fy=2298|irbank_pl_consolidated=2300,https://kabutan.jp/stock/finance?code=3040,https://kabutan.jp/stock/finance?code=3040,2026-10-09T22:21:14.745823+09:00
FY2025-12,3040,operating_cf,3603,JPY_million,100,OK|ROUNDING,kabutan_cf,3603,"3,603",irbank_cf,3600,36億,kabutan_cf=3603|irbank_cf=3600,https://kabutan.jp/stock/finance?code=3040,https://irbank.net/E05592/results,2026-10-09T22:21:14.745823+09:00
FY2025-12,3040,operating_income,2844,JPY_million,10,OK|ROUNDING,kabutan_fy,2844,"2,844",kabutan_fy_profit,2844,"2,844",kabutan_fy=2844|kabutan_fy_profit=2844|kabutan_cf=2844|kabutan_record_fy=2844|irbank_pl_consolidated=2840|irbank_q=2840,https://kabutan.jp/stock/finance?code=3040,https://kabutan.jp/stock/finance?code=3040,2026-10-09T22:21:14.745823+09:00
FY2025-12,3040,operating_margin,14.39,pct,0.01,OK,kabutan_fy_profit,14.39,14.39,irbank_pl_consolidated,14.39,14.39,kabutan_fy_profit=14.39|irbank_pl_consolidated=14.39|irbank_q=14.39,https://kabutan.jp/stock/finance?code=3040,https://irbank.net/E05592/results,2026-10-09T22:21:14.745823+09:00
FY2025-12,3040,ordinary_income,2977,JPY_million,10,OK|ROUNDING,kabutan_fy,2977,"2,977",kabutan_record_fy,2977,"2,977",kabutan_fy=2977|kabutan_record_fy=2977|irbank_pl_consolidated=2980|irbank_q=2980,https://kabutan.jp/stock/finance?code=3040,https://kabutan.jp/stock/finance?code=3040,2026-10-09T22:21:14.745823+09:00
FY2025-12,3040,retained_earnings,12163,JPY_million,100,OK|ROUNDING,kabutan_bs,12163,"12,163",irbank_bs,12200,122億,kabutan_bs=12163|irbank_bs=12200,https://kabutan.jp/stock/finance?code=3040,https://irbank.net/E05592/results,2026-10-09T22:21:14.745823+09:00
FY2025-12,3040,revenue,19762,JPY_million,100,OK|ROUNDING,kabutan_fy,19762,"19,762",kabutan_fy10,19762,"19,762",kabutan_fy=19762|kabutan_fy10=19762|kabutan_fy_profit=19762|irbank_pl_consolidated=19800|irbank_q=19800,https://kabutan.jp/stock/finance?code=3040,https://kabutan.jp/stock/finance?code=3040,2026-10-09T22:21:14.745823+09:00
FY2025-12,3040,roa,,pct,0.01,MISMATCH,kabutan_fy_profit,9.28,9.28,irbank_pl_consolidated,8.76,8.76,kabutan_fy_profit=9.28|irbank_pl_consolidated=8.76,https://kabutan.jp/stock/finance?code=3040,https://irbank.net/E05592/results,2026-10-09T22:21:14.745823+09:00
FY2025-12,3040,roe,,pct,0.01,MISMATCH,kabutan_fy_profit,18.01,18.01,irbank_pl_consolidated,17.35,17.35,kabutan_fy_profit=18.01|irbank_pl_consolidated=17.35,https://kabutan.jp/stock/finance?code=3040,https://irbank.net/E05592/results,2026-10-09T22:21:14.745823+09:00
FY2025-12,3040,sga_ratio,,pct,0.01,SINGLE_SOURCE,irbank_pl_consolidated,32.34,32.34,irbank_q,32.34,32.34%-1.25%,irbank_pl_consolidated=32.34|irbank_q=32.34,https://irbank.net/E05592/results,https://irbank.net/E05592/quarter,2026-10-09T22:21:14.745823+09:00
FY2025-12,3040,shareholders_equity,,JPY_million,100,SINGLE_SOURCE,irbank_bs,13600,136億,,,,irbank_bs=13600,https://irbank.net/E05592/results,,2026-10-09T22:21:14.745823+09:00
FY2025-12,3040,total_assets,26228,JPY_million,100,OK|ROUNDING,kabutan_bs,26228,"26,228",irbank_bs,26200,262億,kabutan_bs=26228|irbank_bs=26200,https://kabutan.jp/stock/finance?code=3040,https://irbank.net/E05592/results,2026-10-09T22:21:14.745823+09:00
FY2026-12,3040,eps_plan,143.93,JPY,0.1,OK|ROUNDING,kabutan_fy,143.9,143.9,kabutan_fy10,143.9,143.9,kabutan_fy=143.9|kabutan_fy10=143.9|kabutan_fy_profit=143.9|irbank_pl_consolidated=143.93,https://kabutan.jp/stock/finance?code=3040,https://kabutan.jp/stock/finance?code=3040,2026-10-09T22:21:14.745823+09:00
FY2026-12,3040,net_income_plan,2670,JPY_million,10,OK,kabutan_fy,2670,"2,670",irbank_pl_consolidated,2670,26.7億,kabutan_fy=2670|irbank_pl_consolidated=2670,https://kabutan.jp/stock/finance?code=3040,https://irbank.net/E05592/results,2026-10-09T22:21:14.745823+09:00
FY2026-12,3040,operating_income_plan,3900,JPY_million,100,OK,kabutan_fy,3900,"3,900",kabutan_fy10,3900,"3,900",kabutan_fy=3900|kabutan_fy10=3900|kabutan_fy_profit=3900|irbank_pl_consolidated=3900,https://kabutan.jp/stock/finance?code=3040,https://kabutan.jp/stock/finance?code=3040,2026-10-09T22:21:14.745823+09:00
FY2026-12,3040,operating_margin_plan,17.49,pct,0.01,OK,kabutan_fy_profit,17.49,17.49,irbank_pl_consolidated,17.49,17.49,kabutan_fy_profit=17.49|irbank_pl_consolidated=17.49,https://kabutan.jp/stock/finance?code=3040,https://irbank.net/E05592/results,2026-10-09T22:21:14.745823+09:00
FY2026-12,3040,ordinary_income_plan,3950,JPY_million,10,OK,kabutan_fy,3950,"3,950",kabutan_fy10,3950,"3,950",kabutan_fy=3950|kabutan_fy10=3950|irbank_pl_consolidated=3950,https://kabutan.jp/stock/finance?code=3040,https://kabutan.jp/stock/finance?code=3040,2026-10-09T22:21:14.745823+09:00
FY2026-12,3040,revenue_plan,22300,JPY_million,100,OK,kabutan_fy,22300,"22,300",kabutan_fy10,22300,"22,300",kabutan_fy=22300|kabutan_fy10=22300|kabutan_fy_profit=22300|irbank_pl_consolidated=22300,https://kabutan.jp/stock/finance?code=3040,https://kabutan.jp/stock/finance?code=3040,2026-10-09T22:21:14.745823+09:00
FY2026-12,3040,roa_plan,9.92,pct,0.01,OK,kabutan_fy_profit,9.92,9.92,irbank_pl_consolidated,9.92,9.92,kabutan_fy_profit=9.92|irbank_pl_consolidated=9.92,https://kabutan.jp/stock/finance?code=3040,https://irbank.net/E05592/results,2026-10-09T22:21:14.745823+09:00
FY2026-12,3040,roe_plan,18.82,pct,0.01,OK,kabutan_fy_profit,18.82,18.82,irbank_pl_consolidated,18.82,18.82,kabutan_fy_profit=18.82|irbank_pl_consolidated=18.82,https://kabutan.jp/stock/finance?code=3040,https://irbank.net/E05592/results,2026-10-09T22:21:14.745823+09:00
H2023-07_2023-12,3040,eps,,JPY,0.1,SINGLE_SOURCE,kabutan_half,65.2,65.2,,,,kabutan_half=65.2,https://kabutan.jp/stock/finance?code=3040,,2026-10-09T22:21:14.745823+09:00
H2023-07_2023-12,3040,net_income,,JPY_million,1,SINGLE_SOURCE,kabutan_half,1207,"1,207",,,,kabutan_half=1207,https://kabutan.jp/stock/finance?code=3040,,2026-10-09T22:21:14.745823+09:00
H2023-07_2023-12,3040,operating_income,,JPY_million,1,SINGLE_SOURCE,kabutan_half,1682,"1,682",,,,kabutan_half=1682,https://kabutan.jp/stock/finance?code=3040,,2026-10-09T22:21:14.745823+09:00
H2023-07_2023-12,3040,ordinary_income,,JPY_million,1,SINGLE_SOURCE,kabutan_half,1718,"1,718",,,,kabutan_half=1718,https://kabutan.jp/stock/finance?code=3040,,2026-10-09T22:21:14.745823+09:00
H2023-07_2023-12,3040,revenue,,JPY_million,1,SINGLE_SOURCE,kabutan_half,10258,"10,258",,,,kabutan_half=10258,https://kabutan.jp/stock/finance?code=3040,,2026-10-09T22:21:14.745823+09:00
H2024-01_2024-06,3040,eps,,JPY,0.1,SINGLE_SOURCE,kabutan_ytd3q,31.6,31.6,,,,kabutan_ytd3q=31.6,https://kabutan.jp/stock/finance?code=3040,,2026-10-09T22:21:14.745823+09:00
H2024-01_2024-06,3040,net_income,,JPY_million,1,SINGLE_SOURCE,kabutan_ytd3q,585,585,,,,kabutan_ytd3q=585,https://kabutan.jp/stock/finance?code=3040,,2026-10-09T22:21:14.745823+09:00
H2024-01_2024-06,3040,operating_income,,JPY_million,1,SINGLE_SOURCE,kabutan_ytd3q,647,647,,,,kabutan_ytd3q=647,https://kabutan.jp/stock/finance?code=3040,,2026-10-09T22:21:14.745823+09:00
H2024-01_2024-06,3040,ordinary_income,,JPY_million,1,SINGLE_SOURCE,kabutan_ytd3q,833,833,,,,kabutan_ytd3q=833,https://kabutan.jp/stock/finance?code=3040,,2026-10-09T22:21:14.745823+09:00
H2024-01_2024-06,3040,revenue,,JPY_million,1,SINGLE_SOURCE,kabutan_ytd3q,8542,"8,542",,,,kabutan_ytd3q=8542,https://kabutan.jp/stock/finance?code=3040,,2026-10-09T22:21:14.745823+09:00
H2024-07_2024-12,3040,eps,,JPY,0.1,SINGLE_SOURCE,kabutan_half,61.5,61.5,,,,kabutan_half=61.5,https://kabutan.jp/stock/finance?code=3040,,2026-10-09T22:21:14.745823+09:00
H2024-07_2024-12,3040,net_income,,JPY_million,1,SINGLE_SOURCE,kabutan_half,1140,"1,140",,,,kabutan_half=1140,https://kabutan.jp/stock/finance?code=3040,,2026-10-09T22:21:14.745823+09:00
H2024-07_2024-12,3040,operating_income,,JPY_million,1,SINGLE_SOURCE,kabutan_half,1396,"1,396",,,,kabutan_half=1396,https://kabutan.jp/stock/finance?code=3040,,2026-10-09T22:21:14.745823+09:00
H2024-07_2024-12,3040,ordinary_income,,JPY_million,1,SINGLE_SOURCE,kabutan_half,1323,"1,323",,,,kabutan_half=1323,https://kabutan.jp/stock/finance?code=3040,,2026-10-09T22:21:14.745823+09:00
H2024-07_2024-12,3040,revenue,,JPY_million,1,SINGLE_SOURCE,kabutan_half,10064,"10,064",,,,kabutan_half=10064,https://kabutan.jp/stock/finance?code=3040,,2026-10-09T22:21:14.745823+09:00
H2025-01_2025-06,3040,eps,,JPY,0.1,SINGLE_SOURCE,kabutan_ytd3q,31.1,31.1,,,,kabutan_ytd3q=31.1,https://kabutan.jp/stock/finance?code=3040,,2026-10-09T22:21:14.745823+09:00
H2025-01_2025-06,3040,net_income,,JPY_million,1,SINGLE_SOURCE,kabutan_ytd3q,577,577,,,,kabutan_ytd3q=577,https://kabutan.jp/stock/finance?code=3040,,2026-10-09T22:21:14.745823+09:00
H2025-01_2025-06,3040,operating_income,,JPY_million,1,SINGLE_SOURCE,kabutan_ytd3q,793,793,,,,kabutan_ytd3q=793,https://kabutan.jp/stock/finance?code=3040,,2026-10-09T22:21:14.745823+09:00
H2025-01_2025-06,3040,ordinary_income,,JPY_million,1,SINGLE_SOURCE,kabutan_ytd3q,781,781,,,,kabutan_ytd3q=781,https://kabutan.jp/stock/finance?code=3040,,2026-10-09T22:21:14.745823+09:00
H2025-01_2025-06,3040,revenue,,JPY_million,1,SINGLE_SOURCE,kabutan_ytd3q,8710,"8,710",,,,kabutan_ytd3q=8710,https://kabutan.jp/stock/finance?code=3040,,2026-10-09T22:21:14.745823+09:00
H2025-07_2025-12,3040,eps,,JPY,0.1,SINGLE_SOURCE,kabutan_half,92.8,92.8,,,,kabutan_half=92.8,https://kabutan.jp/stock/finance?code=3040,,2026-10-09T22:21:14.745823+09:00
H2025-07_2025-12,3040,net_income,,JPY_million,1,SINGLE_SOURCE,kabutan_half,1721,"1,721",,,,kabutan_half=1721,https://kabutan.jp/stock/finance?code=3040,,2026-10-09T22:21:14.745823+09:00
H2025-07_2025-12,3040,operating_income,,JPY_million,1,SINGLE_SOURCE,kabutan_half,2051,"2,051",,,,kabutan_half=2051,https://kabutan.jp/stock/finance?code=3040,,2026-10-09T22:21:14.745823+09:00
H2025-07_2025-12,3040,ordinary_income,,JPY_million,1,SINGLE_SOURCE,kabutan_half,2196,"2,196",,,,kabutan_half=2196,https://kabutan.jp/stock/finance?code=3040,,2026-10-09T22:21:14.745823+09:00
H2025-07_2025-12,3040,revenue,,JPY_million,1,SINGLE_SOURCE,kabutan_half,11052,"11,052",,,,kabutan_half=11052,https://kabutan.jp/stock/finance?code=3040,,2026-10-09T22:21:14.745823+09:00
H2026-01_2026-06,3040,eps,,JPY,0.1,SINGLE_SOURCE,kabutan_ytd3q,78.1,78.1,,,,kabutan_ytd3q=78.1,https://kabutan.jp/stock/finance?code=3040,,2026-10-09T22:21:14.745823+09:00
H2026-01_2026-06,3040,equity,,JPY_million,1,SINGLE_SOURCE,kabutan_bs,14188,"14,188",,,,kabutan_bs=14188,https://kabutan.jp/stock/finance?code=3040,,2026-10-09T22:21:14.745823+09:00
H2026-01_2026-06,3040,equity_ratio,,pct,0.1,SINGLE_SOURCE,kabutan_bs,52.7,52.7,,,,kabutan_bs=52.7,https://kabutan.jp/stock/finance?code=3040,,2026-10-09T22:21:14.745823+09:00
H2026-01_2026-06,3040,interest_bearing_debt_ratio,,x,0.01,SINGLE_SOURCE,kabutan_bs,0.01,0.01,,,,kabutan_bs=0.01,https://kabutan.jp/stock/finance?code=3040,,2026-10-09T22:21:14.745823+09:00
H2026-01_2026-06,3040,net_income,,JPY_million,1,SINGLE_SOURCE,kabutan_ytd3q,1447,"1,447",,,,kabutan_ytd3q=1447,https://kabutan.jp/stock/finance?code=3040,,2026-10-09T22:21:14.745823+09:00
H2026-01_2026-06,3040,operating_income,,JPY_million,1,SINGLE_SOURCE,kabutan_ytd3q,1777,"1,777",,,,kabutan_ytd3q=1777,https://kabutan.jp/stock/finance?code=3040,,2026-10-09T22:21:14.745823+09:00
H2026-01_2026-06,3040,ordinary_income,,JPY_million,1,SINGLE_SOURCE,kabutan_ytd3q,1882,"1,882",,,,kabutan_ytd3q=1882,https://kabutan.jp/stock/finance?code=3040,,2026-10-09T22:21:14.745823+09:00
H2026-01_2026-06,3040,retained_earnings,,JPY_million,1,SINGLE_SOURCE,kabutan_bs,13091,"13,091",,,,kabutan_bs=13091,https://kabutan.jp/stock/finance?code=3040,,2026-10-09T22:21:14.745823+09:00
H2026-01_2026-06,3040,revenue,,JPY_million,1,SINGLE_SOURCE,kabutan_ytd3q,10022,"10,022",,,,kabutan_ytd3q=10022,https://kabutan.jp/stock/finance?code=3040,,2026-10-09T22:21:14.745823+09:00
H2026-01_2026-06,3040,total_assets,,JPY_million,1,SINGLE_SOURCE,kabutan_bs,26910,"26,910",,,,kabutan_bs=26910,https://kabutan.jp/stock/finance?code=3040,,2026-10-09T22:21:14.745823+09:00
H2026-07_2026-12,3040,eps_plan,,JPY,0.1,SINGLE_SOURCE,kabutan_half,65.9,65.9,,,,kabutan_half=65.9,https://kabutan.jp/stock/finance?code=3040,,2026-10-09T22:21:14.745823+09:00
H2026-07_2026-12,3040,net_income_plan,,JPY_million,1,SINGLE_SOURCE,kabutan_half,1223,"1,223",,,,kabutan_half=1223,https://kabutan.jp/stock/finance?code=3040,,2026-10-09T22:21:14.745823+09:00
H2026-07_2026-12,3040,operating_income_plan,,JPY_million,1,SINGLE_SOURCE,kabutan_half,2123,"2,123",,,,kabutan_half=2123,https://kabutan.jp/stock/finance?code=3040,,2026-10-09T22:21:14.745823+09:00
H2026-07_2026-12,3040,ordinary_income_plan,,JPY_million,1,SINGLE_SOURCE,kabutan_half,2068,"2,068",,,,kabutan_half=2068,https://kabutan.jp/stock/finance?code=3040,,2026-10-09T22:21:14.745823+09:00
H2026-07_2026-12,3040,revenue_plan,,JPY_million,1,SINGLE_SOURCE,kabutan_half,12278,"12,278",,,,kabutan_half=12278,https://kabutan.jp/stock/finance?code=3040,,2026-10-09T22:21:14.745823+09:00
Q2021-07_2021-09,3040,revenue,,JPY_million,1,SINGLE_SOURCE,kabutan_q10,4020,"4,020",,,,kabutan_q10=4020,https://kabutan.jp/stock/finance?code=3040,,2026-10-09T22:21:14.745823+09:00
Q2021-10_2021-12,3040,revenue,,JPY_million,1,SINGLE_SOURCE,kabutan_q10,4672,"4,672",,,,kabutan_q10=4672,https://kabutan.jp/stock/finance?code=3040,,2026-10-09T22:21:14.745823+09:00
Q2022-01_2022-03,3040,cost_ratio,,pct,0.1,SINGLE_SOURCE,irbank_q,58.8,58.8%,,,,irbank_q=58.8,https://irbank.net/E05592/quarter,,2026-10-09T22:21:14.745823+09:00
Q2022-01_2022-03,3040,operating_income,,JPY_million,1,SINGLE_SOURCE,irbank_q,609,6.09億,,,,irbank_q=609,https://irbank.net/E05592/quarter,,2026-10-09T22:21:14.745823+09:00
Q2022-01_2022-03,3040,operating_margin,,pct,0.01,SINGLE_SOURCE,irbank_q,12.59,12.59%,,,,irbank_q=12.59,https://irbank.net/E05592/quarter,,2026-10-09T22:21:14.745823+09:00
Q2022-01_2022-03,3040,ordinary_income,,JPY_million,1,SINGLE_SOURCE,irbank_q,681,6.81億,,,,irbank_q=681,https://irbank.net/E05592/quarter,,2026-10-09T22:21:14.745823+09:00
Q2022-01_2022-03,3040,revenue,4837,JPY_million,10,OK|ROUNDING,kabutan_q10,4837,"4,837",irbank_q,4840,48.4億,kabutan_q10=4837|irbank_q=4840,https://kabutan.jp/stock/finance?code=3040,https://irbank.net/E05592/quarter,2026-10-09T22:21:14.745823+09:00
Q2022-01_2022-03,3040,sga_ratio,,pct,0.01,SINGLE_SOURCE,irbank_q,28.59,28.59%,,,,irbank_q=28.59,https://irbank.net/E05592/quarter,,2026-10-09T22:21:14.745823+09:00
Q2022-04_2022-06,3040,cost_ratio,,pct,0.01,SINGLE_SOURCE,irbank_q,62.25,62.25%,,,,irbank_q=62.25,https://irbank.net/E05592/quarter,,2026-10-09T22:21:14.745823+09:00
Q2022-04_2022-06,3040,operating_income,,JPY_million,1,SINGLE_SOURCE,irbank_q,87,0.87億,,,,irbank_q=87,https://irbank.net/E05592/quarter,,2026-10-09T22:21:14.745823+09:00
Q2022-04_2022-06,3040,operating_margin,,pct,0.01,SINGLE_SOURCE,irbank_q,2.16,2.16%,,,,irbank_q=2.16,https://irbank.net/E05592/quarter,,2026-10-09T22:21:14.745823+09:00
Q2022-04_2022-06,3040,ordinary_income,,JPY_million,1,SINGLE_SOURCE,irbank_q,173,1.73億,,,,irbank_q=173,https://irbank.net/E05592/quarter,,2026-10-09T22:21:14.745823+09:00
Q2022-04_2022-06,3040,revenue,4037,JPY_million,10,OK|ROUNDING,kabutan_q10,4037,"4,037",irbank_q,4040,40.4億,kabutan_q10=4037|irbank_q=4040,https://kabutan.jp/stock/finance?code=3040,https://irbank.net/E05592/quarter,2026-10-09T22:21:14.745823+09:00
Q2022-04_2022-06,3040,sga_ratio,,pct,0.01,SINGLE_SOURCE,irbank_q,35.62,35.62%,,,,irbank_q=35.62,https://irbank.net/E05592/quarter,,2026-10-09T22:21:14.745823+09:00
Q2022-07_2022-09,3040,cost_ratio,,pct,0.1,SINGLE_SOURCE,irbank_q,66.6,66.6%,,,,irbank_q=66.6,https://irbank.net/E05592/quarter,,2026-10-09T22:21:14.745823+09:00
Q2022-07_2022-09,3040,operating_income,,JPY_million,1,SINGLE_SOURCE,irbank_q,498,4.98億,,,,irbank_q=498,https://irbank.net/E05592/quarter,,2026-10-09T22:21:14.745823+09:00
Q2022-07_2022-09,3040,operating_margin,,pct,0.01,SINGLE_SOURCE,irbank_q,8.87,8.87%,,,,irbank_q=8.87,https://irbank.net/E05592/quarter,,2026-10-09T22:21:14.745823+09:00
Q2022-07_2022-09,3040,ordinary_income,,JPY_million,1,SINGLE_SOURCE,irbank_q,541,5.41億,,,,irbank_q=541,https://irbank.net/E05592/quarter,,2026-10-09T22:21:14.745823+09:00
Q2022-07_2022-09,3040,revenue,5613,JPY_million,10,OK|ROUNDING,kabutan_q10,5613,"5,613",irbank_q,5610,56.1億,kabutan_q10=5613|irbank_q=5610,https://kabutan.jp/stock/finance?code=3040,https://irbank.net/E05592/quarter,2026-10-09T22:21:14.745823+09:00
Q2022-07_2022-09,3040,sga_ratio,,pct,0.01,SINGLE_SOURCE,irbank_q,24.51,24.51%,,,,irbank_q=24.51,https://irbank.net/E05592/quarter,,2026-10-09T22:21:14.745823+09:00
Q2022-10_2022-12,3040,cost_ratio,,pct,0.01,SINGLE_SOURCE,irbank_q,57.51,57.51%,,,,irbank_q=57.51,https://irbank.net/E05592/quarter,,2026-10-09T22:21:14.745823+09:00
Q2022-10_2022-12,3040,operating_income,,JPY_million,1,SINGLE_SOURCE,irbank_q,842,8.42億,,,,irbank_q=842,https://irbank.net/E05592/quarter,,2026-10-09T22:21:14.745823+09:00
Q2022-10_2022-12,3040,operating_margin,,pct,0.01,SINGLE_SOURCE,irbank_q,15.98,15.98%,,,,irbank_q=15.98,https://irbank.net/E05592/quarter,,2026-10-09T22:21:14.745823+09:00
Q2022-10_2022-12,3040,ordinary_income,,JPY_million,1,SINGLE_SOURCE,irbank_q,808,8.08億,,,,irbank_q=808,https://irbank.net/E05592/quarter,,2026-10-09T22:21:14.745823+09:00
Q2022-10_2022-12,3040,revenue,5270,JPY_million,10,OK,kabutan_q10,5270,"5,270",irbank_q,5270,52.7億,kabutan_q10=5270|irbank_q=5270,https://kabutan.jp/stock/finance?code=3040,https://irbank.net/E05592/quarter,2026-10-09T22:21:14.745823+09:00
Q2022-10_2022-12,3040,sga_ratio,,pct,0.01,SINGLE_SOURCE,irbank_q,26.49,26.49%,,,,irbank_q=26.49,https://irbank.net/E05592/quarter,,2026-10-09T22:21:14.745823+09:00
Q2023-01_2023-03,3040,cost_ratio,,pct,0.01,SINGLE_SOURCE,irbank_q,56.19,56.19%-2.61%,,,,irbank_q=56.19,https://irbank.net/E05592/quarter,,2026-10-09T22:21:14.745823+09:00
Q2023-01_2023-03,3040,operating_income,,JPY_million,10,SINGLE_SOURCE,irbank_q,650,6.5億+6.7%,,,,irbank_q=650,https://irbank.net/E05592/quarter,,2026-10-09T22:21:14.745823+09:00
Q2023-01_2023-03,3040,operating_margin,,pct,0.01,SINGLE_SOURCE,irbank_q,13.92,13.92%+1.33%,,,,irbank_q=13.92,https://irbank.net/E05592/quarter,,2026-10-09T22:21:14.745823+09:00
Q2023-01_2023-03,3040,ordinary_income,,JPY_million,100,SINGLE_SOURCE,irbank_q,700,7億+2.8%,,,,irbank_q=700,https://irbank.net/E05592/quarter,,2026-10-09T22:21:14.745823+09:00
Q2023-01_2023-03,3040,revenue,4670,JPY_million,10,OK,kabutan_q10,4670,"4,670",irbank_q,4670,46.7億-3.5%,kabutan_q10=4670|irbank_q=4670,https://kabutan.jp/stock/finance?code=3040,https://irbank.net/E05592/quarter,2026-10-09T22:21:14.745823+09:00
Q2023-01_2023-03,3040,sga_ratio,,pct,0.01,SINGLE_SOURCE,irbank_q,29.87,29.87%+1.28%,,,,irbank_q=29.87,https://irbank.net/E05592/quarter,,2026-10-09T22:21:14.745823+09:00
Q2023-04_2023-06,3040,cost_ratio,,pct,0.1,SINGLE_SOURCE,irbank_q,56.9,56.9%-5.35%,,,,irbank_q=56.9,https://irbank.net/E05592/quarter,,2026-10-09T22:21:14.745823+09:00
Q2023-04_2023-06,3040,operating_income,,JPY_million,1,SINGLE_SOURCE,irbank_q,276,2.76億+217.2%,,,,irbank_q=276,https://irbank.net/E05592/quarter,,2026-10-09T22:21:14.745823+09:00
Q2023-04_2023-06,3040,operating_margin,,pct,0.01,SINGLE_SOURCE,irbank_q,6.68,6.68%+4.52%,,,,irbank_q=6.68,https://irbank.net/E05592/quarter,,2026-10-09T22:21:14.745823+09:00
Q2023-04_2023-06,3040,ordinary_income,,JPY_million,1,SINGLE_SOURCE,irbank_q,391,3.91億+126%,,,,irbank_q=391,https://irbank.net/E05592/quarter,,2026-10-09T22:21:14.745823+09:00
Q2023-04_2023-06,3040,revenue,4130,JPY_million,10,OK,kabutan_q10,4130,"4,130",irbank_q,4130,41.3億+2.3%,kabutan_q10=4130|irbank_q=4130,https://kabutan.jp/stock/finance?code=3040,https://irbank.net/E05592/quarter,2026-10-09T22:21:14.745823+09:00
Q2023-04_2023-06,3040,sga_ratio,,pct,0.01,SINGLE_SOURCE,irbank_q,36.44,36.44%+0.82%,,,,irbank_q=36.44,https://irbank.net/E05592/quarter,,2026-10-09T22:21:14.745823+09:00
Q2023-07_2023-09,3040,cost_ratio,,pct,0.01,SINGLE_SOURCE,irbank_q,55.16,55.16%-11.44%,,,,irbank_q=55.16,https://irbank.net/E05592/quarter,,2026-10-09T22:21:14.745823+09:00
Q2023-07_2023-09,3040,operating_income,,JPY_million,1,SINGLE_SOURCE,irbank_q,761,7.61億+52.8%,,,,irbank_q=761,https://irbank.net/E05592/quarter,,2026-10-09T22:21:14.745823+09:00
Q2023-07_2023-09,3040,operating_margin,,pct,0.1,SINGLE_SOURCE,irbank_q,15.6,15.6%+6.73%,,,,irbank_q=15.6,https://irbank.net/E05592/quarter,,2026-10-09T22:21:14.745823+09:00
Q2023-07_2023-09,3040,ordinary_income,,JPY_million,1,SINGLE_SOURCE,irbank_q,873,8.73億+61.4%,,,,irbank_q=873,https://irbank.net/E05592/quarter,,2026-10-09T22:21:14.745823+09:00
Q2023-07_2023-09,3040,revenue,4877,JPY_million,10,OK|ROUNDING,kabutan_q10,4877,"4,877",irbank_q,4880,48.8億-13.1%,kabutan_q10=4877|irbank_q=4880,https://kabutan.jp/stock/finance?code=3040,https://irbank.net/E05592/quarter,2026-10-09T22:21:14.745823+09:00
Q2023-07_2023-09,3040,sga_ratio,,pct,0.01,SINGLE_SOURCE,irbank_q,29.22,29.22%+4.71%,,,,irbank_q=29.22,https://irbank.net/E05592/quarter,,2026-10-09T22:21:14.745823+09:00
Q2023-10_2023-12,3040,cost_ratio,,pct,0.01,SINGLE_SOURCE,irbank_q,52.65,52.65%-4.86%,,,,irbank_q=52.65,https://irbank.net/E05592/quarter,,2026-10-09T22:21:14.745823+09:00
Q2023-10_2023-12,3040,operating_income,,JPY_million,1,SINGLE_SOURCE,irbank_q,921,9.21億+9.4%,,,,irbank_q=921,https://irbank.net/E05592/quarter,,2026-10-09T22:21:14.745823+09:00
Q2023-10_2023-12,3040,operating_margin,,pct,0.01,SINGLE_SOURCE,irbank_q,17.12,17.12%+1.14%,,,,irbank_q=17.12,https://irbank.net/E05592/quarter,,2026-10-09T22:21:14.745823+09:00
Q2023-10_2023-12,3040,ordinary_income,,JPY_million,1,SINGLE_SOURCE,irbank_q,845,8.45億+4.6%,,,,irbank_q=845,https://irbank.net/E05592/quarter,,2026-10-09T22:21:14.745823+09:00
Q2023-10_2023-12,3040,revenue,5381,JPY_million,10,OK|ROUNDING,kabutan_q10,5381,"5,381",irbank_q,5380,53.8億+2.1%,kabutan_q10=5381|irbank_q=5380,https://kabutan.jp/stock/finance?code=3040,https://irbank.net/E05592/quarter,2026-10-09T22:21:14.745823+09:00
Q2023-10_2023-12,3040,sga_ratio,,pct,0.01,SINGLE_SOURCE,irbank_q,30.24,30.24%+3.75%,,,,irbank_q=30.24,https://irbank.net/E05592/quarter,,2026-10-09T22:21:14.745823+09:00
Q2024-01_2024-03,3040,cost_ratio,,pct,0.01,SINGLE_SOURCE,irbank_q,55.19,55.19%-1%,,,,irbank_q=55.19,https://irbank.net/E05592/quarter,,2026-10-09T22:21:14.745823+09:00
Q2024-01_2024-03,3040,operating_income,,JPY_million,1,SINGLE_SOURCE,irbank_q,489,4.89億-24.8%,,,,irbank_q=489,https://irbank.net/E05592/quarter,,2026-10-09T22:21:14.745823+09:00
Q2024-01_2024-03,3040,operating_margin,,pct,0.01,SINGLE_SOURCE,irbank_q,10.69,10.69%-3.23%,,,,irbank_q=10.69,https://irbank.net/E05592/quarter,,2026-10-09T22:21:14.745823+09:00
Q2024-01_2024-03,3040,ordinary_income,,JPY_million,10,SINGLE_SOURCE,irbank_q,570,5.7億-18.6%,,,,irbank_q=570,https://irbank.net/E05592/quarter,,2026-10-09T22:21:14.745823+09:00
Q2024-01_2024-03,3040,revenue,4575,JPY_million,10,OK|ROUNDING,kabutan_q10,4575,"4,575",irbank_q,4580,45.8億-2%,kabutan_q10=4575|irbank_q=4580,https://kabutan.jp/stock/finance?code=3040,https://irbank.net/E05592/quarter,2026-10-09T22:21:14.745823+09:00
Q2024-01_2024-03,3040,sga_ratio,,pct,0.01,SINGLE_SOURCE,irbank_q,34.12,34.12%+4.25%,,,,irbank_q=34.12,https://irbank.net/E05592/quarter,,2026-10-09T22:21:14.745823+09:00
Q2024-04_2024-06,3040,cost_ratio,,pct,0.01,SINGLE_SOURCE,irbank_q,56.72,56.72%-0.18%,,,,irbank_q=56.72,https://irbank.net/E05592/quarter,,2026-10-09T22:21:14.745823+09:00
Q2024-04_2024-06,3040,operating_income,,JPY_million,1,SINGLE_SOURCE,irbank_q,158,1.58億-42.8%,,,,irbank_q=158,https://irbank.net/E05592/quarter,,2026-10-09T22:21:14.745823+09:00
Q2024-04_2024-06,3040,operating_margin,,pct,0.01,SINGLE_SOURCE,irbank_q,3.98,3.98%-2.7%,,,,irbank_q=3.98,https://irbank.net/E05592/quarter,,2026-10-09T22:21:14.745823+09:00
Q2024-04_2024-06,3040,ordinary_income,,JPY_million,1,SINGLE_SOURCE,irbank_q,263,2.63億-32.7%,,,,irbank_q=263,https://irbank.net/E05592/quarter,,2026-10-09T22:21:14.745823+09:00
Q2024-04_2024-06,3040,revenue,3967,JPY_million,10,OK|ROUNDING,kabutan_q10,3967,"3,967",irbank_q,3970,39.7億-3.9%,kabutan_q10=3967|irbank_q=3970,https://kabutan.jp/stock/finance?code=3040,https://irbank.net/E05592/quarter,2026-10-09T22:21:14.745823+09:00
Q2024-04_2024-06,3040,sga_ratio,,pct,0.01,SINGLE_SOURCE,irbank_q,39.25,39.25%+2.81%,,,,irbank_q=39.25,https://irbank.net/E05592/quarter,,2026-10-09T22:21:14.745823+09:00
Q2024-07_2024-09,3040,cost_ratio,,pct,0.01,SINGLE_SOURCE,irbank_q,58.36,58.36%+3.2%,,,,irbank_q=58.36,https://irbank.net/E05592/quarter,,2026-10-09T22:21:14.745823+09:00
Q2024-07_2024-09,3040,eps,,JPY,0.1,SINGLE_SOURCE,kabutan_q,7.6,7.6,,,,kabutan_q=7.6,https://kabutan.jp/stock/finance?code=3040,,2026-10-09T22:21:14.745823+09:00
Q2024-07_2024-09,3040,net_income,,JPY_million,1,SINGLE_SOURCE,kabutan_q,140,140,,,,kabutan_q=140,https://kabutan.jp/stock/finance?code=3040,,2026-10-09T22:21:14.745823+09:00
Q2024-07_2024-09,3040,operating_income,394,JPY_million,1,OK,kabutan_q,394,394,irbank_q,394,3.94億-48.2%,kabutan_q=394|irbank_q=394,https://kabutan.jp/stock/finance?code=3040,https://irbank.net/E05592/quarter,2026-10-09T22:21:14.745823+09:00
Q2024-07_2024-09,3040,operating_margin,8.38,pct,0.1,OK|ROUNDING,kabutan_q,8.4,8.4,irbank_q,8.38,8.38%-7.22%,kabutan_q=8.4|irbank_q=8.38,https://kabutan.jp/stock/finance?code=3040,https://irbank.net/E05592/quarter,2026-10-09T22:21:14.745823+09:00
Q2024-07_2024-09,3040,ordinary_income,241,JPY_million,1,OK,kabutan_q,241,241,irbank_q,241,2.41億-72.4%,kabutan_q=241|irbank_q=241,https://kabutan.jp/stock/finance?code=3040,https://irbank.net/E05592/quarter,2026-10-09T22:21:14.745823+09:00
Q2024-07_2024-09,3040,revenue,4702,JPY_million,100,OK|ROUNDING,kabutan_q,4702,"4,702",kabutan_q10,4702,"4,702",kabutan_q=4702|kabutan_q10=4702|irbank_q=4700,https://kabutan.jp/stock/finance?code=3040,https://kabutan.jp/stock/finance?code=3040,2026-10-09T22:21:14.745823+09:00
Q2024-07_2024-09,3040,sga_ratio,,pct,0.01,SINGLE_SOURCE,irbank_q,33.28,33.28%+4.06%,,,,irbank_q=33.28,https://irbank.net/E05592/quarter,,2026-10-09T22:21:14.745823+09:00
Q2024-10_2024-12,3040,cost_ratio,,pct,0.01,SINGLE_SOURCE,irbank_q,52.11,52.11%-0.54%,,,,irbank_q=52.11,https://irbank.net/E05592/quarter,,2026-10-09T22:21:14.745823+09:00
Q2024-10_2024-12,3040,eps,,JPY,0.1,SINGLE_SOURCE,kabutan_q,54,54.0,kabutan_record_q,54,54.0,kabutan_q=54|kabutan_record_q=54,https://kabutan.jp/stock/finance?code=3040,https://kabutan.jp/stock/finance?code=3040,2026-10-09T22:21:14.745823+09:00
Q2024-10_2024-12,3040,net_income,,JPY_million,1,SINGLE_SOURCE,kabutan_q,1000,"1,000",kabutan_record_q,1000,"1,000",kabutan_q=1000|kabutan_record_q=1000,https://kabutan.jp/stock/finance?code=3040,https://kabutan.jp/stock/finance?code=3040,2026-10-09T22:21:14.745823+09:00
Q2024-10_2024-12,3040,operating_income,1002,JPY_million,100,OK|ROUNDING,kabutan_q,1002,"1,002",irbank_q,1000,10億+8.8%,kabutan_q=1002|irbank_q=1000,https://kabutan.jp/stock/finance?code=3040,https://irbank.net/E05592/quarter,2026-10-09T22:21:14.745823+09:00
Q2024-10_2024-12,3040,operating_margin,18.69,pct,0.1,OK|ROUNDING,kabutan_q,18.7,18.7,irbank_q,18.69,18.69%+1.57%,kabutan_q=18.7|irbank_q=18.69,https://kabutan.jp/stock/finance?code=3040,https://irbank.net/E05592/quarter,2026-10-09T22:21:14.745823+09:00
Q2024-10_2024-12,3040,ordinary_income,1082,JPY_million,10,OK|ROUNDING,kabutan_q,1082,"1,082",irbank_q,1080,10.8億+28%,kabutan_q=1082|irbank_q=1080,https://kabutan.jp/stock/finance?code=3040,https://irbank.net/E05592/quarter,2026-10-09T22:21:14.745823+09:00
Q2024-10_2024-12,3040,revenue,5362,JPY_million,10,OK|ROUNDING,kabutan_q,5362,"5,362",kabutan_q10,5362,"5,362",kabutan_q=5362|kabutan_q10=5362|irbank_q=5360,https://kabutan.jp/stock/finance?code=3040,https://kabutan.jp/stock/finance?code=3040,2026-10-09T22:21:14.745823+09:00
Q2024-10_2024-12,3040,sga_ratio,,pct,0.01,SINGLE_SOURCE,irbank_q,29.21,29.21%-1.03%,,,,irbank_q=29.21,https://irbank.net/E05592/quarter,,2026-10-09T22:21:14.745823+09:00
Q2025-01_2025-03,3040,cost_ratio,,pct,0.01,SINGLE_SOURCE,irbank_q,54.07,54.07%-1.12%,,,,irbank_q=54.07,https://irbank.net/E05592/quarter,,2026-10-09T22:21:14.745823+09:00
Q2025-01_2025-03,3040,eps,,JPY,0.1,SINGLE_SOURCE,kabutan_q,21.6,21.6,,,,kabutan_q=21.6,https://kabutan.jp/stock/finance?code=3040,,2026-10-09T22:21:14.745823+09:00
Q2025-01_2025-03,3040,net_income,,JPY_million,1,SINGLE_SOURCE,kabutan_q,400,400,,,,kabutan_q=400,https://kabutan.jp/stock/finance?code=3040,,2026-10-09T22:21:14.745823+09:00
Q2025-01_2025-03,3040,operating_income,593,JPY_million,1,OK,kabutan_q,593,593,irbank_q,593,5.93億+21.3%,kabutan_q=593|irbank_q=593,https://kabutan.jp/stock/finance?code=3040,https://irbank.net/E05592/quarter,2026-10-09T22:21:14.745823+09:00
Q2025-01_2025-03,3040,operating_margin,12.93,pct,0.1,OK|ROUNDING,kabutan_q,12.9,12.9,irbank_q,12.93,12.93%+2.24%,kabutan_q=12.9|irbank_q=12.93,https://kabutan.jp/stock/finance?code=3040,https://irbank.net/E05592/quarter,2026-10-09T22:21:14.745823+09:00
Q2025-01_2025-03,3040,ordinary_income,528,JPY_million,1,OK,kabutan_q,528,528,irbank_q,528,5.28億-7.4%,kabutan_q=528|irbank_q=528,https://kabutan.jp/stock/finance?code=3040,https://irbank.net/E05592/quarter,2026-10-09T22:21:14.745823+09:00
Q2025-01_2025-03,3040,revenue,4585,JPY_million,10,OK|ROUNDING,kabutan_q,4585,"4,585",kabutan_q10,4585,"4,585",kabutan_q=4585|kabutan_q10=4585|irbank_q=4590,https://kabutan.jp/stock/finance?code=3040,https://kabutan.jp/stock/finance?code=3040,2026-10-09T22:21:14.745823+09:00
Q2025-01_2025-03,3040,sga_ratio,,pct,0.01,SINGLE_SOURCE,irbank_q,32.98,32.98%-1.14%,,,,irbank_q=32.98,https://irbank.net/E05592/quarter,,2026-10-09T22:21:14.745823+09:00
Q2025-04_2025-06,3040,cost_ratio,,pct,0.01,SINGLE_SOURCE,irbank_q,57.38,57.38%+0.66%,,,,irbank_q=57.38,https://irbank.net/E05592/quarter,,2026-10-09T22:21:14.745823+09:00
Q2025-04_2025-06,3040,eps,,JPY,0.1,SINGLE_SOURCE,kabutan_q,9.6,9.6,,,,kabutan_q=9.6,https://kabutan.jp/stock/finance?code=3040,,2026-10-09T22:21:14.745823+09:00
Q2025-04_2025-06,3040,net_income,,JPY_million,1,SINGLE_SOURCE,kabutan_q,177,177,,,,kabutan_q=177,https://kabutan.jp/stock/finance?code=3040,,2026-10-09T22:21:14.745823+09:00
Q2025-04_2025-06,3040,operating_income,200,JPY_million,100,OK,kabutan_q,200,200,irbank_q,200,2億+26.6%,kabutan_q=200|irbank_q=200,https://kabutan.jp/stock/finance?code=3040,https://irbank.net/E05592/quarter,2026-10-09T22:21:14.745823+09:00
Q2025-04_2025-06,3040,operating_margin,4.85,pct,0.1,OK|ROUNDING,kabutan_q,4.8,4.8,irbank_q,4.85,4.85%+0.87%,kabutan_q=4.8|irbank_q=4.85,https://kabutan.jp/stock/finance?code=3040,https://irbank.net/E05592/quarter,2026-10-09T22:21:14.745823+09:00
Q2025-04_2025-06,3040,ordinary_income,253,JPY_million,1,OK,kabutan_q,253,253,irbank_q,253,2.53億-3.8%,kabutan_q=253|irbank_q=253,https://kabutan.jp/stock/finance?code=3040,https://irbank.net/E05592/quarter,2026-10-09T22:21:14.745823+09:00
Q2025-04_2025-06,3040,revenue,4125,JPY_million,10,OK|ROUNDING,kabutan_q,4125,"4,125",kabutan_q10,4125,"4,125",kabutan_q=4125|kabutan_q10=4125|irbank_q=4130,https://kabutan.jp/stock/finance?code=3040,https://kabutan.jp/stock/finance?code=3040,2026-10-09T22:21:14.745823+09:00
Q2025-04_2025-06,3040,sga_ratio,,pct,0.01,SINGLE_SOURCE,irbank_q,37.77,37.77%-1.48%,,,,irbank_q=37.77,https://irbank.net/E05592/quarter,,2026-10-09T22:21:14.745823+09:00
Q2025-07_2025-09,3040,cost_ratio,,pct,0.01,SINGLE_SOURCE,irbank_q,50.08,50.08%-8.28%,,,,irbank_q=50.08,https://irbank.net/E05592/quarter,,2026-10-09T22:21:14.745823+09:00
Q2025-07_2025-09,3040,eps,,JPY,0.1,SINGLE_SOURCE,kabutan_q,45.2,45.2,,,,kabutan_q=45.2,https://kabutan.jp/stock/finance?code=3040,,2026-10-09T22:21:14.745823+09:00
Q2025-07_2025-09,3040,net_income,,JPY_million,1,SINGLE_SOURCE,kabutan_q,838,838,,,,kabutan_q=838,https://kabutan.jp/stock/finance?code=3040,,2026-10-09T22:21:14.745823+09:00
Q2025-07_2025-09,3040,operating_income,1071,JPY_million,10,OK|ROUNDING,kabutan_q,1071,"1,071",kabutan_record_q,1071,"1,071",kabutan_q=1071|kabutan_record_q=1071|irbank_q=1070,https://kabutan.jp/stock/finance?code=3040,https://kabutan.jp/stock/finance?code=3040,2026-10-09T22:21:14.745823+09:00
Q2025-07_2025-09,3040,operating_margin,20.62,pct,0.1,OK|ROUNDING,kabutan_q,20.6,20.6,irbank_q,20.62,20.62%+12.24%,kabutan_q=20.6|irbank_q=20.62,https://kabutan.jp/stock/finance?code=3040,https://irbank.net/E05592/quarter,2026-10-09T22:21:14.745823+09:00
Q2025-07_2025-09,3040,ordinary_income,1132,JPY_million,10,OK|ROUNDING,kabutan_q,1132,"1,132",kabutan_record_q,1132,"1,132",kabutan_q=1132|kabutan_record_q=1132|irbank_q=1130,https://kabutan.jp/stock/finance?code=3040,https://kabutan.jp/stock/finance?code=3040,2026-10-09T22:21:14.745823+09:00
Q2025-07_2025-09,3040,revenue,5194,JPY_million,10,OK|ROUNDING,kabutan_q,5194,"5,194",kabutan_q10,5194,"5,194",kabutan_q=5194|kabutan_q10=5194|irbank_q=5190,https://kabutan.jp/stock/finance?code=3040,https://kabutan.jp/stock/finance?code=3040,2026-10-09T22:21:14.745823+09:00
Q2025-07_2025-09,3040,sga_ratio,,pct,0.01,SINGLE_SOURCE,irbank_q,29.32,29.32%-3.96%,,,,irbank_q=29.32,https://irbank.net/E05592/quarter,,2026-10-09T22:21:14.745823+09:00
Q2025-10_2025-12,3040,cost_ratio,,pct,0.01,SINGLE_SOURCE,irbank_q,52.53,52.53%+0.42%,,,,irbank_q=52.53,https://irbank.net/E05592/quarter,,2026-10-09T22:21:14.745823+09:00
Q2025-10_2025-12,3040,eps,,JPY,0.1,SINGLE_SOURCE,kabutan_q,47.6,47.6,,,,kabutan_q=47.6,https://kabutan.jp/stock/finance?code=3040,,2026-10-09T22:21:14.745823+09:00
Q2025-10_2025-12,3040,net_income,,JPY_million,1,SINGLE_SOURCE,kabutan_q,883,883,,,,kabutan_q=883,https://kabutan.jp/stock/finance?code=3040,,2026-10-09T22:21:14.745823+09:00
Q2025-10_2025-12,3040,operating_income,980,JPY_million,10,OK,kabutan_q,980,980,irbank_q,980,9.8億-2.2%,kabutan_q=980|irbank_q=980,https://kabutan.jp/stock/finance?code=3040,https://irbank.net/E05592/quarter,2026-10-09T22:21:14.745823+09:00
Q2025-10_2025-12,3040,operating_margin,16.73,pct,0.1,OK|ROUNDING,kabutan_q,16.7,16.7,irbank_q,16.73,16.73%-1.96%,kabutan_q=16.7|irbank_q=16.73,https://kabutan.jp/stock/finance?code=3040,https://irbank.net/E05592/quarter,2026-10-09T22:21:14.745823+09:00
Q2025-10_2025-12,3040,ordinary_income,1064,JPY_million,10,OK|ROUNDING,kabutan_q,1064,"1,064",irbank_q,1060,10.6億-1.7%,kabutan_q=1064|irbank_q=1060,https://kabutan.jp/stock/finance?code=3040,https://irbank.net/E05592/quarter,2026-10-09T22:21:14.745823+09:00
Q2025-10_2025-12,3040,revenue,5858,JPY_million,10,OK|ROUNDING,kabutan_q,5858,"5,858",kabutan_q10,5858,"5,858",kabutan_q=5858|kabutan_q10=5858|kabutan_record_q=5858|irbank_q=5860,https://kabutan.jp/stock/finance?code=3040,https://kabutan.jp/stock/finance?code=3040,2026-10-09T22:21:14.745823+09:00
Q2025-10_2025-12,3040,sga_ratio,,pct,0.01,SINGLE_SOURCE,irbank_q,30.71,30.71%+1.5%,,,,irbank_q=30.71,https://irbank.net/E05592/quarter,,2026-10-09T22:21:14.745823+09:00
Q2026-01_2026-03,3040,cost_ratio,,pct,0.01,SINGLE_SOURCE,irbank_q,51.23,51.23%-2.84%,,,,irbank_q=51.23,https://irbank.net/E05592/quarter,,2026-10-09T22:21:14.745823+09:00
Q2026-01_2026-03,3040,eps,,JPY,0.1,SINGLE_SOURCE,kabutan_q,37,37.0,,,,kabutan_q=37,https://kabutan.jp/stock/finance?code=3040,,2026-10-09T22:21:14.745823+09:00
Q2026-01_2026-03,3040,net_income,,JPY_million,1,SINGLE_SOURCE,kabutan_q,685,685,,,,kabutan_q=685,https://kabutan.jp/stock/finance?code=3040,,2026-10-09T22:21:14.745823+09:00
Q2026-01_2026-03,3040,operating_income,908,JPY_million,1,OK,kabutan_q,908,908,irbank_q,908,9.08億+53.1%,kabutan_q=908|irbank_q=908,https://kabutan.jp/stock/finance?code=3040,https://irbank.net/E05592/quarter,2026-10-09T22:21:14.745823+09:00
Q2026-01_2026-03,3040,operating_margin,17.58,pct,0.1,OK|ROUNDING,kabutan_q,17.6,17.6,irbank_q,17.58,17.58%+4.65%,kabutan_q=17.6|irbank_q=17.58,https://kabutan.jp/stock/finance?code=3040,https://irbank.net/E05592/quarter,2026-10-09T22:21:14.745823+09:00
Q2026-01_2026-03,3040,ordinary_income,949,JPY_million,1,OK,kabutan_q,949,949,irbank_q,949,9.49億+79.7%,kabutan_q=949|irbank_q=949,https://kabutan.jp/stock/finance?code=3040,https://irbank.net/E05592/quarter,2026-10-09T22:21:14.745823+09:00
Q2026-01_2026-03,3040,revenue,5165,JPY_million,10,OK|ROUNDING,kabutan_q,5165,"5,165",kabutan_q10,5165,"5,165",kabutan_q=5165|kabutan_q10=5165|irbank_q=5170,https://kabutan.jp/stock/finance?code=3040,https://kabutan.jp/stock/finance?code=3040,2026-10-09T22:21:14.745823+09:00
Q2026-01_2026-03,3040,sga_ratio,,pct,0.01,SINGLE_SOURCE,irbank_q,31.15,31.15%-1.83%,,,,irbank_q=31.15,https://irbank.net/E05592/quarter,,2026-10-09T22:21:14.745823+09:00
Q2026-04_2026-06,3040,cost_ratio,,pct,0.01,SINGLE_SOURCE,irbank_q,48.55,48.55%-8.83%,,,,irbank_q=48.55,https://irbank.net/E05592/quarter,,2026-10-09T22:21:14.745823+09:00
Q2026-04_2026-06,3040,eps,,JPY,0.1,SINGLE_SOURCE,kabutan_q,41.1,41.1,kabutan_q10,41.1,41.1,kabutan_q=41.1|kabutan_q10=41.1,https://kabutan.jp/stock/finance?code=3040,https://kabutan.jp/stock/finance?code=3040,2026-10-09T22:21:14.745823+09:00
Q2026-04_2026-06,3040,net_income,,JPY_million,1,SINGLE_SOURCE,kabutan_q,762,762,,,,kabutan_q=762,https://kabutan.jp/stock/finance?code=3040,,2026-10-09T22:21:14.745823+09:00
Q2026-04_2026-06,3040,operating_income,869,JPY_million,1,OK,kabutan_q,869,869,kabutan_q10,869,869,kabutan_q=869|kabutan_q10=869|irbank_q=869,https://kabutan.jp/stock/finance?code=3040,https://kabutan.jp/stock/finance?code=3040,2026-10-09T22:21:14.745823+09:00
Q2026-04_2026-06,3040,operating_margin,17.89,pct,0.1,OK|ROUNDING,kabutan_q,17.9,17.9,irbank_q,17.89,17.89%+13.04%,kabutan_q=17.9|irbank_q=17.89,https://kabutan.jp/stock/finance?code=3040,https://irbank.net/E05592/quarter,2026-10-09T22:21:14.745823+09:00
Q2026-04_2026-06,3040,ordinary_income,933,JPY_million,1,OK,kabutan_q,933,933,kabutan_q10,933,933,kabutan_q=933|kabutan_q10=933|irbank_q=933,https://kabutan.jp/stock/finance?code=3040,https://kabutan.jp/stock/finance?code=3040,2026-10-09T22:21:14.745823+09:00
Q2026-04_2026-06,3040,revenue,4857,JPY_million,10,OK|ROUNDING,kabutan_q,4857,"4,857",kabutan_q10,4857,"4,857",kabutan_q=4857|kabutan_q10=4857|irbank_q=4860,https://kabutan.jp/stock/finance?code=3040,https://kabutan.jp/stock/finance?code=3040,2026-10-09T22:21:14.745823+09:00
Q2026-04_2026-06,3040,sga_ratio,,pct,0.01,SINGLE_SOURCE,irbank_q,33.58,33.58%-4.19%,,,,irbank_q=33.58,https://irbank.net/E05592/quarter,,2026-10-09T22:21:14.745823+09:00
