period,code,metric,value,unit,tolerance,status,source_primary,value_primary,raw_primary,source_secondary,value_secondary,raw_secondary,sources_all,source_url_primary,source_url_secondary,fetched_at
FY2002-03,3796,revenue,,JPY_million,1,SINGLE_SOURCE|NONCONSOLIDATED|PERIOD_ASTERISK,kabutan_fy10,212,212,,,,kabutan_fy10=212,https://kabutan.jp/stock/finance?code=3796,,2026-09-27T11:10:09.225419+09:00
FY2003-03,3796,revenue,,JPY_million,1,SINGLE_SOURCE|NONCONSOLIDATED|PERIOD_ASTERISK,kabutan_fy10,249,249,,,,kabutan_fy10=249,https://kabutan.jp/stock/finance?code=3796,,2026-09-27T11:10:09.225419+09:00
FY2004-03,3796,revenue,,JPY_million,1,SINGLE_SOURCE|NONCONSOLIDATED|PERIOD_ASTERISK,kabutan_fy10,491,491,,,,kabutan_fy10=491,https://kabutan.jp/stock/finance?code=3796,,2026-09-27T11:10:09.225419+09:00
FY2005-03,3796,revenue,,JPY_million,1,SINGLE_SOURCE|NONCONSOLIDATED|PERIOD_ASTERISK,kabutan_fy10,622,622,,,,kabutan_fy10=622,https://kabutan.jp/stock/finance?code=3796,,2026-09-27T11:10:09.225419+09:00
FY2006-03,3796,revenue,,JPY_million,1,SINGLE_SOURCE|NONCONSOLIDATED,kabutan_fy10,1227,"1,227",,,,kabutan_fy10=1227,https://kabutan.jp/stock/finance?code=3796,,2026-09-27T11:10:09.225419+09:00
FY2007-03,3796,revenue,,JPY_million,1,SINGLE_SOURCE|NONCONSOLIDATED,kabutan_fy10,1595,"1,595",,,,kabutan_fy10=1595,https://kabutan.jp/stock/finance?code=3796,,2026-09-27T11:10:09.225419+09:00
FY2008-03,3796,capex,,JPY_million,1,SINGLE_SOURCE,irbank_cf,-223,-223百万,,,,irbank_cf=-223,https://irbank.net/E05551/results,,2026-09-27T11:10:09.225419+09:00
FY2008-03,3796,cash_equivalents,,JPY_million,1,SINGLE_SOURCE,irbank_cf,576,576百万,,,,irbank_cf=576,https://irbank.net/E05551/results,,2026-09-27T11:10:09.225419+09:00
FY2008-03,3796,cost_ratio,,pct,0.1,SINGLE_SOURCE,irbank_pl_consolidated,56.7,56.7,,,,irbank_pl_consolidated=56.7,https://irbank.net/E05551/results,,2026-09-27T11:10:09.225419+09:00
FY2008-03,3796,equity_ratio,,pct,0.01,SINGLE_SOURCE,irbank_bs,83.25,83.25,,,,irbank_bs=83.25,https://irbank.net/E05551/results,,2026-09-27T11:10:09.225419+09:00
FY2008-03,3796,financing_cf,,JPY_million,1,SINGLE_SOURCE,irbank_cf,-21,-21百万,,,,irbank_cf=-21,https://irbank.net/E05551/results,,2026-09-27T11:10:09.225419+09:00
FY2008-03,3796,free_cf,,JPY_million,1,SINGLE_SOURCE,irbank_cf,40,40百万,,,,irbank_cf=40,https://irbank.net/E05551/results,,2026-09-27T11:10:09.225419+09:00
FY2008-03,3796,investing_cf,,JPY_million,1,SINGLE_SOURCE,irbank_cf,-208,-208百万,,,,irbank_cf=-208,https://irbank.net/E05551/results,,2026-09-27T11:10:09.225419+09:00
FY2008-03,3796,net_assets,,JPY_million,10,SINGLE_SOURCE,irbank_bs,1460,14.6億,,,,irbank_bs=1460,https://irbank.net/E05551/results,,2026-09-27T11:10:09.225419+09:00
FY2008-03,3796,net_income,,JPY_million,1,SINGLE_SOURCE,irbank_pl_consolidated,33,33百万,,,,irbank_pl_consolidated=33,https://irbank.net/E05551/results,,2026-09-27T11:10:09.225419+09:00
FY2008-03,3796,operating_cf,,JPY_million,1,SINGLE_SOURCE,irbank_cf,248,248百万,,,,irbank_cf=248,https://irbank.net/E05551/results,,2026-09-27T11:10:09.225419+09:00
FY2008-03,3796,operating_income,,JPY_million,1,SINGLE_SOURCE,irbank_pl_consolidated,35,35百万,,,,irbank_pl_consolidated=35,https://irbank.net/E05551/results,,2026-09-27T11:10:09.225419+09:00
FY2008-03,3796,operating_margin,,pct,0.01,SINGLE_SOURCE,irbank_pl_consolidated,1.79,1.79,,,,irbank_pl_consolidated=1.79,https://irbank.net/E05551/results,,2026-09-27T11:10:09.225419+09:00
FY2008-03,3796,ordinary_income,,JPY_million,1,SINGLE_SOURCE,irbank_pl_consolidated,39,39百万,,,,irbank_pl_consolidated=39,https://irbank.net/E05551/results,,2026-09-27T11:10:09.225419+09:00
FY2008-03,3796,retained_earnings,,JPY_million,1,SINGLE_SOURCE,irbank_bs,166,166百万,,,,irbank_bs=166,https://irbank.net/E05551/results,,2026-09-27T11:10:09.225419+09:00
FY2008-03,3796,revenue,1937,JPY_million,10,OK|ROUNDING|NONCONSOLIDATED,kabutan_fy10,1937,"1,937",irbank_pl_consolidated,1940,19.4億,kabutan_fy10=1937|irbank_pl_consolidated=1940,https://kabutan.jp/stock/finance?code=3796,https://irbank.net/E05551/results,2026-09-27T11:10:09.225419+09:00
FY2008-03,3796,roa,,pct,0.1,SINGLE_SOURCE,irbank_pl_consolidated,1.9,1.9,,,,irbank_pl_consolidated=1.9,https://irbank.net/E05551/results,,2026-09-27T11:10:09.225419+09:00
FY2008-03,3796,roe,,pct,0.01,SINGLE_SOURCE,irbank_pl_consolidated,2.28,2.28,,,,irbank_pl_consolidated=2.28,https://irbank.net/E05551/results,,2026-09-27T11:10:09.225419+09:00
FY2008-03,3796,sga_ratio,,pct,0.01,SINGLE_SOURCE,irbank_pl_consolidated,41.52,41.52,,,,irbank_pl_consolidated=41.52,https://irbank.net/E05551/results,,2026-09-27T11:10:09.225419+09:00
FY2008-03,3796,shareholders_equity,,JPY_million,10,SINGLE_SOURCE,irbank_bs,1460,14.6億,,,,irbank_bs=1460,https://irbank.net/E05551/results,,2026-09-27T11:10:09.225419+09:00
FY2008-03,3796,total_assets,,JPY_million,10,SINGLE_SOURCE,irbank_bs,1750,17.5億,,,,irbank_bs=1750,https://irbank.net/E05551/results,,2026-09-27T11:10:09.225419+09:00
FY2009-03,3796,capex,,JPY_million,1,SINGLE_SOURCE,irbank_cf,-260,-260百万,,,,irbank_cf=-260,https://irbank.net/E05551/results,,2026-09-27T11:10:09.225419+09:00
FY2009-03,3796,cash_equivalents,,JPY_million,1,SINGLE_SOURCE,irbank_cf,739,739百万,,,,irbank_cf=739,https://irbank.net/E05551/results,,2026-09-27T11:10:09.225419+09:00
FY2009-03,3796,cost_ratio,,pct,0.01,SINGLE_SOURCE,irbank_pl_consolidated,50.84,50.84,,,,irbank_pl_consolidated=50.84,https://irbank.net/E05551/results,,2026-09-27T11:10:09.225419+09:00
FY2009-03,3796,equity_ratio,,pct,0.01,SINGLE_SOURCE,irbank_bs,78.66,78.66,,,,irbank_bs=78.66,https://irbank.net/E05551/results,,2026-09-27T11:10:09.225419+09:00
FY2009-03,3796,financing_cf,,JPY_million,0.1,SINGLE_SOURCE,irbank_cf,-6.4,-6.4百万,,,,irbank_cf=-6.4,https://irbank.net/E05551/results,,2026-09-27T11:10:09.225419+09:00
FY2009-03,3796,free_cf,,JPY_million,1,SINGLE_SOURCE,irbank_cf,169,169百万,,,,irbank_cf=169,https://irbank.net/E05551/results,,2026-09-27T11:10:09.225419+09:00
FY2009-03,3796,investing_cf,,JPY_million,1,SINGLE_SOURCE,irbank_cf,-302,-302百万,,,,irbank_cf=-302,https://irbank.net/E05551/results,,2026-09-27T11:10:09.225419+09:00
FY2009-03,3796,net_assets,,JPY_million,10,SINGLE_SOURCE,irbank_bs,1540,15.4億,,,,irbank_bs=1540,https://irbank.net/E05551/results,,2026-09-27T11:10:09.225419+09:00
FY2009-03,3796,net_income,,JPY_million,1,SINGLE_SOURCE,irbank_pl_consolidated,88,88百万,,,,irbank_pl_consolidated=88,https://irbank.net/E05551/results,,2026-09-27T11:10:09.225419+09:00
FY2009-03,3796,operating_cf,,JPY_million,1,SINGLE_SOURCE,irbank_cf,471,471百万,,,,irbank_cf=471,https://irbank.net/E05551/results,,2026-09-27T11:10:09.225419+09:00
FY2009-03,3796,operating_income,,JPY_million,1,SINGLE_SOURCE,irbank_pl_consolidated,177,177百万,,,,irbank_pl_consolidated=177,https://irbank.net/E05551/results,,2026-09-27T11:10:09.225419+09:00
FY2009-03,3796,operating_margin,,pct,0.01,SINGLE_SOURCE,irbank_pl_consolidated,8.14,8.14,,,,irbank_pl_consolidated=8.14,https://irbank.net/E05551/results,,2026-09-27T11:10:09.225419+09:00
FY2009-03,3796,ordinary_income,,JPY_million,1,SINGLE_SOURCE,irbank_pl_consolidated,178,178百万,,,,irbank_pl_consolidated=178,https://irbank.net/E05551/results,,2026-09-27T11:10:09.225419+09:00
FY2009-03,3796,retained_earnings,,JPY_million,1,SINGLE_SOURCE,irbank_bs,253,253百万,,,,irbank_bs=253,https://irbank.net/E05551/results,,2026-09-27T11:10:09.225419+09:00
FY2009-03,3796,revenue,2173,JPY_million,10,OK|ROUNDING,kabutan_fy10,2173,"2,173",irbank_pl_consolidated,2170,21.7億,kabutan_fy10=2173|irbank_pl_consolidated=2170,https://kabutan.jp/stock/finance?code=3796,https://irbank.net/E05551/results,2026-09-27T11:10:09.225419+09:00
FY2009-03,3796,roa,,pct,0.01,SINGLE_SOURCE,irbank_pl_consolidated,4.48,4.48,,,,irbank_pl_consolidated=4.48,https://irbank.net/E05551/results,,2026-09-27T11:10:09.225419+09:00
FY2009-03,3796,roe,,pct,0.1,SINGLE_SOURCE,irbank_pl_consolidated,5.7,5.7,,,,irbank_pl_consolidated=5.7,https://irbank.net/E05551/results,,2026-09-27T11:10:09.225419+09:00
FY2009-03,3796,sga_ratio,,pct,0.01,SINGLE_SOURCE,irbank_pl_consolidated,41.02,41.02,,,,irbank_pl_consolidated=41.02,https://irbank.net/E05551/results,,2026-09-27T11:10:09.225419+09:00
FY2009-03,3796,shareholders_equity,,JPY_million,10,SINGLE_SOURCE,irbank_bs,1540,15.4億,,,,irbank_bs=1540,https://irbank.net/E05551/results,,2026-09-27T11:10:09.225419+09:00
FY2009-03,3796,total_assets,,JPY_million,10,SINGLE_SOURCE,irbank_bs,1960,19.6億,,,,irbank_bs=1960,https://irbank.net/E05551/results,,2026-09-27T11:10:09.225419+09:00
FY2010-03,3796,bps,,JPY,0.01,SINGLE_SOURCE,irbank_bs,115.32,115.32,,,,irbank_bs=115.32,https://irbank.net/E05551/results,,2026-09-27T11:10:09.225419+09:00
FY2010-03,3796,capex,,JPY_million,1,SINGLE_SOURCE,irbank_cf,-425,-425百万,,,,irbank_cf=-425,https://irbank.net/E05551/results,,2026-09-27T11:10:09.225419+09:00
FY2010-03,3796,cash_equivalents,,JPY_million,1,SINGLE_SOURCE,irbank_cf,625,625百万,,,,irbank_cf=625,https://irbank.net/E05551/results,,2026-09-27T11:10:09.225419+09:00
FY2010-03,3796,cost_ratio,,pct,0.01,SINGLE_SOURCE,irbank_pl_consolidated,46.04,46.04,,,,irbank_pl_consolidated=46.04,https://irbank.net/E05551/results,,2026-09-27T11:10:09.225419+09:00
FY2010-03,3796,eps,,JPY,0.01,SINGLE_SOURCE,irbank_pl_consolidated,10.91,10.91,,,,irbank_pl_consolidated=10.91,https://irbank.net/E05551/results,,2026-09-27T11:10:09.225419+09:00
FY2010-03,3796,equity_ratio,,pct,0.1,SINGLE_SOURCE,irbank_bs,80.6,80.6,,,,irbank_bs=80.6,https://irbank.net/E05551/results,,2026-09-27T11:10:09.225419+09:00
FY2010-03,3796,financing_cf,,JPY_million,1,SINGLE_SOURCE,irbank_cf,-96,-96百万,,,,irbank_cf=-96,https://irbank.net/E05551/results,,2026-09-27T11:10:09.225419+09:00
FY2010-03,3796,free_cf,,JPY_million,1,SINGLE_SOURCE,irbank_cf,-18,-18百万,,,,irbank_cf=-18,https://irbank.net/E05551/results,,2026-09-27T11:10:09.225419+09:00
FY2010-03,3796,investing_cf,,JPY_million,1,SINGLE_SOURCE,irbank_cf,-411,-411百万,,,,irbank_cf=-411,https://irbank.net/E05551/results,,2026-09-27T11:10:09.225419+09:00
FY2010-03,3796,net_assets,,JPY_million,10,SINGLE_SOURCE,irbank_bs,1570,15.7億,,,,irbank_bs=1570,https://irbank.net/E05551/results,,2026-09-27T11:10:09.225419+09:00
FY2010-03,3796,net_income,,JPY_million,1,SINGLE_SOURCE,irbank_pl_consolidated,149,149百万,,,,irbank_pl_consolidated=149,https://irbank.net/E05551/results,,2026-09-27T11:10:09.225419+09:00
FY2010-03,3796,operating_cf,,JPY_million,1,SINGLE_SOURCE,irbank_cf,393,393百万,,,,irbank_cf=393,https://irbank.net/E05551/results,,2026-09-27T11:10:09.225419+09:00
FY2010-03,3796,operating_income,,JPY_million,1,SINGLE_SOURCE,irbank_pl_consolidated,300,300百万,,,,irbank_pl_consolidated=300,https://irbank.net/E05551/results,,2026-09-27T11:10:09.225419+09:00
FY2010-03,3796,operating_margin,,pct,0.1,SINGLE_SOURCE,irbank_pl_consolidated,13.3,13.3,,,,irbank_pl_consolidated=13.3,https://irbank.net/E05551/results,,2026-09-27T11:10:09.225419+09:00
FY2010-03,3796,ordinary_income,,JPY_million,1,SINGLE_SOURCE,irbank_pl_consolidated,301,301百万,,,,irbank_pl_consolidated=301,https://irbank.net/E05551/results,,2026-09-27T11:10:09.225419+09:00
FY2010-03,3796,retained_earnings,,JPY_million,1,SINGLE_SOURCE,irbank_bs,368,368百万,,,,irbank_bs=368,https://irbank.net/E05551/results,,2026-09-27T11:10:09.225419+09:00
FY2010-03,3796,revenue,2257,JPY_million,10,OK|ROUNDING,kabutan_fy10,2257,"2,257",irbank_pl_consolidated,2260,22.6億,kabutan_fy10=2257|irbank_pl_consolidated=2260,https://kabutan.jp/stock/finance?code=3796,https://irbank.net/E05551/results,2026-09-27T11:10:09.225419+09:00
FY2010-03,3796,roa,,pct,0.01,SINGLE_SOURCE,irbank_pl_consolidated,7.62,7.62,,,,irbank_pl_consolidated=7.62,https://irbank.net/E05551/results,,2026-09-27T11:10:09.225419+09:00
FY2010-03,3796,roe,,pct,0.01,SINGLE_SOURCE,irbank_pl_consolidated,9.46,9.46,,,,irbank_pl_consolidated=9.46,https://irbank.net/E05551/results,,2026-09-27T11:10:09.225419+09:00
FY2010-03,3796,sga_ratio,,pct,0.01,SINGLE_SOURCE,irbank_pl_consolidated,40.65,40.65,,,,irbank_pl_consolidated=40.65,https://irbank.net/E05551/results,,2026-09-27T11:10:09.225419+09:00
FY2010-03,3796,shareholders_equity,,JPY_million,10,SINGLE_SOURCE,irbank_bs,1570,15.7億,,,,irbank_bs=1570,https://irbank.net/E05551/results,,2026-09-27T11:10:09.225419+09:00
FY2010-03,3796,total_assets,,JPY_million,10,SINGLE_SOURCE,irbank_bs,1950,19.5億,,,,irbank_bs=1950,https://irbank.net/E05551/results,,2026-09-27T11:10:09.225419+09:00
FY2011-03,3796,bps,,JPY,0.01,SINGLE_SOURCE,irbank_bs,122.21,122.21,,,,irbank_bs=122.21,https://irbank.net/E05551/results,,2026-09-27T11:10:09.225419+09:00
FY2011-03,3796,capex,,JPY_million,1,SINGLE_SOURCE,irbank_cf,-431,-431百万,,,,irbank_cf=-431,https://irbank.net/E05551/results,,2026-09-27T11:10:09.225419+09:00
FY2011-03,3796,cash_equivalents,,JPY_million,1,SINGLE_SOURCE,irbank_cf,724,724百万,,,,irbank_cf=724,https://irbank.net/E05551/results,,2026-09-27T11:10:09.225419+09:00
FY2011-03,3796,cost_ratio,,pct,0.01,SINGLE_SOURCE,irbank_pl_consolidated,40.12,40.12,,,,irbank_pl_consolidated=40.12,https://irbank.net/E05551/results,,2026-09-27T11:10:09.225419+09:00
FY2011-03,3796,eps,,JPY,0.1,MISMATCH,kabutan_record_fy,16.9,16.9,irbank_pl_consolidated,15.64,15.64,kabutan_record_fy=16.9|irbank_pl_consolidated=15.64,https://kabutan.jp/stock/finance?code=3796,https://irbank.net/E05551/results,2026-09-27T11:10:09.225419+09:00
FY2011-03,3796,equity_ratio,,pct,0.1,SINGLE_SOURCE,irbank_bs,79.7,79.7,,,,irbank_bs=79.7,https://irbank.net/E05551/results,,2026-09-27T11:10:09.225419+09:00
FY2011-03,3796,financing_cf,,JPY_million,1,SINGLE_SOURCE,irbank_cf,-51,-51百万,,,,irbank_cf=-51,https://irbank.net/E05551/results,,2026-09-27T11:10:09.225419+09:00
FY2011-03,3796,free_cf,,JPY_million,1,SINGLE_SOURCE,irbank_cf,150,150百万,,,,irbank_cf=150,https://irbank.net/E05551/results,,2026-09-27T11:10:09.225419+09:00
FY2011-03,3796,investing_cf,,JPY_million,1,SINGLE_SOURCE,irbank_cf,-429,-429百万,,,,irbank_cf=-429,https://irbank.net/E05551/results,,2026-09-27T11:10:09.225419+09:00
FY2011-03,3796,net_assets,,JPY_million,10,SINGLE_SOURCE,irbank_bs,1740,17.4億,,,,irbank_bs=1740,https://irbank.net/E05551/results,,2026-09-27T11:10:09.225419+09:00
FY2011-03,3796,net_income,223,JPY_million,1,OK,kabutan_record_fy,223,223,irbank_pl_consolidated,223,223百万,kabutan_record_fy=223|irbank_pl_consolidated=223,https://kabutan.jp/stock/finance?code=3796,https://irbank.net/E05551/results,2026-09-27T11:10:09.225419+09:00
FY2011-03,3796,operating_cf,,JPY_million,1,SINGLE_SOURCE,irbank_cf,579,579百万,,,,irbank_cf=579,https://irbank.net/E05551/results,,2026-09-27T11:10:09.225419+09:00
FY2011-03,3796,operating_income,418,JPY_million,1,OK,kabutan_record_fy,418,418,irbank_pl_consolidated,418,418百万,kabutan_record_fy=418|irbank_pl_consolidated=418,https://kabutan.jp/stock/finance?code=3796,https://irbank.net/E05551/results,2026-09-27T11:10:09.225419+09:00
FY2011-03,3796,operating_margin,,pct,0.01,SINGLE_SOURCE,irbank_pl_consolidated,17.62,17.62,,,,irbank_pl_consolidated=17.62,https://irbank.net/E05551/results,,2026-09-27T11:10:09.225419+09:00
FY2011-03,3796,ordinary_income,418,JPY_million,1,OK|ROUNDING,kabutan_record_fy,418,418,irbank_pl_consolidated,419,419百万,kabutan_record_fy=418|irbank_pl_consolidated=419,https://kabutan.jp/stock/finance?code=3796,https://irbank.net/E05551/results,2026-09-27T11:10:09.225419+09:00
FY2011-03,3796,retained_earnings,,JPY_million,1,SINGLE_SOURCE,irbank_bs,539,539百万,,,,irbank_bs=539,https://irbank.net/E05551/results,,2026-09-27T11:10:09.225419+09:00
FY2011-03,3796,revenue,2374,JPY_million,10,OK|ROUNDING,kabutan_fy10,2374,"2,374",irbank_pl_consolidated,2370,23.7億,kabutan_fy10=2374|irbank_pl_consolidated=2370,https://kabutan.jp/stock/finance?code=3796,https://irbank.net/E05551/results,2026-09-27T11:10:09.225419+09:00
FY2011-03,3796,roa,,pct,0.1,SINGLE_SOURCE,irbank_pl_consolidated,10.2,10.2,,,,irbank_pl_consolidated=10.2,https://irbank.net/E05551/results,,2026-09-27T11:10:09.225419+09:00
FY2011-03,3796,roe,,pct,0.1,SINGLE_SOURCE,irbank_pl_consolidated,12.8,12.8,,,,irbank_pl_consolidated=12.8,https://irbank.net/E05551/results,,2026-09-27T11:10:09.225419+09:00
FY2011-03,3796,sga_ratio,,pct,0.01,SINGLE_SOURCE,irbank_pl_consolidated,42.26,42.26,,,,irbank_pl_consolidated=42.26,https://irbank.net/E05551/results,,2026-09-27T11:10:09.225419+09:00
FY2011-03,3796,shareholders_equity,,JPY_million,10,SINGLE_SOURCE,irbank_bs,1740,17.4億,,,,irbank_bs=1740,https://irbank.net/E05551/results,,2026-09-27T11:10:09.225419+09:00
FY2011-03,3796,total_assets,,JPY_million,10,SINGLE_SOURCE,irbank_bs,2190,21.9億,,,,irbank_bs=2190,https://irbank.net/E05551/results,,2026-09-27T11:10:09.225419+09:00
FY2012-03,3796,bps,,JPY,0.1,SINGLE_SOURCE,irbank_bs,121.5,121.5,,,,irbank_bs=121.5,https://irbank.net/E05551/results,,2026-09-27T11:10:09.225419+09:00
FY2012-03,3796,capex,,JPY_million,1,SINGLE_SOURCE,irbank_cf,-433,-433百万,,,,irbank_cf=-433,https://irbank.net/E05551/results,,2026-09-27T11:10:09.225419+09:00
FY2012-03,3796,cash_equivalents,,JPY_million,1,SINGLE_SOURCE,irbank_cf,678,678百万,,,,irbank_cf=678,https://irbank.net/E05551/results,,2026-09-27T11:10:09.225419+09:00
FY2012-03,3796,cost_ratio,,pct,0.01,SINGLE_SOURCE,irbank_pl_consolidated,33.29,33.29,,,,irbank_pl_consolidated=33.29,https://irbank.net/E05551/results,,2026-09-27T11:10:09.225419+09:00
FY2012-03,3796,eps,,JPY,0.01,SINGLE_SOURCE,irbank_pl_consolidated,6.12,6.12,,,,irbank_pl_consolidated=6.12,https://irbank.net/E05551/results,,2026-09-27T11:10:09.225419+09:00
FY2012-03,3796,equity_ratio,,pct,0.1,SINGLE_SOURCE,irbank_bs,82.8,82.8,,,,irbank_bs=82.8,https://irbank.net/E05551/results,,2026-09-27T11:10:09.225419+09:00
FY2012-03,3796,financing_cf,,JPY_million,1,SINGLE_SOURCE,irbank_cf,-77,-77百万,,,,irbank_cf=-77,https://irbank.net/E05551/results,,2026-09-27T11:10:09.225419+09:00
FY2012-03,3796,free_cf,,JPY_million,1,SINGLE_SOURCE,irbank_cf,31,31百万,,,,irbank_cf=31,https://irbank.net/E05551/results,,2026-09-27T11:10:09.225419+09:00
FY2012-03,3796,investing_cf,,JPY_million,1,SINGLE_SOURCE,irbank_cf,-407,-407百万,,,,irbank_cf=-407,https://irbank.net/E05551/results,,2026-09-27T11:10:09.225419+09:00
FY2012-03,3796,net_assets,,JPY_million,10,SINGLE_SOURCE,irbank_bs,1770,17.7億,,,,irbank_bs=1770,https://irbank.net/E05551/results,,2026-09-27T11:10:09.225419+09:00
FY2012-03,3796,net_income,,JPY_million,1,SINGLE_SOURCE,irbank_pl_consolidated,89,89百万,,,,irbank_pl_consolidated=89,https://irbank.net/E05551/results,,2026-09-27T11:10:09.225419+09:00
FY2012-03,3796,operating_cf,,JPY_million,1,SINGLE_SOURCE,irbank_cf,438,438百万,,,,irbank_cf=438,https://irbank.net/E05551/results,,2026-09-27T11:10:09.225419+09:00
FY2012-03,3796,operating_income,,JPY_million,1,SINGLE_SOURCE,irbank_pl_consolidated,218,218百万,,,,irbank_pl_consolidated=218,https://irbank.net/E05551/results,,2026-09-27T11:10:09.225419+09:00
FY2012-03,3796,operating_margin,,pct,0.01,SINGLE_SOURCE,irbank_pl_consolidated,10.29,10.29,,,,irbank_pl_consolidated=10.29,https://irbank.net/E05551/results,,2026-09-27T11:10:09.225419+09:00
FY2012-03,3796,ordinary_income,,JPY_million,1,SINGLE_SOURCE,irbank_pl_consolidated,225,225百万,,,,irbank_pl_consolidated=225,https://irbank.net/E05551/results,,2026-09-27T11:10:09.225419+09:00
FY2012-03,3796,retained_earnings,,JPY_million,1,SINGLE_SOURCE,irbank_bs,561,561百万,,,,irbank_bs=561,https://irbank.net/E05551/results,,2026-09-27T11:10:09.225419+09:00
FY2012-03,3796,revenue,2118,JPY_million,10,OK|ROUNDING,kabutan_fy10,2118,"2,118",irbank_pl_consolidated,2120,21.2億,kabutan_fy10=2118|irbank_pl_consolidated=2120,https://kabutan.jp/stock/finance?code=3796,https://irbank.net/E05551/results,2026-09-27T11:10:09.225419+09:00
FY2012-03,3796,roa,,pct,0.01,SINGLE_SOURCE,irbank_pl_consolidated,4.17,4.17,,,,irbank_pl_consolidated=4.17,https://irbank.net/E05551/results,,2026-09-27T11:10:09.225419+09:00
FY2012-03,3796,roe,,pct,0.01,SINGLE_SOURCE,irbank_pl_consolidated,5.04,5.04,,,,irbank_pl_consolidated=5.04,https://irbank.net/E05551/results,,2026-09-27T11:10:09.225419+09:00
FY2012-03,3796,sga_ratio,,pct,0.01,SINGLE_SOURCE,irbank_pl_consolidated,56.42,56.42,,,,irbank_pl_consolidated=56.42,https://irbank.net/E05551/results,,2026-09-27T11:10:09.225419+09:00
FY2012-03,3796,shareholders_equity,,JPY_million,10,SINGLE_SOURCE,irbank_bs,1770,17.7億,,,,irbank_bs=1770,https://irbank.net/E05551/results,,2026-09-27T11:10:09.225419+09:00
FY2012-03,3796,total_assets,,JPY_million,10,SINGLE_SOURCE,irbank_bs,2140,21.4億,,,,irbank_bs=2140,https://irbank.net/E05551/results,,2026-09-27T11:10:09.225419+09:00
FY2013-03,3796,bps,,JPY,0.01,SINGLE_SOURCE,irbank_bs,112.24,112.24,,,,irbank_bs=112.24,https://irbank.net/E05551/results,,2026-09-27T11:10:09.225419+09:00
FY2013-03,3796,capex,,JPY_million,1,SINGLE_SOURCE,irbank_cf,-359,-359百万,,,,irbank_cf=-359,https://irbank.net/E05551/results,,2026-09-27T11:10:09.225419+09:00
FY2013-03,3796,cash_equivalents,,JPY_million,1,SINGLE_SOURCE,irbank_cf,553,553百万,,,,irbank_cf=553,https://irbank.net/E05551/results,,2026-09-27T11:10:09.225419+09:00
FY2013-03,3796,cost_ratio,,pct,0.01,SINGLE_SOURCE,irbank_pl_consolidated,31.38,31.38,,,,irbank_pl_consolidated=31.38,https://irbank.net/E05551/results,,2026-09-27T11:10:09.225419+09:00
FY2013-03,3796,eps,,JPY,0.01,SINGLE_SOURCE,irbank_pl_consolidated,-4.04,-4.04,,,,irbank_pl_consolidated=-4.04,https://irbank.net/E05551/results,,2026-09-27T11:10:09.225419+09:00
FY2013-03,3796,equity_ratio,,pct,0.1,SINGLE_SOURCE,irbank_bs,81.1,81.1,,,,irbank_bs=81.1,https://irbank.net/E05551/results,,2026-09-27T11:10:09.225419+09:00
FY2013-03,3796,financing_cf,,JPY_million,1,SINGLE_SOURCE,irbank_cf,-104,-104百万,,,,irbank_cf=-104,https://irbank.net/E05551/results,,2026-09-27T11:10:09.225419+09:00
FY2013-03,3796,free_cf,,JPY_million,1,SINGLE_SOURCE,irbank_cf,-21,-21百万,,,,irbank_cf=-21,https://irbank.net/E05551/results,,2026-09-27T11:10:09.225419+09:00
FY2013-03,3796,investing_cf,,JPY_million,1,SINGLE_SOURCE,irbank_cf,-343,-343百万,,,,irbank_cf=-343,https://irbank.net/E05551/results,,2026-09-27T11:10:09.225419+09:00
FY2013-03,3796,net_assets,,JPY_million,10,SINGLE_SOURCE,irbank_bs,1630,16.3億,,,,irbank_bs=1630,https://irbank.net/E05551/results,,2026-09-27T11:10:09.225419+09:00
FY2013-03,3796,net_income,,JPY_million,1,SINGLE_SOURCE,irbank_pl_consolidated,-59,-59百万,,,,irbank_pl_consolidated=-59,https://irbank.net/E05551/results,,2026-09-27T11:10:09.225419+09:00
FY2013-03,3796,operating_cf,,JPY_million,1,SINGLE_SOURCE,irbank_cf,322,322百万,,,,irbank_cf=322,https://irbank.net/E05551/results,,2026-09-27T11:10:09.225419+09:00
FY2013-03,3796,operating_income,,JPY_million,1,SINGLE_SOURCE,irbank_pl_consolidated,-33,-33百万,,,,irbank_pl_consolidated=-33,https://irbank.net/E05551/results,,2026-09-27T11:10:09.225419+09:00
FY2013-03,3796,operating_margin,,pct,0.01,SINGLE_SOURCE,irbank_pl_consolidated,-1.82,-1.82,,,,irbank_pl_consolidated=-1.82,https://irbank.net/E05551/results,,2026-09-27T11:10:09.225419+09:00
FY2013-03,3796,ordinary_income,,JPY_million,1,SINGLE_SOURCE,irbank_pl_consolidated,-33,-33百万,,,,irbank_pl_consolidated=-33,https://irbank.net/E05551/results,,2026-09-27T11:10:09.225419+09:00
FY2013-03,3796,retained_earnings,,JPY_million,1,SINGLE_SOURCE,irbank_bs,426,426百万,,,,irbank_bs=426,https://irbank.net/E05551/results,,2026-09-27T11:10:09.225419+09:00
FY2013-03,3796,revenue,1831,JPY_million,10,OK|ROUNDING,kabutan_fy10,1831,"1,831",irbank_pl_consolidated,1830,18.3億,kabutan_fy10=1831|irbank_pl_consolidated=1830,https://kabutan.jp/stock/finance?code=3796,https://irbank.net/E05551/results,2026-09-27T11:10:09.225419+09:00
FY2013-03,3796,sga_ratio,,pct,0.01,SINGLE_SOURCE,irbank_pl_consolidated,70.43,70.43,,,,irbank_pl_consolidated=70.43,https://irbank.net/E05551/results,,2026-09-27T11:10:09.225419+09:00
FY2013-03,3796,shareholders_equity,,JPY_million,10,SINGLE_SOURCE,irbank_bs,1630,16.3億,,,,irbank_bs=1630,https://irbank.net/E05551/results,,2026-09-27T11:10:09.225419+09:00
FY2013-03,3796,total_assets,,JPY_million,10,SINGLE_SOURCE,irbank_bs,2020,20.2億,,,,irbank_bs=2020,https://irbank.net/E05551/results,,2026-09-27T11:10:09.225419+09:00
FY2014-03,3796,bps,,JPY,0.01,SINGLE_SOURCE,irbank_bs,110.23,110.23,,,,irbank_bs=110.23,https://irbank.net/E05551/results,,2026-09-27T11:10:09.225419+09:00
FY2014-03,3796,capex,,JPY_million,1,SINGLE_SOURCE,irbank_cf,-395,-395百万,,,,irbank_cf=-395,https://irbank.net/E05551/results,,2026-09-27T11:10:09.225419+09:00
FY2014-03,3796,cash_equivalents,,JPY_million,1,SINGLE_SOURCE,irbank_cf,446,446百万,,,,irbank_cf=446,https://irbank.net/E05551/results,,2026-09-27T11:10:09.225419+09:00
FY2014-03,3796,cost_ratio,,pct,0.01,SINGLE_SOURCE,irbank_pl_consolidated,35.26,35.26,,,,irbank_pl_consolidated=35.26,https://irbank.net/E05551/results,,2026-09-27T11:10:09.225419+09:00
FY2014-03,3796,eps,,JPY,0.01,SINGLE_SOURCE,irbank_pl_consolidated,-2.66,-2.66,,,,irbank_pl_consolidated=-2.66,https://irbank.net/E05551/results,,2026-09-27T11:10:09.225419+09:00
FY2014-03,3796,equity_ratio,,pct,0.1,SINGLE_SOURCE,irbank_bs,79.3,79.3,,,,irbank_bs=79.3,https://irbank.net/E05551/results,,2026-09-27T11:10:09.225419+09:00
FY2014-03,3796,financing_cf,,JPY_million,1,SINGLE_SOURCE,irbank_cf,-112,-112百万,,,,irbank_cf=-112,https://irbank.net/E05551/results,,2026-09-27T11:10:09.225419+09:00
FY2014-03,3796,free_cf,,JPY_million,1,SINGLE_SOURCE,irbank_cf,5,5百万,,,,irbank_cf=5,https://irbank.net/E05551/results,,2026-09-27T11:10:09.225419+09:00
FY2014-03,3796,investing_cf,,JPY_million,1,SINGLE_SOURCE,irbank_cf,-388,-388百万,,,,irbank_cf=-388,https://irbank.net/E05551/results,,2026-09-27T11:10:09.225419+09:00
FY2014-03,3796,net_assets,,JPY_million,10,SINGLE_SOURCE,irbank_bs,1520,15.2億,,,,irbank_bs=1520,https://irbank.net/E05551/results,,2026-09-27T11:10:09.225419+09:00
FY2014-03,3796,net_income,,JPY_million,1,SINGLE_SOURCE,irbank_pl_consolidated,-37,-37百万,,,,irbank_pl_consolidated=-37,https://irbank.net/E05551/results,,2026-09-27T11:10:09.225419+09:00
FY2014-03,3796,operating_cf,,JPY_million,1,SINGLE_SOURCE,irbank_cf,393,393百万,,,,irbank_cf=393,https://irbank.net/E05551/results,,2026-09-27T11:10:09.225419+09:00
FY2014-03,3796,operating_income,,JPY_million,1,SINGLE_SOURCE,irbank_pl_consolidated,-11,-11百万,,,,irbank_pl_consolidated=-11,https://irbank.net/E05551/results,,2026-09-27T11:10:09.225419+09:00
FY2014-03,3796,operating_margin,,pct,0.01,SINGLE_SOURCE,irbank_pl_consolidated,-0.61,-0.61,,,,irbank_pl_consolidated=-0.61,https://irbank.net/E05551/results,,2026-09-27T11:10:09.225419+09:00
FY2014-03,3796,ordinary_income,,JPY_million,0.1,SINGLE_SOURCE,irbank_pl_consolidated,-9.9,-9.9百万,,,,irbank_pl_consolidated=-9.9,https://irbank.net/E05551/results,,2026-09-27T11:10:09.225419+09:00
FY2014-03,3796,retained_earnings,,JPY_million,1,SINGLE_SOURCE,irbank_bs,313,313百万,,,,irbank_bs=313,https://irbank.net/E05551/results,,2026-09-27T11:10:09.225419+09:00
FY2014-03,3796,revenue,1820,JPY_million,10,OK,kabutan_fy10,1820,"1,820",irbank_pl_consolidated,1820,18.2億,kabutan_fy10=1820|irbank_pl_consolidated=1820,https://kabutan.jp/stock/finance?code=3796,https://irbank.net/E05551/results,2026-09-27T11:10:09.225419+09:00
FY2014-03,3796,sga_ratio,,pct,0.01,SINGLE_SOURCE,irbank_pl_consolidated,65.35,65.35,,,,irbank_pl_consolidated=65.35,https://irbank.net/E05551/results,,2026-09-27T11:10:09.225419+09:00
FY2014-03,3796,shareholders_equity,,JPY_million,10,SINGLE_SOURCE,irbank_bs,1520,15.2億,,,,irbank_bs=1520,https://irbank.net/E05551/results,,2026-09-27T11:10:09.225419+09:00
FY2014-03,3796,total_assets,,JPY_million,10,SINGLE_SOURCE,irbank_bs,1920,19.2億,,,,irbank_bs=1920,https://irbank.net/E05551/results,,2026-09-27T11:10:09.225419+09:00
FY2015-03,3796,bps,,JPY,0.01,SINGLE_SOURCE,irbank_bs,113.57,113.57,,,,irbank_bs=113.57,https://irbank.net/E05551/results,,2026-09-27T11:10:09.225419+09:00
FY2015-03,3796,capex,,JPY_million,1,SINGLE_SOURCE,irbank_cf,-410,-410百万,,,,irbank_cf=-410,https://irbank.net/E05551/results,,2026-09-27T11:10:09.225419+09:00
FY2015-03,3796,cash_equivalents,,JPY_million,1,SINGLE_SOURCE,irbank_cf,565,565百万,,,,irbank_cf=565,https://irbank.net/E05551/results,,2026-09-27T11:10:09.225419+09:00
FY2015-03,3796,cost_ratio,,pct,0.01,SINGLE_SOURCE,irbank_pl_consolidated,36.14,36.14,,,,irbank_pl_consolidated=36.14,https://irbank.net/E05551/results,,2026-09-27T11:10:09.225419+09:00
FY2015-03,3796,eps,,JPY,0.01,SINGLE_SOURCE,irbank_pl_consolidated,4.84,4.84,,,,irbank_pl_consolidated=4.84,https://irbank.net/E05551/results,,2026-09-27T11:10:09.225419+09:00
FY2015-03,3796,equity_ratio,,pct,0.1,SINGLE_SOURCE,irbank_bs,79.4,79.4,,,,irbank_bs=79.4,https://irbank.net/E05551/results,,2026-09-27T11:10:09.225419+09:00
FY2015-03,3796,financing_cf,,JPY_million,1,SINGLE_SOURCE,irbank_cf,-63,-63百万,,,,irbank_cf=-63,https://irbank.net/E05551/results,,2026-09-27T11:10:09.225419+09:00
FY2015-03,3796,free_cf,,JPY_million,1,SINGLE_SOURCE,irbank_cf,181,181百万,,,,irbank_cf=181,https://irbank.net/E05551/results,,2026-09-27T11:10:09.225419+09:00
FY2015-03,3796,investing_cf,,JPY_million,1,SINGLE_SOURCE,irbank_cf,-405,-405百万,,,,irbank_cf=-405,https://irbank.net/E05551/results,,2026-09-27T11:10:09.225419+09:00
FY2015-03,3796,net_assets,,JPY_million,10,SINGLE_SOURCE,irbank_bs,1570,15.7億,,,,irbank_bs=1570,https://irbank.net/E05551/results,,2026-09-27T11:10:09.225419+09:00
FY2015-03,3796,net_income,,JPY_million,1,SINGLE_SOURCE,irbank_pl_consolidated,67,67百万,,,,irbank_pl_consolidated=67,https://irbank.net/E05551/results,,2026-09-27T11:10:09.225419+09:00
FY2015-03,3796,operating_cf,,JPY_million,1,SINGLE_SOURCE,irbank_cf,586,586百万,,,,irbank_cf=586,https://irbank.net/E05551/results,,2026-09-27T11:10:09.225419+09:00
FY2015-03,3796,operating_income,,JPY_million,1,SINGLE_SOURCE,irbank_pl_consolidated,120,120百万,,,,irbank_pl_consolidated=120,https://irbank.net/E05551/results,,2026-09-27T11:10:09.225419+09:00
FY2015-03,3796,operating_margin,,pct,0.01,SINGLE_SOURCE,irbank_pl_consolidated,6.48,6.48,,,,irbank_pl_consolidated=6.48,https://irbank.net/E05551/results,,2026-09-27T11:10:09.225419+09:00
FY2015-03,3796,ordinary_income,,JPY_million,1,SINGLE_SOURCE,irbank_pl_consolidated,120,120百万,,,,irbank_pl_consolidated=120,https://irbank.net/E05551/results,,2026-09-27T11:10:09.225419+09:00
FY2015-03,3796,retained_earnings,,JPY_million,1,SINGLE_SOURCE,irbank_bs,360,360百万,,,,irbank_bs=360,https://irbank.net/E05551/results,,2026-09-27T11:10:09.225419+09:00
FY2015-03,3796,revenue,1851,JPY_million,10,OK|ROUNDING,kabutan_fy10,1851,"1,851",irbank_pl_consolidated,1850,18.5億,kabutan_fy10=1851|irbank_pl_consolidated=1850,https://kabutan.jp/stock/finance?code=3796,https://irbank.net/E05551/results,2026-09-27T11:10:09.225419+09:00
FY2015-03,3796,roa,,pct,0.01,SINGLE_SOURCE,irbank_pl_consolidated,3.38,3.38,,,,irbank_pl_consolidated=3.38,https://irbank.net/E05551/results,,2026-09-27T11:10:09.225419+09:00
FY2015-03,3796,roe,,pct,0.01,SINGLE_SOURCE,irbank_pl_consolidated,4.26,4.26,,,,irbank_pl_consolidated=4.26,https://irbank.net/E05551/results,,2026-09-27T11:10:09.225419+09:00
FY2015-03,3796,sga_ratio,,pct,0.01,SINGLE_SOURCE,irbank_pl_consolidated,57.39,57.39,,,,irbank_pl_consolidated=57.39,https://irbank.net/E05551/results,,2026-09-27T11:10:09.225419+09:00
FY2015-03,3796,shareholders_equity,,JPY_million,10,SINGLE_SOURCE,irbank_bs,1570,15.7億,,,,irbank_bs=1570,https://irbank.net/E05551/results,,2026-09-27T11:10:09.225419+09:00
FY2015-03,3796,total_assets,,JPY_million,10,SINGLE_SOURCE,irbank_bs,1970,19.7億,,,,irbank_bs=1970,https://irbank.net/E05551/results,,2026-09-27T11:10:09.225419+09:00
FY2016-03,3796,bps,,JPY,0.01,SINGLE_SOURCE,irbank_bs,116.31,116.31,,,,irbank_bs=116.31,https://irbank.net/E05551/results,,2026-09-27T11:10:09.225419+09:00
FY2016-03,3796,capex,,JPY_million,1,SINGLE_SOURCE,irbank_cf,-358,-358百万,,,,irbank_cf=-358,https://irbank.net/E05551/results,,2026-09-27T11:10:09.225419+09:00
FY2016-03,3796,cash_equivalents,,JPY_million,1,SINGLE_SOURCE,irbank_cf,625,625百万,,,,irbank_cf=625,https://irbank.net/E05551/results,,2026-09-27T11:10:09.225419+09:00
FY2016-03,3796,cost_ratio,,pct,0.1,SINGLE_SOURCE,irbank_pl_consolidated,36.4,36.4,,,,irbank_pl_consolidated=36.4,https://irbank.net/E05551/results,,2026-09-27T11:10:09.225419+09:00
FY2016-03,3796,eps,,JPY,0.01,SINGLE_SOURCE,irbank_pl_consolidated,4.49,4.49,,,,irbank_pl_consolidated=4.49,https://irbank.net/E05551/results,,2026-09-27T11:10:09.225419+09:00
FY2016-03,3796,equity_ratio,,pct,0.1,SINGLE_SOURCE,irbank_bs,79.9,79.9,,,,irbank_bs=79.9,https://irbank.net/E05551/results,,2026-09-27T11:10:09.225419+09:00
FY2016-03,3796,financing_cf,,JPY_million,1,SINGLE_SOURCE,irbank_cf,-79,-79百万,,,,irbank_cf=-79,https://irbank.net/E05551/results,,2026-09-27T11:10:09.225419+09:00
FY2016-03,3796,free_cf,,JPY_million,1,SINGLE_SOURCE,irbank_cf,139,139百万,,,,irbank_cf=139,https://irbank.net/E05551/results,,2026-09-27T11:10:09.225419+09:00
FY2016-03,3796,investing_cf,,JPY_million,1,SINGLE_SOURCE,irbank_cf,-370,-370百万,,,,irbank_cf=-370,https://irbank.net/E05551/results,,2026-09-27T11:10:09.225419+09:00
FY2016-03,3796,net_assets,,JPY_million,10,SINGLE_SOURCE,irbank_bs,1610,16.1億,,,,irbank_bs=1610,https://irbank.net/E05551/results,,2026-09-27T11:10:09.225419+09:00
FY2016-03,3796,net_income,,JPY_million,1,SINGLE_SOURCE,irbank_pl_consolidated,62,62百万,,,,irbank_pl_consolidated=62,https://irbank.net/E05551/results,,2026-09-27T11:10:09.225419+09:00
FY2016-03,3796,operating_cf,,JPY_million,1,SINGLE_SOURCE,irbank_cf,509,509百万,,,,irbank_cf=509,https://irbank.net/E05551/results,,2026-09-27T11:10:09.225419+09:00
FY2016-03,3796,operating_income,,JPY_million,1,SINGLE_SOURCE,irbank_pl_consolidated,126,126百万,,,,irbank_pl_consolidated=126,https://irbank.net/E05551/results,,2026-09-27T11:10:09.225419+09:00
FY2016-03,3796,operating_margin,,pct,0.01,SINGLE_SOURCE,irbank_pl_consolidated,6.49,6.49,,,,irbank_pl_consolidated=6.49,https://irbank.net/E05551/results,,2026-09-27T11:10:09.225419+09:00
FY2016-03,3796,ordinary_income,,JPY_million,1,SINGLE_SOURCE,irbank_pl_consolidated,125,125百万,,,,irbank_pl_consolidated=125,https://irbank.net/E05551/results,,2026-09-27T11:10:09.225419+09:00
FY2016-03,3796,retained_earnings,,JPY_million,1,SINGLE_SOURCE,irbank_bs,397,397百万,,,,irbank_bs=397,https://irbank.net/E05551/results,,2026-09-27T11:10:09.225419+09:00
FY2016-03,3796,revenue,1934,JPY_million,10,OK|ROUNDING,kabutan_fy10,1934,"1,934",irbank_pl_consolidated,1930,19.3億,kabutan_fy10=1934|irbank_pl_consolidated=1930,https://kabutan.jp/stock/finance?code=3796,https://irbank.net/E05551/results,2026-09-27T11:10:09.225419+09:00
FY2016-03,3796,roa,,pct,0.01,SINGLE_SOURCE,irbank_pl_consolidated,3.09,3.09,,,,irbank_pl_consolidated=3.09,https://irbank.net/E05551/results,,2026-09-27T11:10:09.225419+09:00
FY2016-03,3796,roe,,pct,0.01,SINGLE_SOURCE,irbank_pl_consolidated,3.86,3.86,,,,irbank_pl_consolidated=3.86,https://irbank.net/E05551/results,,2026-09-27T11:10:09.225419+09:00
FY2016-03,3796,sga_ratio,,pct,0.01,SINGLE_SOURCE,irbank_pl_consolidated,57.11,57.11,,,,irbank_pl_consolidated=57.11,https://irbank.net/E05551/results,,2026-09-27T11:10:09.225419+09:00
FY2016-03,3796,shareholders_equity,,JPY_million,10,SINGLE_SOURCE,irbank_bs,1610,16.1億,,,,irbank_bs=1610,https://irbank.net/E05551/results,,2026-09-27T11:10:09.225419+09:00
FY2016-03,3796,total_assets,,JPY_million,10,SINGLE_SOURCE,irbank_bs,2010,20.1億,,,,irbank_bs=2010,https://irbank.net/E05551/results,,2026-09-27T11:10:09.225419+09:00
FY2017-03,3796,bps,,JPY,0.01,SINGLE_SOURCE,irbank_bs,120.72,120.72,,,,irbank_bs=120.72,https://irbank.net/E05551/results,,2026-09-27T11:10:09.225419+09:00
FY2017-03,3796,capex,,JPY_million,1,SINGLE_SOURCE,irbank_cf,-365,-365百万,,,,irbank_cf=-365,https://irbank.net/E05551/results,,2026-09-27T11:10:09.225419+09:00
FY2017-03,3796,cash_equivalents,,JPY_million,1,SINGLE_SOURCE,irbank_cf,702,702百万,,,,irbank_cf=702,https://irbank.net/E05551/results,,2026-09-27T11:10:09.225419+09:00
FY2017-03,3796,cost_ratio,,pct,0.01,SINGLE_SOURCE,irbank_pl_consolidated,36.94,36.94,,,,irbank_pl_consolidated=36.94,https://irbank.net/E05551/results,,2026-09-27T11:10:09.225419+09:00
FY2017-03,3796,eps,,JPY,0.01,SINGLE_SOURCE,irbank_pl_consolidated,6.41,6.41,,,,irbank_pl_consolidated=6.41,https://irbank.net/E05551/results,,2026-09-27T11:10:09.225419+09:00
FY2017-03,3796,equity_ratio,,pct,0.1,SINGLE_SOURCE,irbank_bs,77.7,77.7,,,,irbank_bs=77.7,https://irbank.net/E05551/results,,2026-09-27T11:10:09.225419+09:00
FY2017-03,3796,financing_cf,,JPY_million,1,SINGLE_SOURCE,irbank_cf,-76,-76百万,,,,irbank_cf=-76,https://irbank.net/E05551/results,,2026-09-27T11:10:09.225419+09:00
FY2017-03,3796,free_cf,,JPY_million,1,SINGLE_SOURCE,irbank_cf,153,153百万,,,,irbank_cf=153,https://irbank.net/E05551/results,,2026-09-27T11:10:09.225419+09:00
FY2017-03,3796,investing_cf,,JPY_million,1,SINGLE_SOURCE,irbank_cf,-389,-389百万,,,,irbank_cf=-389,https://irbank.net/E05551/results,,2026-09-27T11:10:09.225419+09:00
FY2017-03,3796,net_assets,,JPY_million,10,SINGLE_SOURCE,irbank_bs,1670,16.7億,,,,irbank_bs=1670,https://irbank.net/E05551/results,,2026-09-27T11:10:09.225419+09:00
FY2017-03,3796,net_income,,JPY_million,1,SINGLE_SOURCE,irbank_pl_consolidated,88,88百万,,,,irbank_pl_consolidated=88,https://irbank.net/E05551/results,,2026-09-27T11:10:09.225419+09:00
FY2017-03,3796,operating_cf,,JPY_million,1,SINGLE_SOURCE,irbank_cf,542,542百万,,,,irbank_cf=542,https://irbank.net/E05551/results,,2026-09-27T11:10:09.225419+09:00
FY2017-03,3796,operating_income,,JPY_million,1,SINGLE_SOURCE,irbank_pl_consolidated,154,154百万,,,,irbank_pl_consolidated=154,https://irbank.net/E05551/results,,2026-09-27T11:10:09.225419+09:00
FY2017-03,3796,operating_margin,,pct,0.01,SINGLE_SOURCE,irbank_pl_consolidated,7.73,7.73,,,,irbank_pl_consolidated=7.73,https://irbank.net/E05551/results,,2026-09-27T11:10:09.225419+09:00
FY2017-03,3796,ordinary_income,,JPY_million,1,SINGLE_SOURCE,irbank_pl_consolidated,153,153百万,,,,irbank_pl_consolidated=153,https://irbank.net/E05551/results,,2026-09-27T11:10:09.225419+09:00
FY2017-03,3796,retained_earnings,,JPY_million,1,SINGLE_SOURCE,irbank_bs,458,458百万,,,,irbank_bs=458,https://irbank.net/E05551/results,,2026-09-27T11:10:09.225419+09:00
FY2017-03,3796,revenue,1986,JPY_million,10,OK|ROUNDING,kabutan_fy10,1986,"1,986",irbank_pl_consolidated,1990,19.9億,kabutan_fy10=1986|irbank_pl_consolidated=1990,https://kabutan.jp/stock/finance?code=3796,https://irbank.net/E05551/results,2026-09-27T11:10:09.225419+09:00
FY2017-03,3796,roa,,pct,0.01,SINGLE_SOURCE,irbank_pl_consolidated,4.12,4.12,,,,irbank_pl_consolidated=4.12,https://irbank.net/E05551/results,,2026-09-27T11:10:09.225419+09:00
FY2017-03,3796,roe,,pct,0.01,SINGLE_SOURCE,irbank_pl_consolidated,5.31,5.31,,,,irbank_pl_consolidated=5.31,https://irbank.net/E05551/results,,2026-09-27T11:10:09.225419+09:00
FY2017-03,3796,sga_ratio,,pct,0.01,SINGLE_SOURCE,irbank_pl_consolidated,55.33,55.33,,,,irbank_pl_consolidated=55.33,https://irbank.net/E05551/results,,2026-09-27T11:10:09.225419+09:00
FY2017-03,3796,shareholders_equity,,JPY_million,10,SINGLE_SOURCE,irbank_bs,1670,16.7億,,,,irbank_bs=1670,https://irbank.net/E05551/results,,2026-09-27T11:10:09.225419+09:00
FY2017-03,3796,total_assets,,JPY_million,10,SINGLE_SOURCE,irbank_bs,2150,21.5億,,,,irbank_bs=2150,https://irbank.net/E05551/results,,2026-09-27T11:10:09.225419+09:00
FY2018-03,3796,bps,,JPY,0.01,SINGLE_SOURCE,irbank_bs,119.75,119.75,,,,irbank_bs=119.75,https://irbank.net/E05551/results,,2026-09-27T11:10:09.225419+09:00
FY2018-03,3796,capex,,JPY_million,1,SINGLE_SOURCE,irbank_cf,-407,-407百万,,,,irbank_cf=-407,https://irbank.net/E05551/results,,2026-09-27T11:10:09.225419+09:00
FY2018-03,3796,cash_equivalents,,JPY_million,1,SINGLE_SOURCE,irbank_cf,645,645百万,,,,irbank_cf=645,https://irbank.net/E05551/results,,2026-09-27T11:10:09.225419+09:00
FY2018-03,3796,cost_ratio,,pct,0.01,SINGLE_SOURCE,irbank_pl_consolidated,38.87,38.87,,,,irbank_pl_consolidated=38.87,https://irbank.net/E05551/results,,2026-09-27T11:10:09.225419+09:00
FY2018-03,3796,eps,,JPY,0.01,SINGLE_SOURCE,irbank_pl_consolidated,1.54,1.54,,,,irbank_pl_consolidated=1.54,https://irbank.net/E05551/results,,2026-09-27T11:10:09.225419+09:00
FY2018-03,3796,equity_ratio,,pct,0.1,SINGLE_SOURCE,irbank_bs,80.6,80.6,,,,irbank_bs=80.6,https://irbank.net/E05551/results,,2026-09-27T11:10:09.225419+09:00
FY2018-03,3796,financing_cf,,JPY_million,1,SINGLE_SOURCE,irbank_cf,-89,-89百万,,,,irbank_cf=-89,https://irbank.net/E05551/results,,2026-09-27T11:10:09.225419+09:00
FY2018-03,3796,free_cf,,JPY_million,1,SINGLE_SOURCE,irbank_cf,32,32百万,,,,irbank_cf=32,https://irbank.net/E05551/results,,2026-09-27T11:10:09.225419+09:00
FY2018-03,3796,investing_cf,,JPY_million,1,SINGLE_SOURCE,irbank_cf,-407,-407百万,,,,irbank_cf=-407,https://irbank.net/E05551/results,,2026-09-27T11:10:09.225419+09:00
FY2018-03,3796,net_assets,,JPY_million,10,SINGLE_SOURCE,irbank_bs,1650,16.5億,,,,irbank_bs=1650,https://irbank.net/E05551/results,,2026-09-27T11:10:09.225419+09:00
FY2018-03,3796,net_income,,JPY_million,1,SINGLE_SOURCE,irbank_pl_consolidated,21,21百万,,,,irbank_pl_consolidated=21,https://irbank.net/E05551/results,,2026-09-27T11:10:09.225419+09:00
FY2018-03,3796,operating_cf,,JPY_million,1,SINGLE_SOURCE,irbank_cf,439,439百万,,,,irbank_cf=439,https://irbank.net/E05551/results,,2026-09-27T11:10:09.225419+09:00
FY2018-03,3796,operating_income,,JPY_million,1,SINGLE_SOURCE,irbank_pl_consolidated,50,50百万,,,,irbank_pl_consolidated=50,https://irbank.net/E05551/results,,2026-09-27T11:10:09.225419+09:00
FY2018-03,3796,operating_margin,,pct,0.1,SINGLE_SOURCE,irbank_pl_consolidated,2.6,2.6,,,,irbank_pl_consolidated=2.6,https://irbank.net/E05551/results,,2026-09-27T11:10:09.225419+09:00
FY2018-03,3796,ordinary_income,,JPY_million,1,SINGLE_SOURCE,irbank_pl_consolidated,49,49百万,,,,irbank_pl_consolidated=49,https://irbank.net/E05551/results,,2026-09-27T11:10:09.225419+09:00
FY2018-03,3796,retained_earnings,,JPY_million,1,SINGLE_SOURCE,irbank_bs,445,445百万,,,,irbank_bs=445,https://irbank.net/E05551/results,,2026-09-27T11:10:09.225419+09:00
FY2018-03,3796,revenue,1909,JPY_million,10,OK|ROUNDING,kabutan_fy10,1909,"1,909",irbank_pl_consolidated,1910,19.1億,kabutan_fy10=1909|irbank_pl_consolidated=1910,https://kabutan.jp/stock/finance?code=3796,https://irbank.net/E05551/results,2026-09-27T11:10:09.225419+09:00
FY2018-03,3796,roa,,pct,0.01,SINGLE_SOURCE,irbank_pl_consolidated,1.04,1.04,,,,irbank_pl_consolidated=1.04,https://irbank.net/E05551/results,,2026-09-27T11:10:09.225419+09:00
FY2018-03,3796,roe,,pct,0.01,SINGLE_SOURCE,irbank_pl_consolidated,1.28,1.28,,,,irbank_pl_consolidated=1.28,https://irbank.net/E05551/results,,2026-09-27T11:10:09.225419+09:00
FY2018-03,3796,sga_ratio,,pct,0.01,SINGLE_SOURCE,irbank_pl_consolidated,58.53,58.53,,,,irbank_pl_consolidated=58.53,https://irbank.net/E05551/results,,2026-09-27T11:10:09.225419+09:00
FY2018-03,3796,shareholders_equity,,JPY_million,10,SINGLE_SOURCE,irbank_bs,1650,16.5億,,,,irbank_bs=1650,https://irbank.net/E05551/results,,2026-09-27T11:10:09.225419+09:00
FY2018-03,3796,total_assets,,JPY_million,10,SINGLE_SOURCE,irbank_bs,2050,20.5億,,,,irbank_bs=2050,https://irbank.net/E05551/results,,2026-09-27T11:10:09.225419+09:00
FY2019-03,3796,bps,,JPY,1,SINGLE_SOURCE,irbank_bs,117,117,,,,irbank_bs=117,https://irbank.net/E05551/results,,2026-09-27T11:10:09.225419+09:00
FY2019-03,3796,capex,,JPY_million,1,SINGLE_SOURCE,irbank_cf,-435,-435百万,,,,irbank_cf=-435,https://irbank.net/E05551/results,,2026-09-27T11:10:09.225419+09:00
FY2019-03,3796,cash_equivalents,,JPY_million,1,SINGLE_SOURCE,irbank_cf,614,614百万,,,,irbank_cf=614,https://irbank.net/E05551/results,,2026-09-27T11:10:09.225419+09:00
FY2019-03,3796,cost_ratio,,pct,0.01,SINGLE_SOURCE,irbank_pl_consolidated,39.56,39.56,,,,irbank_pl_consolidated=39.56,https://irbank.net/E05551/results,,2026-09-27T11:10:09.225419+09:00
FY2019-03,3796,eps,,JPY,0.01,SINGLE_SOURCE,irbank_pl_consolidated,-0.25,-0.25,,,,irbank_pl_consolidated=-0.25,https://irbank.net/E05551/results,,2026-09-27T11:10:09.225419+09:00
FY2019-03,3796,equity_ratio,,pct,0.1,SINGLE_SOURCE,irbank_bs,80.6,80.6,,,,irbank_bs=80.6,https://irbank.net/E05551/results,,2026-09-27T11:10:09.225419+09:00
FY2019-03,3796,financing_cf,,JPY_million,1,SINGLE_SOURCE,irbank_cf,-83,-83百万,,,,irbank_cf=-83,https://irbank.net/E05551/results,,2026-09-27T11:10:09.225419+09:00
FY2019-03,3796,free_cf,,JPY_million,1,SINGLE_SOURCE,irbank_cf,52,52百万,,,,irbank_cf=52,https://irbank.net/E05551/results,,2026-09-27T11:10:09.225419+09:00
FY2019-03,3796,investing_cf,,JPY_million,1,SINGLE_SOURCE,irbank_cf,-432,-432百万,,,,irbank_cf=-432,https://irbank.net/E05551/results,,2026-09-27T11:10:09.225419+09:00
FY2019-03,3796,net_assets,,JPY_million,10,SINGLE_SOURCE,irbank_bs,1610,16.1億,,,,irbank_bs=1610,https://irbank.net/E05551/results,,2026-09-27T11:10:09.225419+09:00
FY2019-03,3796,net_income,,JPY_million,0.1,SINGLE_SOURCE,irbank_pl_consolidated,-3.5,-3.5百万,,,,irbank_pl_consolidated=-3.5,https://irbank.net/E05551/results,,2026-09-27T11:10:09.225419+09:00
FY2019-03,3796,operating_cf,,JPY_million,1,SINGLE_SOURCE,irbank_cf,485,485百万,,,,irbank_cf=485,https://irbank.net/E05551/results,,2026-09-27T11:10:09.225419+09:00
FY2019-03,3796,operating_income,,JPY_million,1,SINGLE_SOURCE,irbank_pl_consolidated,13,13百万,,,,irbank_pl_consolidated=13,https://irbank.net/E05551/results,,2026-09-27T11:10:09.225419+09:00
FY2019-03,3796,operating_margin,,pct,0.01,SINGLE_SOURCE,irbank_pl_consolidated,0.66,0.66,,,,irbank_pl_consolidated=0.66,https://irbank.net/E05551/results,,2026-09-27T11:10:09.225419+09:00
FY2019-03,3796,ordinary_income,,JPY_million,1,SINGLE_SOURCE,irbank_pl_consolidated,13,13百万,,,,irbank_pl_consolidated=13,https://irbank.net/E05551/results,,2026-09-27T11:10:09.225419+09:00
FY2019-03,3796,retained_earnings,,JPY_million,1,SINGLE_SOURCE,irbank_bs,407,407百万,,,,irbank_bs=407,https://irbank.net/E05551/results,,2026-09-27T11:10:09.225419+09:00
FY2019-03,3796,revenue,1984,JPY_million,10,OK|ROUNDING,kabutan_fy10,1984,"1,984",irbank_pl_consolidated,1980,19.8億,kabutan_fy10=1984|irbank_pl_consolidated=1980,https://kabutan.jp/stock/finance?code=3796,https://irbank.net/E05551/results,2026-09-27T11:10:09.225419+09:00
FY2019-03,3796,sga_ratio,,pct,0.01,SINGLE_SOURCE,irbank_pl_consolidated,59.77,59.77,,,,irbank_pl_consolidated=59.77,https://irbank.net/E05551/results,,2026-09-27T11:10:09.225419+09:00
FY2019-03,3796,shareholders_equity,,JPY_million,10,SINGLE_SOURCE,irbank_bs,1610,16.1億,,,,irbank_bs=1610,https://irbank.net/E05551/results,,2026-09-27T11:10:09.225419+09:00
FY2019-03,3796,total_assets,,JPY_million,100,SINGLE_SOURCE,irbank_bs,2000,20億,,,,irbank_bs=2000,https://irbank.net/E05551/results,,2026-09-27T11:10:09.225419+09:00
FY2020-03,3796,bps,,JPY,0.01,SINGLE_SOURCE,irbank_bs,119.77,119.77,,,,irbank_bs=119.77,https://irbank.net/E05551/results,,2026-09-27T11:10:09.225419+09:00
FY2020-03,3796,capex,,JPY_million,1,SINGLE_SOURCE,irbank_cf,-462,-462百万,,,,irbank_cf=-462,https://irbank.net/E05551/results,,2026-09-27T11:10:09.225419+09:00
FY2020-03,3796,cash_equivalents,,JPY_million,1,SINGLE_SOURCE,irbank_cf,596,596百万,,,,irbank_cf=596,https://irbank.net/E05551/results,,2026-09-27T11:10:09.225419+09:00
FY2020-03,3796,cost_ratio,,pct,0.01,SINGLE_SOURCE,irbank_pl_consolidated,37.77,37.77,,,,irbank_pl_consolidated=37.77,https://irbank.net/E05551/results,,2026-09-27T11:10:09.225419+09:00
FY2020-03,3796,eps,,JPY,0.01,SINGLE_SOURCE,irbank_pl_consolidated,5.27,5.27,,,,irbank_pl_consolidated=5.27,https://irbank.net/E05551/results,,2026-09-27T11:10:09.225419+09:00
FY2020-03,3796,equity_ratio,,pct,1,SINGLE_SOURCE,irbank_bs,81,81,,,,irbank_bs=81,https://irbank.net/E05551/results,,2026-09-27T11:10:09.225419+09:00
FY2020-03,3796,financing_cf,,JPY_million,1,SINGLE_SOURCE,irbank_cf,-78,-78百万,,,,irbank_cf=-78,https://irbank.net/E05551/results,,2026-09-27T11:10:09.225419+09:00
FY2020-03,3796,free_cf,,JPY_million,1,SINGLE_SOURCE,irbank_cf,60,60百万,,,,irbank_cf=60,https://irbank.net/E05551/results,,2026-09-27T11:10:09.225419+09:00
FY2020-03,3796,investing_cf,,JPY_million,1,SINGLE_SOURCE,irbank_cf,-465,-465百万,,,,irbank_cf=-465,https://irbank.net/E05551/results,,2026-09-27T11:10:09.225419+09:00
FY2020-03,3796,net_assets,,JPY_million,10,SINGLE_SOURCE,irbank_bs,1650,16.5億,,,,irbank_bs=1650,https://irbank.net/E05551/results,,2026-09-27T11:10:09.225419+09:00
FY2020-03,3796,net_income,,JPY_million,1,SINGLE_SOURCE,irbank_pl_consolidated,73,73百万,,,,irbank_pl_consolidated=73,https://irbank.net/E05551/results,,2026-09-27T11:10:09.225419+09:00
FY2020-03,3796,operating_cf,,JPY_million,1,SINGLE_SOURCE,irbank_cf,524,524百万,,,,irbank_cf=524,https://irbank.net/E05551/results,,2026-09-27T11:10:09.225419+09:00
FY2020-03,3796,operating_income,,JPY_million,1,SINGLE_SOURCE,irbank_pl_consolidated,123,123百万,,,,irbank_pl_consolidated=123,https://irbank.net/E05551/results,,2026-09-27T11:10:09.225419+09:00
FY2020-03,3796,operating_margin,,pct,0.01,SINGLE_SOURCE,irbank_pl_consolidated,5.79,5.79,,,,irbank_pl_consolidated=5.79,https://irbank.net/E05551/results,,2026-09-27T11:10:09.225419+09:00
FY2020-03,3796,ordinary_income,,JPY_million,1,SINGLE_SOURCE,irbank_pl_consolidated,124,124百万,,,,irbank_pl_consolidated=124,https://irbank.net/E05551/results,,2026-09-27T11:10:09.225419+09:00
FY2020-03,3796,retained_earnings,,JPY_million,1,SINGLE_SOURCE,irbank_bs,445,445百万,,,,irbank_bs=445,https://irbank.net/E05551/results,,2026-09-27T11:10:09.225419+09:00
FY2020-03,3796,revenue,2123,JPY_million,10,OK|ROUNDING,kabutan_fy10,2123,"2,123",irbank_pl_consolidated,2120,21.2億,kabutan_fy10=2123|irbank_pl_consolidated=2120,https://kabutan.jp/stock/finance?code=3796,https://irbank.net/E05551/results,2026-09-27T11:10:09.225419+09:00
FY2020-03,3796,roa,,pct,0.01,SINGLE_SOURCE,irbank_pl_consolidated,3.56,3.56,,,,irbank_pl_consolidated=3.56,https://irbank.net/E05551/results,,2026-09-27T11:10:09.225419+09:00
FY2020-03,3796,roe,,pct,0.1,SINGLE_SOURCE,irbank_pl_consolidated,4.4,4.4,,,,irbank_pl_consolidated=4.4,https://irbank.net/E05551/results,,2026-09-27T11:10:09.225419+09:00
FY2020-03,3796,sga_ratio,,pct,0.01,SINGLE_SOURCE,irbank_pl_consolidated,56.44,56.44,,,,irbank_pl_consolidated=56.44,https://irbank.net/E05551/results,,2026-09-27T11:10:09.225419+09:00
FY2020-03,3796,shareholders_equity,,JPY_million,10,SINGLE_SOURCE,irbank_bs,1650,16.5億,,,,irbank_bs=1650,https://irbank.net/E05551/results,,2026-09-27T11:10:09.225419+09:00
FY2020-03,3796,total_assets,,JPY_million,10,SINGLE_SOURCE,irbank_bs,2040,20.4億,,,,irbank_bs=2040,https://irbank.net/E05551/results,,2026-09-27T11:10:09.225419+09:00
FY2021-03,3796,bps,,JPY,0.01,SINGLE_SOURCE,irbank_bs,118.74,118.74,,,,irbank_bs=118.74,https://irbank.net/E05551/results,,2026-09-27T11:10:09.225419+09:00
FY2021-03,3796,capex,,JPY_million,1,SINGLE_SOURCE,irbank_cf,-442,-442百万,,,,irbank_cf=-442,https://irbank.net/E05551/results,,2026-09-27T11:10:09.225419+09:00
FY2021-03,3796,cash_equivalents,,JPY_million,1,SINGLE_SOURCE,irbank_cf,530,530百万,,,,irbank_cf=530,https://irbank.net/E05551/results,,2026-09-27T11:10:09.225419+09:00
FY2021-03,3796,cost_ratio,,pct,0.01,SINGLE_SOURCE,irbank_pl_consolidated,44.18,44.18,,,,irbank_pl_consolidated=44.18,https://irbank.net/E05551/results,,2026-09-27T11:10:09.225419+09:00
FY2021-03,3796,eps,,JPY,0.01,SINGLE_SOURCE,irbank_pl_consolidated,1.47,1.47,,,,irbank_pl_consolidated=1.47,https://irbank.net/E05551/results,,2026-09-27T11:10:09.225419+09:00
FY2021-03,3796,equity_ratio,,pct,1,SINGLE_SOURCE,irbank_bs,83,83,,,,irbank_bs=83,https://irbank.net/E05551/results,,2026-09-27T11:10:09.225419+09:00
FY2021-03,3796,financing_cf,,JPY_million,1,SINGLE_SOURCE,irbank_cf,-81,-81百万,,,,irbank_cf=-81,https://irbank.net/E05551/results,,2026-09-27T11:10:09.225419+09:00
FY2021-03,3796,free_cf,,JPY_million,1,SINGLE_SOURCE,irbank_cf,15,15百万,,,,irbank_cf=15,https://irbank.net/E05551/results,,2026-09-27T11:10:09.225419+09:00
FY2021-03,3796,investing_cf,,JPY_million,1,SINGLE_SOURCE,irbank_cf,-443,-443百万,,,,irbank_cf=-443,https://irbank.net/E05551/results,,2026-09-27T11:10:09.225419+09:00
FY2021-03,3796,net_assets,,JPY_million,10,SINGLE_SOURCE,irbank_bs,1640,16.4億,,,,irbank_bs=1640,https://irbank.net/E05551/results,,2026-09-27T11:10:09.225419+09:00
FY2021-03,3796,net_income,,JPY_million,1,SINGLE_SOURCE,irbank_pl_consolidated,20,20百万,,,,irbank_pl_consolidated=20,https://irbank.net/E05551/results,,2026-09-27T11:10:09.225419+09:00
FY2021-03,3796,operating_cf,,JPY_million,1,SINGLE_SOURCE,irbank_cf,458,458百万,,,,irbank_cf=458,https://irbank.net/E05551/results,,2026-09-27T11:10:09.225419+09:00
FY2021-03,3796,operating_income,,JPY_million,1,SINGLE_SOURCE,irbank_pl_consolidated,69,69百万,,,,irbank_pl_consolidated=69,https://irbank.net/E05551/results,,2026-09-27T11:10:09.225419+09:00
FY2021-03,3796,operating_margin,,pct,0.01,SINGLE_SOURCE,irbank_pl_consolidated,3.13,3.13,,,,irbank_pl_consolidated=3.13,https://irbank.net/E05551/results,,2026-09-27T11:10:09.225419+09:00
FY2021-03,3796,ordinary_income,,JPY_million,1,SINGLE_SOURCE,irbank_pl_consolidated,71,71百万,,,,irbank_pl_consolidated=71,https://irbank.net/E05551/results,,2026-09-27T11:10:09.225419+09:00
FY2021-03,3796,retained_earnings,,JPY_million,1,SINGLE_SOURCE,irbank_bs,431,431百万,,,,irbank_bs=431,https://irbank.net/E05551/results,,2026-09-27T11:10:09.225419+09:00
FY2021-03,3796,revenue,2214,JPY_million,10,OK|ROUNDING,kabutan_fy10,2214,"2,214",irbank_pl_consolidated,2210,22.1億,kabutan_fy10=2214|irbank_pl_consolidated=2210,https://kabutan.jp/stock/finance?code=3796,https://irbank.net/E05551/results,2026-09-27T11:10:09.225419+09:00
FY2021-03,3796,roa,,pct,0.01,SINGLE_SOURCE,irbank_pl_consolidated,1.03,1.03,,,,irbank_pl_consolidated=1.03,https://irbank.net/E05551/results,,2026-09-27T11:10:09.225419+09:00
FY2021-03,3796,roe,,pct,0.01,SINGLE_SOURCE,irbank_pl_consolidated,1.24,1.24,,,,irbank_pl_consolidated=1.24,https://irbank.net/E05551/results,,2026-09-27T11:10:09.225419+09:00
FY2021-03,3796,sga_ratio,,pct,0.01,SINGLE_SOURCE,irbank_pl_consolidated,52.68,52.68,,,,irbank_pl_consolidated=52.68,https://irbank.net/E05551/results,,2026-09-27T11:10:09.225419+09:00
FY2021-03,3796,shareholders_equity,,JPY_million,10,SINGLE_SOURCE,irbank_bs,1640,16.4億,,,,irbank_bs=1640,https://irbank.net/E05551/results,,2026-09-27T11:10:09.225419+09:00
FY2021-03,3796,total_assets,,JPY_million,10,SINGLE_SOURCE,irbank_bs,1970,19.7億,,,,irbank_bs=1970,https://irbank.net/E05551/results,,2026-09-27T11:10:09.225419+09:00
FY2022-03,3796,bps,,JPY,0.01,SINGLE_SOURCE,irbank_bs,123.99,123.99,,,,irbank_bs=123.99,https://irbank.net/E05551/results,,2026-09-27T11:10:09.225419+09:00
FY2022-03,3796,capex,,JPY_million,1,SINGLE_SOURCE,irbank_cf,-439,-439百万,,,,irbank_cf=-439,https://irbank.net/E05551/results,,2026-09-27T11:10:09.225419+09:00
FY2022-03,3796,cash_equivalents,,JPY_million,1,SINGLE_SOURCE,irbank_cf,732,732百万,,,,irbank_cf=732,https://irbank.net/E05551/results,,2026-09-27T11:10:09.225419+09:00
FY2022-03,3796,cost_ratio,,pct,0.01,SINGLE_SOURCE,irbank_pl_consolidated,40.59,40.59,,,,irbank_pl_consolidated=40.59,https://irbank.net/E05551/results,,2026-09-27T11:10:09.225419+09:00
FY2022-03,3796,eps,,JPY,0.01,SINGLE_SOURCE,irbank_pl_consolidated,7.75,7.75,,,,irbank_pl_consolidated=7.75,https://irbank.net/E05551/results,,2026-09-27T11:10:09.225419+09:00
FY2022-03,3796,equity_ratio,,pct,0.1,SINGLE_SOURCE,irbank_bs,78.2,78.2,,,,irbank_bs=78.2,https://irbank.net/E05551/results,,2026-09-27T11:10:09.225419+09:00
FY2022-03,3796,financing_cf,,JPY_million,1,SINGLE_SOURCE,irbank_cf,-34,-34百万,,,,irbank_cf=-34,https://irbank.net/E05551/results,,2026-09-27T11:10:09.225419+09:00
FY2022-03,3796,free_cf,,JPY_million,1,SINGLE_SOURCE,irbank_cf,236,236百万,,,,irbank_cf=236,https://irbank.net/E05551/results,,2026-09-27T11:10:09.225419+09:00
FY2022-03,3796,investing_cf,,JPY_million,1,SINGLE_SOURCE,irbank_cf,-439,-439百万,,,,irbank_cf=-439,https://irbank.net/E05551/results,,2026-09-27T11:10:09.225419+09:00
FY2022-03,3796,net_assets,,JPY_million,10,SINGLE_SOURCE,irbank_bs,1710,17.1億,,,,irbank_bs=1710,https://irbank.net/E05551/results,,2026-09-27T11:10:09.225419+09:00
FY2022-03,3796,net_income,,JPY_million,1,SINGLE_SOURCE,irbank_pl_consolidated,107,107百万,,,,irbank_pl_consolidated=107,https://irbank.net/E05551/results,,2026-09-27T11:10:09.225419+09:00
FY2022-03,3796,operating_cf,,JPY_million,1,SINGLE_SOURCE,irbank_cf,676,676百万,,,,irbank_cf=676,https://irbank.net/E05551/results,,2026-09-27T11:10:09.225419+09:00
FY2022-03,3796,operating_income,,JPY_million,1,SINGLE_SOURCE,irbank_pl_consolidated,166,166百万,,,,irbank_pl_consolidated=166,https://irbank.net/E05551/results,,2026-09-27T11:10:09.225419+09:00
FY2022-03,3796,operating_margin,,pct,0.1,SINGLE_SOURCE,irbank_pl_consolidated,6.8,6.8,,,,irbank_pl_consolidated=6.8,https://irbank.net/E05551/results,,2026-09-27T11:10:09.225419+09:00
FY2022-03,3796,ordinary_income,,JPY_million,1,SINGLE_SOURCE,irbank_pl_consolidated,167,167百万,,,,irbank_pl_consolidated=167,https://irbank.net/E05551/results,,2026-09-27T11:10:09.225419+09:00
FY2022-03,3796,retained_earnings,,JPY_million,1,SINGLE_SOURCE,irbank_bs,503,503百万,,,,irbank_bs=503,https://irbank.net/E05551/results,,2026-09-27T11:10:09.225419+09:00
FY2022-03,3796,revenue,2434,JPY_million,10,OK|ROUNDING,kabutan_fy10,2434,"2,434",irbank_pl_consolidated,2430,24.3億,kabutan_fy10=2434|irbank_pl_consolidated=2430,https://kabutan.jp/stock/finance?code=3796,https://irbank.net/E05551/results,2026-09-27T11:10:09.225419+09:00
FY2022-03,3796,roa,,pct,0.01,SINGLE_SOURCE,irbank_pl_consolidated,4.89,4.89,,,,irbank_pl_consolidated=4.89,https://irbank.net/E05551/results,,2026-09-27T11:10:09.225419+09:00
FY2022-03,3796,roe,,pct,0.01,SINGLE_SOURCE,irbank_pl_consolidated,6.25,6.25,,,,irbank_pl_consolidated=6.25,https://irbank.net/E05551/results,,2026-09-27T11:10:09.225419+09:00
FY2022-03,3796,sga_ratio,,pct,0.01,SINGLE_SOURCE,irbank_pl_consolidated,52.61,52.61,,,,irbank_pl_consolidated=52.61,https://irbank.net/E05551/results,,2026-09-27T11:10:09.225419+09:00
FY2022-03,3796,shareholders_equity,,JPY_million,10,SINGLE_SOURCE,irbank_bs,1710,17.1億,,,,irbank_bs=1710,https://irbank.net/E05551/results,,2026-09-27T11:10:09.225419+09:00
FY2022-03,3796,total_assets,,JPY_million,10,SINGLE_SOURCE,irbank_bs,2190,21.9億,,,,irbank_bs=2190,https://irbank.net/E05551/results,,2026-09-27T11:10:09.225419+09:00
FY2023-03,3796,bps,,JPY,0.01,SINGLE_SOURCE,irbank_bs,132.95,132.95,,,,irbank_bs=132.95,https://irbank.net/E05551/results,,2026-09-27T11:10:09.225419+09:00
FY2023-03,3796,capex,,JPY_million,1,SINGLE_SOURCE,irbank_cf,-526,-526百万,,,,irbank_cf=-526,https://irbank.net/E05551/results,,2026-09-27T11:10:09.225419+09:00
FY2023-03,3796,cash_equivalents,,JPY_million,1,SINGLE_SOURCE,irbank_cf,807,807百万,,,,irbank_cf=807,https://irbank.net/E05551/results,,2026-09-27T11:10:09.225419+09:00
FY2023-03,3796,cost_ratio,,pct,0.01,SINGLE_SOURCE,irbank_pl_consolidated,40.66,40.66,irbank_q,40.66,40.66%,irbank_pl_consolidated=40.66|irbank_q=40.66,https://irbank.net/E05551/results,https://irbank.net/E05551/quarter,2026-09-27T11:10:09.225419+09:00
FY2023-03,3796,eps,11.46,JPY,0.1,OK|ROUNDING,kabutan_fy,11.5,11.5,irbank_pl_consolidated,11.46,11.46,kabutan_fy=11.5|irbank_pl_consolidated=11.46,https://kabutan.jp/stock/finance?code=3796,https://irbank.net/E05551/results,2026-09-27T11:10:09.225419+09:00
FY2023-03,3796,equity_ratio,,pct,0.1,SINGLE_SOURCE,irbank_bs,77.9,77.9,,,,irbank_bs=77.9,https://irbank.net/E05551/results,,2026-09-27T11:10:09.225419+09:00
FY2023-03,3796,financing_cf,,JPY_million,1,SINGLE_SOURCE,irbank_cf,-34,-34百万,,,,irbank_cf=-34,https://irbank.net/E05551/results,,2026-09-27T11:10:09.225419+09:00
FY2023-03,3796,free_cf,,JPY_million,1,SINGLE_SOURCE,irbank_cf,110,110百万,,,,irbank_cf=110,https://irbank.net/E05551/results,,2026-09-27T11:10:09.225419+09:00
FY2023-03,3796,investing_cf,,JPY_million,1,SINGLE_SOURCE,irbank_cf,-525,-525百万,,,,irbank_cf=-525,https://irbank.net/E05551/results,,2026-09-27T11:10:09.225419+09:00
FY2023-03,3796,net_assets,,JPY_million,10,SINGLE_SOURCE,irbank_bs,1840,18.4億,,,,irbank_bs=1840,https://irbank.net/E05551/results,,2026-09-27T11:10:09.225419+09:00
FY2023-03,3796,net_income,158,JPY_million,1,OK,kabutan_fy,158,158,irbank_pl_consolidated,158,158百万,kabutan_fy=158|irbank_pl_consolidated=158,https://kabutan.jp/stock/finance?code=3796,https://irbank.net/E05551/results,2026-09-27T11:10:09.225419+09:00
FY2023-03,3796,operating_cf,,JPY_million,1,SINGLE_SOURCE,irbank_cf,636,636百万,,,,irbank_cf=636,https://irbank.net/E05551/results,,2026-09-27T11:10:09.225419+09:00
FY2023-03,3796,operating_income,234,JPY_million,1,OK|ROUNDING,kabutan_fy,234,234,irbank_pl_consolidated,235,235百万,kabutan_fy=234|irbank_pl_consolidated=235|irbank_q=235,https://kabutan.jp/stock/finance?code=3796,https://irbank.net/E05551/results,2026-09-27T11:10:09.225419+09:00
FY2023-03,3796,operating_margin,,pct,0.1,SINGLE_SOURCE,irbank_pl_consolidated,8.7,8.7,irbank_q,8.7,8.7%,irbank_pl_consolidated=8.7|irbank_q=8.7,https://irbank.net/E05551/results,https://irbank.net/E05551/quarter,2026-09-27T11:10:09.225419+09:00
FY2023-03,3796,ordinary_income,236,JPY_million,1,OK,kabutan_fy,236,236,irbank_pl_consolidated,236,236百万,kabutan_fy=236|irbank_pl_consolidated=236|irbank_q=236,https://kabutan.jp/stock/finance?code=3796,https://irbank.net/E05551/results,2026-09-27T11:10:09.225419+09:00
FY2023-03,3796,retained_earnings,,JPY_million,1,SINGLE_SOURCE,irbank_bs,627,627百万,,,,irbank_bs=627,https://irbank.net/E05551/results,,2026-09-27T11:10:09.225419+09:00
FY2023-03,3796,revenue,2696,JPY_million,100,OK|ROUNDING,kabutan_fy,2696,"2,696",kabutan_fy10,2696,"2,696",kabutan_fy=2696|kabutan_fy10=2696|irbank_pl_consolidated=2700|irbank_q=2697,https://kabutan.jp/stock/finance?code=3796,https://kabutan.jp/stock/finance?code=3796,2026-09-27T11:10:09.225419+09:00
FY2023-03,3796,roa,,pct,0.01,SINGLE_SOURCE,irbank_pl_consolidated,6.71,6.71,,,,irbank_pl_consolidated=6.71,https://irbank.net/E05551/results,,2026-09-27T11:10:09.225419+09:00
FY2023-03,3796,roe,,pct,0.01,SINGLE_SOURCE,irbank_pl_consolidated,8.62,8.62,,,,irbank_pl_consolidated=8.62,https://irbank.net/E05551/results,,2026-09-27T11:10:09.225419+09:00
FY2023-03,3796,sga_ratio,,pct,0.01,SINGLE_SOURCE,irbank_pl_consolidated,50.65,50.65,irbank_q,50.65,50.65%,irbank_pl_consolidated=50.65|irbank_q=50.65,https://irbank.net/E05551/results,https://irbank.net/E05551/quarter,2026-09-27T11:10:09.225419+09:00
FY2023-03,3796,shareholders_equity,,JPY_million,10,SINGLE_SOURCE,irbank_bs,1840,18.4億,,,,irbank_bs=1840,https://irbank.net/E05551/results,,2026-09-27T11:10:09.225419+09:00
FY2023-03,3796,total_assets,,JPY_million,10,SINGLE_SOURCE,irbank_bs,2360,23.6億,,,,irbank_bs=2360,https://irbank.net/E05551/results,,2026-09-27T11:10:09.225419+09:00
FY2024-03,3796,bps,,JPY,0.01,MISMATCH,kabutan_bs,282.08,282.08,irbank_bs,141.04,141.04,kabutan_bs=282.08|irbank_bs=141.04,https://kabutan.jp/stock/finance?code=3796,https://irbank.net/E05551/results,2026-09-27T11:10:09.225419+09:00
FY2024-03,3796,capex,,JPY_million,1,SINGLE_SOURCE,irbank_cf,-653,-653百万,,,,irbank_cf=-653,https://irbank.net/E05551/results,,2026-09-27T11:10:09.225419+09:00
FY2024-03,3796,cash_equivalents,739,JPY_million,1,OK,kabutan_cf,739,739,irbank_cf,739,739百万,kabutan_cf=739|irbank_cf=739,https://kabutan.jp/stock/finance?code=3796,https://irbank.net/E05551/results,2026-09-27T11:10:09.225419+09:00
FY2024-03,3796,cost_ratio,,pct,0.01,SINGLE_SOURCE,irbank_pl_consolidated,42.97,42.97,irbank_q,42.97,42.97%+2.31%,irbank_pl_consolidated=42.97|irbank_q=42.97,https://irbank.net/E05551/results,https://irbank.net/E05551/quarter,2026-09-27T11:10:09.225419+09:00
FY2024-03,3796,eps,10.59,JPY,0.1,OK|ROUNDING,kabutan_fy,10.6,10.6,irbank_pl_consolidated,10.59,10.59,kabutan_fy=10.6|irbank_pl_consolidated=10.59,https://kabutan.jp/stock/finance?code=3796,https://irbank.net/E05551/results,2026-09-27T11:10:09.225419+09:00
FY2024-03,3796,equity,,JPY_million,1,SINGLE_SOURCE,kabutan_bs,1946,"1,946",,,,kabutan_bs=1946,https://kabutan.jp/stock/finance?code=3796,,2026-09-27T11:10:09.225419+09:00
FY2024-03,3796,equity_ratio,76.6,pct,0.1,OK,kabutan_bs,76.6,76.6,irbank_bs,76.6,76.6,kabutan_bs=76.6|irbank_bs=76.6,https://kabutan.jp/stock/finance?code=3796,https://irbank.net/E05551/results,2026-09-27T11:10:09.225419+09:00
FY2024-03,3796,financing_cf,-34,JPY_million,1,OK,kabutan_cf,-34,-34,irbank_cf,-34,-34百万,kabutan_cf=-34|irbank_cf=-34,https://kabutan.jp/stock/finance?code=3796,https://irbank.net/E05551/results,2026-09-27T11:10:09.225419+09:00
FY2024-03,3796,free_cf,-38,JPY_million,1,OK,kabutan_cf,-38,-38,irbank_cf,-38,-38百万,kabutan_cf=-38|irbank_cf=-38,https://kabutan.jp/stock/finance?code=3796,https://irbank.net/E05551/results,2026-09-27T11:10:09.225419+09:00
FY2024-03,3796,investing_cf,-656,JPY_million,1,OK,kabutan_cf,-656,-656,irbank_cf,-656,-656百万,kabutan_cf=-656|irbank_cf=-656,https://kabutan.jp/stock/finance?code=3796,https://irbank.net/E05551/results,2026-09-27T11:10:09.225419+09:00
FY2024-03,3796,net_assets,,JPY_million,10,SINGLE_SOURCE,irbank_bs,1950,19.5億,,,,irbank_bs=1950,https://irbank.net/E05551/results,,2026-09-27T11:10:09.225419+09:00
FY2024-03,3796,net_income,146,JPY_million,1,OK,kabutan_fy,146,146,irbank_pl_consolidated,146,146百万,kabutan_fy=146|irbank_pl_consolidated=146,https://kabutan.jp/stock/finance?code=3796,https://irbank.net/E05551/results,2026-09-27T11:10:09.225419+09:00
FY2024-03,3796,operating_cf,618,JPY_million,1,OK,kabutan_cf,618,618,irbank_cf,618,618百万,kabutan_cf=618|irbank_cf=618,https://kabutan.jp/stock/finance?code=3796,https://irbank.net/E05551/results,2026-09-27T11:10:09.225419+09:00
FY2024-03,3796,operating_income,176,JPY_million,1,OK,kabutan_fy,176,176,kabutan_cf,176,176,kabutan_fy=176|kabutan_cf=176|irbank_pl_consolidated=176|irbank_q=176,https://kabutan.jp/stock/finance?code=3796,https://kabutan.jp/stock/finance?code=3796,2026-09-27T11:10:09.225419+09:00
FY2024-03,3796,operating_margin,,pct,0.01,SINGLE_SOURCE,irbank_pl_consolidated,6.28,6.28,irbank_q,6.28,6.28%-2.42%,irbank_pl_consolidated=6.28|irbank_q=6.28,https://irbank.net/E05551/results,https://irbank.net/E05551/quarter,2026-09-27T11:10:09.225419+09:00
FY2024-03,3796,ordinary_income,208,JPY_million,1,OK|ROUNDING,kabutan_fy,208,208,irbank_pl_consolidated,209,209百万,kabutan_fy=208|irbank_pl_consolidated=209|irbank_q=209,https://kabutan.jp/stock/finance?code=3796,https://irbank.net/E05551/results,2026-09-27T11:10:09.225419+09:00
FY2024-03,3796,retained_earnings,738,JPY_million,1,OK|ROUNDING,kabutan_bs,738,738,irbank_bs,739,739百万,kabutan_bs=738|irbank_bs=739,https://kabutan.jp/stock/finance?code=3796,https://irbank.net/E05551/results,2026-09-27T11:10:09.225419+09:00
FY2024-03,3796,revenue,2808,JPY_million,10,OK|ROUNDING,kabutan_fy,2808,"2,808",kabutan_fy10,2808,"2,808",kabutan_fy=2808|kabutan_fy10=2808|irbank_pl_consolidated=2810|irbank_q=2808,https://kabutan.jp/stock/finance?code=3796,https://kabutan.jp/stock/finance?code=3796,2026-09-27T11:10:09.225419+09:00
FY2024-03,3796,roa,,pct,0.01,SINGLE_SOURCE,irbank_pl_consolidated,5.75,5.75,,,,irbank_pl_consolidated=5.75,https://irbank.net/E05551/results,,2026-09-27T11:10:09.225419+09:00
FY2024-03,3796,roe,,pct,0.01,SINGLE_SOURCE,irbank_pl_consolidated,7.51,7.51,,,,irbank_pl_consolidated=7.51,https://irbank.net/E05551/results,,2026-09-27T11:10:09.225419+09:00
FY2024-03,3796,sga_ratio,,pct,0.01,SINGLE_SOURCE,irbank_pl_consolidated,50.76,50.76,irbank_q,50.76,50.76%+0.11%,irbank_pl_consolidated=50.76|irbank_q=50.76,https://irbank.net/E05551/results,https://irbank.net/E05551/quarter,2026-09-27T11:10:09.225419+09:00
FY2024-03,3796,shareholders_equity,,JPY_million,10,SINGLE_SOURCE,irbank_bs,1950,19.5億,,,,irbank_bs=1950,https://irbank.net/E05551/results,,2026-09-27T11:10:09.225419+09:00
FY2024-03,3796,total_assets,2540,JPY_million,10,OK,kabutan_bs,2540,"2,540",irbank_bs,2540,25.4億,kabutan_bs=2540|irbank_bs=2540,https://kabutan.jp/stock/finance?code=3796,https://irbank.net/E05551/results,2026-09-27T11:10:09.225419+09:00
FY2025-03,3796,bps,,JPY,0.01,MISMATCH,kabutan_bs,271.35,271.35,irbank_bs,135.67,135.67,kabutan_bs=271.35|irbank_bs=135.67,https://kabutan.jp/stock/finance?code=3796,https://irbank.net/E05551/results,2026-09-27T11:10:09.225419+09:00
FY2025-03,3796,capex,,JPY_million,1,SINGLE_SOURCE,irbank_cf,-681,-681百万,,,,irbank_cf=-681,https://irbank.net/E05551/results,,2026-09-27T11:10:09.225419+09:00
FY2025-03,3796,cash_equivalents,345,JPY_million,1,OK|ROUNDING,kabutan_cf,345,345,irbank_cf,346,346百万,kabutan_cf=345|irbank_cf=346,https://kabutan.jp/stock/finance?code=3796,https://irbank.net/E05551/results,2026-09-27T11:10:09.225419+09:00
FY2025-03,3796,cost_ratio,,pct,0.01,SINGLE_SOURCE,irbank_pl_consolidated,47.25,47.25,irbank_q,47.25,47.25%+4.28%,irbank_pl_consolidated=47.25|irbank_q=47.25,https://irbank.net/E05551/results,https://irbank.net/E05551/quarter,2026-09-27T11:10:09.225419+09:00
FY2025-03,3796,eps,-2.86,JPY,0.1,OK|ROUNDING,kabutan_fy,-2.9,-2.9,kabutan_fy_profit,-2.9,-2.9,kabutan_fy=-2.9|kabutan_fy_profit=-2.9|irbank_pl_consolidated=-2.86,https://kabutan.jp/stock/finance?code=3796,https://kabutan.jp/stock/finance?code=3796,2026-09-27T11:10:09.225419+09:00
FY2025-03,3796,equity,,JPY_million,1,SINGLE_SOURCE,kabutan_bs,1872,"1,872",,,,kabutan_bs=1872,https://kabutan.jp/stock/finance?code=3796,,2026-09-27T11:10:09.225419+09:00
FY2025-03,3796,equity_ratio,79.7,pct,0.1,OK,kabutan_bs,79.7,79.7,irbank_bs,79.7,79.7,kabutan_bs=79.7|irbank_bs=79.7,https://kabutan.jp/stock/finance?code=3796,https://irbank.net/E05551/results,2026-09-27T11:10:09.225419+09:00
FY2025-03,3796,financing_cf,-34,JPY_million,1,OK,kabutan_cf,-34,-34,irbank_cf,-34,-34百万,kabutan_cf=-34|irbank_cf=-34,https://kabutan.jp/stock/finance?code=3796,https://irbank.net/E05551/results,2026-09-27T11:10:09.225419+09:00
FY2025-03,3796,free_cf,-360,JPY_million,1,OK,kabutan_cf,-360,-360,irbank_cf,-360,-360百万,kabutan_cf=-360|irbank_cf=-360,https://kabutan.jp/stock/finance?code=3796,https://irbank.net/E05551/results,2026-09-27T11:10:09.225419+09:00
FY2025-03,3796,interest_bearing_debt_ratio,,x,0.01,SINGLE_SOURCE|UNIT_CONVERTED,irbank_bs,0,0,,,,irbank_bs=0,https://irbank.net/E05551/results,,2026-09-27T11:10:09.225419+09:00
FY2025-03,3796,investing_cf,-676,JPY_million,1,OK|ROUNDING,kabutan_cf,-676,-676,irbank_cf,-677,-677百万,kabutan_cf=-676|irbank_cf=-677,https://kabutan.jp/stock/finance?code=3796,https://irbank.net/E05551/results,2026-09-27T11:10:09.225419+09:00
FY2025-03,3796,net_assets,,JPY_million,10,SINGLE_SOURCE,irbank_bs,1870,18.7億,,,,irbank_bs=1870,https://irbank.net/E05551/results,,2026-09-27T11:10:09.225419+09:00
FY2025-03,3796,net_income,-39,JPY_million,1,OK|ROUNDING,kabutan_fy,-39,-39,irbank_pl_consolidated,-40,-40百万,kabutan_fy=-39|irbank_pl_consolidated=-40,https://kabutan.jp/stock/finance?code=3796,https://irbank.net/E05551/results,2026-09-27T11:10:09.225419+09:00
FY2025-03,3796,operating_cf,316,JPY_million,1,OK,kabutan_cf,316,316,irbank_cf,316,316百万,kabutan_cf=316|irbank_cf=316,https://kabutan.jp/stock/finance?code=3796,https://irbank.net/E05551/results,2026-09-27T11:10:09.225419+09:00
FY2025-03,3796,operating_income,-37,JPY_million,1,OK,kabutan_fy,-37,-37,kabutan_fy_profit,-37,-37,kabutan_fy=-37|kabutan_fy_profit=-37|kabutan_cf=-37|irbank_pl_consolidated=-37|irbank_q=-37,https://kabutan.jp/stock/finance?code=3796,https://kabutan.jp/stock/finance?code=3796,2026-09-27T11:10:09.225419+09:00
FY2025-03,3796,operating_margin,-1.22,pct,0.01,OK|ROUNDING,kabutan_fy_profit,-1.22,-1.22,irbank_pl_consolidated,-1.23,-1.23,kabutan_fy_profit=-1.22|irbank_pl_consolidated=-1.23|irbank_q=-1.23,https://kabutan.jp/stock/finance?code=3796,https://irbank.net/E05551/results,2026-09-27T11:10:09.225419+09:00
FY2025-03,3796,ordinary_income,-42,JPY_million,1,OK,kabutan_fy,-42,-42,irbank_pl_consolidated,-42,-42百万,kabutan_fy=-42|irbank_pl_consolidated=-42|irbank_q=-42,https://kabutan.jp/stock/finance?code=3796,https://irbank.net/E05551/results,2026-09-27T11:10:09.225419+09:00
FY2025-03,3796,retained_earnings,664,JPY_million,1,OK|ROUNDING,kabutan_bs,664,664,irbank_bs,665,665百万,kabutan_bs=664|irbank_bs=665,https://kabutan.jp/stock/finance?code=3796,https://irbank.net/E05551/results,2026-09-27T11:10:09.225419+09:00
FY2025-03,3796,revenue,3028,JPY_million,10,OK|ROUNDING,kabutan_fy,3028,"3,028",kabutan_fy10,3028,"3,028",kabutan_fy=3028|kabutan_fy10=3028|kabutan_fy_profit=3028|irbank_pl_consolidated=3030|irbank_q=3028,https://kabutan.jp/stock/finance?code=3796,https://kabutan.jp/stock/finance?code=3796,2026-09-27T11:10:09.225419+09:00
FY2025-03,3796,roa,,pct,0.01,SINGLE_SOURCE,kabutan_fy_profit,-1.6,-1.60,,,,kabutan_fy_profit=-1.6,https://kabutan.jp/stock/finance?code=3796,,2026-09-27T11:10:09.225419+09:00
FY2025-03,3796,roe,,pct,0.01,SINGLE_SOURCE,kabutan_fy_profit,-2.04,-2.04,,,,kabutan_fy_profit=-2.04,https://kabutan.jp/stock/finance?code=3796,,2026-09-27T11:10:09.225419+09:00
FY2025-03,3796,sga_ratio,,pct,0.01,SINGLE_SOURCE,irbank_pl_consolidated,53.98,53.98,irbank_q,53.98,53.98%+3.22%,irbank_pl_consolidated=53.98|irbank_q=53.98,https://irbank.net/E05551/results,https://irbank.net/E05551/quarter,2026-09-27T11:10:09.225419+09:00
FY2025-03,3796,shareholders_equity,,JPY_million,10,SINGLE_SOURCE,irbank_bs,1870,18.7億,,,,irbank_bs=1870,https://irbank.net/E05551/results,,2026-09-27T11:10:09.225419+09:00
FY2025-03,3796,total_assets,2349,JPY_million,10,OK|ROUNDING,kabutan_bs,2349,"2,349",irbank_bs,2350,23.5億,kabutan_bs=2349|irbank_bs=2350,https://kabutan.jp/stock/finance?code=3796,https://irbank.net/E05551/results,2026-09-27T11:10:09.225419+09:00
FY2026-03,3796,bps,,JPY,0.01,MISMATCH,kabutan_bs,288.26,288.26,irbank_bs,144.13,144.13,kabutan_bs=288.26|irbank_bs=144.13,https://kabutan.jp/stock/finance?code=3796,https://irbank.net/E05551/results,2026-09-27T11:10:09.225419+09:00
FY2026-03,3796,capex,,JPY_million,1,SINGLE_SOURCE,irbank_cf,-608,-608百万,,,,irbank_cf=-608,https://irbank.net/E05551/results,,2026-09-27T11:10:09.225419+09:00
FY2026-03,3796,cash_equivalents,608,JPY_million,1,OK|ROUNDING,kabutan_cf,608,608,irbank_cf,609,609百万,kabutan_cf=608|irbank_cf=609,https://kabutan.jp/stock/finance?code=3796,https://irbank.net/E05551/results,2026-09-27T11:10:09.225419+09:00
FY2026-03,3796,cost_ratio,,pct,0.01,SINGLE_SOURCE,irbank_pl_consolidated,41.68,41.68,irbank_q,41.68,41.68%-5.57%,irbank_pl_consolidated=41.68|irbank_q=41.68,https://irbank.net/E05551/results,https://irbank.net/E05551/quarter,2026-09-27T11:10:09.225419+09:00
FY2026-03,3796,eps,10.95,JPY,0.1,OK|ROUNDING,kabutan_fy,11,11.0,kabutan_fy_profit,11,11.0,kabutan_fy=11|kabutan_fy_profit=11|irbank_pl_consolidated=10.95,https://kabutan.jp/stock/finance?code=3796,https://kabutan.jp/stock/finance?code=3796,2026-09-27T11:10:09.225419+09:00
FY2026-03,3796,equity,,JPY_million,1,SINGLE_SOURCE,kabutan_bs,1989,"1,989",,,,kabutan_bs=1989,https://kabutan.jp/stock/finance?code=3796,,2026-09-27T11:10:09.225419+09:00
FY2026-03,3796,equity_ratio,74.5,pct,0.1,OK,kabutan_bs,74.5,74.5,irbank_bs,74.5,74.5,kabutan_bs=74.5|irbank_bs=74.5,https://kabutan.jp/stock/finance?code=3796,https://irbank.net/E05551/results,2026-09-27T11:10:09.225419+09:00
FY2026-03,3796,financing_cf,120,JPY_million,1,OK,kabutan_cf,120,120,irbank_cf,120,120百万,kabutan_cf=120|irbank_cf=120,https://kabutan.jp/stock/finance?code=3796,https://irbank.net/E05551/results,2026-09-27T11:10:09.225419+09:00
FY2026-03,3796,free_cf,141,JPY_million,1,OK,kabutan_cf,141,141,irbank_cf,141,141百万,kabutan_cf=141|irbank_cf=141,https://kabutan.jp/stock/finance?code=3796,https://irbank.net/E05551/results,2026-09-27T11:10:09.225419+09:00
FY2026-03,3796,interest_bearing_debt,,JPY_million,1,SINGLE_SOURCE,irbank_bs,154,154百万,,,,irbank_bs=154,https://irbank.net/E05551/results,,2026-09-27T11:10:09.225419+09:00
FY2026-03,3796,interest_bearing_debt_ratio,0.0775,x,0.01,OK|ROUNDING|UNIT_CONVERTED,kabutan_bs,0.08,0.08,irbank_bs,0.0775,7.75,kabutan_bs=0.08|irbank_bs=0.0775,https://kabutan.jp/stock/finance?code=3796,https://irbank.net/E05551/results,2026-09-27T11:10:09.225419+09:00
FY2026-03,3796,investing_cf,-619,JPY_million,1,OK,kabutan_cf,-619,-619,irbank_cf,-619,-619百万,kabutan_cf=-619|irbank_cf=-619,https://kabutan.jp/stock/finance?code=3796,https://irbank.net/E05551/results,2026-09-27T11:10:09.225419+09:00
FY2026-03,3796,net_assets,,JPY_million,10,SINGLE_SOURCE,irbank_bs,1990,19.9億,,,,irbank_bs=1990,https://irbank.net/E05551/results,,2026-09-27T11:10:09.225419+09:00
FY2026-03,3796,net_income,151,JPY_million,1,OK,kabutan_fy,151,151,irbank_pl_consolidated,151,151百万,kabutan_fy=151|irbank_pl_consolidated=151,https://kabutan.jp/stock/finance?code=3796,https://irbank.net/E05551/results,2026-09-27T11:10:09.225419+09:00
FY2026-03,3796,operating_cf,760,JPY_million,1,OK,kabutan_cf,760,760,irbank_cf,760,760百万,kabutan_cf=760|irbank_cf=760,https://kabutan.jp/stock/finance?code=3796,https://irbank.net/E05551/results,2026-09-27T11:10:09.225419+09:00
FY2026-03,3796,operating_income,229,JPY_million,1,OK,kabutan_fy,229,229,kabutan_fy_profit,229,229,kabutan_fy=229|kabutan_fy_profit=229|kabutan_cf=229|irbank_pl_consolidated=229|irbank_q=229,https://kabutan.jp/stock/finance?code=3796,https://kabutan.jp/stock/finance?code=3796,2026-09-27T11:10:09.225419+09:00
FY2026-03,3796,operating_margin,7.09,pct,0.1,OK|ROUNDING,kabutan_fy_profit,7.09,7.09,irbank_pl_consolidated,7.1,7.1,kabutan_fy_profit=7.09|irbank_pl_consolidated=7.1|irbank_q=7.1,https://kabutan.jp/stock/finance?code=3796,https://irbank.net/E05551/results,2026-09-27T11:10:09.225419+09:00
FY2026-03,3796,ordinary_income,236,JPY_million,1,OK|ROUNDING,kabutan_fy,236,236,irbank_pl_consolidated,237,237百万,kabutan_fy=236|irbank_pl_consolidated=237|irbank_q=237,https://kabutan.jp/stock/finance?code=3796,https://irbank.net/E05551/results,2026-09-27T11:10:09.225419+09:00
FY2026-03,3796,retained_earnings,781,JPY_million,1,OK,kabutan_bs,781,781,irbank_bs,781,781百万,kabutan_bs=781|irbank_bs=781,https://kabutan.jp/stock/finance?code=3796,https://irbank.net/E05551/results,2026-09-27T11:10:09.225419+09:00
FY2026-03,3796,revenue,3232,JPY_million,10,OK|ROUNDING,kabutan_fy,3232,"3,232",kabutan_fy10,3232,"3,232",kabutan_fy=3232|kabutan_fy10=3232|kabutan_fy_profit=3232|kabutan_record_fy=3232|irbank_pl_consolidated=3230|irbank_q=3232,https://kabutan.jp/stock/finance?code=3796,https://kabutan.jp/stock/finance?code=3796,2026-09-27T11:10:09.225419+09:00
FY2026-03,3796,roa,,pct,0.01,MISMATCH,kabutan_fy_profit,6.02,6.02,irbank_pl_consolidated,5.66,5.66,kabutan_fy_profit=6.02|irbank_pl_consolidated=5.66,https://kabutan.jp/stock/finance?code=3796,https://irbank.net/E05551/results,2026-09-27T11:10:09.225419+09:00
FY2026-03,3796,roe,,pct,0.1,MISMATCH,kabutan_fy_profit,7.82,7.82,irbank_pl_consolidated,7.6,7.6,kabutan_fy_profit=7.82|irbank_pl_consolidated=7.6,https://kabutan.jp/stock/finance?code=3796,https://irbank.net/E05551/results,2026-09-27T11:10:09.225419+09:00
FY2026-03,3796,sga_ratio,,pct,0.01,SINGLE_SOURCE,irbank_pl_consolidated,51.22,51.22,irbank_q,51.22,51.22%-2.76%,irbank_pl_consolidated=51.22|irbank_q=51.22,https://irbank.net/E05551/results,https://irbank.net/E05551/quarter,2026-09-27T11:10:09.225419+09:00
FY2026-03,3796,shareholders_equity,,JPY_million,10,SINGLE_SOURCE,irbank_bs,1990,19.9億,,,,irbank_bs=1990,https://irbank.net/E05551/results,,2026-09-27T11:10:09.225419+09:00
FY2026-03,3796,total_assets,2669,JPY_million,10,OK|ROUNDING,kabutan_bs,2669,"2,669",irbank_bs,2670,26.7億,kabutan_bs=2669|irbank_bs=2670,https://kabutan.jp/stock/finance?code=3796,https://irbank.net/E05551/results,2026-09-27T11:10:09.225419+09:00
FY2027-03,3796,eps_plan,14.13,JPY,0.1,OK|ROUNDING,kabutan_fy,14.1,14.1,kabutan_fy10,14.1,14.1,kabutan_fy=14.1|kabutan_fy10=14.1|kabutan_fy_profit=14.1|irbank_pl_consolidated=14.13,https://kabutan.jp/stock/finance?code=3796,https://kabutan.jp/stock/finance?code=3796,2026-09-27T11:10:09.225419+09:00
FY2027-03,3796,net_income_plan,195,JPY_million,1,OK,kabutan_fy,195,195,irbank_pl_consolidated,195,195百万,kabutan_fy=195|irbank_pl_consolidated=195,https://kabutan.jp/stock/finance?code=3796,https://irbank.net/E05551/results,2026-09-27T11:10:09.225419+09:00
FY2027-03,3796,operating_income_plan,319,JPY_million,1,OK,kabutan_fy,319,319,kabutan_fy10,319,319,kabutan_fy=319|kabutan_fy10=319|kabutan_fy_profit=319|irbank_pl_consolidated=319,https://kabutan.jp/stock/finance?code=3796,https://kabutan.jp/stock/finance?code=3796,2026-09-27T11:10:09.225419+09:00
FY2027-03,3796,operating_margin_plan,9.34,pct,0.01,OK,kabutan_fy_profit,9.34,9.34,irbank_pl_consolidated,9.34,9.34,kabutan_fy_profit=9.34|irbank_pl_consolidated=9.34,https://kabutan.jp/stock/finance?code=3796,https://irbank.net/E05551/results,2026-09-27T11:10:09.225419+09:00
FY2027-03,3796,ordinary_income_plan,317,JPY_million,1,OK,kabutan_fy,317,317,kabutan_fy10,317,317,kabutan_fy=317|kabutan_fy10=317|irbank_pl_consolidated=317,https://kabutan.jp/stock/finance?code=3796,https://kabutan.jp/stock/finance?code=3796,2026-09-27T11:10:09.225419+09:00
FY2027-03,3796,revenue_plan,3415,JPY_million,10,OK|ROUNDING,kabutan_fy,3415,"3,415",kabutan_fy10,3415,"3,415",kabutan_fy=3415|kabutan_fy10=3415|kabutan_fy_profit=3415|irbank_pl_consolidated=3420,https://kabutan.jp/stock/finance?code=3796,https://kabutan.jp/stock/finance?code=3796,2026-09-27T11:10:09.225419+09:00
FY2027-03,3796,roa_plan,7.81,pct,0.01,OK,kabutan_fy_profit,7.81,7.81,irbank_pl_consolidated,7.81,7.81,kabutan_fy_profit=7.81|irbank_pl_consolidated=7.81,https://kabutan.jp/stock/finance?code=3796,https://irbank.net/E05551/results,2026-09-27T11:10:09.225419+09:00
FY2027-03,3796,roe_plan,9.99,pct,0.01,OK,kabutan_fy_profit,9.99,9.99,irbank_pl_consolidated,9.99,9.99,kabutan_fy_profit=9.99|irbank_pl_consolidated=9.99,https://kabutan.jp/stock/finance?code=3796,https://irbank.net/E05551/results,2026-09-27T11:10:09.225419+09:00
H2023-04_2023-09,3796,eps,,JPY,0.1,SINGLE_SOURCE,kabutan_half,3.3,3.3,,,,kabutan_half=3.3,https://kabutan.jp/stock/finance?code=3796,,2026-09-27T11:10:09.225419+09:00
H2023-04_2023-09,3796,net_income,,JPY_million,1,SINGLE_SOURCE,kabutan_half,45,45,,,,kabutan_half=45,https://kabutan.jp/stock/finance?code=3796,,2026-09-27T11:10:09.225419+09:00
H2023-04_2023-09,3796,operating_income,,JPY_million,1,SINGLE_SOURCE,kabutan_half,41,41,,,,kabutan_half=41,https://kabutan.jp/stock/finance?code=3796,,2026-09-27T11:10:09.225419+09:00
H2023-04_2023-09,3796,ordinary_income,,JPY_million,1,SINGLE_SOURCE,kabutan_half,72,72,,,,kabutan_half=72,https://kabutan.jp/stock/finance?code=3796,,2026-09-27T11:10:09.225419+09:00
H2023-04_2023-09,3796,revenue,,JPY_million,1,SINGLE_SOURCE,kabutan_half,1338,"1,338",,,,kabutan_half=1338,https://kabutan.jp/stock/finance?code=3796,,2026-09-27T11:10:09.225419+09:00
H2024-04_2024-09,3796,eps,,JPY,0.1,SINGLE_SOURCE,kabutan_half,-1.9,-1.9,,,,kabutan_half=-1.9,https://kabutan.jp/stock/finance?code=3796,,2026-09-27T11:10:09.225419+09:00
H2024-04_2024-09,3796,net_income,,JPY_million,1,SINGLE_SOURCE,kabutan_half,-25,-25,,,,kabutan_half=-25,https://kabutan.jp/stock/finance?code=3796,,2026-09-27T11:10:09.225419+09:00
H2024-04_2024-09,3796,operating_income,,JPY_million,1,SINGLE_SOURCE,kabutan_half,-27,-27,,,,kabutan_half=-27,https://kabutan.jp/stock/finance?code=3796,,2026-09-27T11:10:09.225419+09:00
H2024-04_2024-09,3796,ordinary_income,,JPY_million,1,SINGLE_SOURCE,kabutan_half,-30,-30,,,,kabutan_half=-30,https://kabutan.jp/stock/finance?code=3796,,2026-09-27T11:10:09.225419+09:00
H2024-04_2024-09,3796,revenue,,JPY_million,1,SINGLE_SOURCE,kabutan_half,1447,"1,447",,,,kabutan_half=1447,https://kabutan.jp/stock/finance?code=3796,,2026-09-27T11:10:09.225419+09:00
H2025-04_2025-09,3796,eps,,JPY,0.1,SINGLE_SOURCE,kabutan_half,2.9,2.9,,,,kabutan_half=2.9,https://kabutan.jp/stock/finance?code=3796,,2026-09-27T11:10:09.225419+09:00
H2025-04_2025-09,3796,net_income,,JPY_million,1,SINGLE_SOURCE,kabutan_half,39,39,,,,kabutan_half=39,https://kabutan.jp/stock/finance?code=3796,,2026-09-27T11:10:09.225419+09:00
H2025-04_2025-09,3796,operating_income,,JPY_million,1,SINGLE_SOURCE,kabutan_half,66,66,,,,kabutan_half=66,https://kabutan.jp/stock/finance?code=3796,,2026-09-27T11:10:09.225419+09:00
H2025-04_2025-09,3796,ordinary_income,,JPY_million,1,SINGLE_SOURCE,kabutan_half,65,65,,,,kabutan_half=65,https://kabutan.jp/stock/finance?code=3796,,2026-09-27T11:10:09.225419+09:00
H2025-04_2025-09,3796,revenue,,JPY_million,1,SINGLE_SOURCE,kabutan_half,1562,"1,562",,,,kabutan_half=1562,https://kabutan.jp/stock/finance?code=3796,,2026-09-27T11:10:09.225419+09:00
Q2007-01_2007-03,3796,eps,,JPY,0.1,SINGLE_SOURCE,kabutan_record_q,6.9,6.9,,,,kabutan_record_q=6.9,https://kabutan.jp/stock/finance?code=3796,,2026-09-27T11:10:09.225419+09:00
Q2007-01_2007-03,3796,net_income,,JPY_million,1,SINGLE_SOURCE,kabutan_record_q,91,91,,,,kabutan_record_q=91,https://kabutan.jp/stock/finance?code=3796,,2026-09-27T11:10:09.225419+09:00
Q2021-07_2021-09,3796,revenue,,JPY_million,1,SINGLE_SOURCE,kabutan_q10,591,591,,,,kabutan_q10=591,https://kabutan.jp/stock/finance?code=3796,,2026-09-27T11:10:09.225419+09:00
Q2021-10_2021-12,3796,revenue,,JPY_million,1,SINGLE_SOURCE,kabutan_q10,623,623,,,,kabutan_q10=623,https://kabutan.jp/stock/finance?code=3796,,2026-09-27T11:10:09.225419+09:00
Q2022-01_2022-03,3796,revenue,,JPY_million,1,SINGLE_SOURCE,kabutan_q10,643,643,,,,kabutan_q10=643,https://kabutan.jp/stock/finance?code=3796,,2026-09-27T11:10:09.225419+09:00
Q2022-04_2022-06,3796,cost_ratio,,pct,0.01,SINGLE_SOURCE,irbank_q,41.79,41.79%,,,,irbank_q=41.79,https://irbank.net/E05551/quarter,,2026-09-27T11:10:09.225419+09:00
Q2022-04_2022-06,3796,operating_income,,JPY_million,1,SINGLE_SOURCE,irbank_q,18,18百万,,,,irbank_q=18,https://irbank.net/E05551/quarter,,2026-09-27T11:10:09.225419+09:00
Q2022-04_2022-06,3796,operating_margin,,pct,0.01,SINGLE_SOURCE,irbank_q,2.95,2.95%,,,,irbank_q=2.95,https://irbank.net/E05551/quarter,,2026-09-27T11:10:09.225419+09:00
Q2022-04_2022-06,3796,ordinary_income,,JPY_million,1,SINGLE_SOURCE,irbank_q,20,20百万,,,,irbank_q=20,https://irbank.net/E05551/quarter,,2026-09-27T11:10:09.225419+09:00
Q2022-04_2022-06,3796,revenue,617,JPY_million,1,OK|ROUNDING,kabutan_q10,617,617,irbank_q,618,618百万,kabutan_q10=617|irbank_q=618,https://kabutan.jp/stock/finance?code=3796,https://irbank.net/E05551/quarter,2026-09-27T11:10:09.225419+09:00
Q2022-04_2022-06,3796,sga_ratio,,pct,0.01,SINGLE_SOURCE,irbank_q,55.26,55.26%,,,,irbank_q=55.26,https://irbank.net/E05551/quarter,,2026-09-27T11:10:09.225419+09:00
Q2022-07_2022-09,3796,cost_ratio,,pct,0.01,SINGLE_SOURCE,irbank_q,39.28,39.28%,,,,irbank_q=39.28,https://irbank.net/E05551/quarter,,2026-09-27T11:10:09.225419+09:00
Q2022-07_2022-09,3796,operating_income,,JPY_million,1,SINGLE_SOURCE,irbank_q,69,69百万,,,,irbank_q=69,https://irbank.net/E05551/quarter,,2026-09-27T11:10:09.225419+09:00
Q2022-07_2022-09,3796,operating_margin,,pct,0.01,SINGLE_SOURCE,irbank_q,10.26,10.26%,,,,irbank_q=10.26,https://irbank.net/E05551/quarter,,2026-09-27T11:10:09.225419+09:00
Q2022-07_2022-09,3796,ordinary_income,,JPY_million,1,SINGLE_SOURCE,irbank_q,69,69百万,,,,irbank_q=69,https://irbank.net/E05551/quarter,,2026-09-27T11:10:09.225419+09:00
Q2022-07_2022-09,3796,revenue,670,JPY_million,1,OK,kabutan_q10,670,670,irbank_q,670,670百万,kabutan_q10=670|irbank_q=670,https://kabutan.jp/stock/finance?code=3796,https://irbank.net/E05551/quarter,2026-09-27T11:10:09.225419+09:00
Q2022-07_2022-09,3796,sga_ratio,,pct,0.01,SINGLE_SOURCE,irbank_q,50.46,50.46%,,,,irbank_q=50.46,https://irbank.net/E05551/quarter,,2026-09-27T11:10:09.225419+09:00
Q2022-10_2022-12,3796,cost_ratio,,pct,0.01,SINGLE_SOURCE,irbank_q,40.81,40.81%,,,,irbank_q=40.81,https://irbank.net/E05551/quarter,,2026-09-27T11:10:09.225419+09:00
Q2022-10_2022-12,3796,operating_income,,JPY_million,1,SINGLE_SOURCE,irbank_q,61,61百万,,,,irbank_q=61,https://irbank.net/E05551/quarter,,2026-09-27T11:10:09.225419+09:00
Q2022-10_2022-12,3796,operating_margin,,pct,0.01,SINGLE_SOURCE,irbank_q,8.95,8.95%,,,,irbank_q=8.95,https://irbank.net/E05551/quarter,,2026-09-27T11:10:09.225419+09:00
Q2022-10_2022-12,3796,ordinary_income,,JPY_million,1,SINGLE_SOURCE,irbank_q,59,59百万,,,,irbank_q=59,https://irbank.net/E05551/quarter,,2026-09-27T11:10:09.225419+09:00
Q2022-10_2022-12,3796,revenue,685,JPY_million,1,OK,kabutan_q10,685,685,irbank_q,685,685百万,kabutan_q10=685|irbank_q=685,https://kabutan.jp/stock/finance?code=3796,https://irbank.net/E05551/quarter,2026-09-27T11:10:09.225419+09:00
Q2022-10_2022-12,3796,sga_ratio,,pct,0.01,SINGLE_SOURCE,irbank_q,50.24,50.24%,,,,irbank_q=50.24,https://irbank.net/E05551/quarter,,2026-09-27T11:10:09.225419+09:00
Q2023-01_2023-03,3796,cost_ratio,,pct,0.01,SINGLE_SOURCE,irbank_q,40.81,40.81%,,,,irbank_q=40.81,https://irbank.net/E05551/quarter,,2026-09-27T11:10:09.225419+09:00
Q2023-01_2023-03,3796,operating_income,,JPY_million,1,SINGLE_SOURCE,irbank_q,86,86百万,,,,irbank_q=86,https://irbank.net/E05551/quarter,,2026-09-27T11:10:09.225419+09:00
Q2023-01_2023-03,3796,operating_margin,,pct,0.01,SINGLE_SOURCE,irbank_q,11.93,11.93%,,,,irbank_q=11.93,https://irbank.net/E05551/quarter,,2026-09-27T11:10:09.225419+09:00
Q2023-01_2023-03,3796,ordinary_income,,JPY_million,1,SINGLE_SOURCE,irbank_q,88,88百万,,,,irbank_q=88,https://irbank.net/E05551/quarter,,2026-09-27T11:10:09.225419+09:00
Q2023-01_2023-03,3796,revenue,724,JPY_million,1,OK,kabutan_q10,724,724,irbank_q,724,724百万,kabutan_q10=724|irbank_q=724,https://kabutan.jp/stock/finance?code=3796,https://irbank.net/E05551/quarter,2026-09-27T11:10:09.225419+09:00
Q2023-01_2023-03,3796,sga_ratio,,pct,0.01,SINGLE_SOURCE,irbank_q,47.26,47.26%,,,,irbank_q=47.26,https://irbank.net/E05551/quarter,,2026-09-27T11:10:09.225419+09:00
Q2023-04_2023-06,3796,cost_ratio,,pct,0.01,SINGLE_SOURCE,irbank_q,43.86,43.86%+2.07%,,,,irbank_q=43.86,https://irbank.net/E05551/quarter,,2026-09-27T11:10:09.225419+09:00
Q2023-04_2023-06,3796,operating_income,,JPY_million,1,SINGLE_SOURCE,irbank_q,16,16百万-11.2%,,,,irbank_q=16,https://irbank.net/E05551/quarter,,2026-09-27T11:10:09.225419+09:00
Q2023-04_2023-06,3796,operating_margin,,pct,0.01,SINGLE_SOURCE,irbank_q,2.38,2.38%-0.57%,,,,irbank_q=2.38,https://irbank.net/E05551/quarter,,2026-09-27T11:10:09.225419+09:00
Q2023-04_2023-06,3796,ordinary_income,,JPY_million,1,SINGLE_SOURCE,irbank_q,39,39百万+98.8%,,,,irbank_q=39,https://irbank.net/E05551/quarter,,2026-09-27T11:10:09.225419+09:00
Q2023-04_2023-06,3796,revenue,680,JPY_million,1,OK,kabutan_q10,680,680,irbank_q,680,680百万+10.1%,kabutan_q10=680|irbank_q=680,https://kabutan.jp/stock/finance?code=3796,https://irbank.net/E05551/quarter,2026-09-27T11:10:09.225419+09:00
Q2023-04_2023-06,3796,sga_ratio,,pct,0.01,SINGLE_SOURCE,irbank_q,53.76,53.76%-1.5%,,,,irbank_q=53.76,https://irbank.net/E05551/quarter,,2026-09-27T11:10:09.225419+09:00
Q2023-07_2023-09,3796,cost_ratio,,pct,0.01,SINGLE_SOURCE,irbank_q,42.57,42.57%+3.29%,,,,irbank_q=42.57,https://irbank.net/E05551/quarter,,2026-09-27T11:10:09.225419+09:00
Q2023-07_2023-09,3796,operating_income,,JPY_million,1,SINGLE_SOURCE,irbank_q,25,25百万-63.6%,,,,irbank_q=25,https://irbank.net/E05551/quarter,,2026-09-27T11:10:09.225419+09:00
Q2023-07_2023-09,3796,operating_margin,,pct,0.1,SINGLE_SOURCE,irbank_q,3.8,3.8%-6.46%,,,,irbank_q=3.8,https://irbank.net/E05551/quarter,,2026-09-27T11:10:09.225419+09:00
Q2023-07_2023-09,3796,ordinary_income,,JPY_million,1,SINGLE_SOURCE,irbank_q,33,33百万-51.9%,,,,irbank_q=33,https://irbank.net/E05551/quarter,,2026-09-27T11:10:09.225419+09:00
Q2023-07_2023-09,3796,revenue,658,JPY_million,1,OK,kabutan_q10,658,658,irbank_q,658,658百万-1.7%,kabutan_q10=658|irbank_q=658,https://kabutan.jp/stock/finance?code=3796,https://irbank.net/E05551/quarter,2026-09-27T11:10:09.225419+09:00
Q2023-07_2023-09,3796,sga_ratio,,pct,0.01,SINGLE_SOURCE,irbank_q,53.63,53.63%+3.17%,,,,irbank_q=53.63,https://irbank.net/E05551/quarter,,2026-09-27T11:10:09.225419+09:00
Q2023-10_2023-12,3796,cost_ratio,,pct,0.01,SINGLE_SOURCE,irbank_q,41.26,41.26%+0.45%,,,,irbank_q=41.26,https://irbank.net/E05551/quarter,,2026-09-27T11:10:09.225419+09:00
Q2023-10_2023-12,3796,operating_income,,JPY_million,1,SINGLE_SOURCE,irbank_q,70,70百万+13.7%,,,,irbank_q=70,https://irbank.net/E05551/quarter,,2026-09-27T11:10:09.225419+09:00
Q2023-10_2023-12,3796,operating_margin,,pct,0.01,SINGLE_SOURCE,irbank_q,9.78,9.78%+0.83%,,,,irbank_q=9.78,https://irbank.net/E05551/quarter,,2026-09-27T11:10:09.225419+09:00
Q2023-10_2023-12,3796,ordinary_income,,JPY_million,1,SINGLE_SOURCE,irbank_q,66,66百万+10.7%,,,,irbank_q=66,https://irbank.net/E05551/quarter,,2026-09-27T11:10:09.225419+09:00
Q2023-10_2023-12,3796,revenue,713,JPY_million,1,OK,kabutan_q10,713,713,irbank_q,713,713百万+4%,kabutan_q10=713|irbank_q=713,https://kabutan.jp/stock/finance?code=3796,https://irbank.net/E05551/quarter,2026-09-27T11:10:09.225419+09:00
Q2023-10_2023-12,3796,sga_ratio,,pct,0.01,SINGLE_SOURCE,irbank_q,48.96,48.96%-1.28%,,,,irbank_q=48.96,https://irbank.net/E05551/quarter,,2026-09-27T11:10:09.225419+09:00
Q2024-01_2024-03,3796,cost_ratio,,pct,0.01,SINGLE_SOURCE,irbank_q,44.12,44.12%+3.31%,,,,irbank_q=44.12,https://irbank.net/E05551/quarter,,2026-09-27T11:10:09.225419+09:00
Q2024-01_2024-03,3796,operating_income,,JPY_million,1,SINGLE_SOURCE,irbank_q,65,65百万-24.3%,,,,irbank_q=65,https://irbank.net/E05551/quarter,,2026-09-27T11:10:09.225419+09:00
Q2024-01_2024-03,3796,operating_margin,,pct,0.01,SINGLE_SOURCE,irbank_q,8.64,8.64%-3.29%,,,,irbank_q=8.64,https://irbank.net/E05551/quarter,,2026-09-27T11:10:09.225419+09:00
Q2024-01_2024-03,3796,ordinary_income,,JPY_million,1,SINGLE_SOURCE,irbank_q,71,71百万-19.7%,,,,irbank_q=71,https://irbank.net/E05551/quarter,,2026-09-27T11:10:09.225419+09:00
Q2024-01_2024-03,3796,revenue,757,JPY_million,1,OK,kabutan_q10,757,757,irbank_q,757,757百万+4.5%,kabutan_q10=757|irbank_q=757,https://kabutan.jp/stock/finance?code=3796,https://irbank.net/E05551/quarter,2026-09-27T11:10:09.225419+09:00
Q2024-01_2024-03,3796,sga_ratio,,pct,0.01,SINGLE_SOURCE,irbank_q,47.24,47.24%-0.02%,,,,irbank_q=47.24,https://irbank.net/E05551/quarter,,2026-09-27T11:10:09.225419+09:00
Q2024-04_2024-06,3796,cost_ratio,,pct,0.01,SINGLE_SOURCE,irbank_q,45.26,45.26%+1.4%,,,,irbank_q=45.26,https://irbank.net/E05551/quarter,,2026-09-27T11:10:09.225419+09:00
Q2024-04_2024-06,3796,eps,,JPY,0.1,SINGLE_SOURCE,kabutan_ytd_h1,-1.7,-1.7,,,,kabutan_ytd_h1=-1.7,https://kabutan.jp/stock/finance?code=3796,,2026-09-27T11:10:09.225419+09:00
Q2024-04_2024-06,3796,net_income,,JPY_million,1,SINGLE_SOURCE,kabutan_ytd_h1,-23,-23,,,,kabutan_ytd_h1=-23,https://kabutan.jp/stock/finance?code=3796,,2026-09-27T11:10:09.225419+09:00
Q2024-04_2024-06,3796,operating_income,-34,JPY_million,1,OK,kabutan_ytd_h1,-34,-34,irbank_q,-34,-34百万,kabutan_ytd_h1=-34|irbank_q=-34,https://kabutan.jp/stock/finance?code=3796,https://irbank.net/E05551/quarter,2026-09-27T11:10:09.225419+09:00
Q2024-04_2024-06,3796,operating_margin,,pct,0.01,SINGLE_SOURCE,irbank_q,-4.84,-4.84%,,,,irbank_q=-4.84,https://irbank.net/E05551/quarter,,2026-09-27T11:10:09.225419+09:00
Q2024-04_2024-06,3796,ordinary_income,-30,JPY_million,1,OK,kabutan_ytd_h1,-30,-30,irbank_q,-30,-30百万,kabutan_ytd_h1=-30|irbank_q=-30,https://kabutan.jp/stock/finance?code=3796,https://irbank.net/E05551/quarter,2026-09-27T11:10:09.225419+09:00
Q2024-04_2024-06,3796,revenue,711,JPY_million,1,OK|ROUNDING,kabutan_ytd_h1,711,711,kabutan_q10,711,711,kabutan_ytd_h1=711|kabutan_q10=711|irbank_q=712,https://kabutan.jp/stock/finance?code=3796,https://kabutan.jp/stock/finance?code=3796,2026-09-27T11:10:09.225419+09:00
Q2024-04_2024-06,3796,sga_ratio,,pct,0.01,SINGLE_SOURCE,irbank_q,59.58,59.58%+5.82%,,,,irbank_q=59.58,https://irbank.net/E05551/quarter,,2026-09-27T11:10:09.225419+09:00
Q2024-07_2024-09,3796,cost_ratio,,pct,0.01,SINGLE_SOURCE,irbank_q,44.93,44.93%+2.36%,,,,irbank_q=44.93,https://irbank.net/E05551/quarter,,2026-09-27T11:10:09.225419+09:00
Q2024-07_2024-09,3796,eps,,JPY,0.1,SINGLE_SOURCE,kabutan_q,-0.2,-0.2,,,,kabutan_q=-0.2,https://kabutan.jp/stock/finance?code=3796,,2026-09-27T11:10:09.225419+09:00
Q2024-07_2024-09,3796,net_income,,JPY_million,1,SINGLE_SOURCE,kabutan_q,-2,-2,,,,kabutan_q=-2,https://kabutan.jp/stock/finance?code=3796,,2026-09-27T11:10:09.225419+09:00
Q2024-07_2024-09,3796,operating_income,6.8,JPY_million,1,OK|ROUNDING,kabutan_q,7,7,irbank_q,6.8,6.8百万-72.9%,kabutan_q=7|irbank_q=6.8,https://kabutan.jp/stock/finance?code=3796,https://irbank.net/E05551/quarter,2026-09-27T11:10:09.225419+09:00
Q2024-07_2024-09,3796,operating_margin,0.92,pct,0.1,OK|ROUNDING,kabutan_q,1,1.0,irbank_q,0.92,0.92%-2.88%,kabutan_q=1|irbank_q=0.92,https://kabutan.jp/stock/finance?code=3796,https://irbank.net/E05551/quarter,2026-09-27T11:10:09.225419+09:00
Q2024-07_2024-09,3796,ordinary_income,-0.53,JPY_million,1,OK|ROUNDING,kabutan_q,0,0,irbank_q,-0.53,-0.53百万,kabutan_q=0|irbank_q=-0.53,https://kabutan.jp/stock/finance?code=3796,https://irbank.net/E05551/quarter,2026-09-27T11:10:09.225419+09:00
Q2024-07_2024-09,3796,revenue,736,JPY_million,1,OK,kabutan_q,736,736,kabutan_q10,736,736,kabutan_q=736|kabutan_q10=736|irbank_q=736,https://kabutan.jp/stock/finance?code=3796,https://kabutan.jp/stock/finance?code=3796,2026-09-27T11:10:09.225419+09:00
Q2024-07_2024-09,3796,sga_ratio,,pct,0.01,SINGLE_SOURCE,irbank_q,54.14,54.14%+0.51%,,,,irbank_q=54.14,https://irbank.net/E05551/quarter,,2026-09-27T11:10:09.225419+09:00
Q2024-10_2024-12,3796,cost_ratio,,pct,0.01,SINGLE_SOURCE,irbank_q,51.54,51.54%+10.28%,,,,irbank_q=51.54,https://irbank.net/E05551/quarter,,2026-09-27T11:10:09.225419+09:00
Q2024-10_2024-12,3796,eps,,JPY,0.1,SINGLE_SOURCE,kabutan_q,-0.8,-0.8,,,,kabutan_q=-0.8,https://kabutan.jp/stock/finance?code=3796,,2026-09-27T11:10:09.225419+09:00
Q2024-10_2024-12,3796,net_income,,JPY_million,1,SINGLE_SOURCE,kabutan_q,-11,-11,,,,kabutan_q=-11,https://kabutan.jp/stock/finance?code=3796,,2026-09-27T11:10:09.225419+09:00
Q2024-10_2024-12,3796,operating_income,-27,JPY_million,1,OK,kabutan_q,-27,-27,irbank_q,-27,-27百万,kabutan_q=-27|irbank_q=-27,https://kabutan.jp/stock/finance?code=3796,https://irbank.net/E05551/quarter,2026-09-27T11:10:09.225419+09:00
Q2024-10_2024-12,3796,operating_margin,-3.47,pct,0.1,OK|ROUNDING,kabutan_q,-3.5,-3.5,irbank_q,-3.47,-3.47%,kabutan_q=-3.5|irbank_q=-3.47,https://kabutan.jp/stock/finance?code=3796,https://irbank.net/E05551/quarter,2026-09-27T11:10:09.225419+09:00
Q2024-10_2024-12,3796,ordinary_income,-12,JPY_million,1,OK,kabutan_q,-12,-12,irbank_q,-12,-12百万,kabutan_q=-12|irbank_q=-12,https://kabutan.jp/stock/finance?code=3796,https://irbank.net/E05551/quarter,2026-09-27T11:10:09.225419+09:00
Q2024-10_2024-12,3796,revenue,776,JPY_million,1,OK|ROUNDING,kabutan_q,776,776,kabutan_q10,776,776,kabutan_q=776|kabutan_q10=776|irbank_q=775,https://kabutan.jp/stock/finance?code=3796,https://kabutan.jp/stock/finance?code=3796,2026-09-27T11:10:09.225419+09:00
Q2024-10_2024-12,3796,sga_ratio,,pct,0.01,SINGLE_SOURCE,irbank_q,51.93,51.93%+2.97%,,,,irbank_q=51.93,https://irbank.net/E05551/quarter,,2026-09-27T11:10:09.225419+09:00
Q2025-01_2025-03,3796,cost_ratio,,pct,1,SINGLE_SOURCE,irbank_q,47,47%+2.88%,,,,irbank_q=47,https://irbank.net/E05551/quarter,,2026-09-27T11:10:09.225419+09:00
Q2025-01_2025-03,3796,eps,,JPY,0.1,SINGLE_SOURCE,kabutan_q,-0.2,-0.2,,,,kabutan_q=-0.2,https://kabutan.jp/stock/finance?code=3796,,2026-09-27T11:10:09.225419+09:00
Q2025-01_2025-03,3796,net_income,,JPY_million,1,SINGLE_SOURCE,kabutan_q,-3,-3,,,,kabutan_q=-3,https://kabutan.jp/stock/finance?code=3796,,2026-09-27T11:10:09.225419+09:00
Q2025-01_2025-03,3796,operating_income,17,JPY_million,1,OK,kabutan_q,17,17,irbank_q,17,17百万-73.6%,kabutan_q=17|irbank_q=17,https://kabutan.jp/stock/finance?code=3796,https://irbank.net/E05551/quarter,2026-09-27T11:10:09.225419+09:00
Q2025-01_2025-03,3796,operating_margin,2.14,pct,0.1,OK|ROUNDING,kabutan_q,2.1,2.1,irbank_q,2.14,2.14%-6.5%,kabutan_q=2.1|irbank_q=2.14,https://kabutan.jp/stock/finance?code=3796,https://irbank.net/E05551/quarter,2026-09-27T11:10:09.225419+09:00
Q2025-01_2025-03,3796,ordinary_income,0.47,JPY_million,1,OK|ROUNDING,kabutan_q,0,0,irbank_q,0.47,0.47百万-99.3%,kabutan_q=0|irbank_q=0.47,https://kabutan.jp/stock/finance?code=3796,https://irbank.net/E05551/quarter,2026-09-27T11:10:09.225419+09:00
Q2025-01_2025-03,3796,revenue,805,JPY_million,1,OK,kabutan_q,805,805,kabutan_q10,805,805,kabutan_q=805|kabutan_q10=805|irbank_q=805,https://kabutan.jp/stock/finance?code=3796,https://kabutan.jp/stock/finance?code=3796,2026-09-27T11:10:09.225419+09:00
Q2025-01_2025-03,3796,sga_ratio,,pct,0.01,SINGLE_SOURCE,irbank_q,50.85,50.85%+3.61%,,,,irbank_q=50.85,https://irbank.net/E05551/quarter,,2026-09-27T11:10:09.225419+09:00
Q2025-04_2025-06,3796,cost_ratio,,pct,0.01,SINGLE_SOURCE,irbank_q,44.18,44.18%-1.08%,,,,irbank_q=44.18,https://irbank.net/E05551/quarter,,2026-09-27T11:10:09.225419+09:00
Q2025-04_2025-06,3796,eps,,JPY,0.1,SINGLE_SOURCE,kabutan_ytd_h1,-1,-1.0,kabutan_q,-1,-1.0,kabutan_ytd_h1=-1|kabutan_q=-1,https://kabutan.jp/stock/finance?code=3796,https://kabutan.jp/stock/finance?code=3796,2026-09-27T11:10:09.225419+09:00
Q2025-04_2025-06,3796,net_income,,JPY_million,1,SINGLE_SOURCE,kabutan_ytd_h1,-13,-13,kabutan_q,-13,-13,kabutan_ytd_h1=-13|kabutan_q=-13,https://kabutan.jp/stock/finance?code=3796,https://kabutan.jp/stock/finance?code=3796,2026-09-27T11:10:09.225419+09:00
Q2025-04_2025-06,3796,operating_income,-13,JPY_million,1,OK|ROUNDING,kabutan_ytd_h1,-13,-13,kabutan_q,-13,-13,kabutan_ytd_h1=-13|kabutan_q=-13|irbank_q=-14,https://kabutan.jp/stock/finance?code=3796,https://kabutan.jp/stock/finance?code=3796,2026-09-27T11:10:09.225419+09:00
Q2025-04_2025-06,3796,operating_margin,,pct,0.1,MISMATCH,kabutan_q,-1.7,-1.7,irbank_q,-1.84,-1.84%,kabutan_q=-1.7|irbank_q=-1.84,https://kabutan.jp/stock/finance?code=3796,https://irbank.net/E05551/quarter,2026-09-27T11:10:09.225419+09:00
Q2025-04_2025-06,3796,ordinary_income,-17,JPY_million,1,OK|ROUNDING,kabutan_ytd_h1,-17,-17,kabutan_q,-17,-17,kabutan_ytd_h1=-17|kabutan_q=-17|irbank_q=-18,https://kabutan.jp/stock/finance?code=3796,https://kabutan.jp/stock/finance?code=3796,2026-09-27T11:10:09.225419+09:00
Q2025-04_2025-06,3796,revenue,749,JPY_million,1,OK,kabutan_ytd_h1,749,749,kabutan_q,749,749,kabutan_ytd_h1=749|kabutan_q=749|kabutan_q10=749|irbank_q=749,https://kabutan.jp/stock/finance?code=3796,https://kabutan.jp/stock/finance?code=3796,2026-09-27T11:10:09.225419+09:00
Q2025-04_2025-06,3796,sga_ratio,,pct,0.01,SINGLE_SOURCE,irbank_q,57.66,57.66%-1.92%,,,,irbank_q=57.66,https://irbank.net/E05551/quarter,,2026-09-27T11:10:09.225419+09:00
Q2025-07_2025-09,3796,cost_ratio,,pct,0.01,SINGLE_SOURCE,irbank_q,38.99,38.99%-5.94%,,,,irbank_q=38.99,https://irbank.net/E05551/quarter,,2026-09-27T11:10:09.225419+09:00
Q2025-07_2025-09,3796,eps,,JPY,0.1,SINGLE_SOURCE,kabutan_q,3.9,3.9,,,,kabutan_q=3.9,https://kabutan.jp/stock/finance?code=3796,,2026-09-27T11:10:09.225419+09:00
Q2025-07_2025-09,3796,net_income,,JPY_million,1,SINGLE_SOURCE,kabutan_q,52,52,,,,kabutan_q=52,https://kabutan.jp/stock/finance?code=3796,,2026-09-27T11:10:09.225419+09:00
Q2025-07_2025-09,3796,operating_income,,JPY_million,1,MISMATCH,kabutan_q,79,79,irbank_q,81,81百万+999.99%,kabutan_q=79|irbank_q=81,https://kabutan.jp/stock/finance?code=3796,https://irbank.net/E05551/quarter,2026-09-27T11:10:09.225419+09:00
Q2025-07_2025-09,3796,operating_margin,,pct,0.1,MISMATCH,kabutan_q,9.7,9.7,irbank_q,9.91,9.91%+8.99%,kabutan_q=9.7|irbank_q=9.91,https://kabutan.jp/stock/finance?code=3796,https://irbank.net/E05551/quarter,2026-09-27T11:10:09.225419+09:00
Q2025-07_2025-09,3796,ordinary_income,82,JPY_million,1,OK|ROUNDING,kabutan_q,82,82,irbank_q,83,83百万,kabutan_q=82|irbank_q=83,https://kabutan.jp/stock/finance?code=3796,https://irbank.net/E05551/quarter,2026-09-27T11:10:09.225419+09:00
Q2025-07_2025-09,3796,revenue,813,JPY_million,1,OK,kabutan_q,813,813,kabutan_q10,813,813,kabutan_q=813|kabutan_q10=813|irbank_q=813,https://kabutan.jp/stock/finance?code=3796,https://kabutan.jp/stock/finance?code=3796,2026-09-27T11:10:09.225419+09:00
Q2025-07_2025-09,3796,sga_ratio,,pct,0.1,SINGLE_SOURCE,irbank_q,51.1,51.1%-3.04%,,,,irbank_q=51.1,https://irbank.net/E05551/quarter,,2026-09-27T11:10:09.225419+09:00
Q2025-10_2025-12,3796,cost_ratio,,pct,0.01,SINGLE_SOURCE,irbank_q,42.67,42.67%-8.87%,,,,irbank_q=42.67,https://irbank.net/E05551/quarter,,2026-09-27T11:10:09.225419+09:00
Q2025-10_2025-12,3796,eps,,JPY,0.1,SINGLE_SOURCE,kabutan_q,2,2.0,,,,kabutan_q=2,https://kabutan.jp/stock/finance?code=3796,,2026-09-27T11:10:09.225419+09:00
Q2025-10_2025-12,3796,net_income,,JPY_million,1,SINGLE_SOURCE,kabutan_q,28,28,,,,kabutan_q=28,https://kabutan.jp/stock/finance?code=3796,,2026-09-27T11:10:09.225419+09:00
Q2025-10_2025-12,3796,operating_income,38,JPY_million,1,OK|ROUNDING,kabutan_q,38,38,irbank_q,37,37百万,kabutan_q=38|irbank_q=37,https://kabutan.jp/stock/finance?code=3796,https://irbank.net/E05551/quarter,2026-09-27T11:10:09.225419+09:00
Q2025-10_2025-12,3796,operating_margin,4.9,pct,0.1,OK|ROUNDING,kabutan_q,4.9,4.9,irbank_q,4.8,4.8%,kabutan_q=4.9|irbank_q=4.8,https://kabutan.jp/stock/finance?code=3796,https://irbank.net/E05551/quarter,2026-09-27T11:10:09.225419+09:00
Q2025-10_2025-12,3796,ordinary_income,45,JPY_million,1,OK,kabutan_q,45,45,irbank_q,45,45百万,kabutan_q=45|irbank_q=45,https://kabutan.jp/stock/finance?code=3796,https://irbank.net/E05551/quarter,2026-09-27T11:10:09.225419+09:00
Q2025-10_2025-12,3796,revenue,776,JPY_million,1,OK,kabutan_q,776,776,kabutan_q10,776,776,kabutan_q=776|kabutan_q10=776|irbank_q=776,https://kabutan.jp/stock/finance?code=3796,https://kabutan.jp/stock/finance?code=3796,2026-09-27T11:10:09.225419+09:00
Q2025-10_2025-12,3796,sga_ratio,,pct,0.01,SINGLE_SOURCE,irbank_q,52.53,52.53%+0.6%,,,,irbank_q=52.53,https://irbank.net/E05551/quarter,,2026-09-27T11:10:09.225419+09:00
Q2026-01_2026-03,3796,cost_ratio,,pct,0.01,SINGLE_SOURCE,irbank_q,41.16,41.16%-5.84%,,,,irbank_q=41.16,https://irbank.net/E05551/quarter,,2026-09-27T11:10:09.225419+09:00
Q2026-01_2026-03,3796,eps,,JPY,0.1,SINGLE_SOURCE,kabutan_q,6.1,6.1,,,,kabutan_q=6.1,https://kabutan.jp/stock/finance?code=3796,,2026-09-27T11:10:09.225419+09:00
Q2026-01_2026-03,3796,net_income,,JPY_million,1,SINGLE_SOURCE,kabutan_q,84,84,,,,kabutan_q=84,https://kabutan.jp/stock/finance?code=3796,,2026-09-27T11:10:09.225419+09:00
Q2026-01_2026-03,3796,operating_income,125,JPY_million,1,OK,kabutan_q,125,125,kabutan_record_q,125,125,kabutan_q=125|kabutan_record_q=125|irbank_q=125,https://kabutan.jp/stock/finance?code=3796,https://kabutan.jp/stock/finance?code=3796,2026-09-27T11:10:09.225419+09:00
Q2026-01_2026-03,3796,operating_margin,14.03,pct,0.1,OK|ROUNDING,kabutan_q,14,14.0,irbank_q,14.03,14.03%+11.89%,kabutan_q=14|irbank_q=14.03,https://kabutan.jp/stock/finance?code=3796,https://irbank.net/E05551/quarter,2026-09-27T11:10:09.225419+09:00
Q2026-01_2026-03,3796,ordinary_income,126,JPY_million,1,OK|ROUNDING,kabutan_q,126,126,kabutan_record_q,126,126,kabutan_q=126|kabutan_record_q=126|irbank_q=127,https://kabutan.jp/stock/finance?code=3796,https://kabutan.jp/stock/finance?code=3796,2026-09-27T11:10:09.225419+09:00
Q2026-01_2026-03,3796,revenue,894,JPY_million,1,OK,kabutan_q,894,894,kabutan_q10,894,894,kabutan_q=894|kabutan_q10=894|kabutan_record_q=894|irbank_q=894,https://kabutan.jp/stock/finance?code=3796,https://kabutan.jp/stock/finance?code=3796,2026-09-27T11:10:09.225419+09:00
Q2026-01_2026-03,3796,sga_ratio,,pct,0.1,SINGLE_SOURCE,irbank_q,44.8,44.8%-6.05%,,,,irbank_q=44.8,https://irbank.net/E05551/quarter,,2026-09-27T11:10:09.225419+09:00
Q2026-04_2026-06,3796,bps,,JPY,0.01,SINGLE_SOURCE,kabutan_bs,141.43,141.43,,,,kabutan_bs=141.43,https://kabutan.jp/stock/finance?code=3796,,2026-09-27T11:10:09.225419+09:00
Q2026-04_2026-06,3796,cost_ratio,,pct,0.01,SINGLE_SOURCE,irbank_q,45.62,45.62%+1.44%,,,,irbank_q=45.62,https://irbank.net/E05551/quarter,,2026-09-27T11:10:09.225419+09:00
Q2026-04_2026-06,3796,eps,,JPY,0.1,SINGLE_SOURCE,kabutan_ytd_h1,0.3,0.3,kabutan_q,0.3,0.3,kabutan_ytd_h1=0.3|kabutan_q=0.3|kabutan_q10=0.3,https://kabutan.jp/stock/finance?code=3796,https://kabutan.jp/stock/finance?code=3796,2026-09-27T11:10:09.225419+09:00
Q2026-04_2026-06,3796,equity,,JPY_million,1,SINGLE_SOURCE,kabutan_bs,1952,"1,952",,,,kabutan_bs=1952,https://kabutan.jp/stock/finance?code=3796,,2026-09-27T11:10:09.225419+09:00
Q2026-04_2026-06,3796,equity_ratio,,pct,0.1,SINGLE_SOURCE,kabutan_bs,78.2,78.2,,,,kabutan_bs=78.2,https://kabutan.jp/stock/finance?code=3796,,2026-09-27T11:10:09.225419+09:00
Q2026-04_2026-06,3796,interest_bearing_debt_ratio,,x,0.01,SINGLE_SOURCE,kabutan_bs,0.07,0.07,,,,kabutan_bs=0.07,https://kabutan.jp/stock/finance?code=3796,,2026-09-27T11:10:09.225419+09:00
Q2026-04_2026-06,3796,net_income,,JPY_million,1,SINGLE_SOURCE,kabutan_ytd_h1,4,4,kabutan_q,4,4,kabutan_ytd_h1=4|kabutan_q=4,https://kabutan.jp/stock/finance?code=3796,https://kabutan.jp/stock/finance?code=3796,2026-09-27T11:10:09.225419+09:00
Q2026-04_2026-06,3796,operating_income,3,JPY_million,1,OK,kabutan_ytd_h1,3,3,kabutan_q,3,3,kabutan_ytd_h1=3|kabutan_q=3|kabutan_q10=3|irbank_q=3,https://kabutan.jp/stock/finance?code=3796,https://kabutan.jp/stock/finance?code=3796,2026-09-27T11:10:09.225419+09:00
Q2026-04_2026-06,3796,operating_margin,0.39,pct,0.1,OK|ROUNDING,kabutan_q,0.4,0.4,irbank_q,0.39,0.39%,kabutan_q=0.4|irbank_q=0.39,https://kabutan.jp/stock/finance?code=3796,https://irbank.net/E05551/quarter,2026-09-27T11:10:09.225419+09:00
Q2026-04_2026-06,3796,ordinary_income,10,JPY_million,1,OK,kabutan_ytd_h1,10,10,kabutan_q,10,10,kabutan_ytd_h1=10|kabutan_q=10|kabutan_q10=10|irbank_q=10,https://kabutan.jp/stock/finance?code=3796,https://kabutan.jp/stock/finance?code=3796,2026-09-27T11:10:09.225419+09:00
Q2026-04_2026-06,3796,retained_earnings,,JPY_million,1,SINGLE_SOURCE,kabutan_bs,744,744,,,,kabutan_bs=744,https://kabutan.jp/stock/finance?code=3796,,2026-09-27T11:10:09.225419+09:00
Q2026-04_2026-06,3796,revenue,767,JPY_million,1,OK,kabutan_ytd_h1,767,767,kabutan_q,767,767,kabutan_ytd_h1=767|kabutan_q=767|kabutan_q10=767|irbank_q=767,https://kabutan.jp/stock/finance?code=3796,https://kabutan.jp/stock/finance?code=3796,2026-09-27T11:10:09.225419+09:00
Q2026-04_2026-06,3796,sga_ratio,,pct,0.01,SINGLE_SOURCE,irbank_q,53.98,53.98%-3.68%,,,,irbank_q=53.98,https://irbank.net/E05551/quarter,,2026-09-27T11:10:09.225419+09:00
Q2026-04_2026-06,3796,total_assets,,JPY_million,1,SINGLE_SOURCE,kabutan_bs,2496,"2,496",,,,kabutan_bs=2496,https://kabutan.jp/stock/finance?code=3796,,2026-09-27T11:10:09.225419+09:00
