period,code,metric,value,unit,tolerance,status,source_primary,value_primary,raw_primary,source_secondary,value_secondary,raw_secondary,sources_all,source_url_primary,source_url_secondary,fetched_at
FY2003-03,3851,revenue,,JPY_million,1,SINGLE_SOURCE|NONCONSOLIDATED|PERIOD_ASTERISK,kabutan_fy10,517,517,,,,kabutan_fy10=517,https://kabutan.jp/stock/finance?code=3851,,2026-08-13T11:40:46.611262+09:00
FY2004-03,3851,revenue,,JPY_million,1,SINGLE_SOURCE|NONCONSOLIDATED|PERIOD_ASTERISK,kabutan_fy10,880,880,,,,kabutan_fy10=880,https://kabutan.jp/stock/finance?code=3851,,2026-08-13T11:40:46.611262+09:00
FY2005-03,3851,revenue,,JPY_million,1,SINGLE_SOURCE|PERIOD_ASTERISK,kabutan_fy10,1167,"1,167",,,,kabutan_fy10=1167,https://kabutan.jp/stock/finance?code=3851,,2026-08-13T11:40:46.611262+09:00
FY2006-03,3851,revenue,,JPY_million,1,SINGLE_SOURCE|PERIOD_ASTERISK,kabutan_fy10,1593,"1,593",,,,kabutan_fy10=1593,https://kabutan.jp/stock/finance?code=3851,,2026-08-13T11:40:46.611262+09:00
FY2007-03,3851,revenue,,JPY_million,1,SINGLE_SOURCE|PERIOD_ASTERISK,kabutan_fy10,1846,"1,846",,,,kabutan_fy10=1846,https://kabutan.jp/stock/finance?code=3851,,2026-08-13T11:40:46.611262+09:00
FY2008-03,3851,capex,,JPY_million,1,SINGLE_SOURCE,irbank_cf,-549,-549百万,,,,irbank_cf=-549,https://irbank.net/E02489/results,,2026-08-13T11:40:46.611262+09:00
FY2008-03,3851,cash_equivalents,,JPY_million,1,SINGLE_SOURCE,irbank_cf,427,4.27億,,,,irbank_cf=427,https://irbank.net/E02489/results,,2026-08-13T11:40:46.611262+09:00
FY2008-03,3851,cost_ratio,,pct,0.01,SINGLE_SOURCE,irbank_pl_consolidated,52.65,52.65,,,,irbank_pl_consolidated=52.65,https://irbank.net/E02489/results,,2026-08-13T11:40:46.611262+09:00
FY2008-03,3851,equity,,JPY_million,10,SINGLE_SOURCE,irbank_bs,1250,12.5億,,,,irbank_bs=1250,https://irbank.net/E02489/results,,2026-08-13T11:40:46.611262+09:00
FY2008-03,3851,equity_ratio,,pct,0.1,SINGLE_SOURCE,irbank_bs,55.8,55.8,,,,irbank_bs=55.8,https://irbank.net/E02489/results,,2026-08-13T11:40:46.611262+09:00
FY2008-03,3851,financing_cf,,JPY_million,1,SINGLE_SOURCE,irbank_cf,716,716百万,,,,irbank_cf=716,https://irbank.net/E02489/results,,2026-08-13T11:40:46.611262+09:00
FY2008-03,3851,free_cf,,JPY_million,1,SINGLE_SOURCE,irbank_cf,-661,-6.61億,,,,irbank_cf=-661,https://irbank.net/E02489/results,,2026-08-13T11:40:46.611262+09:00
FY2008-03,3851,interest_bearing_debt,,JPY_million,1,SINGLE_SOURCE,irbank_bs,683,6.83億,,,,irbank_bs=683,https://irbank.net/E02489/results,,2026-08-13T11:40:46.611262+09:00
FY2008-03,3851,interest_bearing_debt_ratio,,x,0.0001,SINGLE_SOURCE|UNIT_CONVERTED,irbank_bs,0.5633,56.33,,,,irbank_bs=0.5633,https://irbank.net/E02489/results,,2026-08-13T11:40:46.611262+09:00
FY2008-03,3851,investing_cf,,JPY_million,1,SINGLE_SOURCE,irbank_cf,-724,-7.24億,,,,irbank_cf=-724,https://irbank.net/E02489/results,,2026-08-13T11:40:46.611262+09:00
FY2008-03,3851,net_assets,,JPY_million,10,SINGLE_SOURCE,irbank_bs,1210,12.1億,,,,irbank_bs=1210,https://irbank.net/E02489/results,,2026-08-13T11:40:46.611262+09:00
FY2008-03,3851,net_income,,JPY_million,1,SINGLE_SOURCE,irbank_pl_consolidated,109,1.09億,,,,irbank_pl_consolidated=109,https://irbank.net/E02489/results,,2026-08-13T11:40:46.611262+09:00
FY2008-03,3851,operating_cf,,JPY_million,1,SINGLE_SOURCE,irbank_cf,63,0.63億,,,,irbank_cf=63,https://irbank.net/E02489/results,,2026-08-13T11:40:46.611262+09:00
FY2008-03,3851,operating_income,,JPY_million,1,SINGLE_SOURCE,irbank_pl_consolidated,327,3.27億,,,,irbank_pl_consolidated=327,https://irbank.net/E02489/results,,2026-08-13T11:40:46.611262+09:00
FY2008-03,3851,operating_margin,,pct,0.01,SINGLE_SOURCE,irbank_pl_consolidated,15.24,15.24,,,,irbank_pl_consolidated=15.24,https://irbank.net/E02489/results,,2026-08-13T11:40:46.611262+09:00
FY2008-03,3851,ordinary_income,,JPY_million,1,SINGLE_SOURCE,irbank_pl_consolidated,283,2.83億,,,,irbank_pl_consolidated=283,https://irbank.net/E02489/results,,2026-08-13T11:40:46.611262+09:00
FY2008-03,3851,retained_earnings,,JPY_million,1,SINGLE_SOURCE,irbank_bs,776,7.76億,,,,irbank_bs=776,https://irbank.net/E02489/results,,2026-08-13T11:40:46.611262+09:00
FY2008-03,3851,revenue,2145,JPY_million,10,OK|ROUNDING,kabutan_fy10,2145,"2,145",irbank_pl_consolidated,2150,21.5億,kabutan_fy10=2145|irbank_pl_consolidated=2150,https://kabutan.jp/stock/finance?code=3851,https://irbank.net/E02489/results,2026-08-13T11:40:46.611262+09:00
FY2008-03,3851,roa,,pct,0.01,SINGLE_SOURCE,irbank_pl_consolidated,5.03,5.03,,,,irbank_pl_consolidated=5.03,https://irbank.net/E02489/results,,2026-08-13T11:40:46.611262+09:00
FY2008-03,3851,roe,,pct,0.01,SINGLE_SOURCE,irbank_pl_consolidated,9.01,9.01,,,,irbank_pl_consolidated=9.01,https://irbank.net/E02489/results,,2026-08-13T11:40:46.611262+09:00
FY2008-03,3851,sga_ratio,,pct,0.01,SINGLE_SOURCE,irbank_pl_consolidated,32.11,32.11,,,,irbank_pl_consolidated=32.11,https://irbank.net/E02489/results,,2026-08-13T11:40:46.611262+09:00
FY2008-03,3851,total_assets,,JPY_million,10,SINGLE_SOURCE,irbank_bs,2170,21.7億,,,,irbank_bs=2170,https://irbank.net/E02489/results,,2026-08-13T11:40:46.611262+09:00
FY2009-03,3851,capex,,JPY_million,1,SINGLE_SOURCE,irbank_cf,-46,-46百万,,,,irbank_cf=-46,https://irbank.net/E02489/results,,2026-08-13T11:40:46.611262+09:00
FY2009-03,3851,cash_equivalents,,JPY_million,1,SINGLE_SOURCE,irbank_cf,473,4.73億,,,,irbank_cf=473,https://irbank.net/E02489/results,,2026-08-13T11:40:46.611262+09:00
FY2009-03,3851,cost_ratio,,pct,0.01,SINGLE_SOURCE,irbank_pl_consolidated,53.27,53.27,,,,irbank_pl_consolidated=53.27,https://irbank.net/E02489/results,,2026-08-13T11:40:46.611262+09:00
FY2009-03,3851,equity,,JPY_million,10,SINGLE_SOURCE,irbank_bs,1160,11.6億,,,,irbank_bs=1160,https://irbank.net/E02489/results,,2026-08-13T11:40:46.611262+09:00
FY2009-03,3851,equity_ratio,,pct,0.01,SINGLE_SOURCE,irbank_bs,48.62,48.62,,,,irbank_bs=48.62,https://irbank.net/E02489/results,,2026-08-13T11:40:46.611262+09:00
FY2009-03,3851,financing_cf,,JPY_million,1,SINGLE_SOURCE,irbank_cf,135,135百万,,,,irbank_cf=135,https://irbank.net/E02489/results,,2026-08-13T11:40:46.611262+09:00
FY2009-03,3851,free_cf,,JPY_million,1,SINGLE_SOURCE,irbank_cf,-87,-0.87億,,,,irbank_cf=-87,https://irbank.net/E02489/results,,2026-08-13T11:40:46.611262+09:00
FY2009-03,3851,interest_bearing_debt,,JPY_million,1,SINGLE_SOURCE,irbank_bs,838,8.38億,,,,irbank_bs=838,https://irbank.net/E02489/results,,2026-08-13T11:40:46.611262+09:00
FY2009-03,3851,interest_bearing_debt_ratio,,x,0.01,SINGLE_SOURCE|UNIT_CONVERTED,irbank_bs,0.76,76,,,,irbank_bs=0.76,https://irbank.net/E02489/results,,2026-08-13T11:40:46.611262+09:00
FY2009-03,3851,investing_cf,,JPY_million,1,SINGLE_SOURCE,irbank_cf,41,0.41億,,,,irbank_cf=41,https://irbank.net/E02489/results,,2026-08-13T11:40:46.611262+09:00
FY2009-03,3851,net_assets,,JPY_million,100,SINGLE_SOURCE,irbank_bs,1100,11億,,,,irbank_bs=1100,https://irbank.net/E02489/results,,2026-08-13T11:40:46.611262+09:00
FY2009-03,3851,net_income,,JPY_million,1,SINGLE_SOURCE,irbank_pl_consolidated,-66,-0.66億,,,,irbank_pl_consolidated=-66,https://irbank.net/E02489/results,,2026-08-13T11:40:46.611262+09:00
FY2009-03,3851,operating_cf,,JPY_million,1,SINGLE_SOURCE,irbank_cf,-128,-1.28億,,,,irbank_cf=-128,https://irbank.net/E02489/results,,2026-08-13T11:40:46.611262+09:00
FY2009-03,3851,operating_income,,JPY_million,1,SINGLE_SOURCE,irbank_pl_consolidated,166,1.66億,,,,irbank_pl_consolidated=166,https://irbank.net/E02489/results,,2026-08-13T11:40:46.611262+09:00
FY2009-03,3851,operating_margin,,pct,0.01,SINGLE_SOURCE,irbank_pl_consolidated,8.01,8.01,,,,irbank_pl_consolidated=8.01,https://irbank.net/E02489/results,,2026-08-13T11:40:46.611262+09:00
FY2009-03,3851,ordinary_income,,JPY_million,1,SINGLE_SOURCE,irbank_pl_consolidated,156,1.56億,,,,irbank_pl_consolidated=156,https://irbank.net/E02489/results,,2026-08-13T11:40:46.611262+09:00
FY2009-03,3851,retained_earnings,,JPY_million,1,SINGLE_SOURCE,irbank_bs,705,7.05億,,,,irbank_bs=705,https://irbank.net/E02489/results,,2026-08-13T11:40:46.611262+09:00
FY2009-03,3851,revenue,2073,JPY_million,10,OK|ROUNDING,kabutan_fy10,2073,"2,073",irbank_pl_consolidated,2070,20.7億,kabutan_fy10=2073|irbank_pl_consolidated=2070,https://kabutan.jp/stock/finance?code=3851,https://irbank.net/E02489/results,2026-08-13T11:40:46.611262+09:00
FY2009-03,3851,sga_ratio,,pct,0.01,SINGLE_SOURCE,irbank_pl_consolidated,38.72,38.72,,,,irbank_pl_consolidated=38.72,https://irbank.net/E02489/results,,2026-08-13T11:40:46.611262+09:00
FY2009-03,3851,total_assets,,JPY_million,10,SINGLE_SOURCE,irbank_bs,2270,22.7億,,,,irbank_bs=2270,https://irbank.net/E02489/results,,2026-08-13T11:40:46.611262+09:00
FY2010-03,3851,bps,,JPY,0.01,SINGLE_SOURCE,irbank_bs,180.31,180.31,,,,irbank_bs=180.31,https://irbank.net/E02489/results,,2026-08-13T11:40:46.611262+09:00
FY2010-03,3851,capex,,JPY_million,1,SINGLE_SOURCE,irbank_cf,-54,-54百万,,,,irbank_cf=-54,https://irbank.net/E02489/results,,2026-08-13T11:40:46.611262+09:00
FY2010-03,3851,cash_equivalents,,JPY_million,1,SINGLE_SOURCE,irbank_cf,526,5.26億,,,,irbank_cf=526,https://irbank.net/E02489/results,,2026-08-13T11:40:46.611262+09:00
FY2010-03,3851,cost_ratio,,pct,0.1,SINGLE_SOURCE,irbank_pl_consolidated,73.9,73.9,,,,irbank_pl_consolidated=73.9,https://irbank.net/E02489/results,,2026-08-13T11:40:46.611262+09:00
FY2010-03,3851,eps,,JPY,0.01,SINGLE_SOURCE,irbank_pl_consolidated,-78.54,-78.54,,,,irbank_pl_consolidated=-78.54,https://irbank.net/E02489/results,,2026-08-13T11:40:46.611262+09:00
FY2010-03,3851,equity,,JPY_million,1,SINGLE_SOURCE,irbank_bs,822,8.22億,,,,irbank_bs=822,https://irbank.net/E02489/results,,2026-08-13T11:40:46.611262+09:00
FY2010-03,3851,equity_ratio,,pct,0.1,SINGLE_SOURCE,irbank_bs,37.8,37.8,,,,irbank_bs=37.8,https://irbank.net/E02489/results,,2026-08-13T11:40:46.611262+09:00
FY2010-03,3851,financing_cf,,JPY_million,1,SINGLE_SOURCE,irbank_cf,41,41百万,,,,irbank_cf=41,https://irbank.net/E02489/results,,2026-08-13T11:40:46.611262+09:00
FY2010-03,3851,free_cf,,JPY_million,1,SINGLE_SOURCE,irbank_cf,32,0.32億,,,,irbank_cf=32,https://irbank.net/E02489/results,,2026-08-13T11:40:46.611262+09:00
FY2010-03,3851,interest_bearing_debt,,JPY_million,1,SINGLE_SOURCE,irbank_bs,883,8.83億,,,,irbank_bs=883,https://irbank.net/E02489/results,,2026-08-13T11:40:46.611262+09:00
FY2010-03,3851,interest_bearing_debt_ratio,,x,0.001,SINGLE_SOURCE|UNIT_CONVERTED,irbank_bs,1.156,115.6,,,,irbank_bs=1.156,https://irbank.net/E02489/results,,2026-08-13T11:40:46.611262+09:00
FY2010-03,3851,investing_cf,,JPY_million,1,SINGLE_SOURCE,irbank_cf,-37,-0.37億,,,,irbank_cf=-37,https://irbank.net/E02489/results,,2026-08-13T11:40:46.611262+09:00
FY2010-03,3851,net_assets,,JPY_million,1,SINGLE_SOURCE,irbank_bs,764,7.64億,,,,irbank_bs=764,https://irbank.net/E02489/results,,2026-08-13T11:40:46.611262+09:00
FY2010-03,3851,net_income,,JPY_million,1,SINGLE_SOURCE,irbank_pl_consolidated,-333,-3.33億,,,,irbank_pl_consolidated=-333,https://irbank.net/E02489/results,,2026-08-13T11:40:46.611262+09:00
FY2010-03,3851,operating_cf,,JPY_million,1,SINGLE_SOURCE,irbank_cf,69,0.69億,,,,irbank_cf=69,https://irbank.net/E02489/results,,2026-08-13T11:40:46.611262+09:00
FY2010-03,3851,operating_income,,JPY_million,1,SINGLE_SOURCE,irbank_pl_consolidated,-235,-2.35億,,,,irbank_pl_consolidated=-235,https://irbank.net/E02489/results,,2026-08-13T11:40:46.611262+09:00
FY2010-03,3851,operating_margin,,pct,0.01,SINGLE_SOURCE,irbank_pl_consolidated,-11.08,-11.08,,,,irbank_pl_consolidated=-11.08,https://irbank.net/E02489/results,,2026-08-13T11:40:46.611262+09:00
FY2010-03,3851,ordinary_income,,JPY_million,1,SINGLE_SOURCE,irbank_pl_consolidated,-233,-2.33億,,,,irbank_pl_consolidated=-233,https://irbank.net/E02489/results,,2026-08-13T11:40:46.611262+09:00
FY2010-03,3851,retained_earnings,,JPY_million,1,SINGLE_SOURCE,irbank_bs,368,3.68億,,,,irbank_bs=368,https://irbank.net/E02489/results,,2026-08-13T11:40:46.611262+09:00
FY2010-03,3851,revenue,2123,JPY_million,10,OK|ROUNDING,kabutan_fy10,2123,"2,123",irbank_pl_consolidated,2120,21.2億,kabutan_fy10=2123|irbank_pl_consolidated=2120,https://kabutan.jp/stock/finance?code=3851,https://irbank.net/E02489/results,2026-08-13T11:40:46.611262+09:00
FY2010-03,3851,sga_ratio,,pct,0.01,SINGLE_SOURCE,irbank_pl_consolidated,37.18,37.18,,,,irbank_pl_consolidated=37.18,https://irbank.net/E02489/results,,2026-08-13T11:40:46.611262+09:00
FY2010-03,3851,total_assets,,JPY_million,10,SINGLE_SOURCE,irbank_bs,2020,20.2億,,,,irbank_bs=2020,https://irbank.net/E02489/results,,2026-08-13T11:40:46.611262+09:00
FY2011-03,3851,bps,,JPY,0.01,SINGLE_SOURCE,irbank_bs,224.83,224.83,,,,irbank_bs=224.83,https://irbank.net/E02489/results,,2026-08-13T11:40:46.611262+09:00
FY2011-03,3851,capex,,JPY_million,1,SINGLE_SOURCE,irbank_cf,-23,-23百万,,,,irbank_cf=-23,https://irbank.net/E02489/results,,2026-08-13T11:40:46.611262+09:00
FY2011-03,3851,cash_equivalents,,JPY_million,1,SINGLE_SOURCE,irbank_cf,487,4.87億,,,,irbank_cf=487,https://irbank.net/E02489/results,,2026-08-13T11:40:46.611262+09:00
FY2011-03,3851,cost_ratio,,pct,0.01,SINGLE_SOURCE,irbank_pl_consolidated,50.12,50.12,,,,irbank_pl_consolidated=50.12,https://irbank.net/E02489/results,,2026-08-13T11:40:46.611262+09:00
FY2011-03,3851,eps,,JPY,0.01,SINGLE_SOURCE,irbank_pl_consolidated,53.92,53.92,,,,irbank_pl_consolidated=53.92,https://irbank.net/E02489/results,,2026-08-13T11:40:46.611262+09:00
FY2011-03,3851,equity,,JPY_million,10,SINGLE_SOURCE,irbank_bs,1050,10.5億,,,,irbank_bs=1050,https://irbank.net/E02489/results,,2026-08-13T11:40:46.611262+09:00
FY2011-03,3851,equity_ratio,,pct,0.1,SINGLE_SOURCE,irbank_bs,54.3,54.3,,,,irbank_bs=54.3,https://irbank.net/E02489/results,,2026-08-13T11:40:46.611262+09:00
FY2011-03,3851,financing_cf,,JPY_million,1,SINGLE_SOURCE,irbank_cf,-380,-380百万,,,,irbank_cf=-380,https://irbank.net/E02489/results,,2026-08-13T11:40:46.611262+09:00
FY2011-03,3851,free_cf,,JPY_million,1,SINGLE_SOURCE,irbank_cf,362,3.62億,,,,irbank_cf=362,https://irbank.net/E02489/results,,2026-08-13T11:40:46.611262+09:00
FY2011-03,3851,interest_bearing_debt,,JPY_million,1,SINGLE_SOURCE,irbank_bs,502,5.02億,,,,irbank_bs=502,https://irbank.net/E02489/results,,2026-08-13T11:40:46.611262+09:00
FY2011-03,3851,interest_bearing_debt_ratio,,x,0.0001,SINGLE_SOURCE|UNIT_CONVERTED,irbank_bs,0.5226,52.26,,,,irbank_bs=0.5226,https://irbank.net/E02489/results,,2026-08-13T11:40:46.611262+09:00
FY2011-03,3851,investing_cf,,JPY_million,1,SINGLE_SOURCE,irbank_cf,-52,-0.52億,,,,irbank_cf=-52,https://irbank.net/E02489/results,,2026-08-13T11:40:46.611262+09:00
FY2011-03,3851,net_assets,,JPY_million,1,SINGLE_SOURCE,irbank_bs,961,9.61億,,,,irbank_bs=961,https://irbank.net/E02489/results,,2026-08-13T11:40:46.611262+09:00
FY2011-03,3851,net_income,,JPY_million,10,SINGLE_SOURCE,irbank_pl_consolidated,230,2.3億,,,,irbank_pl_consolidated=230,https://irbank.net/E02489/results,,2026-08-13T11:40:46.611262+09:00
FY2011-03,3851,operating_cf,,JPY_million,1,SINGLE_SOURCE,irbank_cf,414,4.14億,,,,irbank_cf=414,https://irbank.net/E02489/results,,2026-08-13T11:40:46.611262+09:00
FY2011-03,3851,operating_income,,JPY_million,1,SINGLE_SOURCE,irbank_pl_consolidated,315,3.15億,,,,irbank_pl_consolidated=315,https://irbank.net/E02489/results,,2026-08-13T11:40:46.611262+09:00
FY2011-03,3851,operating_margin,,pct,0.01,SINGLE_SOURCE,irbank_pl_consolidated,14.21,14.21,,,,irbank_pl_consolidated=14.21,https://irbank.net/E02489/results,,2026-08-13T11:40:46.611262+09:00
FY2011-03,3851,ordinary_income,,JPY_million,1,SINGLE_SOURCE,irbank_pl_consolidated,306,3.06億,,,,irbank_pl_consolidated=306,https://irbank.net/E02489/results,,2026-08-13T11:40:46.611262+09:00
FY2011-03,3851,retained_earnings,,JPY_million,1,SINGLE_SOURCE,irbank_bs,594,5.94億,,,,irbank_bs=594,https://irbank.net/E02489/results,,2026-08-13T11:40:46.611262+09:00
FY2011-03,3851,revenue,2217,JPY_million,10,OK|ROUNDING,kabutan_fy10,2217,"2,217",irbank_pl_consolidated,2220,22.2億,kabutan_fy10=2217|irbank_pl_consolidated=2220,https://kabutan.jp/stock/finance?code=3851,https://irbank.net/E02489/results,2026-08-13T11:40:46.611262+09:00
FY2011-03,3851,roa,,pct,0.01,SINGLE_SOURCE,irbank_pl_consolidated,13.03,13.03,,,,irbank_pl_consolidated=13.03,https://irbank.net/E02489/results,,2026-08-13T11:40:46.611262+09:00
FY2011-03,3851,roe,,pct,0.01,SINGLE_SOURCE,irbank_pl_consolidated,23.98,23.98,,,,irbank_pl_consolidated=23.98,https://irbank.net/E02489/results,,2026-08-13T11:40:46.611262+09:00
FY2011-03,3851,sga_ratio,,pct,0.01,SINGLE_SOURCE,irbank_pl_consolidated,35.67,35.67,,,,irbank_pl_consolidated=35.67,https://irbank.net/E02489/results,,2026-08-13T11:40:46.611262+09:00
FY2011-03,3851,total_assets,,JPY_million,10,SINGLE_SOURCE,irbank_bs,1770,17.7億,,,,irbank_bs=1770,https://irbank.net/E02489/results,,2026-08-13T11:40:46.611262+09:00
FY2012-03,3851,bps,,JPY,0.01,SINGLE_SOURCE,irbank_bs,277.19,277.19,,,,irbank_bs=277.19,https://irbank.net/E02489/results,,2026-08-13T11:40:46.611262+09:00
FY2012-03,3851,capex,,JPY_million,1,SINGLE_SOURCE,irbank_cf,-26,-26百万,,,,irbank_cf=-26,https://irbank.net/E02489/results,,2026-08-13T11:40:46.611262+09:00
FY2012-03,3851,cash_equivalents,,JPY_million,1,SINGLE_SOURCE,irbank_cf,673,6.73億,,,,irbank_cf=673,https://irbank.net/E02489/results,,2026-08-13T11:40:46.611262+09:00
FY2012-03,3851,cost_ratio,,pct,0.01,SINGLE_SOURCE,irbank_pl_consolidated,50.28,50.28,,,,irbank_pl_consolidated=50.28,https://irbank.net/E02489/results,,2026-08-13T11:40:46.611262+09:00
FY2012-03,3851,eps,,JPY,0.01,SINGLE_SOURCE,irbank_pl_consolidated,50.52,50.52,,,,irbank_pl_consolidated=50.52,https://irbank.net/E02489/results,,2026-08-13T11:40:46.611262+09:00
FY2012-03,3851,equity,,JPY_million,10,SINGLE_SOURCE,irbank_bs,1270,12.7億,,,,irbank_bs=1270,https://irbank.net/E02489/results,,2026-08-13T11:40:46.611262+09:00
FY2012-03,3851,equity_ratio,,pct,0.1,SINGLE_SOURCE,irbank_bs,59.2,59.2,,,,irbank_bs=59.2,https://irbank.net/E02489/results,,2026-08-13T11:40:46.611262+09:00
FY2012-03,3851,financing_cf,,JPY_million,0.1,SINGLE_SOURCE,irbank_cf,6.5,6.5百万,,,,irbank_cf=6.5,https://irbank.net/E02489/results,,2026-08-13T11:40:46.611262+09:00
FY2012-03,3851,free_cf,,JPY_million,1,SINGLE_SOURCE,irbank_cf,181,1.81億,,,,irbank_cf=181,https://irbank.net/E02489/results,,2026-08-13T11:40:46.611262+09:00
FY2012-03,3851,interest_bearing_debt,,JPY_million,1,SINGLE_SOURCE,irbank_bs,513,5.13億,,,,irbank_bs=513,https://irbank.net/E02489/results,,2026-08-13T11:40:46.611262+09:00
FY2012-03,3851,interest_bearing_debt_ratio,,x,0.0001,SINGLE_SOURCE|UNIT_CONVERTED,irbank_bs,0.4328,43.28,,,,irbank_bs=0.4328,https://irbank.net/E02489/results,,2026-08-13T11:40:46.611262+09:00
FY2012-03,3851,investing_cf,,JPY_million,10,SINGLE_SOURCE,irbank_cf,-10,-0.1億,,,,irbank_cf=-10,https://irbank.net/E02489/results,,2026-08-13T11:40:46.611262+09:00
FY2012-03,3851,net_assets,,JPY_million,10,SINGLE_SOURCE,irbank_bs,1180,11.8億,,,,irbank_bs=1180,https://irbank.net/E02489/results,,2026-08-13T11:40:46.611262+09:00
FY2012-03,3851,net_income,,JPY_million,1,SINGLE_SOURCE,irbank_pl_consolidated,216,2.16億,,,,irbank_pl_consolidated=216,https://irbank.net/E02489/results,,2026-08-13T11:40:46.611262+09:00
FY2012-03,3851,operating_cf,,JPY_million,10,SINGLE_SOURCE,irbank_cf,190,1.9億,,,,irbank_cf=190,https://irbank.net/E02489/results,,2026-08-13T11:40:46.611262+09:00
FY2012-03,3851,operating_income,,JPY_million,10,SINGLE_SOURCE,irbank_pl_consolidated,320,3.2億,,,,irbank_pl_consolidated=320,https://irbank.net/E02489/results,,2026-08-13T11:40:46.611262+09:00
FY2012-03,3851,operating_margin,,pct,0.01,SINGLE_SOURCE,irbank_pl_consolidated,13.01,13.01,,,,irbank_pl_consolidated=13.01,https://irbank.net/E02489/results,,2026-08-13T11:40:46.611262+09:00
FY2012-03,3851,ordinary_income,,JPY_million,1,SINGLE_SOURCE,irbank_pl_consolidated,326,3.26億,,,,irbank_pl_consolidated=326,https://irbank.net/E02489/results,,2026-08-13T11:40:46.611262+09:00
FY2012-03,3851,retained_earnings,,JPY_million,1,SINGLE_SOURCE,irbank_bs,806,8.06億,,,,irbank_bs=806,https://irbank.net/E02489/results,,2026-08-13T11:40:46.611262+09:00
FY2012-03,3851,revenue,2460,JPY_million,10,OK,kabutan_fy10,2460,"2,460",irbank_pl_consolidated,2460,24.6億,kabutan_fy10=2460|irbank_pl_consolidated=2460,https://kabutan.jp/stock/finance?code=3851,https://irbank.net/E02489/results,2026-08-13T11:40:46.611262+09:00
FY2012-03,3851,roa,,pct,0.01,SINGLE_SOURCE,irbank_pl_consolidated,10.79,10.79,,,,irbank_pl_consolidated=10.79,https://irbank.net/E02489/results,,2026-08-13T11:40:46.611262+09:00
FY2012-03,3851,roe,,pct,0.01,SINGLE_SOURCE,irbank_pl_consolidated,18.23,18.23,,,,irbank_pl_consolidated=18.23,https://irbank.net/E02489/results,,2026-08-13T11:40:46.611262+09:00
FY2012-03,3851,sga_ratio,,pct,0.1,SINGLE_SOURCE,irbank_pl_consolidated,36.7,36.7,,,,irbank_pl_consolidated=36.7,https://irbank.net/E02489/results,,2026-08-13T11:40:46.611262+09:00
FY2012-03,3851,total_assets,,JPY_million,100,SINGLE_SOURCE,irbank_bs,2000,20億,,,,irbank_bs=2000,https://irbank.net/E02489/results,,2026-08-13T11:40:46.611262+09:00
FY2013-03,3851,bps,,JPY,0.01,SINGLE_SOURCE,irbank_bs,237.46,237.46,,,,irbank_bs=237.46,https://irbank.net/E02489/results,,2026-08-13T11:40:46.611262+09:00
FY2013-03,3851,capex,,JPY_million,1,SINGLE_SOURCE,irbank_cf,-62,-62百万,,,,irbank_cf=-62,https://irbank.net/E02489/results,,2026-08-13T11:40:46.611262+09:00
FY2013-03,3851,cash_equivalents,,JPY_million,1,SINGLE_SOURCE,irbank_cf,627,6.27億,,,,irbank_cf=627,https://irbank.net/E02489/results,,2026-08-13T11:40:46.611262+09:00
FY2013-03,3851,cost_ratio,,pct,0.01,SINGLE_SOURCE,irbank_pl_consolidated,65.78,65.78,,,,irbank_pl_consolidated=65.78,https://irbank.net/E02489/results,,2026-08-13T11:40:46.611262+09:00
FY2013-03,3851,eps,,JPY,0.1,SINGLE_SOURCE,irbank_pl_consolidated,-50.1,-50.1,,,,irbank_pl_consolidated=-50.1,https://irbank.net/E02489/results,,2026-08-13T11:40:46.611262+09:00
FY2013-03,3851,equity,,JPY_million,10,SINGLE_SOURCE,irbank_bs,1050,10.5億,,,,irbank_bs=1050,https://irbank.net/E02489/results,,2026-08-13T11:40:46.611262+09:00
FY2013-03,3851,equity_ratio,,pct,0.1,SINGLE_SOURCE,irbank_bs,39.7,39.7,,,,irbank_bs=39.7,https://irbank.net/E02489/results,,2026-08-13T11:40:46.611262+09:00
FY2013-03,3851,financing_cf,,JPY_million,1,SINGLE_SOURCE,irbank_cf,572,572百万,,,,irbank_cf=572,https://irbank.net/E02489/results,,2026-08-13T11:40:46.611262+09:00
FY2013-03,3851,free_cf,,JPY_million,1,SINGLE_SOURCE,irbank_cf,-659,-6.59億,,,,irbank_cf=-659,https://irbank.net/E02489/results,,2026-08-13T11:40:46.611262+09:00
FY2013-03,3851,interest_bearing_debt,,JPY_million,10,SINGLE_SOURCE,irbank_bs,1090,10.9億,,,,irbank_bs=1090,https://irbank.net/E02489/results,,2026-08-13T11:40:46.611262+09:00
FY2013-03,3851,interest_bearing_debt_ratio,,x,0.001,SINGLE_SOURCE|UNIT_CONVERTED,irbank_bs,1.068,106.8,,,,irbank_bs=1.068,https://irbank.net/E02489/results,,2026-08-13T11:40:46.611262+09:00
FY2013-03,3851,investing_cf,,JPY_million,1,SINGLE_SOURCE,irbank_cf,-79,-0.79億,,,,irbank_cf=-79,https://irbank.net/E02489/results,,2026-08-13T11:40:46.611262+09:00
FY2013-03,3851,net_assets,,JPY_million,10,SINGLE_SOURCE,irbank_bs,1020,10.2億,,,,irbank_bs=1020,https://irbank.net/E02489/results,,2026-08-13T11:40:46.611262+09:00
FY2013-03,3851,net_income,,JPY_million,1,SINGLE_SOURCE,irbank_pl_consolidated,-215,-2.15億,,,,irbank_pl_consolidated=-215,https://irbank.net/E02489/results,,2026-08-13T11:40:46.611262+09:00
FY2013-03,3851,operating_cf,,JPY_million,1,SINGLE_SOURCE,irbank_cf,-579,-5.79億,,,,irbank_cf=-579,https://irbank.net/E02489/results,,2026-08-13T11:40:46.611262+09:00
FY2013-03,3851,operating_income,,JPY_million,1,SINGLE_SOURCE,irbank_pl_consolidated,-182,-1.82億,,,,irbank_pl_consolidated=-182,https://irbank.net/E02489/results,,2026-08-13T11:40:46.611262+09:00
FY2013-03,3851,operating_margin,,pct,0.01,SINGLE_SOURCE,irbank_pl_consolidated,-7.17,-7.17,,,,irbank_pl_consolidated=-7.17,https://irbank.net/E02489/results,,2026-08-13T11:40:46.611262+09:00
FY2013-03,3851,ordinary_income,,JPY_million,1,SINGLE_SOURCE,irbank_pl_consolidated,-168,-1.68億,,,,irbank_pl_consolidated=-168,https://irbank.net/E02489/results,,2026-08-13T11:40:46.611262+09:00
FY2013-03,3851,retained_earnings,,JPY_million,1,SINGLE_SOURCE,irbank_bs,586,5.86億,,,,irbank_bs=586,https://irbank.net/E02489/results,,2026-08-13T11:40:46.611262+09:00
FY2013-03,3851,revenue,2530,JPY_million,10,OK,kabutan_fy10,2530,"2,530",irbank_pl_consolidated,2530,25.3億,kabutan_fy10=2530|irbank_pl_consolidated=2530,https://kabutan.jp/stock/finance?code=3851,https://irbank.net/E02489/results,2026-08-13T11:40:46.611262+09:00
FY2013-03,3851,sga_ratio,,pct,0.01,SINGLE_SOURCE,irbank_pl_consolidated,41.39,41.39,,,,irbank_pl_consolidated=41.39,https://irbank.net/E02489/results,,2026-08-13T11:40:46.611262+09:00
FY2013-03,3851,total_assets,,JPY_million,10,SINGLE_SOURCE,irbank_bs,2570,25.7億,,,,irbank_bs=2570,https://irbank.net/E02489/results,,2026-08-13T11:40:46.611262+09:00
FY2014-03,3851,bps,,JPY,0.01,SINGLE_SOURCE,irbank_bs,422.49,422.49,,,,irbank_bs=422.49,https://irbank.net/E02489/results,,2026-08-13T11:40:46.611262+09:00
FY2014-03,3851,capex,,JPY_million,1,SINGLE_SOURCE,irbank_cf,-28,-28百万,,,,irbank_cf=-28,https://irbank.net/E02489/results,,2026-08-13T11:40:46.611262+09:00
FY2014-03,3851,cash_equivalents,,JPY_million,10,SINGLE_SOURCE,irbank_cf,890,8.9億,,,,irbank_cf=890,https://irbank.net/E02489/results,,2026-08-13T11:40:46.611262+09:00
FY2014-03,3851,cost_ratio,,pct,0.01,SINGLE_SOURCE,irbank_pl_consolidated,53.48,53.48,,,,irbank_pl_consolidated=53.48,https://irbank.net/E02489/results,,2026-08-13T11:40:46.611262+09:00
FY2014-03,3851,eps,,JPY,0.01,SINGLE_SOURCE,irbank_pl_consolidated,106.54,106.54,,,,irbank_pl_consolidated=106.54,https://irbank.net/E02489/results,,2026-08-13T11:40:46.611262+09:00
FY2014-03,3851,equity,,JPY_million,10,SINGLE_SOURCE,irbank_bs,2080,20.8億,,,,irbank_bs=2080,https://irbank.net/E02489/results,,2026-08-13T11:40:46.611262+09:00
FY2014-03,3851,equity_ratio,,pct,0.1,SINGLE_SOURCE,irbank_bs,79.5,79.5,,,,irbank_bs=79.5,https://irbank.net/E02489/results,,2026-08-13T11:40:46.611262+09:00
FY2014-03,3851,financing_cf,,JPY_million,1,SINGLE_SOURCE,irbank_cf,-557,-557百万,,,,irbank_cf=-557,https://irbank.net/E02489/results,,2026-08-13T11:40:46.611262+09:00
FY2014-03,3851,free_cf,,JPY_million,10,SINGLE_SOURCE,irbank_cf,780,7.8億,,,,irbank_cf=780,https://irbank.net/E02489/results,,2026-08-13T11:40:46.611262+09:00
FY2014-03,3851,interest_bearing_debt_ratio,,x,0.01,SINGLE_SOURCE|UNIT_CONVERTED,irbank_bs,0,0,,,,irbank_bs=0,https://irbank.net/E02489/results,,2026-08-13T11:40:46.611262+09:00
FY2014-03,3851,investing_cf,,JPY_million,1,SINGLE_SOURCE,irbank_cf,-181,-1.81億,,,,irbank_cf=-181,https://irbank.net/E02489/results,,2026-08-13T11:40:46.611262+09:00
FY2014-03,3851,net_assets,,JPY_million,100,SINGLE_SOURCE,irbank_bs,2100,21億,,,,irbank_bs=2100,https://irbank.net/E02489/results,,2026-08-13T11:40:46.611262+09:00
FY2014-03,3851,net_income,,JPY_million,1,SINGLE_SOURCE,irbank_pl_consolidated,482,4.82億,,,,irbank_pl_consolidated=482,https://irbank.net/E02489/results,,2026-08-13T11:40:46.611262+09:00
FY2014-03,3851,operating_cf,,JPY_million,1,SINGLE_SOURCE,irbank_cf,962,9.62億,,,,irbank_cf=962,https://irbank.net/E02489/results,,2026-08-13T11:40:46.611262+09:00
FY2014-03,3851,operating_income,,JPY_million,10,SINGLE_SOURCE,irbank_pl_consolidated,580,5.8億,,,,irbank_pl_consolidated=580,https://irbank.net/E02489/results,,2026-08-13T11:40:46.611262+09:00
FY2014-03,3851,operating_margin,,pct,0.01,SINGLE_SOURCE,irbank_pl_consolidated,15.81,15.81,,,,irbank_pl_consolidated=15.81,https://irbank.net/E02489/results,,2026-08-13T11:40:46.611262+09:00
FY2014-03,3851,ordinary_income,,JPY_million,1,SINGLE_SOURCE,irbank_pl_consolidated,607,6.07億,,,,irbank_pl_consolidated=607,https://irbank.net/E02489/results,,2026-08-13T11:40:46.611262+09:00
FY2014-03,3851,retained_earnings,,JPY_million,10,SINGLE_SOURCE,irbank_bs,1060,10.6億,,,,irbank_bs=1060,https://irbank.net/E02489/results,,2026-08-13T11:40:46.611262+09:00
FY2014-03,3851,revenue,3669,JPY_million,10,OK|ROUNDING,kabutan_fy10,3669,"3,669",irbank_pl_consolidated,3670,36.7億,kabutan_fy10=3669|irbank_pl_consolidated=3670,https://kabutan.jp/stock/finance?code=3851,https://irbank.net/E02489/results,2026-08-13T11:40:46.611262+09:00
FY2014-03,3851,roa,,pct,0.01,SINGLE_SOURCE,irbank_pl_consolidated,18.27,18.27,,,,irbank_pl_consolidated=18.27,https://irbank.net/E02489/results,,2026-08-13T11:40:46.611262+09:00
FY2014-03,3851,roe,,pct,0.01,SINGLE_SOURCE,irbank_pl_consolidated,22.97,22.97,,,,irbank_pl_consolidated=22.97,https://irbank.net/E02489/results,,2026-08-13T11:40:46.611262+09:00
FY2014-03,3851,sga_ratio,,pct,0.01,SINGLE_SOURCE,irbank_pl_consolidated,30.71,30.71,,,,irbank_pl_consolidated=30.71,https://irbank.net/E02489/results,,2026-08-13T11:40:46.611262+09:00
FY2014-03,3851,total_assets,,JPY_million,10,SINGLE_SOURCE,irbank_bs,2640,26.4億,,,,irbank_bs=2640,https://irbank.net/E02489/results,,2026-08-13T11:40:46.611262+09:00
FY2015-03,3851,bps,,JPY,0.01,SINGLE_SOURCE,irbank_bs,442.62,442.62,,,,irbank_bs=442.62,https://irbank.net/E02489/results,,2026-08-13T11:40:46.611262+09:00
FY2015-03,3851,capex,,JPY_million,1,SINGLE_SOURCE,irbank_cf,-49,-49百万,,,,irbank_cf=-49,https://irbank.net/E02489/results,,2026-08-13T11:40:46.611262+09:00
FY2015-03,3851,cash_equivalents,,JPY_million,10,SINGLE_SOURCE,irbank_cf,1240,12.4億,,,,irbank_cf=1240,https://irbank.net/E02489/results,,2026-08-13T11:40:46.611262+09:00
FY2015-03,3851,cost_ratio,,pct,0.01,SINGLE_SOURCE,irbank_pl_consolidated,62.27,62.27,,,,irbank_pl_consolidated=62.27,https://irbank.net/E02489/results,,2026-08-13T11:40:46.611262+09:00
FY2015-03,3851,eps,,JPY,0.01,SINGLE_SOURCE,irbank_pl_consolidated,3.97,3.97,,,,irbank_pl_consolidated=3.97,https://irbank.net/E02489/results,,2026-08-13T11:40:46.611262+09:00
FY2015-03,3851,equity,,JPY_million,10,SINGLE_SOURCE,irbank_bs,2090,20.9億,,,,irbank_bs=2090,https://irbank.net/E02489/results,,2026-08-13T11:40:46.611262+09:00
FY2015-03,3851,equity_ratio,,pct,0.1,SINGLE_SOURCE,irbank_bs,70.4,70.4,,,,irbank_bs=70.4,https://irbank.net/E02489/results,,2026-08-13T11:40:46.611262+09:00
FY2015-03,3851,financing_cf,,JPY_million,1,SINGLE_SOURCE,irbank_cf,251,251百万,,,,irbank_cf=251,https://irbank.net/E02489/results,,2026-08-13T11:40:46.611262+09:00
FY2015-03,3851,free_cf,,JPY_million,1,SINGLE_SOURCE,irbank_cf,-9,-0.09億,,,,irbank_cf=-9,https://irbank.net/E02489/results,,2026-08-13T11:40:46.611262+09:00
FY2015-03,3851,interest_bearing_debt,,JPY_million,10,SINGLE_SOURCE,irbank_bs,260,2.6億,,,,irbank_bs=260,https://irbank.net/E02489/results,,2026-08-13T11:40:46.611262+09:00
FY2015-03,3851,interest_bearing_debt_ratio,,x,0.0001,SINGLE_SOURCE|UNIT_CONVERTED,irbank_bs,0.1181,11.81,,,,irbank_bs=0.1181,https://irbank.net/E02489/results,,2026-08-13T11:40:46.611262+09:00
FY2015-03,3851,investing_cf,,JPY_million,1,SINGLE_SOURCE,irbank_cf,-56,-0.56億,,,,irbank_cf=-56,https://irbank.net/E02489/results,,2026-08-13T11:40:46.611262+09:00
FY2015-03,3851,net_assets,,JPY_million,10,SINGLE_SOURCE,irbank_bs,2210,22.1億,,,,irbank_bs=2210,https://irbank.net/E02489/results,,2026-08-13T11:40:46.611262+09:00
FY2015-03,3851,net_income,,JPY_million,10,SINGLE_SOURCE,irbank_pl_consolidated,20,0.2億,,,,irbank_pl_consolidated=20,https://irbank.net/E02489/results,,2026-08-13T11:40:46.611262+09:00
FY2015-03,3851,operating_cf,,JPY_million,1,SINGLE_SOURCE,irbank_cf,47,0.47億,,,,irbank_cf=47,https://irbank.net/E02489/results,,2026-08-13T11:40:46.611262+09:00
FY2015-03,3851,operating_income,,JPY_million,10,SINGLE_SOURCE,irbank_pl_consolidated,140,1.4億,,,,irbank_pl_consolidated=140,https://irbank.net/E02489/results,,2026-08-13T11:40:46.611262+09:00
FY2015-03,3851,operating_margin,,pct,0.1,SINGLE_SOURCE,irbank_pl_consolidated,3.8,3.8,,,,irbank_pl_consolidated=3.8,https://irbank.net/E02489/results,,2026-08-13T11:40:46.611262+09:00
FY2015-03,3851,ordinary_income,,JPY_million,1,SINGLE_SOURCE,irbank_pl_consolidated,156,1.56億,,,,irbank_pl_consolidated=156,https://irbank.net/E02489/results,,2026-08-13T11:40:46.611262+09:00
FY2015-03,3851,retained_earnings,,JPY_million,10,SINGLE_SOURCE,irbank_bs,1070,10.7億,,,,irbank_bs=1070,https://irbank.net/E02489/results,,2026-08-13T11:40:46.611262+09:00
FY2015-03,3851,revenue,3672,JPY_million,10,OK|ROUNDING,kabutan_fy10,3672,"3,672",irbank_pl_consolidated,3670,36.7億,kabutan_fy10=3672|irbank_pl_consolidated=3670,https://kabutan.jp/stock/finance?code=3851,https://irbank.net/E02489/results,2026-08-13T11:40:46.611262+09:00
FY2015-03,3851,roa,,pct,0.01,SINGLE_SOURCE,irbank_pl_consolidated,0.63,0.63,,,,irbank_pl_consolidated=0.63,https://irbank.net/E02489/results,,2026-08-13T11:40:46.611262+09:00
FY2015-03,3851,roe,,pct,0.1,SINGLE_SOURCE,irbank_pl_consolidated,0.9,0.9,,,,irbank_pl_consolidated=0.9,https://irbank.net/E02489/results,,2026-08-13T11:40:46.611262+09:00
FY2015-03,3851,sga_ratio,,pct,0.01,SINGLE_SOURCE,irbank_pl_consolidated,33.93,33.93,,,,irbank_pl_consolidated=33.93,https://irbank.net/E02489/results,,2026-08-13T11:40:46.611262+09:00
FY2015-03,3851,total_assets,,JPY_million,10,SINGLE_SOURCE,irbank_bs,3130,31.3億,,,,irbank_bs=3130,https://irbank.net/E02489/results,,2026-08-13T11:40:46.611262+09:00
FY2016-03,3851,bps,,JPY,0.1,SINGLE_SOURCE,irbank_bs,469.5,469.5,,,,irbank_bs=469.5,https://irbank.net/E02489/results,,2026-08-13T11:40:46.611262+09:00
FY2016-03,3851,capex,,JPY_million,1,SINGLE_SOURCE,irbank_cf,-47,-47百万,,,,irbank_cf=-47,https://irbank.net/E02489/results,,2026-08-13T11:40:46.611262+09:00
FY2016-03,3851,cash_equivalents,,JPY_million,100,SINGLE_SOURCE,irbank_cf,1100,11億,,,,irbank_cf=1100,https://irbank.net/E02489/results,,2026-08-13T11:40:46.611262+09:00
FY2016-03,3851,cost_ratio,,pct,0.1,SINGLE_SOURCE,irbank_pl_consolidated,51.8,51.8,,,,irbank_pl_consolidated=51.8,https://irbank.net/E02489/results,,2026-08-13T11:40:46.611262+09:00
FY2016-03,3851,eps,,JPY,0.01,SINGLE_SOURCE,irbank_pl_consolidated,43.95,43.95,,,,irbank_pl_consolidated=43.95,https://irbank.net/E02489/results,,2026-08-13T11:40:46.611262+09:00
FY2016-03,3851,equity,,JPY_million,100,SINGLE_SOURCE,irbank_bs,2300,23億,,,,irbank_bs=2300,https://irbank.net/E02489/results,,2026-08-13T11:40:46.611262+09:00
FY2016-03,3851,equity_ratio,,pct,0.1,SINGLE_SOURCE,irbank_bs,73.7,73.7,,,,irbank_bs=73.7,https://irbank.net/E02489/results,,2026-08-13T11:40:46.611262+09:00
FY2016-03,3851,financing_cf,,JPY_million,1,SINGLE_SOURCE,irbank_cf,-155,-155百万,,,,irbank_cf=-155,https://irbank.net/E02489/results,,2026-08-13T11:40:46.611262+09:00
FY2016-03,3851,free_cf,,JPY_million,1,SINGLE_SOURCE,irbank_cf,74,0.74億,,,,irbank_cf=74,https://irbank.net/E02489/results,,2026-08-13T11:40:46.611262+09:00
FY2016-03,3851,interest_bearing_debt,,JPY_million,10,SINGLE_SOURCE,irbank_bs,110,1.1億,,,,irbank_bs=110,https://irbank.net/E02489/results,,2026-08-13T11:40:46.611262+09:00
FY2016-03,3851,interest_bearing_debt_ratio,,x,0.0001,SINGLE_SOURCE|UNIT_CONVERTED,irbank_bs,0.0469,4.69,,,,irbank_bs=0.0469,https://irbank.net/E02489/results,,2026-08-13T11:40:46.611262+09:00
FY2016-03,3851,investing_cf,,JPY_million,1,SINGLE_SOURCE,irbank_cf,-482,-4.82億,,,,irbank_cf=-482,https://irbank.net/E02489/results,,2026-08-13T11:40:46.611262+09:00
FY2016-03,3851,net_assets,,JPY_million,10,SINGLE_SOURCE,irbank_bs,2370,23.7億,,,,irbank_bs=2370,https://irbank.net/E02489/results,,2026-08-13T11:40:46.611262+09:00
FY2016-03,3851,net_income,,JPY_million,1,SINGLE_SOURCE,irbank_pl_consolidated,219,2.19億,,,,irbank_pl_consolidated=219,https://irbank.net/E02489/results,,2026-08-13T11:40:46.611262+09:00
FY2016-03,3851,operating_cf,,JPY_million,1,SINGLE_SOURCE,irbank_cf,556,5.56億,,,,irbank_cf=556,https://irbank.net/E02489/results,,2026-08-13T11:40:46.611262+09:00
FY2016-03,3851,operating_income,,JPY_million,1,SINGLE_SOURCE,irbank_pl_consolidated,428,4.28億,,,,irbank_pl_consolidated=428,https://irbank.net/E02489/results,,2026-08-13T11:40:46.611262+09:00
FY2016-03,3851,operating_margin,,pct,0.1,SINGLE_SOURCE,irbank_pl_consolidated,11.6,11.6,,,,irbank_pl_consolidated=11.6,https://irbank.net/E02489/results,,2026-08-13T11:40:46.611262+09:00
FY2016-03,3851,ordinary_income,,JPY_million,1,SINGLE_SOURCE,irbank_pl_consolidated,393,3.93億,,,,irbank_pl_consolidated=393,https://irbank.net/E02489/results,,2026-08-13T11:40:46.611262+09:00
FY2016-03,3851,retained_earnings,,JPY_million,10,SINGLE_SOURCE,irbank_bs,1280,12.8億,,,,irbank_bs=1280,https://irbank.net/E02489/results,,2026-08-13T11:40:46.611262+09:00
FY2016-03,3851,revenue,3687,JPY_million,10,OK|ROUNDING,kabutan_fy10,3687,"3,687",irbank_pl_consolidated,3690,36.9億,kabutan_fy10=3687|irbank_pl_consolidated=3690,https://kabutan.jp/stock/finance?code=3851,https://irbank.net/E02489/results,2026-08-13T11:40:46.611262+09:00
FY2016-03,3851,roa,,pct,0.01,SINGLE_SOURCE,irbank_pl_consolidated,6.88,6.88,,,,irbank_pl_consolidated=6.88,https://irbank.net/E02489/results,,2026-08-13T11:40:46.611262+09:00
FY2016-03,3851,roe,,pct,0.01,SINGLE_SOURCE,irbank_pl_consolidated,9.33,9.33,,,,irbank_pl_consolidated=9.33,https://irbank.net/E02489/results,,2026-08-13T11:40:46.611262+09:00
FY2016-03,3851,sga_ratio,,pct,0.1,SINGLE_SOURCE,irbank_pl_consolidated,36.6,36.6,,,,irbank_pl_consolidated=36.6,https://irbank.net/E02489/results,,2026-08-13T11:40:46.611262+09:00
FY2016-03,3851,total_assets,,JPY_million,10,SINGLE_SOURCE,irbank_bs,3180,31.8億,,,,irbank_bs=3180,https://irbank.net/E02489/results,,2026-08-13T11:40:46.611262+09:00
FY2017-03,3851,bps,,JPY,0.01,SINGLE_SOURCE,irbank_bs,506.24,506.24,,,,irbank_bs=506.24,https://irbank.net/E02489/results,,2026-08-13T11:40:46.611262+09:00
FY2017-03,3851,capex,,JPY_million,1,SINGLE_SOURCE,irbank_cf,-25,-25百万,,,,irbank_cf=-25,https://irbank.net/E02489/results,,2026-08-13T11:40:46.611262+09:00
FY2017-03,3851,cash_equivalents,,JPY_million,10,SINGLE_SOURCE,irbank_cf,1180,11.8億,,,,irbank_cf=1180,https://irbank.net/E02489/results,,2026-08-13T11:40:46.611262+09:00
FY2017-03,3851,cost_ratio,,pct,0.01,SINGLE_SOURCE,irbank_pl_consolidated,49.92,49.92,,,,irbank_pl_consolidated=49.92,https://irbank.net/E02489/results,,2026-08-13T11:40:46.611262+09:00
FY2017-03,3851,eps,,JPY,0.01,SINGLE_SOURCE,irbank_pl_consolidated,27.12,27.12,,,,irbank_pl_consolidated=27.12,https://irbank.net/E02489/results,,2026-08-13T11:40:46.611262+09:00
FY2017-03,3851,equity,,JPY_million,10,SINGLE_SOURCE,irbank_bs,2430,24.3億,,,,irbank_bs=2430,https://irbank.net/E02489/results,,2026-08-13T11:40:46.611262+09:00
FY2017-03,3851,equity_ratio,,pct,0.1,SINGLE_SOURCE,irbank_bs,65.4,65.4,,,,irbank_bs=65.4,https://irbank.net/E02489/results,,2026-08-13T11:40:46.611262+09:00
FY2017-03,3851,financing_cf,,JPY_million,1,SINGLE_SOURCE,irbank_cf,546,546百万,,,,irbank_cf=546,https://irbank.net/E02489/results,,2026-08-13T11:40:46.611262+09:00
FY2017-03,3851,free_cf,,JPY_million,1,SINGLE_SOURCE,irbank_cf,-452,-4.52億,,,,irbank_cf=-452,https://irbank.net/E02489/results,,2026-08-13T11:40:46.611262+09:00
FY2017-03,3851,interest_bearing_debt,,JPY_million,1,SINGLE_SOURCE,irbank_bs,668,6.68億,,,,irbank_bs=668,https://irbank.net/E02489/results,,2026-08-13T11:40:46.611262+09:00
FY2017-03,3851,interest_bearing_debt_ratio,,x,0.001,SINGLE_SOURCE|UNIT_CONVERTED,irbank_bs,0.263,26.3,,,,irbank_bs=0.263,https://irbank.net/E02489/results,,2026-08-13T11:40:46.611262+09:00
FY2017-03,3851,investing_cf,,JPY_million,10,SINGLE_SOURCE,irbank_cf,-390,-3.9億,,,,irbank_cf=-390,https://irbank.net/E02489/results,,2026-08-13T11:40:46.611262+09:00
FY2017-03,3851,net_assets,,JPY_million,10,SINGLE_SOURCE,irbank_bs,2580,25.8億,,,,irbank_bs=2580,https://irbank.net/E02489/results,,2026-08-13T11:40:46.611262+09:00
FY2017-03,3851,net_income,,JPY_million,1,SINGLE_SOURCE,irbank_pl_consolidated,136,1.36億,,,,irbank_pl_consolidated=136,https://irbank.net/E02489/results,,2026-08-13T11:40:46.611262+09:00
FY2017-03,3851,operating_cf,,JPY_million,1,SINGLE_SOURCE,irbank_cf,-62,-0.62億,,,,irbank_cf=-62,https://irbank.net/E02489/results,,2026-08-13T11:40:46.611262+09:00
FY2017-03,3851,operating_income,,JPY_million,1,SINGLE_SOURCE,irbank_pl_consolidated,367,3.67億,,,,irbank_pl_consolidated=367,https://irbank.net/E02489/results,,2026-08-13T11:40:46.611262+09:00
FY2017-03,3851,operating_margin,,pct,0.01,SINGLE_SOURCE,irbank_pl_consolidated,10.76,10.76,,,,irbank_pl_consolidated=10.76,https://irbank.net/E02489/results,,2026-08-13T11:40:46.611262+09:00
FY2017-03,3851,ordinary_income,,JPY_million,1,SINGLE_SOURCE,irbank_pl_consolidated,355,3.55億,,,,irbank_pl_consolidated=355,https://irbank.net/E02489/results,,2026-08-13T11:40:46.611262+09:00
FY2017-03,3851,retained_earnings,,JPY_million,100,SINGLE_SOURCE,irbank_bs,1400,14億,,,,irbank_bs=1400,https://irbank.net/E02489/results,,2026-08-13T11:40:46.611262+09:00
FY2017-03,3851,revenue,3409,JPY_million,10,OK|ROUNDING,kabutan_fy10,3409,"3,409",irbank_pl_consolidated,3410,34.1億,kabutan_fy10=3409|irbank_pl_consolidated=3410,https://kabutan.jp/stock/finance?code=3851,https://irbank.net/E02489/results,2026-08-13T11:40:46.611262+09:00
FY2017-03,3851,roa,,pct,0.1,SINGLE_SOURCE,irbank_pl_consolidated,3.5,3.5,,,,irbank_pl_consolidated=3.5,https://irbank.net/E02489/results,,2026-08-13T11:40:46.611262+09:00
FY2017-03,3851,roe,,pct,0.01,SINGLE_SOURCE,irbank_pl_consolidated,5.35,5.35,,,,irbank_pl_consolidated=5.35,https://irbank.net/E02489/results,,2026-08-13T11:40:46.611262+09:00
FY2017-03,3851,sga_ratio,,pct,0.01,SINGLE_SOURCE,irbank_pl_consolidated,39.32,39.32,,,,irbank_pl_consolidated=39.32,https://irbank.net/E02489/results,,2026-08-13T11:40:46.611262+09:00
FY2017-03,3851,total_assets,,JPY_million,10,SINGLE_SOURCE,irbank_bs,3880,38.8億,,,,irbank_bs=3880,https://irbank.net/E02489/results,,2026-08-13T11:40:46.611262+09:00
FY2018-03,3851,bps,,JPY,0.01,SINGLE_SOURCE,irbank_bs,585.64,585.64,,,,irbank_bs=585.64,https://irbank.net/E02489/results,,2026-08-13T11:40:46.611262+09:00
FY2018-03,3851,capex,,JPY_million,1,SINGLE_SOURCE,irbank_cf,-67,-67百万,,,,irbank_cf=-67,https://irbank.net/E02489/results,,2026-08-13T11:40:46.611262+09:00
FY2018-03,3851,cash_equivalents,,JPY_million,100,SINGLE_SOURCE,irbank_cf,1600,16億,,,,irbank_cf=1600,https://irbank.net/E02489/results,,2026-08-13T11:40:46.611262+09:00
FY2018-03,3851,cost_ratio,,pct,0.01,SINGLE_SOURCE,irbank_pl_consolidated,52.41,52.41,,,,irbank_pl_consolidated=52.41,https://irbank.net/E02489/results,,2026-08-13T11:40:46.611262+09:00
FY2018-03,3851,eps,,JPY,0.01,SINGLE_SOURCE,irbank_pl_consolidated,101.01,101.01,,,,irbank_pl_consolidated=101.01,https://irbank.net/E02489/results,,2026-08-13T11:40:46.611262+09:00
FY2018-03,3851,equity,,JPY_million,10,SINGLE_SOURCE,irbank_bs,2960,29.6億,,,,irbank_bs=2960,https://irbank.net/E02489/results,,2026-08-13T11:40:46.611262+09:00
FY2018-03,3851,equity_ratio,,pct,1,SINGLE_SOURCE,irbank_bs,65,65,,,,irbank_bs=65,https://irbank.net/E02489/results,,2026-08-13T11:40:46.611262+09:00
FY2018-03,3851,financing_cf,,JPY_million,1,SINGLE_SOURCE,irbank_cf,-48,-48百万,,,,irbank_cf=-48,https://irbank.net/E02489/results,,2026-08-13T11:40:46.611262+09:00
FY2018-03,3851,free_cf,,JPY_million,1,SINGLE_SOURCE,irbank_cf,516,5.16億,,,,irbank_cf=516,https://irbank.net/E02489/results,,2026-08-13T11:40:46.611262+09:00
FY2018-03,3851,interest_bearing_debt,,JPY_million,1,SINGLE_SOURCE,irbank_bs,655,6.55億,,,,irbank_bs=655,https://irbank.net/E02489/results,,2026-08-13T11:40:46.611262+09:00
FY2018-03,3851,interest_bearing_debt_ratio,,x,0.0001,SINGLE_SOURCE|UNIT_CONVERTED,irbank_bs,0.2216,22.16,,,,irbank_bs=0.2216,https://irbank.net/E02489/results,,2026-08-13T11:40:46.611262+09:00
FY2018-03,3851,investing_cf,,JPY_million,1,SINGLE_SOURCE,irbank_cf,-164,-1.64億,,,,irbank_cf=-164,https://irbank.net/E02489/results,,2026-08-13T11:40:46.611262+09:00
FY2018-03,3851,net_assets,,JPY_million,10,SINGLE_SOURCE,irbank_bs,3020,30.2億,,,,irbank_bs=3020,https://irbank.net/E02489/results,,2026-08-13T11:40:46.611262+09:00
FY2018-03,3851,net_income,,JPY_million,1,SINGLE_SOURCE,irbank_pl_consolidated,508,5.08億,,,,irbank_pl_consolidated=508,https://irbank.net/E02489/results,,2026-08-13T11:40:46.611262+09:00
FY2018-03,3851,operating_cf,,JPY_million,10,SINGLE_SOURCE,irbank_cf,680,6.8億,,,,irbank_cf=680,https://irbank.net/E02489/results,,2026-08-13T11:40:46.611262+09:00
FY2018-03,3851,operating_income,,JPY_million,1,SINGLE_SOURCE,irbank_pl_consolidated,658,6.58億,,,,irbank_pl_consolidated=658,https://irbank.net/E02489/results,,2026-08-13T11:40:46.611262+09:00
FY2018-03,3851,operating_margin,,pct,0.1,SINGLE_SOURCE,irbank_pl_consolidated,13.9,13.9,,,,irbank_pl_consolidated=13.9,https://irbank.net/E02489/results,,2026-08-13T11:40:46.611262+09:00
FY2018-03,3851,ordinary_income,,JPY_million,1,SINGLE_SOURCE,irbank_pl_consolidated,721,7.21億,,,,irbank_pl_consolidated=721,https://irbank.net/E02489/results,,2026-08-13T11:40:46.611262+09:00
FY2018-03,3851,retained_earnings,,JPY_million,100,SINGLE_SOURCE,irbank_bs,1900,19億,,,,irbank_bs=1900,https://irbank.net/E02489/results,,2026-08-13T11:40:46.611262+09:00
FY2018-03,3851,revenue,4737,JPY_million,10,OK|ROUNDING,kabutan_fy10,4737,"4,737",irbank_pl_consolidated,4740,47.4億,kabutan_fy10=4737|irbank_pl_consolidated=4740,https://kabutan.jp/stock/finance?code=3851,https://irbank.net/E02489/results,2026-08-13T11:40:46.611262+09:00
FY2018-03,3851,roa,,pct,0.01,SINGLE_SOURCE,irbank_pl_consolidated,11.17,11.17,,,,irbank_pl_consolidated=11.17,https://irbank.net/E02489/results,,2026-08-13T11:40:46.611262+09:00
FY2018-03,3851,roe,,pct,0.1,SINGLE_SOURCE,irbank_pl_consolidated,17.2,17.2,,,,irbank_pl_consolidated=17.2,https://irbank.net/E02489/results,,2026-08-13T11:40:46.611262+09:00
FY2018-03,3851,sga_ratio,,pct,0.01,SINGLE_SOURCE,irbank_pl_consolidated,33.69,33.69,,,,irbank_pl_consolidated=33.69,https://irbank.net/E02489/results,,2026-08-13T11:40:46.611262+09:00
FY2018-03,3851,total_assets,,JPY_million,10,SINGLE_SOURCE,irbank_bs,4550,45.5億,,,,irbank_bs=4550,https://irbank.net/E02489/results,,2026-08-13T11:40:46.611262+09:00
FY2019-03,3851,bps,,JPY,0.01,SINGLE_SOURCE,irbank_bs,640.93,640.93,,,,irbank_bs=640.93,https://irbank.net/E02489/results,,2026-08-13T11:40:46.611262+09:00
FY2019-03,3851,capex,,JPY_million,1,SINGLE_SOURCE,irbank_cf,-108,-108百万,,,,irbank_cf=-108,https://irbank.net/E02489/results,,2026-08-13T11:40:46.611262+09:00
FY2019-03,3851,cash_equivalents,,JPY_million,10,SINGLE_SOURCE,irbank_cf,2050,20.5億,,,,irbank_cf=2050,https://irbank.net/E02489/results,,2026-08-13T11:40:46.611262+09:00
FY2019-03,3851,cost_ratio,,pct,0.01,SINGLE_SOURCE,irbank_pl_consolidated,55.17,55.17,,,,irbank_pl_consolidated=55.17,https://irbank.net/E02489/results,,2026-08-13T11:40:46.611262+09:00
FY2019-03,3851,eps,,JPY,0.01,SINGLE_SOURCE,irbank_pl_consolidated,58.12,58.12,,,,irbank_pl_consolidated=58.12,https://irbank.net/E02489/results,,2026-08-13T11:40:46.611262+09:00
FY2019-03,3851,equity,,JPY_million,10,SINGLE_SOURCE,irbank_bs,3230,32.3億,,,,irbank_bs=3230,https://irbank.net/E02489/results,,2026-08-13T11:40:46.611262+09:00
FY2019-03,3851,equity_ratio,,pct,0.1,SINGLE_SOURCE,irbank_bs,65.4,65.4,,,,irbank_bs=65.4,https://irbank.net/E02489/results,,2026-08-13T11:40:46.611262+09:00
FY2019-03,3851,financing_cf,,JPY_million,1,SINGLE_SOURCE,irbank_cf,22,22百万,,,,irbank_cf=22,https://irbank.net/E02489/results,,2026-08-13T11:40:46.611262+09:00
FY2019-03,3851,free_cf,,JPY_million,1,SINGLE_SOURCE,irbank_cf,369,3.69億,,,,irbank_cf=369,https://irbank.net/E02489/results,,2026-08-13T11:40:46.611262+09:00
FY2019-03,3851,interest_bearing_debt,,JPY_million,1,SINGLE_SOURCE,irbank_bs,668,6.68億,,,,irbank_bs=668,https://irbank.net/E02489/results,,2026-08-13T11:40:46.611262+09:00
FY2019-03,3851,interest_bearing_debt_ratio,,x,0.0001,SINGLE_SOURCE|UNIT_CONVERTED,irbank_bs,0.2062,20.62,,,,irbank_bs=0.2062,https://irbank.net/E02489/results,,2026-08-13T11:40:46.611262+09:00
FY2019-03,3851,investing_cf,,JPY_million,1,SINGLE_SOURCE,irbank_cf,-335,-3.35億,,,,irbank_cf=-335,https://irbank.net/E02489/results,,2026-08-13T11:40:46.611262+09:00
FY2019-03,3851,net_assets,,JPY_million,10,SINGLE_SOURCE,irbank_bs,3350,33.5億,,,,irbank_bs=3350,https://irbank.net/E02489/results,,2026-08-13T11:40:46.611262+09:00
FY2019-03,3851,net_income,,JPY_million,1,SINGLE_SOURCE,irbank_pl_consolidated,294,2.94億,,,,irbank_pl_consolidated=294,https://irbank.net/E02489/results,,2026-08-13T11:40:46.611262+09:00
FY2019-03,3851,operating_cf,,JPY_million,1,SINGLE_SOURCE,irbank_cf,704,7.04億,,,,irbank_cf=704,https://irbank.net/E02489/results,,2026-08-13T11:40:46.611262+09:00
FY2019-03,3851,operating_income,,JPY_million,1,SINGLE_SOURCE,irbank_pl_consolidated,427,4.27億,,,,irbank_pl_consolidated=427,https://irbank.net/E02489/results,,2026-08-13T11:40:46.611262+09:00
FY2019-03,3851,operating_margin,,pct,0.01,SINGLE_SOURCE,irbank_pl_consolidated,9.43,9.43,,,,irbank_pl_consolidated=9.43,https://irbank.net/E02489/results,,2026-08-13T11:40:46.611262+09:00
FY2019-03,3851,ordinary_income,,JPY_million,1,SINGLE_SOURCE,irbank_pl_consolidated,529,5.29億,,,,irbank_pl_consolidated=529,https://irbank.net/E02489/results,,2026-08-13T11:40:46.611262+09:00
FY2019-03,3851,retained_earnings,,JPY_million,10,SINGLE_SOURCE,irbank_bs,2170,21.7億,,,,irbank_bs=2170,https://irbank.net/E02489/results,,2026-08-13T11:40:46.611262+09:00
FY2019-03,3851,revenue,4523,JPY_million,10,OK|ROUNDING,kabutan_fy10,4523,"4,523",irbank_pl_consolidated,4520,45.2億,kabutan_fy10=4523|irbank_pl_consolidated=4520,https://kabutan.jp/stock/finance?code=3851,https://irbank.net/E02489/results,2026-08-13T11:40:46.611262+09:00
FY2019-03,3851,roa,,pct,0.01,SINGLE_SOURCE,irbank_pl_consolidated,5.93,5.93,,,,irbank_pl_consolidated=5.93,https://irbank.net/E02489/results,,2026-08-13T11:40:46.611262+09:00
FY2019-03,3851,roe,,pct,0.01,SINGLE_SOURCE,irbank_pl_consolidated,9.07,9.07,,,,irbank_pl_consolidated=9.07,https://irbank.net/E02489/results,,2026-08-13T11:40:46.611262+09:00
FY2019-03,3851,sga_ratio,,pct,0.1,SINGLE_SOURCE,irbank_pl_consolidated,35.4,35.4,,,,irbank_pl_consolidated=35.4,https://irbank.net/E02489/results,,2026-08-13T11:40:46.611262+09:00
FY2019-03,3851,total_assets,,JPY_million,10,SINGLE_SOURCE,irbank_bs,4950,49.5億,,,,irbank_bs=4950,https://irbank.net/E02489/results,,2026-08-13T11:40:46.611262+09:00
FY2020-03,3851,bps,,JPY,0.01,SINGLE_SOURCE,irbank_bs,694.59,694.59,,,,irbank_bs=694.59,https://irbank.net/E02489/results,,2026-08-13T11:40:46.611262+09:00
FY2020-03,3851,capex,,JPY_million,1,SINGLE_SOURCE,irbank_cf,-150,-150百万,,,,irbank_cf=-150,https://irbank.net/E02489/results,,2026-08-13T11:40:46.611262+09:00
FY2020-03,3851,cash_equivalents,,JPY_million,10,SINGLE_SOURCE,irbank_cf,1660,16.6億,,,,irbank_cf=1660,https://irbank.net/E02489/results,,2026-08-13T11:40:46.611262+09:00
FY2020-03,3851,cost_ratio,,pct,0.01,SINGLE_SOURCE,irbank_pl_consolidated,42.83,42.83,,,,irbank_pl_consolidated=42.83,https://irbank.net/E02489/results,,2026-08-13T11:40:46.611262+09:00
FY2020-03,3851,eps,,JPY,0.01,SINGLE_SOURCE,irbank_pl_consolidated,53.29,53.29,,,,irbank_pl_consolidated=53.29,https://irbank.net/E02489/results,,2026-08-13T11:40:46.611262+09:00
FY2020-03,3851,equity,,JPY_million,10,SINGLE_SOURCE,irbank_bs,3470,34.7億,,,,irbank_bs=3470,https://irbank.net/E02489/results,,2026-08-13T11:40:46.611262+09:00
FY2020-03,3851,equity_ratio,,pct,0.1,SINGLE_SOURCE,irbank_bs,70.1,70.1,,,,irbank_bs=70.1,https://irbank.net/E02489/results,,2026-08-13T11:40:46.611262+09:00
FY2020-03,3851,financing_cf,,JPY_million,1,SINGLE_SOURCE,irbank_cf,-337,-337百万,,,,irbank_cf=-337,https://irbank.net/E02489/results,,2026-08-13T11:40:46.611262+09:00
FY2020-03,3851,free_cf,,JPY_million,1,SINGLE_SOURCE,irbank_cf,-359,-3.59億,,,,irbank_cf=-359,https://irbank.net/E02489/results,,2026-08-13T11:40:46.611262+09:00
FY2020-03,3851,interest_bearing_debt,,JPY_million,10,SINGLE_SOURCE,irbank_bs,430,4.3億,,,,irbank_bs=430,https://irbank.net/E02489/results,,2026-08-13T11:40:46.611262+09:00
FY2020-03,3851,interest_bearing_debt_ratio,,x,0.0001,SINGLE_SOURCE|UNIT_CONVERTED,irbank_bs,0.1225,12.25,,,,irbank_bs=0.1225,https://irbank.net/E02489/results,,2026-08-13T11:40:46.611262+09:00
FY2020-03,3851,investing_cf,,JPY_million,1,SINGLE_SOURCE,irbank_cf,118,1.18億,,,,irbank_cf=118,https://irbank.net/E02489/results,,2026-08-13T11:40:46.611262+09:00
FY2020-03,3851,net_assets,,JPY_million,10,SINGLE_SOURCE,irbank_bs,3670,36.7億,,,,irbank_bs=3670,https://irbank.net/E02489/results,,2026-08-13T11:40:46.611262+09:00
FY2020-03,3851,net_income,,JPY_million,1,SINGLE_SOURCE,irbank_pl_consolidated,269,2.69億,,,,irbank_pl_consolidated=269,https://irbank.net/E02489/results,,2026-08-13T11:40:46.611262+09:00
FY2020-03,3851,operating_cf,,JPY_million,1,SINGLE_SOURCE,irbank_cf,-476,-4.76億,,,,irbank_cf=-476,https://irbank.net/E02489/results,,2026-08-13T11:40:46.611262+09:00
FY2020-03,3851,operating_income,,JPY_million,10,SINGLE_SOURCE,irbank_pl_consolidated,460,4.6億,,,,irbank_pl_consolidated=460,https://irbank.net/E02489/results,,2026-08-13T11:40:46.611262+09:00
FY2020-03,3851,operating_margin,,pct,0.01,SINGLE_SOURCE,irbank_pl_consolidated,13.81,13.81,,,,irbank_pl_consolidated=13.81,https://irbank.net/E02489/results,,2026-08-13T11:40:46.611262+09:00
FY2020-03,3851,ordinary_income,,JPY_million,1,SINGLE_SOURCE,irbank_pl_consolidated,486,4.86億,,,,irbank_pl_consolidated=486,https://irbank.net/E02489/results,,2026-08-13T11:40:46.611262+09:00
FY2020-03,3851,retained_earnings,,JPY_million,10,SINGLE_SOURCE,irbank_bs,2410,24.1億,,,,irbank_bs=2410,https://irbank.net/E02489/results,,2026-08-13T11:40:46.611262+09:00
FY2020-03,3851,revenue,3331,JPY_million,10,OK|ROUNDING,kabutan_fy10,3331,"3,331",irbank_pl_consolidated,3330,33.3億,kabutan_fy10=3331|irbank_pl_consolidated=3330,https://kabutan.jp/stock/finance?code=3851,https://irbank.net/E02489/results,2026-08-13T11:40:46.611262+09:00
FY2020-03,3851,roa,,pct,0.01,SINGLE_SOURCE,irbank_pl_consolidated,5.38,5.38,,,,irbank_pl_consolidated=5.38,https://irbank.net/E02489/results,,2026-08-13T11:40:46.611262+09:00
FY2020-03,3851,roe,,pct,0.01,SINGLE_SOURCE,irbank_pl_consolidated,7.67,7.67,,,,irbank_pl_consolidated=7.67,https://irbank.net/E02489/results,,2026-08-13T11:40:46.611262+09:00
FY2020-03,3851,sga_ratio,,pct,0.01,SINGLE_SOURCE,irbank_pl_consolidated,43.36,43.36,,,,irbank_pl_consolidated=43.36,https://irbank.net/E02489/results,,2026-08-13T11:40:46.611262+09:00
FY2020-03,3851,total_assets,,JPY_million,100,SINGLE_SOURCE,irbank_bs,5000,50億,,,,irbank_bs=5000,https://irbank.net/E02489/results,,2026-08-13T11:40:46.611262+09:00
FY2021-03,3851,bps,,JPY,0.01,SINGLE_SOURCE,irbank_bs,883.94,883.94,,,,irbank_bs=883.94,https://irbank.net/E02489/results,,2026-08-13T11:40:46.611262+09:00
FY2021-03,3851,capex,,JPY_million,1,SINGLE_SOURCE,irbank_cf,-131,-131百万,,,,irbank_cf=-131,https://irbank.net/E02489/results,,2026-08-13T11:40:46.611262+09:00
FY2021-03,3851,cash_equivalents,,JPY_million,10,SINGLE_SOURCE,irbank_cf,3780,37.8億,,,,irbank_cf=3780,https://irbank.net/E02489/results,,2026-08-13T11:40:46.611262+09:00
FY2021-03,3851,cost_ratio,,pct,0.01,SINGLE_SOURCE,irbank_pl_consolidated,45.57,45.57,,,,irbank_pl_consolidated=45.57,https://irbank.net/E02489/results,,2026-08-13T11:40:46.611262+09:00
FY2021-03,3851,eps,,JPY,0.01,SINGLE_SOURCE,irbank_pl_consolidated,179.19,179.19,,,,irbank_pl_consolidated=179.19,https://irbank.net/E02489/results,,2026-08-13T11:40:46.611262+09:00
FY2021-03,3851,equity,,JPY_million,10,SINGLE_SOURCE,irbank_bs,4340,43.4億,,,,irbank_bs=4340,https://irbank.net/E02489/results,,2026-08-13T11:40:46.611262+09:00
FY2021-03,3851,equity_ratio,,pct,0.1,SINGLE_SOURCE,irbank_bs,69.9,69.9,,,,irbank_bs=69.9,https://irbank.net/E02489/results,,2026-08-13T11:40:46.611262+09:00
FY2021-03,3851,financing_cf,,JPY_million,1,SINGLE_SOURCE,irbank_cf,-83,-83百万,,,,irbank_cf=-83,https://irbank.net/E02489/results,,2026-08-13T11:40:46.611262+09:00
FY2021-03,3851,free_cf,,JPY_million,10,SINGLE_SOURCE,irbank_cf,2110,21.1億,,,,irbank_cf=2110,https://irbank.net/E02489/results,,2026-08-13T11:40:46.611262+09:00
FY2021-03,3851,interest_bearing_debt,,JPY_million,1,SINGLE_SOURCE,irbank_bs,367,3.67億,,,,irbank_bs=367,https://irbank.net/E02489/results,,2026-08-13T11:40:46.611262+09:00
FY2021-03,3851,interest_bearing_debt_ratio,,x,0.0001,SINGLE_SOURCE|UNIT_CONVERTED,irbank_bs,0.0822,8.22,,,,irbank_bs=0.0822,https://irbank.net/E02489/results,,2026-08-13T11:40:46.611262+09:00
FY2021-03,3851,investing_cf,,JPY_million,1,SINGLE_SOURCE,irbank_cf,552,5.52億,,,,irbank_cf=552,https://irbank.net/E02489/results,,2026-08-13T11:40:46.611262+09:00
FY2021-03,3851,net_assets,,JPY_million,10,SINGLE_SOURCE,irbank_bs,4640,46.4億,,,,irbank_bs=4640,https://irbank.net/E02489/results,,2026-08-13T11:40:46.611262+09:00
FY2021-03,3851,net_income,,JPY_million,1,SINGLE_SOURCE,irbank_pl_consolidated,905,9.05億,,,,irbank_pl_consolidated=905,https://irbank.net/E02489/results,,2026-08-13T11:40:46.611262+09:00
FY2021-03,3851,operating_cf,,JPY_million,10,SINGLE_SOURCE,irbank_cf,1550,15.5億,,,,irbank_cf=1550,https://irbank.net/E02489/results,,2026-08-13T11:40:46.611262+09:00
FY2021-03,3851,operating_income,,JPY_million,10,SINGLE_SOURCE,irbank_pl_consolidated,1250,12.5億,,,,irbank_pl_consolidated=1250,https://irbank.net/E02489/results,,2026-08-13T11:40:46.611262+09:00
FY2021-03,3851,operating_margin,,pct,0.01,SINGLE_SOURCE,irbank_pl_consolidated,23.55,23.55,,,,irbank_pl_consolidated=23.55,https://irbank.net/E02489/results,,2026-08-13T11:40:46.611262+09:00
FY2021-03,3851,ordinary_income,,JPY_million,10,SINGLE_SOURCE,irbank_pl_consolidated,1290,12.9億,,,,irbank_pl_consolidated=1290,https://irbank.net/E02489/results,,2026-08-13T11:40:46.611262+09:00
FY2021-03,3851,retained_earnings,,JPY_million,10,SINGLE_SOURCE,irbank_bs,3280,32.8億,,,,irbank_bs=3280,https://irbank.net/E02489/results,,2026-08-13T11:40:46.611262+09:00
FY2021-03,3851,revenue,5300,JPY_million,100,OK,kabutan_fy10,5300,"5,300",irbank_pl_consolidated,5300,53億,kabutan_fy10=5300|irbank_pl_consolidated=5300,https://kabutan.jp/stock/finance?code=3851,https://irbank.net/E02489/results,2026-08-13T11:40:46.611262+09:00
FY2021-03,3851,roa,,pct,0.01,SINGLE_SOURCE,irbank_pl_consolidated,14.17,14.17,,,,irbank_pl_consolidated=14.17,https://irbank.net/E02489/results,,2026-08-13T11:40:46.611262+09:00
FY2021-03,3851,roe,,pct,0.01,SINGLE_SOURCE,irbank_pl_consolidated,20.27,20.27,,,,irbank_pl_consolidated=20.27,https://irbank.net/E02489/results,,2026-08-13T11:40:46.611262+09:00
FY2021-03,3851,sga_ratio,,pct,0.01,SINGLE_SOURCE,irbank_pl_consolidated,30.88,30.88,,,,irbank_pl_consolidated=30.88,https://irbank.net/E02489/results,,2026-08-13T11:40:46.611262+09:00
FY2021-03,3851,total_assets,,JPY_million,10,SINGLE_SOURCE,irbank_bs,6390,63.9億,,,,irbank_bs=6390,https://irbank.net/E02489/results,,2026-08-13T11:40:46.611262+09:00
FY2022-03,3851,bps,,JPY,0.01,SINGLE_SOURCE,irbank_bs,1188.79,1188.79,,,,irbank_bs=1188.79,https://irbank.net/E02489/results,,2026-08-13T11:40:46.611262+09:00
FY2022-03,3851,capex,,JPY_million,1,SINGLE_SOURCE,irbank_cf,-605,-605百万,,,,irbank_cf=-605,https://irbank.net/E02489/results,,2026-08-13T11:40:46.611262+09:00
FY2022-03,3851,cash_equivalents,,JPY_million,10,SINGLE_SOURCE,irbank_cf,4770,47.7億,,,,irbank_cf=4770,https://irbank.net/E02489/results,,2026-08-13T11:40:46.611262+09:00
FY2022-03,3851,cost_ratio,,pct,0.01,SINGLE_SOURCE,irbank_pl_consolidated,41.71,41.71,,,,irbank_pl_consolidated=41.71,https://irbank.net/E02489/results,,2026-08-13T11:40:46.611262+09:00
FY2022-03,3851,eps,253.06,JPY,0.1,OK|ROUNDING,kabutan_record_fy,253.1,253.1,irbank_pl_consolidated,253.06,253.06,kabutan_record_fy=253.1|irbank_pl_consolidated=253.06,https://kabutan.jp/stock/finance?code=3851,https://irbank.net/E02489/results,2026-08-13T11:40:46.611262+09:00
FY2022-03,3851,equity,,JPY_million,10,SINGLE_SOURCE,irbank_bs,5570,55.7億,,,,irbank_bs=5570,https://irbank.net/E02489/results,,2026-08-13T11:40:46.611262+09:00
FY2022-03,3851,equity_ratio,,pct,0.1,SINGLE_SOURCE,irbank_bs,72.7,72.7,,,,irbank_bs=72.7,https://irbank.net/E02489/results,,2026-08-13T11:40:46.611262+09:00
FY2022-03,3851,financing_cf,,JPY_million,1,SINGLE_SOURCE,irbank_cf,343,343百万,,,,irbank_cf=343,https://irbank.net/E02489/results,,2026-08-13T11:40:46.611262+09:00
FY2022-03,3851,free_cf,,JPY_million,1,SINGLE_SOURCE,irbank_cf,366,3.66億,,,,irbank_cf=366,https://irbank.net/E02489/results,,2026-08-13T11:40:46.611262+09:00
FY2022-03,3851,interest_bearing_debt,,JPY_million,10,SINGLE_SOURCE,irbank_bs,770,7.7億,,,,irbank_bs=770,https://irbank.net/E02489/results,,2026-08-13T11:40:46.611262+09:00
FY2022-03,3851,interest_bearing_debt_ratio,,x,0.0001,SINGLE_SOURCE|UNIT_CONVERTED,irbank_bs,0.1287,12.87,,,,irbank_bs=0.1287,https://irbank.net/E02489/results,,2026-08-13T11:40:46.611262+09:00
FY2022-03,3851,investing_cf,,JPY_million,1,SINGLE_SOURCE,irbank_cf,-821,-8.21億,,,,irbank_cf=-821,https://irbank.net/E02489/results,,2026-08-13T11:40:46.611262+09:00
FY2022-03,3851,net_assets,,JPY_million,10,SINGLE_SOURCE,irbank_bs,6140,61.4億,,,,irbank_bs=6140,https://irbank.net/E02489/results,,2026-08-13T11:40:46.611262+09:00
FY2022-03,3851,net_income,1273,JPY_million,10,OK|ROUNDING,kabutan_record_fy,1273,"1,273",irbank_pl_consolidated,1270,12.7億,kabutan_record_fy=1273|irbank_pl_consolidated=1270,https://kabutan.jp/stock/finance?code=3851,https://irbank.net/E02489/results,2026-08-13T11:40:46.611262+09:00
FY2022-03,3851,operating_cf,,JPY_million,10,SINGLE_SOURCE,irbank_cf,1190,11.9億,,,,irbank_cf=1190,https://irbank.net/E02489/results,,2026-08-13T11:40:46.611262+09:00
FY2022-03,3851,operating_income,1566,JPY_million,10,OK|ROUNDING,kabutan_record_fy,1566,"1,566",irbank_pl_consolidated,1570,15.7億,kabutan_record_fy=1566|irbank_pl_consolidated=1570,https://kabutan.jp/stock/finance?code=3851,https://irbank.net/E02489/results,2026-08-13T11:40:46.611262+09:00
FY2022-03,3851,operating_margin,,pct,0.1,SINGLE_SOURCE,irbank_pl_consolidated,27.4,27.4,,,,irbank_pl_consolidated=27.4,https://irbank.net/E02489/results,,2026-08-13T11:40:46.611262+09:00
FY2022-03,3851,ordinary_income,1688,JPY_million,10,OK|ROUNDING,kabutan_record_fy,1688,"1,688",irbank_pl_consolidated,1690,16.9億,kabutan_record_fy=1688|irbank_pl_consolidated=1690,https://kabutan.jp/stock/finance?code=3851,https://irbank.net/E02489/results,2026-08-13T11:40:46.611262+09:00
FY2022-03,3851,retained_earnings,,JPY_million,10,SINGLE_SOURCE,irbank_bs,4530,45.3億,,,,irbank_bs=4530,https://irbank.net/E02489/results,,2026-08-13T11:40:46.611262+09:00
FY2022-03,3851,revenue,5716,JPY_million,10,OK|ROUNDING,kabutan_fy10,5716,"5,716",kabutan_record_fy,5716,"5,716",kabutan_fy10=5716|kabutan_record_fy=5716|irbank_pl_consolidated=5720,https://kabutan.jp/stock/finance?code=3851,https://kabutan.jp/stock/finance?code=3851,2026-08-13T11:40:46.611262+09:00
FY2022-03,3851,roa,,pct,0.01,SINGLE_SOURCE,irbank_pl_consolidated,15.48,15.48,,,,irbank_pl_consolidated=15.48,https://irbank.net/E02489/results,,2026-08-13T11:40:46.611262+09:00
FY2022-03,3851,roe,,pct,0.01,SINGLE_SOURCE,irbank_pl_consolidated,21.29,21.29,,,,irbank_pl_consolidated=21.29,https://irbank.net/E02489/results,,2026-08-13T11:40:46.611262+09:00
FY2022-03,3851,sga_ratio,,pct,0.01,SINGLE_SOURCE,irbank_pl_consolidated,30.89,30.89,,,,irbank_pl_consolidated=30.89,https://irbank.net/E02489/results,,2026-08-13T11:40:46.611262+09:00
FY2022-03,3851,total_assets,,JPY_million,10,SINGLE_SOURCE,irbank_bs,8230,82.3億,,,,irbank_bs=8230,https://irbank.net/E02489/results,,2026-08-13T11:40:46.611262+09:00
FY2023-03,3851,bps,,JPY,0.01,SINGLE_SOURCE,irbank_bs,1352.33,1352.33,,,,irbank_bs=1352.33,https://irbank.net/E02489/results,,2026-08-13T11:40:46.611262+09:00
FY2023-03,3851,capex,,JPY_million,1,SINGLE_SOURCE,irbank_cf,-268,-268百万,,,,irbank_cf=-268,https://irbank.net/E02489/results,,2026-08-13T11:40:46.611262+09:00
FY2023-03,3851,cash_equivalents,,JPY_million,10,SINGLE_SOURCE,irbank_cf,4350,43.5億,,,,irbank_cf=4350,https://irbank.net/E02489/results,,2026-08-13T11:40:46.611262+09:00
FY2023-03,3851,cost_ratio,,pct,0.01,SINGLE_SOURCE,irbank_pl_consolidated,43.34,43.34,irbank_q,43.34,43.34%,irbank_pl_consolidated=43.34|irbank_q=43.34,https://irbank.net/E02489/results,https://irbank.net/E02489/quarter,2026-08-13T11:40:46.611262+09:00
FY2023-03,3851,eps,133.5,JPY,0.1,OK,kabutan_fy,133.5,133.5,irbank_pl_consolidated,133.5,133.5,kabutan_fy=133.5|irbank_pl_consolidated=133.5,https://kabutan.jp/stock/finance?code=3851,https://irbank.net/E02489/results,2026-08-13T11:40:46.611262+09:00
FY2023-03,3851,equity,,JPY_million,10,SINGLE_SOURCE,irbank_bs,6230,62.3億,,,,irbank_bs=6230,https://irbank.net/E02489/results,,2026-08-13T11:40:46.611262+09:00
FY2023-03,3851,equity_ratio,,pct,0.1,SINGLE_SOURCE,irbank_bs,72.7,72.7,,,,irbank_bs=72.7,https://irbank.net/E02489/results,,2026-08-13T11:40:46.611262+09:00
FY2023-03,3851,financing_cf,,JPY_million,1,SINGLE_SOURCE,irbank_cf,269,269百万,,,,irbank_cf=269,https://irbank.net/E02489/results,,2026-08-13T11:40:46.611262+09:00
FY2023-03,3851,free_cf,,JPY_million,1,SINGLE_SOURCE,irbank_cf,-965,-9.65億,,,,irbank_cf=-965,https://irbank.net/E02489/results,,2026-08-13T11:40:46.611262+09:00
FY2023-03,3851,interest_bearing_debt,,JPY_million,10,SINGLE_SOURCE,irbank_bs,1060,10.6億,,,,irbank_bs=1060,https://irbank.net/E02489/results,,2026-08-13T11:40:46.611262+09:00
FY2023-03,3851,interest_bearing_debt_ratio,,x,0.0001,SINGLE_SOURCE|UNIT_CONVERTED,irbank_bs,0.1556,15.56,,,,irbank_bs=0.1556,https://irbank.net/E02489/results,,2026-08-13T11:40:46.611262+09:00
FY2023-03,3851,investing_cf,,JPY_million,10,SINGLE_SOURCE,irbank_cf,-1020,-10.2億,,,,irbank_cf=-1020,https://irbank.net/E02489/results,,2026-08-13T11:40:46.611262+09:00
FY2023-03,3851,net_assets,,JPY_million,10,SINGLE_SOURCE,irbank_bs,6950,69.5億,,,,irbank_bs=6950,https://irbank.net/E02489/results,,2026-08-13T11:40:46.611262+09:00
FY2023-03,3851,net_income,672,JPY_million,1,OK,kabutan_fy,672,672,irbank_pl_consolidated,672,6.72億,kabutan_fy=672|irbank_pl_consolidated=672,https://kabutan.jp/stock/finance?code=3851,https://irbank.net/E02489/results,2026-08-13T11:40:46.611262+09:00
FY2023-03,3851,operating_cf,,JPY_million,10,SINGLE_SOURCE,irbank_cf,50,0.5億,,,,irbank_cf=50,https://irbank.net/E02489/results,,2026-08-13T11:40:46.611262+09:00
FY2023-03,3851,operating_income,745,JPY_million,1,OK|ROUNDING,kabutan_fy,745,745,irbank_pl_consolidated,746,7.46億,kabutan_fy=745|irbank_pl_consolidated=746|irbank_q=746,https://kabutan.jp/stock/finance?code=3851,https://irbank.net/E02489/results,2026-08-13T11:40:46.611262+09:00
FY2023-03,3851,operating_margin,,pct,0.01,SINGLE_SOURCE,irbank_pl_consolidated,15.42,15.42,irbank_q,15.42,15.42%,irbank_pl_consolidated=15.42|irbank_q=15.42,https://irbank.net/E02489/results,https://irbank.net/E02489/quarter,2026-08-13T11:40:46.611262+09:00
FY2023-03,3851,ordinary_income,941,JPY_million,1,OK,kabutan_fy,941,941,irbank_pl_consolidated,941,9.41億,kabutan_fy=941|irbank_pl_consolidated=941|irbank_q=941,https://kabutan.jp/stock/finance?code=3851,https://irbank.net/E02489/results,2026-08-13T11:40:46.611262+09:00
FY2023-03,3851,retained_earnings,,JPY_million,10,SINGLE_SOURCE,irbank_bs,5180,51.8億,,,,irbank_bs=5180,https://irbank.net/E02489/results,,2026-08-13T11:40:46.611262+09:00
FY2023-03,3851,revenue,4833,JPY_million,10,OK|ROUNDING,kabutan_fy,4833,"4,833",kabutan_fy10,4833,"4,833",kabutan_fy=4833|kabutan_fy10=4833|irbank_pl_consolidated=4830|irbank_q=4830,https://kabutan.jp/stock/finance?code=3851,https://kabutan.jp/stock/finance?code=3851,2026-08-13T11:40:46.611262+09:00
FY2023-03,3851,roa,,pct,0.01,SINGLE_SOURCE,irbank_pl_consolidated,7.17,7.17,,,,irbank_pl_consolidated=7.17,https://irbank.net/E02489/results,,2026-08-13T11:40:46.611262+09:00
FY2023-03,3851,roe,,pct,0.01,SINGLE_SOURCE,irbank_pl_consolidated,9.87,9.87,,,,irbank_pl_consolidated=9.87,https://irbank.net/E02489/results,,2026-08-13T11:40:46.611262+09:00
FY2023-03,3851,sga_ratio,,pct,0.01,SINGLE_SOURCE,irbank_pl_consolidated,41.23,41.23,irbank_q,41.23,41.23%,irbank_pl_consolidated=41.23|irbank_q=41.23,https://irbank.net/E02489/results,https://irbank.net/E02489/quarter,2026-08-13T11:40:46.611262+09:00
FY2023-03,3851,total_assets,,JPY_million,10,SINGLE_SOURCE,irbank_bs,9380,93.8億,,,,irbank_bs=9380,https://irbank.net/E02489/results,,2026-08-13T11:40:46.611262+09:00
FY2024-03,3851,bps,1578.66,JPY,0.01,OK,kabutan_bs,1578.66,"1,578.66",irbank_bs,1578.66,1578.66,kabutan_bs=1578.66|irbank_bs=1578.66,https://kabutan.jp/stock/finance?code=3851,https://irbank.net/E02489/results,2026-08-13T11:40:46.611262+09:00
FY2024-03,3851,capex,,JPY_million,1,SINGLE_SOURCE,irbank_cf,-441,-441百万,,,,irbank_cf=-441,https://irbank.net/E02489/results,,2026-08-13T11:40:46.611262+09:00
FY2024-03,3851,cash_equivalents,4603,JPY_million,100,OK|ROUNDING,kabutan_cf,4603,"4,603",irbank_cf,4600,46億,kabutan_cf=4603|irbank_cf=4600,https://kabutan.jp/stock/finance?code=3851,https://irbank.net/E02489/results,2026-08-13T11:40:46.611262+09:00
FY2024-03,3851,cost_ratio,,pct,0.01,SINGLE_SOURCE,irbank_pl_consolidated,51.69,51.69,irbank_q,51.69,51.69%+8.35%,irbank_pl_consolidated=51.69|irbank_q=51.69,https://irbank.net/E02489/results,https://irbank.net/E02489/quarter,2026-08-13T11:40:46.611262+09:00
FY2024-03,3851,eps,117.73,JPY,0.1,OK|ROUNDING,kabutan_fy,117.7,117.7,irbank_pl_consolidated,117.73,117.73,kabutan_fy=117.7|irbank_pl_consolidated=117.73,https://kabutan.jp/stock/finance?code=3851,https://irbank.net/E02489/results,2026-08-13T11:40:46.611262+09:00
FY2024-03,3851,equity,,JPY_million,10,MISMATCH,kabutan_bs,7957,"7,957",irbank_bs,6790,67.9億,kabutan_bs=7957|irbank_bs=6790,https://kabutan.jp/stock/finance?code=3851,https://irbank.net/E02489/results,2026-08-13T11:40:46.611262+09:00
FY2024-03,3851,equity_ratio,73.6,pct,0.1,OK,kabutan_bs,73.6,73.6,irbank_bs,73.6,73.6,kabutan_bs=73.6|irbank_bs=73.6,https://kabutan.jp/stock/finance?code=3851,https://irbank.net/E02489/results,2026-08-13T11:40:46.611262+09:00
FY2024-03,3851,financing_cf,78,JPY_million,1,OK|ROUNDING,kabutan_cf,78,78,irbank_cf,79,79百万,kabutan_cf=78|irbank_cf=79,https://kabutan.jp/stock/finance?code=3851,https://irbank.net/E02489/results,2026-08-13T11:40:46.611262+09:00
FY2024-03,3851,free_cf,-249,JPY_million,1,OK,kabutan_cf,-249,-249,irbank_cf,-249,-2.49億,kabutan_cf=-249|irbank_cf=-249,https://kabutan.jp/stock/finance?code=3851,https://irbank.net/E02489/results,2026-08-13T11:40:46.611262+09:00
FY2024-03,3851,interest_bearing_debt,,JPY_million,10,SINGLE_SOURCE,irbank_bs,1170,11.7億,,,,irbank_bs=1170,https://irbank.net/E02489/results,,2026-08-13T11:40:46.611262+09:00
FY2024-03,3851,interest_bearing_debt_ratio,0.1475,x,0.01,OK|ROUNDING|UNIT_CONVERTED,kabutan_bs,0.15,0.15,irbank_bs,0.1475,14.75,kabutan_bs=0.15|irbank_bs=0.1475,https://kabutan.jp/stock/finance?code=3851,https://irbank.net/E02489/results,2026-08-13T11:40:46.611262+09:00
FY2024-03,3851,investing_cf,-1043,JPY_million,10,OK|ROUNDING,kabutan_cf,-1043,"-1,043",irbank_cf,-1040,-10.4億,kabutan_cf=-1043|irbank_cf=-1040,https://kabutan.jp/stock/finance?code=3851,https://irbank.net/E02489/results,2026-08-13T11:40:46.611262+09:00
FY2024-03,3851,net_assets,,JPY_million,10,SINGLE_SOURCE,irbank_bs,8080,80.8億,,,,irbank_bs=8080,https://irbank.net/E02489/results,,2026-08-13T11:40:46.611262+09:00
FY2024-03,3851,net_income,593,JPY_million,1,OK,kabutan_fy,593,593,irbank_pl_consolidated,593,5.93億,kabutan_fy=593|irbank_pl_consolidated=593,https://kabutan.jp/stock/finance?code=3851,https://irbank.net/E02489/results,2026-08-13T11:40:46.611262+09:00
FY2024-03,3851,operating_cf,794,JPY_million,1,OK,kabutan_cf,794,794,irbank_cf,794,7.94億,kabutan_cf=794|irbank_cf=794,https://kabutan.jp/stock/finance?code=3851,https://irbank.net/E02489/results,2026-08-13T11:40:46.611262+09:00
FY2024-03,3851,operating_income,401,JPY_million,1,OK,kabutan_fy,401,401,kabutan_cf,401,401,kabutan_fy=401|kabutan_cf=401|irbank_pl_consolidated=401|irbank_q=401,https://kabutan.jp/stock/finance?code=3851,https://kabutan.jp/stock/finance?code=3851,2026-08-13T11:40:46.611262+09:00
FY2024-03,3851,operating_margin,,pct,0.01,SINGLE_SOURCE,irbank_pl_consolidated,7.52,7.52,irbank_q,7.52,7.52%-7.9%,irbank_pl_consolidated=7.52|irbank_q=7.52,https://irbank.net/E02489/results,https://irbank.net/E02489/quarter,2026-08-13T11:40:46.611262+09:00
FY2024-03,3851,ordinary_income,842,JPY_million,1,OK,kabutan_fy,842,842,irbank_pl_consolidated,842,8.42億,kabutan_fy=842|irbank_pl_consolidated=842|irbank_q=842,https://kabutan.jp/stock/finance?code=3851,https://irbank.net/E02489/results,2026-08-13T11:40:46.611262+09:00
FY2024-03,3851,retained_earnings,5744,JPY_million,10,OK|ROUNDING,kabutan_bs,5744,"5,744",irbank_bs,5740,57.4億,kabutan_bs=5744|irbank_bs=5740,https://kabutan.jp/stock/finance?code=3851,https://irbank.net/E02489/results,2026-08-13T11:40:46.611262+09:00
FY2024-03,3851,revenue,5339,JPY_million,10,OK|ROUNDING,kabutan_fy,5339,"5,339",kabutan_fy10,5339,"5,339",kabutan_fy=5339|kabutan_fy10=5339|irbank_pl_consolidated=5340|irbank_q=5340,https://kabutan.jp/stock/finance?code=3851,https://kabutan.jp/stock/finance?code=3851,2026-08-13T11:40:46.611262+09:00
FY2024-03,3851,roa,,pct,0.01,SINGLE_SOURCE,irbank_pl_consolidated,5.49,5.49,,,,irbank_pl_consolidated=5.49,https://irbank.net/E02489/results,,2026-08-13T11:40:46.611262+09:00
FY2024-03,3851,roe,,pct,0.01,SINGLE_SOURCE,irbank_pl_consolidated,7.46,7.46,,,,irbank_pl_consolidated=7.46,https://irbank.net/E02489/results,,2026-08-13T11:40:46.611262+09:00
FY2024-03,3851,sga_ratio,,pct,0.01,SINGLE_SOURCE,irbank_pl_consolidated,40.79,40.79,irbank_q,40.79,40.79%-0.44%,irbank_pl_consolidated=40.79|irbank_q=40.79,https://irbank.net/E02489/results,https://irbank.net/E02489/quarter,2026-08-13T11:40:46.611262+09:00
FY2024-03,3851,total_assets,10818,JPY_million,100,OK|ROUNDING,kabutan_bs,10818,"10,818",irbank_bs,10800,108億,kabutan_bs=10818|irbank_bs=10800,https://kabutan.jp/stock/finance?code=3851,https://irbank.net/E02489/results,2026-08-13T11:40:46.611262+09:00
FY2025-03,3851,bps,1533.44,JPY,0.01,OK,kabutan_bs,1533.44,"1,533.44",irbank_bs,1533.44,1533.44,kabutan_bs=1533.44|irbank_bs=1533.44,https://kabutan.jp/stock/finance?code=3851,https://irbank.net/E02489/results,2026-08-13T11:40:46.611262+09:00
FY2025-03,3851,capex,,JPY_million,1,SINGLE_SOURCE,irbank_cf,-401,-401百万,,,,irbank_cf=-401,https://irbank.net/E02489/results,,2026-08-13T11:40:46.611262+09:00
FY2025-03,3851,cash_equivalents,5195,JPY_million,100,OK|ROUNDING,kabutan_cf,5195,"5,195",irbank_cf,5200,52億,kabutan_cf=5195|irbank_cf=5200,https://kabutan.jp/stock/finance?code=3851,https://irbank.net/E02489/results,2026-08-13T11:40:46.611262+09:00
FY2025-03,3851,cost_ratio,,pct,0.01,SINGLE_SOURCE,irbank_pl_consolidated,63.17,63.17,irbank_q,63.17,63.17%+11.48%,irbank_pl_consolidated=63.17|irbank_q=63.17,https://irbank.net/E02489/results,https://irbank.net/E02489/quarter,2026-08-13T11:40:46.611262+09:00
FY2025-03,3851,eps,-31.08,JPY,0.1,OK|ROUNDING,kabutan_fy,-31.1,-31.1,kabutan_fy_profit,-31.1,-31.1,kabutan_fy=-31.1|kabutan_fy_profit=-31.1|irbank_pl_consolidated=-31.08,https://kabutan.jp/stock/finance?code=3851,https://kabutan.jp/stock/finance?code=3851,2026-08-13T11:40:46.611262+09:00
FY2025-03,3851,equity,,JPY_million,10,MISMATCH,kabutan_bs,7759,"7,759",irbank_bs,6630,66.3億,kabutan_bs=7759|irbank_bs=6630,https://kabutan.jp/stock/finance?code=3851,https://irbank.net/E02489/results,2026-08-13T11:40:46.611262+09:00
FY2025-03,3851,equity_ratio,69.6,pct,0.1,OK,kabutan_bs,69.6,69.6,irbank_bs,69.6,69.6,kabutan_bs=69.6|irbank_bs=69.6,https://kabutan.jp/stock/finance?code=3851,https://irbank.net/E02489/results,2026-08-13T11:40:46.611262+09:00
FY2025-03,3851,financing_cf,471,JPY_million,1,OK,kabutan_cf,471,471,irbank_cf,471,471百万,kabutan_cf=471|irbank_cf=471,https://kabutan.jp/stock/finance?code=3851,https://irbank.net/E02489/results,2026-08-13T11:40:46.611262+09:00
FY2025-03,3851,free_cf,179,JPY_million,1,OK|ROUNDING,kabutan_cf,179,179,irbank_cf,178,1.78億,kabutan_cf=179|irbank_cf=178,https://kabutan.jp/stock/finance?code=3851,https://irbank.net/E02489/results,2026-08-13T11:40:46.611262+09:00
FY2025-03,3851,interest_bearing_debt,,JPY_million,10,SINGLE_SOURCE,irbank_bs,1670,16.7億,,,,irbank_bs=1670,https://irbank.net/E02489/results,,2026-08-13T11:40:46.611262+09:00
FY2025-03,3851,interest_bearing_debt_ratio,,x,0.01,MISMATCH|UNIT_CONVERTED,kabutan_bs,0.24,0.24,irbank_bs,0.2149,21.49,kabutan_bs=0.24|irbank_bs=0.2149,https://kabutan.jp/stock/finance?code=3851,https://irbank.net/E02489/results,2026-08-13T11:40:46.611262+09:00
FY2025-03,3851,investing_cf,-225,JPY_million,1,OK|ROUNDING,kabutan_cf,-225,-225,irbank_cf,-226,-2.26億,kabutan_cf=-225|irbank_cf=-226,https://kabutan.jp/stock/finance?code=3851,https://irbank.net/E02489/results,2026-08-13T11:40:46.611262+09:00
FY2025-03,3851,net_assets,,JPY_million,10,SINGLE_SOURCE,irbank_bs,7870,78.7億,,,,irbank_bs=7870,https://irbank.net/E02489/results,,2026-08-13T11:40:46.611262+09:00
FY2025-03,3851,net_income,-157,JPY_million,1,OK,kabutan_fy,-157,-157,irbank_pl_consolidated,-157,-1.57億,kabutan_fy=-157|irbank_pl_consolidated=-157,https://kabutan.jp/stock/finance?code=3851,https://irbank.net/E02489/results,2026-08-13T11:40:46.611262+09:00
FY2025-03,3851,operating_cf,404,JPY_million,1,OK,kabutan_cf,404,404,irbank_cf,404,4.04億,kabutan_cf=404|irbank_cf=404,https://kabutan.jp/stock/finance?code=3851,https://irbank.net/E02489/results,2026-08-13T11:40:46.611262+09:00
FY2025-03,3851,operating_income,-274,JPY_million,1,OK|ROUNDING,kabutan_fy,-274,-274,kabutan_fy_profit,-274,-274,kabutan_fy=-274|kabutan_fy_profit=-274|kabutan_cf=-274|irbank_pl_consolidated=-275|irbank_q=-275,https://kabutan.jp/stock/finance?code=3851,https://kabutan.jp/stock/finance?code=3851,2026-08-13T11:40:46.611262+09:00
FY2025-03,3851,operating_margin,-5.17,pct,0.01,OK|ROUNDING,kabutan_fy_profit,-5.17,-5.17,irbank_pl_consolidated,-5.18,-5.18,kabutan_fy_profit=-5.17|irbank_pl_consolidated=-5.18|irbank_q=-5.18,https://kabutan.jp/stock/finance?code=3851,https://irbank.net/E02489/results,2026-08-13T11:40:46.611262+09:00
FY2025-03,3851,ordinary_income,-75,JPY_million,1,OK,kabutan_fy,-75,-75,irbank_pl_consolidated,-75,-0.75億,kabutan_fy=-75|irbank_pl_consolidated=-75|irbank_q=-75,https://kabutan.jp/stock/finance?code=3851,https://irbank.net/E02489/results,2026-08-13T11:40:46.611262+09:00
FY2025-03,3851,retained_earnings,5562,JPY_million,10,OK|ROUNDING,kabutan_bs,5562,"5,562",irbank_bs,5560,55.6億,kabutan_bs=5562|irbank_bs=5560,https://kabutan.jp/stock/finance?code=3851,https://irbank.net/E02489/results,2026-08-13T11:40:46.611262+09:00
FY2025-03,3851,revenue,5299,JPY_million,100,OK|ROUNDING,kabutan_fy,5299,"5,299",kabutan_fy10,5299,"5,299",kabutan_fy=5299|kabutan_fy10=5299|kabutan_fy_profit=5299|irbank_pl_consolidated=5300|irbank_q=5300,https://kabutan.jp/stock/finance?code=3851,https://kabutan.jp/stock/finance?code=3851,2026-08-13T11:40:46.611262+09:00
FY2025-03,3851,roa,,pct,0.01,SINGLE_SOURCE,kabutan_fy_profit,-1.43,-1.43,,,,kabutan_fy_profit=-1.43,https://kabutan.jp/stock/finance?code=3851,,2026-08-13T11:40:46.611262+09:00
FY2025-03,3851,roe,,pct,0.01,SINGLE_SOURCE,kabutan_fy_profit,-2,-2.00,,,,kabutan_fy_profit=-2,https://kabutan.jp/stock/finance?code=3851,,2026-08-13T11:40:46.611262+09:00
FY2025-03,3851,sga_ratio,,pct,0.01,SINGLE_SOURCE,irbank_pl_consolidated,42.01,42.01,irbank_q,42.01,42.01%+1.22%,irbank_pl_consolidated=42.01|irbank_q=42.01,https://irbank.net/E02489/results,https://irbank.net/E02489/quarter,2026-08-13T11:40:46.611262+09:00
FY2025-03,3851,total_assets,11154,JPY_million,100,OK|ROUNDING,kabutan_bs,11154,"11,154",irbank_bs,11200,112億,kabutan_bs=11154|irbank_bs=11200,https://kabutan.jp/stock/finance?code=3851,https://irbank.net/E02489/results,2026-08-13T11:40:46.611262+09:00
FY2026-03,3851,bps,1546.17,JPY,0.01,OK,kabutan_bs,1546.17,"1,546.17",irbank_bs,1546.17,1546.17,kabutan_bs=1546.17|irbank_bs=1546.17,https://kabutan.jp/stock/finance?code=3851,https://irbank.net/E02489/results,2026-08-13T11:40:46.611262+09:00
FY2026-03,3851,capex,,JPY_million,1,SINGLE_SOURCE,irbank_cf,-179,-179百万,,,,irbank_cf=-179,https://irbank.net/E02489/results,,2026-08-13T11:40:46.611262+09:00
FY2026-03,3851,cash_equivalents,4183,JPY_million,10,OK|ROUNDING,kabutan_cf,4183,"4,183",irbank_cf,4180,41.8億,kabutan_cf=4183|irbank_cf=4180,https://kabutan.jp/stock/finance?code=3851,https://irbank.net/E02489/results,2026-08-13T11:40:46.611262+09:00
FY2026-03,3851,cost_ratio,,pct,0.01,SINGLE_SOURCE,irbank_pl_consolidated,57.33,57.33,irbank_q,57.33,57.33%-5.84%,irbank_pl_consolidated=57.33|irbank_q=57.33,https://irbank.net/E02489/results,https://irbank.net/E02489/quarter,2026-08-13T11:40:46.611262+09:00
FY2026-03,3851,eps,-50.51,JPY,0.1,OK|ROUNDING,kabutan_fy,-50.5,-50.5,kabutan_fy_profit,-50.5,-50.5,kabutan_fy=-50.5|kabutan_fy_profit=-50.5|irbank_pl_consolidated=-50.51,https://kabutan.jp/stock/finance?code=3851,https://kabutan.jp/stock/finance?code=3851,2026-08-13T11:40:46.611262+09:00
FY2026-03,3851,equity,,JPY_million,10,MISMATCH,kabutan_bs,7823,"7,823",irbank_bs,6350,63.5億,kabutan_bs=7823|irbank_bs=6350,https://kabutan.jp/stock/finance?code=3851,https://irbank.net/E02489/results,2026-08-13T11:40:46.611262+09:00
FY2026-03,3851,equity_ratio,69.4,pct,0.1,OK,kabutan_bs,69.4,69.4,irbank_bs,69.4,69.4,kabutan_bs=69.4|irbank_bs=69.4,https://kabutan.jp/stock/finance?code=3851,https://irbank.net/E02489/results,2026-08-13T11:40:46.611262+09:00
FY2026-03,3851,financing_cf,-41,JPY_million,1,OK|ROUNDING,kabutan_cf,-41,-41,irbank_cf,-42,-42百万,kabutan_cf=-41|irbank_cf=-42,https://kabutan.jp/stock/finance?code=3851,https://irbank.net/E02489/results,2026-08-13T11:40:46.611262+09:00
FY2026-03,3851,free_cf,-1173,JPY_million,10,OK|ROUNDING,kabutan_cf,-1173,"-1,173",irbank_cf,-1170,-11.7億,kabutan_cf=-1173|irbank_cf=-1170,https://kabutan.jp/stock/finance?code=3851,https://irbank.net/E02489/results,2026-08-13T11:40:46.611262+09:00
FY2026-03,3851,interest_bearing_debt,,JPY_million,10,SINGLE_SOURCE,irbank_bs,1670,16.7億,,,,irbank_bs=1670,https://irbank.net/E02489/results,,2026-08-13T11:40:46.611262+09:00
FY2026-03,3851,interest_bearing_debt_ratio,,x,0.01,MISMATCH|UNIT_CONVERTED,kabutan_bs,0.24,0.24,irbank_bs,0.2138,21.38,kabutan_bs=0.24|irbank_bs=0.2138,https://kabutan.jp/stock/finance?code=3851,https://irbank.net/E02489/results,2026-08-13T11:40:46.611262+09:00
FY2026-03,3851,investing_cf,-1222,JPY_million,10,OK|ROUNDING,kabutan_cf,-1222,"-1,222",irbank_cf,-1220,-12.2億,kabutan_cf=-1222|irbank_cf=-1220,https://kabutan.jp/stock/finance?code=3851,https://irbank.net/E02489/results,2026-08-13T11:40:46.611262+09:00
FY2026-03,3851,net_assets,,JPY_million,10,SINGLE_SOURCE,irbank_bs,7950,79.5億,,,,irbank_bs=7950,https://irbank.net/E02489/results,,2026-08-13T11:40:46.611262+09:00
FY2026-03,3851,net_income,-255,JPY_million,1,OK|ROUNDING,kabutan_fy,-255,-255,irbank_pl_consolidated,-256,-2.56億,kabutan_fy=-255|irbank_pl_consolidated=-256,https://kabutan.jp/stock/finance?code=3851,https://irbank.net/E02489/results,2026-08-13T11:40:46.611262+09:00
FY2026-03,3851,operating_cf,49,JPY_million,10,OK|ROUNDING,kabutan_cf,49,49,irbank_cf,50,0.5億,kabutan_cf=49|irbank_cf=50,https://kabutan.jp/stock/finance?code=3851,https://irbank.net/E02489/results,2026-08-13T11:40:46.611262+09:00
FY2026-03,3851,operating_income,-409,JPY_million,1,OK,kabutan_fy,-409,-409,kabutan_fy_profit,-409,-409,kabutan_fy=-409|kabutan_fy_profit=-409|kabutan_cf=-409|irbank_pl_consolidated=-409|irbank_q=-409,https://kabutan.jp/stock/finance?code=3851,https://kabutan.jp/stock/finance?code=3851,2026-08-13T11:40:46.611262+09:00
FY2026-03,3851,operating_margin,-11.34,pct,0.01,OK,kabutan_fy_profit,-11.34,-11.34,irbank_pl_consolidated,-11.34,-11.34,kabutan_fy_profit=-11.34|irbank_pl_consolidated=-11.34|irbank_q=-11.34,https://kabutan.jp/stock/finance?code=3851,https://irbank.net/E02489/results,2026-08-13T11:40:46.611262+09:00
FY2026-03,3851,ordinary_income,-55,JPY_million,1,OK,kabutan_fy,-55,-55,irbank_pl_consolidated,-55,-0.55億,kabutan_fy=-55|irbank_pl_consolidated=-55|irbank_q=-55,https://kabutan.jp/stock/finance?code=3851,https://irbank.net/E02489/results,2026-08-13T11:40:46.611262+09:00
FY2026-03,3851,retained_earnings,5281,JPY_million,10,OK|ROUNDING,kabutan_bs,5281,"5,281",irbank_bs,5280,52.8億,kabutan_bs=5281|irbank_bs=5280,https://kabutan.jp/stock/finance?code=3851,https://irbank.net/E02489/results,2026-08-13T11:40:46.611262+09:00
FY2026-03,3851,revenue,3606,JPY_million,10,OK|ROUNDING,kabutan_fy,3606,"3,606",kabutan_fy10,3606,"3,606",kabutan_fy=3606|kabutan_fy10=3606|kabutan_fy_profit=3606|irbank_pl_consolidated=3610|irbank_q=3610,https://kabutan.jp/stock/finance?code=3851,https://kabutan.jp/stock/finance?code=3851,2026-08-13T11:40:46.611262+09:00
FY2026-03,3851,roa,,pct,0.01,SINGLE_SOURCE,kabutan_fy_profit,-2.27,-2.27,,,,kabutan_fy_profit=-2.27,https://kabutan.jp/stock/finance?code=3851,,2026-08-13T11:40:46.611262+09:00
FY2026-03,3851,roe,,pct,0.01,SINGLE_SOURCE,kabutan_fy_profit,-3.27,-3.27,,,,kabutan_fy_profit=-3.27,https://kabutan.jp/stock/finance?code=3851,,2026-08-13T11:40:46.611262+09:00
FY2026-03,3851,sga_ratio,,pct,0.01,SINGLE_SOURCE,irbank_pl_consolidated,54.02,54.02,irbank_q,54.02,54.02%+12.01%,irbank_pl_consolidated=54.02|irbank_q=54.02,https://irbank.net/E02489/results,https://irbank.net/E02489/quarter,2026-08-13T11:40:46.611262+09:00
FY2026-03,3851,total_assets,11267,JPY_million,100,OK|ROUNDING,kabutan_bs,11267,"11,267",irbank_bs,11300,113億,kabutan_bs=11267|irbank_bs=11300,https://kabutan.jp/stock/finance?code=3851,https://irbank.net/E02489/results,2026-08-13T11:40:46.611262+09:00
FY2027-03,3851,eps_plan,65.41,JPY,0.1,OK|ROUNDING,kabutan_fy,65.4,65.4,kabutan_fy10,65.4,65.4,kabutan_fy=65.4|kabutan_fy10=65.4|kabutan_fy_profit=65.4|irbank_pl_consolidated=65.41,https://kabutan.jp/stock/finance?code=3851,https://kabutan.jp/stock/finance?code=3851,2026-08-13T11:40:46.611262+09:00
FY2027-03,3851,net_income_plan,331,JPY_million,1,OK,kabutan_fy,331,331,irbank_pl_consolidated,331,3.31億,kabutan_fy=331|irbank_pl_consolidated=331,https://kabutan.jp/stock/finance?code=3851,https://irbank.net/E02489/results,2026-08-13T11:40:46.611262+09:00
FY2027-03,3851,operating_income_plan,296,JPY_million,1,OK,kabutan_fy,296,296,kabutan_fy10,296,296,kabutan_fy=296|kabutan_fy10=296|kabutan_fy_profit=296|irbank_pl_consolidated=296,https://kabutan.jp/stock/finance?code=3851,https://kabutan.jp/stock/finance?code=3851,2026-08-13T11:40:46.611262+09:00
FY2027-03,3851,operating_margin_plan,6.19,pct,0.01,OK,kabutan_fy_profit,6.19,6.19,irbank_pl_consolidated,6.19,6.19,kabutan_fy_profit=6.19|irbank_pl_consolidated=6.19,https://kabutan.jp/stock/finance?code=3851,https://irbank.net/E02489/results,2026-08-13T11:40:46.611262+09:00
FY2027-03,3851,ordinary_income_plan,449,JPY_million,1,OK,kabutan_fy,449,449,kabutan_fy10,449,449,kabutan_fy=449|kabutan_fy10=449|irbank_pl_consolidated=449,https://kabutan.jp/stock/finance?code=3851,https://kabutan.jp/stock/finance?code=3851,2026-08-13T11:40:46.611262+09:00
FY2027-03,3851,revenue_plan,4784,JPY_million,10,OK|ROUNDING,kabutan_fy,4784,"4,784",kabutan_fy10,4784,"4,784",kabutan_fy=4784|kabutan_fy10=4784|kabutan_fy_profit=4784|irbank_pl_consolidated=4780,https://kabutan.jp/stock/finance?code=3851,https://kabutan.jp/stock/finance?code=3851,2026-08-13T11:40:46.611262+09:00
FY2027-03,3851,roa_plan,2.96,pct,0.01,OK,kabutan_fy_profit,2.96,2.96,irbank_pl_consolidated,2.96,2.96,kabutan_fy_profit=2.96|irbank_pl_consolidated=2.96,https://kabutan.jp/stock/finance?code=3851,https://irbank.net/E02489/results,2026-08-13T11:40:46.611262+09:00
FY2027-03,3851,roe_plan,4.23,pct,0.01,OK,kabutan_fy_profit,4.23,4.23,irbank_pl_consolidated,4.23,4.23,kabutan_fy_profit=4.23|irbank_pl_consolidated=4.23,https://kabutan.jp/stock/finance?code=3851,https://irbank.net/E02489/results,2026-08-13T11:40:46.611262+09:00
H2023-04_2023-09,3851,eps,,JPY,0.1,SINGLE_SOURCE,kabutan_half,57.6,57.6,,,,kabutan_half=57.6,https://kabutan.jp/stock/finance?code=3851,,2026-08-13T11:40:46.611262+09:00
H2023-04_2023-09,3851,net_income,,JPY_million,1,SINGLE_SOURCE,kabutan_half,290,290,,,,kabutan_half=290,https://kabutan.jp/stock/finance?code=3851,,2026-08-13T11:40:46.611262+09:00
H2023-04_2023-09,3851,operating_income,,JPY_million,1,SINGLE_SOURCE,kabutan_half,191,191,,,,kabutan_half=191,https://kabutan.jp/stock/finance?code=3851,,2026-08-13T11:40:46.611262+09:00
H2023-04_2023-09,3851,ordinary_income,,JPY_million,1,SINGLE_SOURCE,kabutan_half,459,459,,,,kabutan_half=459,https://kabutan.jp/stock/finance?code=3851,,2026-08-13T11:40:46.611262+09:00
H2023-04_2023-09,3851,revenue,,JPY_million,1,SINGLE_SOURCE,kabutan_half,3059,"3,059",,,,kabutan_half=3059,https://kabutan.jp/stock/finance?code=3851,,2026-08-13T11:40:46.611262+09:00
H2024-04_2024-09,3851,eps,,JPY,0.1,SINGLE_SOURCE,kabutan_half,-34,-34.0,,,,kabutan_half=-34,https://kabutan.jp/stock/finance?code=3851,,2026-08-13T11:40:46.611262+09:00
H2024-04_2024-09,3851,net_income,,JPY_million,1,SINGLE_SOURCE,kabutan_half,-171,-171,,,,kabutan_half=-171,https://kabutan.jp/stock/finance?code=3851,,2026-08-13T11:40:46.611262+09:00
H2024-04_2024-09,3851,operating_income,,JPY_million,1,SINGLE_SOURCE,kabutan_half,-205,-205,,,,kabutan_half=-205,https://kabutan.jp/stock/finance?code=3851,,2026-08-13T11:40:46.611262+09:00
H2024-04_2024-09,3851,ordinary_income,,JPY_million,1,SINGLE_SOURCE,kabutan_half,-136,-136,,,,kabutan_half=-136,https://kabutan.jp/stock/finance?code=3851,,2026-08-13T11:40:46.611262+09:00
H2024-04_2024-09,3851,revenue,,JPY_million,1,SINGLE_SOURCE,kabutan_half,2447,"2,447",,,,kabutan_half=2447,https://kabutan.jp/stock/finance?code=3851,,2026-08-13T11:40:46.611262+09:00
H2025-04_2025-09,3851,eps,,JPY,0.1,SINGLE_SOURCE,kabutan_half,-44.4,-44.4,,,,kabutan_half=-44.4,https://kabutan.jp/stock/finance?code=3851,,2026-08-13T11:40:46.611262+09:00
H2025-04_2025-09,3851,net_income,,JPY_million,1,SINGLE_SOURCE,kabutan_half,-224,-224,,,,kabutan_half=-224,https://kabutan.jp/stock/finance?code=3851,,2026-08-13T11:40:46.611262+09:00
H2025-04_2025-09,3851,operating_income,,JPY_million,1,SINGLE_SOURCE,kabutan_half,-322,-322,,,,kabutan_half=-322,https://kabutan.jp/stock/finance?code=3851,,2026-08-13T11:40:46.611262+09:00
H2025-04_2025-09,3851,ordinary_income,,JPY_million,1,SINGLE_SOURCE,kabutan_half,-189,-189,,,,kabutan_half=-189,https://kabutan.jp/stock/finance?code=3851,,2026-08-13T11:40:46.611262+09:00
H2025-04_2025-09,3851,revenue,,JPY_million,1,SINGLE_SOURCE,kabutan_half,1244,"1,244",,,,kabutan_half=1244,https://kabutan.jp/stock/finance?code=3851,,2026-08-13T11:40:46.611262+09:00
H2026-04_2026-09,3851,eps_plan,,JPY,0.1,SINGLE_SOURCE,kabutan_half,40.5,40.5,,,,kabutan_half=40.5,https://kabutan.jp/stock/finance?code=3851,,2026-08-13T11:40:46.611262+09:00
H2026-04_2026-09,3851,net_income_plan,,JPY_million,1,SINGLE_SOURCE,kabutan_half,205,205,,,,kabutan_half=205,https://kabutan.jp/stock/finance?code=3851,,2026-08-13T11:40:46.611262+09:00
H2026-04_2026-09,3851,operating_income_plan,,JPY_million,1,SINGLE_SOURCE,kabutan_half,193,193,,,,kabutan_half=193,https://kabutan.jp/stock/finance?code=3851,,2026-08-13T11:40:46.611262+09:00
H2026-04_2026-09,3851,ordinary_income_plan,,JPY_million,1,SINGLE_SOURCE,kabutan_half,274,274,,,,kabutan_half=274,https://kabutan.jp/stock/finance?code=3851,,2026-08-13T11:40:46.611262+09:00
H2026-04_2026-09,3851,revenue_plan,,JPY_million,1,SINGLE_SOURCE,kabutan_half,2789,"2,789",,,,kabutan_half=2789,https://kabutan.jp/stock/finance?code=3851,,2026-08-13T11:40:46.611262+09:00
Q2021-04_2021-06,3851,eps,,JPY,0.1,SINGLE_SOURCE,kabutan_record_q,97.9,97.9,,,,kabutan_record_q=97.9,https://kabutan.jp/stock/finance?code=3851,,2026-08-13T11:40:46.611262+09:00
Q2021-04_2021-06,3851,net_income,,JPY_million,1,SINGLE_SOURCE,kabutan_record_q,493,493,,,,kabutan_record_q=493,https://kabutan.jp/stock/finance?code=3851,,2026-08-13T11:40:46.611262+09:00
Q2021-04_2021-06,3851,operating_income,,JPY_million,1,SINGLE_SOURCE,kabutan_record_q,729,729,,,,kabutan_record_q=729,https://kabutan.jp/stock/finance?code=3851,,2026-08-13T11:40:46.611262+09:00
Q2021-04_2021-06,3851,ordinary_income,,JPY_million,1,SINGLE_SOURCE,kabutan_record_q,725,725,,,,kabutan_record_q=725,https://kabutan.jp/stock/finance?code=3851,,2026-08-13T11:40:46.611262+09:00
Q2021-04_2021-06,3851,revenue,,JPY_million,1,SINGLE_SOURCE,kabutan_record_q,2057,"2,057",,,,kabutan_record_q=2057,https://kabutan.jp/stock/finance?code=3851,,2026-08-13T11:40:46.611262+09:00
Q2021-07_2021-09,3851,revenue,,JPY_million,1,SINGLE_SOURCE,kabutan_q10,1544,"1,544",,,,kabutan_q10=1544,https://kabutan.jp/stock/finance?code=3851,,2026-08-13T11:40:46.611262+09:00
Q2021-10_2021-12,3851,revenue,,JPY_million,1,SINGLE_SOURCE,kabutan_q10,917,917,,,,kabutan_q10=917,https://kabutan.jp/stock/finance?code=3851,,2026-08-13T11:40:46.611262+09:00
Q2022-01_2022-03,3851,revenue,,JPY_million,1,SINGLE_SOURCE,kabutan_q10,1198,"1,198",,,,kabutan_q10=1198,https://kabutan.jp/stock/finance?code=3851,,2026-08-13T11:40:46.611262+09:00
Q2022-04_2022-06,3851,cost_ratio,,pct,0.01,SINGLE_SOURCE,irbank_q,40.22,40.22%,,,,irbank_q=40.22,https://irbank.net/E02489/quarter,,2026-08-13T11:40:46.611262+09:00
Q2022-04_2022-06,3851,operating_income,,JPY_million,1,SINGLE_SOURCE,irbank_q,278,278百万,,,,irbank_q=278,https://irbank.net/E02489/quarter,,2026-08-13T11:40:46.611262+09:00
Q2022-04_2022-06,3851,operating_margin,,pct,0.01,SINGLE_SOURCE,irbank_q,22.21,22.21%,,,,irbank_q=22.21,https://irbank.net/E02489/quarter,,2026-08-13T11:40:46.611262+09:00
Q2022-04_2022-06,3851,ordinary_income,,JPY_million,1,SINGLE_SOURCE,irbank_q,442,442百万,,,,irbank_q=442,https://irbank.net/E02489/quarter,,2026-08-13T11:40:46.611262+09:00
Q2022-04_2022-06,3851,revenue,1253,JPY_million,10,OK|ROUNDING,kabutan_q10,1253,"1,253",irbank_q,1250,12.5億,kabutan_q10=1253|irbank_q=1250,https://kabutan.jp/stock/finance?code=3851,https://irbank.net/E02489/quarter,2026-08-13T11:40:46.611262+09:00
Q2022-04_2022-06,3851,sga_ratio,,pct,0.01,SINGLE_SOURCE,irbank_q,37.56,37.56%,,,,irbank_q=37.56,https://irbank.net/E02489/quarter,,2026-08-13T11:40:46.611262+09:00
Q2022-07_2022-09,3851,cost_ratio,,pct,0.01,SINGLE_SOURCE,irbank_q,42.55,42.55%,,,,irbank_q=42.55,https://irbank.net/E02489/quarter,,2026-08-13T11:40:46.611262+09:00
Q2022-07_2022-09,3851,operating_income,,JPY_million,1,SINGLE_SOURCE,irbank_q,156,156百万,,,,irbank_q=156,https://irbank.net/E02489/quarter,,2026-08-13T11:40:46.611262+09:00
Q2022-07_2022-09,3851,operating_margin,,pct,0.01,SINGLE_SOURCE,irbank_q,14.02,14.02%,,,,irbank_q=14.02,https://irbank.net/E02489/quarter,,2026-08-13T11:40:46.611262+09:00
Q2022-07_2022-09,3851,ordinary_income,,JPY_million,1,SINGLE_SOURCE,irbank_q,193,193百万,,,,irbank_q=193,https://irbank.net/E02489/quarter,,2026-08-13T11:40:46.611262+09:00
Q2022-07_2022-09,3851,revenue,1114,JPY_million,10,OK|ROUNDING,kabutan_q10,1114,"1,114",irbank_q,1110,11.1億,kabutan_q10=1114|irbank_q=1110,https://kabutan.jp/stock/finance?code=3851,https://irbank.net/E02489/quarter,2026-08-13T11:40:46.611262+09:00
Q2022-07_2022-09,3851,sga_ratio,,pct,0.01,SINGLE_SOURCE,irbank_q,43.43,43.43%,,,,irbank_q=43.43,https://irbank.net/E02489/quarter,,2026-08-13T11:40:46.611262+09:00
Q2022-10_2022-12,3851,cost_ratio,,pct,0.01,SINGLE_SOURCE,irbank_q,40.86,40.86%,,,,irbank_q=40.86,https://irbank.net/E02489/quarter,,2026-08-13T11:40:46.611262+09:00
Q2022-10_2022-12,3851,operating_income,,JPY_million,1,SINGLE_SOURCE,irbank_q,108,108百万,,,,irbank_q=108,https://irbank.net/E02489/quarter,,2026-08-13T11:40:46.611262+09:00
Q2022-10_2022-12,3851,operating_margin,,pct,0.01,SINGLE_SOURCE,irbank_q,10.96,10.96%,,,,irbank_q=10.96,https://irbank.net/E02489/quarter,,2026-08-13T11:40:46.611262+09:00
Q2022-10_2022-12,3851,ordinary_income,,JPY_million,1,SINGLE_SOURCE,irbank_q,37,37百万,,,,irbank_q=37,https://irbank.net/E02489/quarter,,2026-08-13T11:40:46.611262+09:00
Q2022-10_2022-12,3851,revenue,982,JPY_million,1,OK,kabutan_q10,982,982,irbank_q,982,9.82億,kabutan_q10=982|irbank_q=982,https://kabutan.jp/stock/finance?code=3851,https://irbank.net/E02489/quarter,2026-08-13T11:40:46.611262+09:00
Q2022-10_2022-12,3851,sga_ratio,,pct,0.01,SINGLE_SOURCE,irbank_q,48.18,48.18%,,,,irbank_q=48.18,https://irbank.net/E02489/quarter,,2026-08-13T11:40:46.611262+09:00
Q2023-01_2023-03,3851,cost_ratio,,pct,0.01,SINGLE_SOURCE,irbank_q,48.21,48.21%,,,,irbank_q=48.21,https://irbank.net/E02489/quarter,,2026-08-13T11:40:46.611262+09:00
Q2023-01_2023-03,3851,operating_income,,JPY_million,1,SINGLE_SOURCE,irbank_q,203,203百万,,,,irbank_q=203,https://irbank.net/E02489/quarter,,2026-08-13T11:40:46.611262+09:00
Q2023-01_2023-03,3851,operating_margin,,pct,0.1,SINGLE_SOURCE,irbank_q,13.7,13.7%,,,,irbank_q=13.7,https://irbank.net/E02489/quarter,,2026-08-13T11:40:46.611262+09:00
Q2023-01_2023-03,3851,ordinary_income,,JPY_million,1,SINGLE_SOURCE,irbank_q,269,269百万,,,,irbank_q=269,https://irbank.net/E02489/quarter,,2026-08-13T11:40:46.611262+09:00
Q2023-01_2023-03,3851,revenue,1484,JPY_million,10,OK|ROUNDING,kabutan_q10,1484,"1,484",irbank_q,1480,14.8億,kabutan_q10=1484|irbank_q=1480,https://kabutan.jp/stock/finance?code=3851,https://irbank.net/E02489/quarter,2026-08-13T11:40:46.611262+09:00
Q2023-01_2023-03,3851,sga_ratio,,pct,0.01,SINGLE_SOURCE,irbank_q,38.08,38.08%,,,,irbank_q=38.08,https://irbank.net/E02489/quarter,,2026-08-13T11:40:46.611262+09:00
Q2023-04_2023-06,3851,cost_ratio,,pct,0.01,SINGLE_SOURCE,irbank_q,66.94,66.94%+26.72%,,,,irbank_q=66.94,https://irbank.net/E02489/quarter,,2026-08-13T11:40:46.611262+09:00
Q2023-04_2023-06,3851,operating_income,,JPY_million,1,SINGLE_SOURCE,irbank_q,-68,-68百万,,,,irbank_q=-68,https://irbank.net/E02489/quarter,,2026-08-13T11:40:46.611262+09:00
Q2023-04_2023-06,3851,operating_margin,,pct,0.01,SINGLE_SOURCE,irbank_q,-5.18,-5.18%,,,,irbank_q=-5.18,https://irbank.net/E02489/quarter,,2026-08-13T11:40:46.611262+09:00
Q2023-04_2023-06,3851,ordinary_income,,JPY_million,1,SINGLE_SOURCE,irbank_q,98,98百万-77.8%,,,,irbank_q=98,https://irbank.net/E02489/quarter,,2026-08-13T11:40:46.611262+09:00
Q2023-04_2023-06,3851,revenue,1310,JPY_million,10,OK,kabutan_q10,1310,"1,310",irbank_q,1310,13.1億+4.6%,kabutan_q10=1310|irbank_q=1310,https://kabutan.jp/stock/finance?code=3851,https://irbank.net/E02489/quarter,2026-08-13T11:40:46.611262+09:00
Q2023-04_2023-06,3851,sga_ratio,,pct,0.01,SINGLE_SOURCE,irbank_q,38.24,38.24%+0.68%,,,,irbank_q=38.24,https://irbank.net/E02489/quarter,,2026-08-13T11:40:46.611262+09:00
Q2023-07_2023-09,3851,cost_ratio,,pct,0.01,SINGLE_SOURCE,irbank_q,49.53,49.53%+6.98%,,,,irbank_q=49.53,https://irbank.net/E02489/quarter,,2026-08-13T11:40:46.611262+09:00
Q2023-07_2023-09,3851,operating_income,,JPY_million,1,SINGLE_SOURCE,irbank_q,259,259百万+66.1%,,,,irbank_q=259,https://irbank.net/E02489/quarter,,2026-08-13T11:40:46.611262+09:00
Q2023-07_2023-09,3851,operating_margin,,pct,0.01,SINGLE_SOURCE,irbank_q,14.83,14.83%+0.81%,,,,irbank_q=14.83,https://irbank.net/E02489/quarter,,2026-08-13T11:40:46.611262+09:00
Q2023-07_2023-09,3851,ordinary_income,,JPY_million,1,SINGLE_SOURCE,irbank_q,362,362百万+87.4%,,,,irbank_q=362,https://irbank.net/E02489/quarter,,2026-08-13T11:40:46.611262+09:00
Q2023-07_2023-09,3851,revenue,1749,JPY_million,10,OK|ROUNDING,kabutan_q10,1749,"1,749",irbank_q,1750,17.5億+57%,kabutan_q10=1749|irbank_q=1750,https://kabutan.jp/stock/finance?code=3851,https://irbank.net/E02489/quarter,2026-08-13T11:40:46.611262+09:00
Q2023-07_2023-09,3851,sga_ratio,,pct,0.01,SINGLE_SOURCE,irbank_q,35.64,35.64%-7.79%,,,,irbank_q=35.64,https://irbank.net/E02489/quarter,,2026-08-13T11:40:46.611262+09:00
Q2023-10_2023-12,3851,cost_ratio,,pct,0.01,SINGLE_SOURCE,irbank_q,42.48,42.48%+1.62%,,,,irbank_q=42.48,https://irbank.net/E02489/quarter,,2026-08-13T11:40:46.611262+09:00
Q2023-10_2023-12,3851,operating_income,,JPY_million,1,SINGLE_SOURCE,irbank_q,267,267百万+148.4%,,,,irbank_q=267,https://irbank.net/E02489/quarter,,2026-08-13T11:40:46.611262+09:00
Q2023-10_2023-12,3851,operating_margin,,pct,0.01,SINGLE_SOURCE,irbank_q,19.88,19.88%+8.92%,,,,irbank_q=19.88,https://irbank.net/E02489/quarter,,2026-08-13T11:40:46.611262+09:00
Q2023-10_2023-12,3851,ordinary_income,,JPY_million,1,SINGLE_SOURCE,irbank_q,256,256百万+591.1%,,,,irbank_q=256,https://irbank.net/E02489/quarter,,2026-08-13T11:40:46.611262+09:00
Q2023-10_2023-12,3851,revenue,1345,JPY_million,10,OK|ROUNDING,kabutan_q10,1345,"1,345",irbank_q,1340,13.4億+36.9%,kabutan_q10=1345|irbank_q=1340,https://kabutan.jp/stock/finance?code=3851,https://irbank.net/E02489/quarter,2026-08-13T11:40:46.611262+09:00
Q2023-10_2023-12,3851,sga_ratio,,pct,0.01,SINGLE_SOURCE,irbank_q,37.64,37.64%-10.54%,,,,irbank_q=37.64,https://irbank.net/E02489/quarter,,2026-08-13T11:40:46.611262+09:00
Q2024-01_2024-03,3851,cost_ratio,,pct,0.01,SINGLE_SOURCE,irbank_q,47.63,47.63%-0.58%,,,,irbank_q=47.63,https://irbank.net/E02489/quarter,,2026-08-13T11:40:46.611262+09:00
Q2024-01_2024-03,3851,operating_income,,JPY_million,1,SINGLE_SOURCE,irbank_q,-57,-57百万,,,,irbank_q=-57,https://irbank.net/E02489/quarter,,2026-08-13T11:40:46.611262+09:00
Q2024-01_2024-03,3851,operating_margin,,pct,0.01,SINGLE_SOURCE,irbank_q,-6.14,-6.14%,,,,irbank_q=-6.14,https://irbank.net/E02489/quarter,,2026-08-13T11:40:46.611262+09:00
Q2024-01_2024-03,3851,ordinary_income,,JPY_million,1,SINGLE_SOURCE,irbank_q,126,126百万-53%,,,,irbank_q=126,https://irbank.net/E02489/quarter,,2026-08-13T11:40:46.611262+09:00
Q2024-01_2024-03,3851,revenue,935,JPY_million,1,OK|ROUNDING,kabutan_q10,935,935,irbank_q,936,9.36億-37%,kabutan_q10=935|irbank_q=936,https://kabutan.jp/stock/finance?code=3851,https://irbank.net/E02489/quarter,2026-08-13T11:40:46.611262+09:00
Q2024-01_2024-03,3851,sga_ratio,,pct,0.01,SINGLE_SOURCE,irbank_q,58.51,58.51%+20.43%,,,,irbank_q=58.51,https://irbank.net/E02489/quarter,,2026-08-13T11:40:46.611262+09:00
Q2024-04_2024-06,3851,cost_ratio,,pct,0.01,SINGLE_SOURCE,irbank_q,69.54,69.54%+2.6%,,,,irbank_q=69.54,https://irbank.net/E02489/quarter,,2026-08-13T11:40:46.611262+09:00
Q2024-04_2024-06,3851,eps,,JPY,0.1,SINGLE_SOURCE,kabutan_ytd_h1,-18.6,-18.6,,,,kabutan_ytd_h1=-18.6,https://kabutan.jp/stock/finance?code=3851,,2026-08-13T11:40:46.611262+09:00
Q2024-04_2024-06,3851,net_income,,JPY_million,1,SINGLE_SOURCE,kabutan_ytd_h1,-93,-93,,,,kabutan_ytd_h1=-93,https://kabutan.jp/stock/finance?code=3851,,2026-08-13T11:40:46.611262+09:00
Q2024-04_2024-06,3851,operating_income,-256,JPY_million,1,OK,kabutan_ytd_h1,-256,-256,irbank_q,-256,-256百万,kabutan_ytd_h1=-256|irbank_q=-256,https://kabutan.jp/stock/finance?code=3851,https://irbank.net/E02489/quarter,2026-08-13T11:40:46.611262+09:00
Q2024-04_2024-06,3851,operating_margin,,pct,0.01,SINGLE_SOURCE,irbank_q,-25.31,-25.31%,,,,irbank_q=-25.31,https://irbank.net/E02489/quarter,,2026-08-13T11:40:46.611262+09:00
Q2024-04_2024-06,3851,ordinary_income,-74,JPY_million,1,OK,kabutan_ytd_h1,-74,-74,irbank_q,-74,-74百万,kabutan_ytd_h1=-74|irbank_q=-74,https://kabutan.jp/stock/finance?code=3851,https://irbank.net/E02489/quarter,2026-08-13T11:40:46.611262+09:00
Q2024-04_2024-06,3851,revenue,1011,JPY_million,10,OK|ROUNDING,kabutan_ytd_h1,1011,"1,011",kabutan_q10,1011,"1,011",kabutan_ytd_h1=1011|kabutan_q10=1011|irbank_q=1010,https://kabutan.jp/stock/finance?code=3851,https://kabutan.jp/stock/finance?code=3851,2026-08-13T11:40:46.611262+09:00
Q2024-04_2024-06,3851,sga_ratio,,pct,0.01,SINGLE_SOURCE,irbank_q,55.77,55.77%+17.53%,,,,irbank_q=55.77,https://irbank.net/E02489/quarter,,2026-08-13T11:40:46.611262+09:00
Q2024-07_2024-09,3851,cost_ratio,,pct,0.1,SINGLE_SOURCE,irbank_q,52.9,52.9%+3.37%,,,,irbank_q=52.9,https://irbank.net/E02489/quarter,,2026-08-13T11:40:46.611262+09:00
Q2024-07_2024-09,3851,eps,,JPY,0.1,SINGLE_SOURCE,kabutan_q,-15.5,-15.5,,,,kabutan_q=-15.5,https://kabutan.jp/stock/finance?code=3851,,2026-08-13T11:40:46.611262+09:00
Q2024-07_2024-09,3851,net_income,,JPY_million,1,SINGLE_SOURCE,kabutan_q,-78,-78,,,,kabutan_q=-78,https://kabutan.jp/stock/finance?code=3851,,2026-08-13T11:40:46.611262+09:00
Q2024-07_2024-09,3851,operating_income,51,JPY_million,1,OK|ROUNDING,kabutan_q,51,51,irbank_q,50,50百万-80.7%,kabutan_q=51|irbank_q=50,https://kabutan.jp/stock/finance?code=3851,https://irbank.net/E02489/quarter,2026-08-13T11:40:46.611262+09:00
Q2024-07_2024-09,3851,operating_margin,,pct,0.1,MISMATCH,kabutan_q,3.6,3.6,irbank_q,3.49,3.49%-11.34%,kabutan_q=3.6|irbank_q=3.49,https://kabutan.jp/stock/finance?code=3851,https://irbank.net/E02489/quarter,2026-08-13T11:40:46.611262+09:00
Q2024-07_2024-09,3851,ordinary_income,-62,JPY_million,1,OK,kabutan_q,-62,-62,irbank_q,-62,-62百万,kabutan_q=-62|irbank_q=-62,https://kabutan.jp/stock/finance?code=3851,https://irbank.net/E02489/quarter,2026-08-13T11:40:46.611262+09:00
Q2024-07_2024-09,3851,revenue,1436,JPY_million,10,OK|ROUNDING,kabutan_q,1436,"1,436",kabutan_q10,1436,"1,436",kabutan_q=1436|kabutan_q10=1436|irbank_q=1440,https://kabutan.jp/stock/finance?code=3851,https://kabutan.jp/stock/finance?code=3851,2026-08-13T11:40:46.611262+09:00
Q2024-07_2024-09,3851,sga_ratio,,pct,0.01,SINGLE_SOURCE,irbank_q,43.61,43.61%+7.97%,,,,irbank_q=43.61,https://irbank.net/E02489/quarter,,2026-08-13T11:40:46.611262+09:00
Q2024-10_2024-12,3851,cost_ratio,,pct,0.01,SINGLE_SOURCE,irbank_q,58.38,58.38%+15.9%,,,,irbank_q=58.38,https://irbank.net/E02489/quarter,,2026-08-13T11:40:46.611262+09:00
Q2024-10_2024-12,3851,eps,,JPY,0.1,SINGLE_SOURCE,kabutan_q,28.7,28.7,,,,kabutan_q=28.7,https://kabutan.jp/stock/finance?code=3851,,2026-08-13T11:40:46.611262+09:00
Q2024-10_2024-12,3851,net_income,,JPY_million,1,SINGLE_SOURCE,kabutan_q,144,144,,,,kabutan_q=144,https://kabutan.jp/stock/finance?code=3851,,2026-08-13T11:40:46.611262+09:00
Q2024-10_2024-12,3851,operating_income,29,JPY_million,1,OK|ROUNDING,kabutan_q,29,29,irbank_q,30,30百万-88.9%,kabutan_q=29|irbank_q=30,https://kabutan.jp/stock/finance?code=3851,https://irbank.net/E02489/quarter,2026-08-13T11:40:46.611262+09:00
Q2024-10_2024-12,3851,operating_margin,2.37,pct,0.1,OK|ROUNDING,kabutan_q,2.3,2.3,irbank_q,2.37,2.37%-17.51%,kabutan_q=2.3|irbank_q=2.37,https://kabutan.jp/stock/finance?code=3851,https://irbank.net/E02489/quarter,2026-08-13T11:40:46.611262+09:00
Q2024-10_2024-12,3851,ordinary_income,177,JPY_million,1,OK|ROUNDING,kabutan_q,177,177,irbank_q,178,178百万-30.2%,kabutan_q=177|irbank_q=178,https://kabutan.jp/stock/finance?code=3851,https://irbank.net/E02489/quarter,2026-08-13T11:40:46.611262+09:00
Q2024-10_2024-12,3851,revenue,1248,JPY_million,10,OK|ROUNDING,kabutan_q,1248,"1,248",kabutan_q10,1248,"1,248",kabutan_q=1248|kabutan_q10=1248|irbank_q=1250,https://kabutan.jp/stock/finance?code=3851,https://kabutan.jp/stock/finance?code=3851,2026-08-13T11:40:46.611262+09:00
Q2024-10_2024-12,3851,sga_ratio,,pct,0.01,SINGLE_SOURCE,irbank_q,39.25,39.25%+1.61%,,,,irbank_q=39.25,https://irbank.net/E02489/quarter,,2026-08-13T11:40:46.611262+09:00
Q2025-01_2025-03,3851,cost_ratio,,pct,0.01,SINGLE_SOURCE,irbank_q,72.08,72.08%+24.45%,,,,irbank_q=72.08,https://irbank.net/E02489/quarter,,2026-08-13T11:40:46.611262+09:00
Q2025-01_2025-03,3851,eps,,JPY,0.1,SINGLE_SOURCE,kabutan_q,-25.7,-25.7,,,,kabutan_q=-25.7,https://kabutan.jp/stock/finance?code=3851,,2026-08-13T11:40:46.611262+09:00
Q2025-01_2025-03,3851,net_income,,JPY_million,1,SINGLE_SOURCE,kabutan_q,-130,-130,,,,kabutan_q=-130,https://kabutan.jp/stock/finance?code=3851,,2026-08-13T11:40:46.611262+09:00
Q2025-01_2025-03,3851,operating_income,-98,JPY_million,1,OK,kabutan_q,-98,-98,irbank_q,-98,-98百万,kabutan_q=-98|irbank_q=-98,https://kabutan.jp/stock/finance?code=3851,https://irbank.net/E02489/quarter,2026-08-13T11:40:46.611262+09:00
Q2025-01_2025-03,3851,operating_margin,-6.13,pct,0.1,OK|ROUNDING,kabutan_q,-6.1,-6.1,irbank_q,-6.13,-6.13%,kabutan_q=-6.1|irbank_q=-6.13,https://kabutan.jp/stock/finance?code=3851,https://irbank.net/E02489/quarter,2026-08-13T11:40:46.611262+09:00
Q2025-01_2025-03,3851,ordinary_income,-116,JPY_million,1,OK|ROUNDING,kabutan_q,-116,-116,irbank_q,-117,-117百万,kabutan_q=-116|irbank_q=-117,https://kabutan.jp/stock/finance?code=3851,https://irbank.net/E02489/quarter,2026-08-13T11:40:46.611262+09:00
Q2025-01_2025-03,3851,revenue,1604,JPY_million,100,OK|ROUNDING,kabutan_q,1604,"1,604",kabutan_q10,1604,"1,604",kabutan_q=1604|kabutan_q10=1604|irbank_q=1600,https://kabutan.jp/stock/finance?code=3851,https://kabutan.jp/stock/finance?code=3851,2026-08-13T11:40:46.611262+09:00
Q2025-01_2025-03,3851,sga_ratio,,pct,0.01,SINGLE_SOURCE,irbank_q,34.05,34.05%-24.46%,,,,irbank_q=34.05,https://irbank.net/E02489/quarter,,2026-08-13T11:40:46.611262+09:00
Q2025-04_2025-06,3851,cost_ratio,,pct,0.01,SINGLE_SOURCE,irbank_q,44.95,44.95%-24.59%,,,,irbank_q=44.95,https://irbank.net/E02489/quarter,,2026-08-13T11:40:46.611262+09:00
Q2025-04_2025-06,3851,eps,,JPY,0.1,SINGLE_SOURCE,kabutan_ytd_h1,-33.4,-33.4,kabutan_q,-33.4,-33.4,kabutan_ytd_h1=-33.4|kabutan_q=-33.4,https://kabutan.jp/stock/finance?code=3851,https://kabutan.jp/stock/finance?code=3851,2026-08-13T11:40:46.611262+09:00
Q2025-04_2025-06,3851,net_income,,JPY_million,1,SINGLE_SOURCE,kabutan_ytd_h1,-169,-169,kabutan_q,-169,-169,kabutan_ytd_h1=-169|kabutan_q=-169,https://kabutan.jp/stock/finance?code=3851,https://kabutan.jp/stock/finance?code=3851,2026-08-13T11:40:46.611262+09:00
Q2025-04_2025-06,3851,operating_income,-174,JPY_million,1,OK|ROUNDING,kabutan_ytd_h1,-174,-174,kabutan_q,-174,-174,kabutan_ytd_h1=-174|kabutan_q=-174|irbank_q=-175,https://kabutan.jp/stock/finance?code=3851,https://kabutan.jp/stock/finance?code=3851,2026-08-13T11:40:46.611262+09:00
Q2025-04_2025-06,3851,operating_margin,-36.35,pct,0.1,OK|ROUNDING,kabutan_q,-36.3,-36.3,irbank_q,-36.35,-36.35%,kabutan_q=-36.3|irbank_q=-36.35,https://kabutan.jp/stock/finance?code=3851,https://irbank.net/E02489/quarter,2026-08-13T11:40:46.611262+09:00
Q2025-04_2025-06,3851,ordinary_income,-135,JPY_million,1,OK,kabutan_ytd_h1,-135,-135,kabutan_q,-135,-135,kabutan_ytd_h1=-135|kabutan_q=-135|irbank_q=-135,https://kabutan.jp/stock/finance?code=3851,https://kabutan.jp/stock/finance?code=3851,2026-08-13T11:40:46.611262+09:00
Q2025-04_2025-06,3851,revenue,480,JPY_million,10,OK,kabutan_ytd_h1,480,480,kabutan_q,480,480,kabutan_ytd_h1=480|kabutan_q=480|kabutan_q10=480|irbank_q=480,https://kabutan.jp/stock/finance?code=3851,https://kabutan.jp/stock/finance?code=3851,2026-08-13T11:40:46.611262+09:00
Q2025-04_2025-06,3851,sga_ratio,,pct,0.1,SINGLE_SOURCE,irbank_q,91.4,91.4%+35.63%,,,,irbank_q=91.4,https://irbank.net/E02489/quarter,,2026-08-13T11:40:46.611262+09:00
Q2025-07_2025-09,3851,cost_ratio,,pct,0.01,SINGLE_SOURCE,irbank_q,51.22,51.22%-1.68%,,,,irbank_q=51.22,https://irbank.net/E02489/quarter,,2026-08-13T11:40:46.611262+09:00
Q2025-07_2025-09,3851,eps,,JPY,0.1,SINGLE_SOURCE,kabutan_q,-10.9,-10.9,,,,kabutan_q=-10.9,https://kabutan.jp/stock/finance?code=3851,,2026-08-13T11:40:46.611262+09:00
Q2025-07_2025-09,3851,net_income,,JPY_million,1,SINGLE_SOURCE,kabutan_q,-55,-55,,,,kabutan_q=-55,https://kabutan.jp/stock/finance?code=3851,,2026-08-13T11:40:46.611262+09:00
Q2025-07_2025-09,3851,operating_income,-148,JPY_million,1,OK,kabutan_q,-148,-148,irbank_q,-148,-148百万,kabutan_q=-148|irbank_q=-148,https://kabutan.jp/stock/finance?code=3851,https://irbank.net/E02489/quarter,2026-08-13T11:40:46.611262+09:00
Q2025-07_2025-09,3851,operating_margin,-19.33,pct,0.1,OK|ROUNDING,kabutan_q,-19.4,-19.4,irbank_q,-19.33,-19.33%,kabutan_q=-19.4|irbank_q=-19.33,https://kabutan.jp/stock/finance?code=3851,https://irbank.net/E02489/quarter,2026-08-13T11:40:46.611262+09:00
Q2025-07_2025-09,3851,ordinary_income,-54,JPY_million,1,OK,kabutan_q,-54,-54,irbank_q,-54,-54百万,kabutan_q=-54|irbank_q=-54,https://kabutan.jp/stock/finance?code=3851,https://irbank.net/E02489/quarter,2026-08-13T11:40:46.611262+09:00
Q2025-07_2025-09,3851,revenue,764,JPY_million,1,OK,kabutan_q,764,764,kabutan_q10,764,764,kabutan_q=764|kabutan_q10=764|irbank_q=764,https://kabutan.jp/stock/finance?code=3851,https://kabutan.jp/stock/finance?code=3851,2026-08-13T11:40:46.611262+09:00
Q2025-07_2025-09,3851,sga_ratio,,pct,0.01,SINGLE_SOURCE,irbank_q,68.11,68.11%+24.5%,,,,irbank_q=68.11,https://irbank.net/E02489/quarter,,2026-08-13T11:40:46.611262+09:00
Q2025-10_2025-12,3851,cost_ratio,,pct,0.01,SINGLE_SOURCE,irbank_q,45.82,45.82%-12.56%,,,,irbank_q=45.82,https://irbank.net/E02489/quarter,,2026-08-13T11:40:46.611262+09:00
Q2025-10_2025-12,3851,eps,,JPY,0.1,SINGLE_SOURCE,kabutan_q,11.9,11.9,,,,kabutan_q=11.9,https://kabutan.jp/stock/finance?code=3851,,2026-08-13T11:40:46.611262+09:00
Q2025-10_2025-12,3851,net_income,,JPY_million,1,SINGLE_SOURCE,kabutan_q,60,60,,,,kabutan_q=60,https://kabutan.jp/stock/finance?code=3851,,2026-08-13T11:40:46.611262+09:00
Q2025-10_2025-12,3851,operating_income,65,JPY_million,1,OK,kabutan_q,65,65,irbank_q,65,65百万+120.5%,kabutan_q=65|irbank_q=65,https://kabutan.jp/stock/finance?code=3851,https://irbank.net/E02489/quarter,2026-08-13T11:40:46.611262+09:00
Q2025-10_2025-12,3851,operating_margin,6.68,pct,0.1,OK|ROUNDING,kabutan_q,6.7,6.7,irbank_q,6.68,6.68%+4.31%,kabutan_q=6.7|irbank_q=6.68,https://kabutan.jp/stock/finance?code=3851,https://irbank.net/E02489/quarter,2026-08-13T11:40:46.611262+09:00
Q2025-10_2025-12,3851,ordinary_income,205,JPY_million,1,OK,kabutan_q,205,205,irbank_q,205,205百万+14.9%,kabutan_q=205|irbank_q=205,https://kabutan.jp/stock/finance?code=3851,https://irbank.net/E02489/quarter,2026-08-13T11:40:46.611262+09:00
Q2025-10_2025-12,3851,revenue,977,JPY_million,1,OK,kabutan_q,977,977,kabutan_q10,977,977,kabutan_q=977|kabutan_q10=977|irbank_q=977,https://kabutan.jp/stock/finance?code=3851,https://kabutan.jp/stock/finance?code=3851,2026-08-13T11:40:46.611262+09:00
Q2025-10_2025-12,3851,sga_ratio,,pct,0.01,SINGLE_SOURCE,irbank_q,47.63,47.63%+8.38%,,,,irbank_q=47.63,https://irbank.net/E02489/quarter,,2026-08-13T11:40:46.611262+09:00
Q2026-01_2026-03,3851,cost_ratio,,pct,0.1,SINGLE_SOURCE,irbank_q,73.1,73.1%+1.02%,,,,irbank_q=73.1,https://irbank.net/E02489/quarter,,2026-08-13T11:40:46.611262+09:00
Q2026-01_2026-03,3851,eps,,JPY,0.1,SINGLE_SOURCE,kabutan_q,-18,-18.0,,,,kabutan_q=-18,https://kabutan.jp/stock/finance?code=3851,,2026-08-13T11:40:46.611262+09:00
Q2026-01_2026-03,3851,net_income,,JPY_million,1,SINGLE_SOURCE,kabutan_q,-91,-91,,,,kabutan_q=-91,https://kabutan.jp/stock/finance?code=3851,,2026-08-13T11:40:46.611262+09:00
Q2026-01_2026-03,3851,operating_income,-152,JPY_million,1,OK,kabutan_q,-152,-152,irbank_q,-152,-152百万,kabutan_q=-152|irbank_q=-152,https://kabutan.jp/stock/finance?code=3851,https://irbank.net/E02489/quarter,2026-08-13T11:40:46.611262+09:00
Q2026-01_2026-03,3851,operating_margin,-10.98,pct,0.1,OK|ROUNDING,kabutan_q,-11,-11.0,irbank_q,-10.98,-10.98%,kabutan_q=-11|irbank_q=-10.98,https://kabutan.jp/stock/finance?code=3851,https://irbank.net/E02489/quarter,2026-08-13T11:40:46.611262+09:00
Q2026-01_2026-03,3851,ordinary_income,-71,JPY_million,1,OK,kabutan_q,-71,-71,irbank_q,-71,-71百万,kabutan_q=-71|irbank_q=-71,https://kabutan.jp/stock/finance?code=3851,https://irbank.net/E02489/quarter,2026-08-13T11:40:46.611262+09:00
Q2026-01_2026-03,3851,revenue,1385,JPY_million,10,OK|ROUNDING,kabutan_q,1385,"1,385",kabutan_q10,1385,"1,385",kabutan_q=1385|kabutan_q10=1385|irbank_q=1390,https://kabutan.jp/stock/finance?code=3851,https://kabutan.jp/stock/finance?code=3851,2026-08-13T11:40:46.611262+09:00
Q2026-01_2026-03,3851,sga_ratio,,pct,0.01,SINGLE_SOURCE,irbank_q,37.79,37.79%+3.74%,,,,irbank_q=37.79,https://irbank.net/E02489/quarter,,2026-08-13T11:40:46.611262+09:00
Q2026-04_2026-06,3851,cost_ratio,,pct,0.01,SINGLE_SOURCE,irbank_q,57.01,57.01%+12.06%,,,,irbank_q=57.01,https://irbank.net/E02489/quarter,,2026-08-13T11:40:46.611262+09:00
Q2026-04_2026-06,3851,eps,,JPY,0.1,SINGLE_SOURCE,kabutan_ytd_h1,-12.1,-12.1,kabutan_q,-12.1,-12.1,kabutan_ytd_h1=-12.1|kabutan_q=-12.1|kabutan_q10=-12.1,https://kabutan.jp/stock/finance?code=3851,https://kabutan.jp/stock/finance?code=3851,2026-08-13T11:40:46.611262+09:00
Q2026-04_2026-06,3851,equity,,JPY_million,1,SINGLE_SOURCE,kabutan_bs,7830,"7,830",,,,kabutan_bs=7830,https://kabutan.jp/stock/finance?code=3851,,2026-08-13T11:40:46.611262+09:00
Q2026-04_2026-06,3851,equity_ratio,,pct,0.1,SINGLE_SOURCE,kabutan_bs,69.9,69.9,,,,kabutan_bs=69.9,https://kabutan.jp/stock/finance?code=3851,,2026-08-13T11:40:46.611262+09:00
Q2026-04_2026-06,3851,interest_bearing_debt_ratio,,x,0.01,SINGLE_SOURCE,kabutan_bs,0.23,0.23,,,,kabutan_bs=0.23,https://kabutan.jp/stock/finance?code=3851,,2026-08-13T11:40:46.611262+09:00
Q2026-04_2026-06,3851,net_income,,JPY_million,1,SINGLE_SOURCE,kabutan_ytd_h1,-61,-61,kabutan_q,-61,-61,kabutan_ytd_h1=-61|kabutan_q=-61,https://kabutan.jp/stock/finance?code=3851,https://kabutan.jp/stock/finance?code=3851,2026-08-13T11:40:46.611262+09:00
Q2026-04_2026-06,3851,operating_income,-145,JPY_million,1,OK,kabutan_ytd_h1,-145,-145,kabutan_q,-145,-145,kabutan_ytd_h1=-145|kabutan_q=-145|kabutan_q10=-145|irbank_q=-145,https://kabutan.jp/stock/finance?code=3851,https://kabutan.jp/stock/finance?code=3851,2026-08-13T11:40:46.611262+09:00
Q2026-04_2026-06,3851,operating_margin,-17.12,pct,0.1,OK|ROUNDING,kabutan_q,-17.1,-17.1,irbank_q,-17.12,-17.12%,kabutan_q=-17.1|irbank_q=-17.12,https://kabutan.jp/stock/finance?code=3851,https://irbank.net/E02489/quarter,2026-08-13T11:40:46.611262+09:00
Q2026-04_2026-06,3851,ordinary_income,-69,JPY_million,1,OK,kabutan_ytd_h1,-69,-69,kabutan_q,-69,-69,kabutan_ytd_h1=-69|kabutan_q=-69|kabutan_q10=-69|irbank_q=-69,https://kabutan.jp/stock/finance?code=3851,https://kabutan.jp/stock/finance?code=3851,2026-08-13T11:40:46.611262+09:00
Q2026-04_2026-06,3851,retained_earnings,,JPY_million,1,SINGLE_SOURCE,kabutan_bs,5194,"5,194",,,,kabutan_bs=5194,https://kabutan.jp/stock/finance?code=3851,,2026-08-13T11:40:46.611262+09:00
Q2026-04_2026-06,3851,revenue,847,JPY_million,1,OK,kabutan_ytd_h1,847,847,kabutan_q,847,847,kabutan_ytd_h1=847|kabutan_q=847|kabutan_q10=847|irbank_q=847,https://kabutan.jp/stock/finance?code=3851,https://kabutan.jp/stock/finance?code=3851,2026-08-13T11:40:46.611262+09:00
Q2026-04_2026-06,3851,sga_ratio,,pct,0.1,SINGLE_SOURCE,irbank_q,60.2,60.2%-31.2%,,,,irbank_q=60.2,https://irbank.net/E02489/quarter,,2026-08-13T11:40:46.611262+09:00
Q2026-04_2026-06,3851,total_assets,,JPY_million,1,SINGLE_SOURCE,kabutan_bs,11194,"11,194",,,,kabutan_bs=11194,https://kabutan.jp/stock/finance?code=3851,,2026-08-13T11:40:46.611262+09:00
FY2008-03,3851,shareholders_equity,,JPY_million,10,SINGLE_SOURCE,irbank_bs,1250,12.5億,,,,irbank_bs=1250,https://irbank.net/E02489/results,,2026-08-13T16:55:01.835153+09:00
FY2009-03,3851,shareholders_equity,,JPY_million,10,SINGLE_SOURCE,irbank_bs,1160,11.6億,,,,irbank_bs=1160,https://irbank.net/E02489/results,,2026-08-13T16:55:01.835153+09:00
FY2010-03,3851,shareholders_equity,,JPY_million,1,SINGLE_SOURCE,irbank_bs,822,8.22億,,,,irbank_bs=822,https://irbank.net/E02489/results,,2026-08-13T16:55:01.835153+09:00
FY2011-03,3851,shareholders_equity,,JPY_million,10,SINGLE_SOURCE,irbank_bs,1050,10.5億,,,,irbank_bs=1050,https://irbank.net/E02489/results,,2026-08-13T16:55:01.835153+09:00
FY2012-03,3851,shareholders_equity,,JPY_million,10,SINGLE_SOURCE,irbank_bs,1270,12.7億,,,,irbank_bs=1270,https://irbank.net/E02489/results,,2026-08-13T16:55:01.835153+09:00
FY2013-03,3851,shareholders_equity,,JPY_million,10,SINGLE_SOURCE,irbank_bs,1050,10.5億,,,,irbank_bs=1050,https://irbank.net/E02489/results,,2026-08-13T16:55:01.835153+09:00
FY2014-03,3851,shareholders_equity,,JPY_million,10,SINGLE_SOURCE,irbank_bs,2080,20.8億,,,,irbank_bs=2080,https://irbank.net/E02489/results,,2026-08-13T16:55:01.835153+09:00
FY2015-03,3851,shareholders_equity,,JPY_million,10,SINGLE_SOURCE,irbank_bs,2090,20.9億,,,,irbank_bs=2090,https://irbank.net/E02489/results,,2026-08-13T16:55:01.835153+09:00
FY2016-03,3851,shareholders_equity,,JPY_million,100,SINGLE_SOURCE,irbank_bs,2300,23億,,,,irbank_bs=2300,https://irbank.net/E02489/results,,2026-08-13T16:55:01.835153+09:00
FY2017-03,3851,shareholders_equity,,JPY_million,10,SINGLE_SOURCE,irbank_bs,2430,24.3億,,,,irbank_bs=2430,https://irbank.net/E02489/results,,2026-08-13T16:55:01.835153+09:00
FY2018-03,3851,shareholders_equity,,JPY_million,10,SINGLE_SOURCE,irbank_bs,2960,29.6億,,,,irbank_bs=2960,https://irbank.net/E02489/results,,2026-08-13T16:55:01.835153+09:00
FY2019-03,3851,shareholders_equity,,JPY_million,10,SINGLE_SOURCE,irbank_bs,3230,32.3億,,,,irbank_bs=3230,https://irbank.net/E02489/results,,2026-08-13T16:55:01.835153+09:00
FY2020-03,3851,shareholders_equity,,JPY_million,10,SINGLE_SOURCE,irbank_bs,3470,34.7億,,,,irbank_bs=3470,https://irbank.net/E02489/results,,2026-08-13T16:55:01.835153+09:00
FY2021-03,3851,shareholders_equity,,JPY_million,10,SINGLE_SOURCE,irbank_bs,4340,43.4億,,,,irbank_bs=4340,https://irbank.net/E02489/results,,2026-08-13T16:55:01.835153+09:00
FY2022-03,3851,shareholders_equity,,JPY_million,10,SINGLE_SOURCE,irbank_bs,5570,55.7億,,,,irbank_bs=5570,https://irbank.net/E02489/results,,2026-08-13T16:55:01.835153+09:00
FY2023-03,3851,shareholders_equity,,JPY_million,10,SINGLE_SOURCE,irbank_bs,6230,62.3億,,,,irbank_bs=6230,https://irbank.net/E02489/results,,2026-08-13T16:55:01.835153+09:00
FY2024-03,3851,shareholders_equity,,JPY_million,10,SINGLE_SOURCE,irbank_bs,6790,67.9億,,,,irbank_bs=6790,https://irbank.net/E02489/results,,2026-08-13T16:55:01.835153+09:00
FY2025-03,3851,shareholders_equity,,JPY_million,10,SINGLE_SOURCE,irbank_bs,6630,66.3億,,,,irbank_bs=6630,https://irbank.net/E02489/results,,2026-08-13T16:55:01.835153+09:00
FY2026-03,3851,shareholders_equity,,JPY_million,10,SINGLE_SOURCE,irbank_bs,6350,63.5億,,,,irbank_bs=6350,https://irbank.net/E02489/results,,2026-08-13T16:55:01.835153+09:00
