period,code,metric,value,unit,tolerance,status,source_primary,value_primary,raw_primary,source_secondary,value_secondary,raw_secondary,sources_all,source_url_primary,source_url_secondary,fetched_at
C2023-11_2024-07,4707,eps,,JPY,0.1,SINGLE_SOURCE,kabutan_ytd3q,34.3,34.3,,,,kabutan_ytd3q=34.3,https://kabutan.jp/stock/finance?code=4707,,2026-08-31T01:24:49.228521+09:00
C2023-11_2024-07,4707,net_income,,JPY_million,1,SINGLE_SOURCE,kabutan_ytd3q,192,192,,,,kabutan_ytd3q=192,https://kabutan.jp/stock/finance?code=4707,,2026-08-31T01:24:49.228521+09:00
C2023-11_2024-07,4707,operating_income,,JPY_million,1,SINGLE_SOURCE,kabutan_ytd3q,248,248,,,,kabutan_ytd3q=248,https://kabutan.jp/stock/finance?code=4707,,2026-08-31T01:24:49.228521+09:00
C2023-11_2024-07,4707,ordinary_income,,JPY_million,1,SINGLE_SOURCE,kabutan_ytd3q,282,282,,,,kabutan_ytd3q=282,https://kabutan.jp/stock/finance?code=4707,,2026-08-31T01:24:49.228521+09:00
C2023-11_2024-07,4707,revenue,,JPY_million,1,SINGLE_SOURCE,kabutan_ytd3q,2327,"2,327",,,,kabutan_ytd3q=2327,https://kabutan.jp/stock/finance?code=4707,,2026-08-31T01:24:49.228521+09:00
C2024-11_2025-07,4707,eps,,JPY,0.1,SINGLE_SOURCE,kabutan_ytd3q,38.2,38.2,,,,kabutan_ytd3q=38.2,https://kabutan.jp/stock/finance?code=4707,,2026-08-31T01:24:49.228521+09:00
C2024-11_2025-07,4707,net_income,,JPY_million,1,SINGLE_SOURCE,kabutan_ytd3q,213,213,,,,kabutan_ytd3q=213,https://kabutan.jp/stock/finance?code=4707,,2026-08-31T01:24:49.228521+09:00
C2024-11_2025-07,4707,operating_income,,JPY_million,1,SINGLE_SOURCE,kabutan_ytd3q,166,166,,,,kabutan_ytd3q=166,https://kabutan.jp/stock/finance?code=4707,,2026-08-31T01:24:49.228521+09:00
C2024-11_2025-07,4707,ordinary_income,,JPY_million,1,SINGLE_SOURCE,kabutan_ytd3q,188,188,,,,kabutan_ytd3q=188,https://kabutan.jp/stock/finance?code=4707,,2026-08-31T01:24:49.228521+09:00
C2024-11_2025-07,4707,revenue,,JPY_million,1,SINGLE_SOURCE,kabutan_ytd3q,2549,"2,549",,,,kabutan_ytd3q=2549,https://kabutan.jp/stock/finance?code=4707,,2026-08-31T01:24:49.228521+09:00
C2025-11_2026-07,4707,eps,,JPY,0.1,SINGLE_SOURCE,kabutan_ytd3q,25.3,25.3,,,,kabutan_ytd3q=25.3,https://kabutan.jp/stock/finance?code=4707,,2026-08-31T01:24:49.228521+09:00
C2025-11_2026-07,4707,equity,,JPY_million,1,SINGLE_SOURCE,kabutan_bs,3691,"3,691",,,,kabutan_bs=3691,https://kabutan.jp/stock/finance?code=4707,,2026-08-31T01:24:49.228521+09:00
C2025-11_2026-07,4707,equity_ratio,,pct,0.1,SINGLE_SOURCE,kabutan_bs,60.8,60.8,,,,kabutan_bs=60.8,https://kabutan.jp/stock/finance?code=4707,,2026-08-31T01:24:49.228521+09:00
C2025-11_2026-07,4707,interest_bearing_debt_ratio,,x,0.01,SINGLE_SOURCE,kabutan_bs,0.43,0.43,,,,kabutan_bs=0.43,https://kabutan.jp/stock/finance?code=4707,,2026-08-31T01:24:49.228521+09:00
C2025-11_2026-07,4707,net_income,,JPY_million,1,SINGLE_SOURCE,kabutan_ytd3q,141,141,,,,kabutan_ytd3q=141,https://kabutan.jp/stock/finance?code=4707,,2026-08-31T01:24:49.228521+09:00
C2025-11_2026-07,4707,operating_income,,JPY_million,1,SINGLE_SOURCE,kabutan_ytd3q,158,158,,,,kabutan_ytd3q=158,https://kabutan.jp/stock/finance?code=4707,,2026-08-31T01:24:49.228521+09:00
C2025-11_2026-07,4707,ordinary_income,,JPY_million,1,SINGLE_SOURCE,kabutan_ytd3q,174,174,,,,kabutan_ytd3q=174,https://kabutan.jp/stock/finance?code=4707,,2026-08-31T01:24:49.228521+09:00
C2025-11_2026-07,4707,retained_earnings,,JPY_million,1,SINGLE_SOURCE,kabutan_bs,2853,"2,853",,,,kabutan_bs=2853,https://kabutan.jp/stock/finance?code=4707,,2026-08-31T01:24:49.228521+09:00
C2025-11_2026-07,4707,revenue,,JPY_million,1,SINGLE_SOURCE,kabutan_ytd3q,2424,"2,424",,,,kabutan_ytd3q=2424,https://kabutan.jp/stock/finance?code=4707,,2026-08-31T01:24:49.228521+09:00
C2025-11_2026-07,4707,total_assets,,JPY_million,1,SINGLE_SOURCE,kabutan_bs,6074,"6,074",,,,kabutan_bs=6074,https://kabutan.jp/stock/finance?code=4707,,2026-08-31T01:24:49.228521+09:00
FY1994-10,4707,eps,,JPY,0.1,SINGLE_SOURCE,kabutan_record_fy,1890,"1,890.0",,,,kabutan_record_fy=1890,https://kabutan.jp/stock/finance?code=4707,,2026-08-31T01:24:49.228521+09:00
FY1994-10,4707,operating_income,,JPY_million,1,SINGLE_SOURCE,kabutan_record_fy,599,599,,,,kabutan_record_fy=599,https://kabutan.jp/stock/finance?code=4707,,2026-08-31T01:24:49.228521+09:00
FY1994-10,4707,ordinary_income,,JPY_million,1,SINGLE_SOURCE,kabutan_record_fy,545,545,,,,kabutan_record_fy=545,https://kabutan.jp/stock/finance?code=4707,,2026-08-31T01:24:49.228521+09:00
FY1996-10,4707,net_income,,JPY_million,1,SINGLE_SOURCE,kabutan_record_fy,322,322,,,,kabutan_record_fy=322,https://kabutan.jp/stock/finance?code=4707,,2026-08-31T01:24:49.228521+09:00
FY1997-10,4707,revenue,,JPY_million,1,SINGLE_SOURCE,kabutan_record_fy,4293,"4,293",,,,kabutan_record_fy=4293,https://kabutan.jp/stock/finance?code=4707,,2026-08-31T01:24:49.228521+09:00
FY2001-10,4707,revenue,,JPY_million,1,SINGLE_SOURCE,kabutan_fy10,3473,"3,473",,,,kabutan_fy10=3473,https://kabutan.jp/stock/finance?code=4707,,2026-08-31T01:24:49.228521+09:00
FY2002-10,4707,revenue,,JPY_million,1,SINGLE_SOURCE,kabutan_fy10,2766,"2,766",,,,kabutan_fy10=2766,https://kabutan.jp/stock/finance?code=4707,,2026-08-31T01:24:49.228521+09:00
FY2003-10,4707,revenue,,JPY_million,1,SINGLE_SOURCE,kabutan_fy10,2562,"2,562",,,,kabutan_fy10=2562,https://kabutan.jp/stock/finance?code=4707,,2026-08-31T01:24:49.228521+09:00
FY2004-10,4707,revenue,,JPY_million,1,SINGLE_SOURCE,kabutan_fy10,2554,"2,554",,,,kabutan_fy10=2554,https://kabutan.jp/stock/finance?code=4707,,2026-08-31T01:24:49.228521+09:00
FY2005-10,4707,revenue,,JPY_million,1,SINGLE_SOURCE,kabutan_fy10,2353,"2,353",,,,kabutan_fy10=2353,https://kabutan.jp/stock/finance?code=4707,,2026-08-31T01:24:49.228521+09:00
FY2006-10,4707,revenue,,JPY_million,1,SINGLE_SOURCE,kabutan_fy10,2662,"2,662",,,,kabutan_fy10=2662,https://kabutan.jp/stock/finance?code=4707,,2026-08-31T01:24:49.228521+09:00
FY2007-10,4707,revenue,,JPY_million,1,SINGLE_SOURCE|NONCONSOLIDATED,kabutan_fy10,2430,"2,430",,,,kabutan_fy10=2430,https://kabutan.jp/stock/finance?code=4707,,2026-08-31T01:24:49.228521+09:00
FY2008-10,4707,capex,,JPY_million,1,SINGLE_SOURCE,irbank_cf,-315,-315百万,,,,irbank_cf=-315,https://irbank.net/E05015/results,,2026-08-31T01:24:49.228521+09:00
FY2008-10,4707,cash_equivalents,,JPY_million,1,SINGLE_SOURCE,irbank_cf,142,142百万,,,,irbank_cf=142,https://irbank.net/E05015/results,,2026-08-31T01:24:49.228521+09:00
FY2008-10,4707,cost_ratio,,pct,0.01,SINGLE_SOURCE,irbank_pl_comprehensive,70.82,70.82,,,,irbank_pl_comprehensive=70.82,https://irbank.net/E05015/results,,2026-08-31T01:24:49.228521+09:00
FY2008-10,4707,equity_ratio,,pct,0.01,SINGLE_SOURCE,irbank_bs,34.21,34.21,,,,irbank_bs=34.21,https://irbank.net/E05015/results,,2026-08-31T01:24:49.228521+09:00
FY2008-10,4707,financing_cf,,JPY_million,1,SINGLE_SOURCE,irbank_cf,-184,-184百万,,,,irbank_cf=-184,https://irbank.net/E05015/results,,2026-08-31T01:24:49.228521+09:00
FY2008-10,4707,free_cf,,JPY_million,1,SINGLE_SOURCE,irbank_cf,-55,-55百万,,,,irbank_cf=-55,https://irbank.net/E05015/results,,2026-08-31T01:24:49.228521+09:00
FY2008-10,4707,interest_bearing_debt,,JPY_million,10,SINGLE_SOURCE,irbank_bs,3120,31.2億,,,,irbank_bs=3120,https://irbank.net/E05015/results,,2026-08-31T01:24:49.228521+09:00
FY2008-10,4707,interest_bearing_debt_ratio,,x,0.001,SINGLE_SOURCE|UNIT_CONVERTED,irbank_bs,1.652,165.2,,,,irbank_bs=1.652,https://irbank.net/E05015/results,,2026-08-31T01:24:49.228521+09:00
FY2008-10,4707,investing_cf,,JPY_million,1,SINGLE_SOURCE,irbank_cf,-315,-315百万,,,,irbank_cf=-315,https://irbank.net/E05015/results,,2026-08-31T01:24:49.228521+09:00
FY2008-10,4707,net_assets,,JPY_million,10,SINGLE_SOURCE,irbank_bs,1890,18.9億,,,,irbank_bs=1890,https://irbank.net/E05015/results,,2026-08-31T01:24:49.228521+09:00
FY2008-10,4707,net_income,,JPY_million,1,SINGLE_SOURCE,irbank_pl_comprehensive,-142,-142百万,,,,irbank_pl_comprehensive=-142,https://irbank.net/E05015/results,,2026-08-31T01:24:49.228521+09:00
FY2008-10,4707,operating_cf,,JPY_million,1,SINGLE_SOURCE,irbank_cf,261,261百万,,,,irbank_cf=261,https://irbank.net/E05015/results,,2026-08-31T01:24:49.228521+09:00
FY2008-10,4707,operating_income,,JPY_million,1,SINGLE_SOURCE,irbank_pl_comprehensive,52,52百万,,,,irbank_pl_comprehensive=52,https://irbank.net/E05015/results,,2026-08-31T01:24:49.228521+09:00
FY2008-10,4707,operating_margin,,pct,0.01,SINGLE_SOURCE,irbank_pl_comprehensive,2.53,2.53,,,,irbank_pl_comprehensive=2.53,https://irbank.net/E05015/results,,2026-08-31T01:24:49.228521+09:00
FY2008-10,4707,ordinary_income,,JPY_million,1,SINGLE_SOURCE,irbank_pl_comprehensive,-30,-30百万,,,,irbank_pl_comprehensive=-30,https://irbank.net/E05015/results,,2026-08-31T01:24:49.228521+09:00
FY2008-10,4707,retained_earnings,,JPY_million,10,SINGLE_SOURCE,irbank_bs,1220,12.2億,,,,irbank_bs=1220,https://irbank.net/E05015/results,,2026-08-31T01:24:49.228521+09:00
FY2008-10,4707,revenue,2076,JPY_million,10,OK|ROUNDING|NONCONSOLIDATED,kabutan_fy10,2076,"2,076",irbank_pl_comprehensive,2080,20.8億,kabutan_fy10=2076|irbank_pl_comprehensive=2080,https://kabutan.jp/stock/finance?code=4707,https://irbank.net/E05015/results,2026-08-31T01:24:49.228521+09:00
FY2008-10,4707,sga_ratio,,pct,0.01,SINGLE_SOURCE,irbank_pl_comprehensive,26.65,26.65,,,,irbank_pl_comprehensive=26.65,https://irbank.net/E05015/results,,2026-08-31T01:24:49.228521+09:00
FY2008-10,4707,shareholders_equity,,JPY_million,10,SINGLE_SOURCE,irbank_bs,1890,18.9億,,,,irbank_bs=1890,https://irbank.net/E05015/results,,2026-08-31T01:24:49.228521+09:00
FY2008-10,4707,total_assets,,JPY_million,10,SINGLE_SOURCE,irbank_bs,5510,55.1億,,,,irbank_bs=5510,https://irbank.net/E05015/results,,2026-08-31T01:24:49.228521+09:00
FY2009-10,4707,capex,,JPY_million,0.1,SINGLE_SOURCE,irbank_cf,-7.4,-7.4百万,,,,irbank_cf=-7.4,https://irbank.net/E05015/results,,2026-08-31T01:24:49.228521+09:00
FY2009-10,4707,cash_equivalents,,JPY_million,1,SINGLE_SOURCE,irbank_cf,64,64百万,,,,irbank_cf=64,https://irbank.net/E05015/results,,2026-08-31T01:24:49.228521+09:00
FY2009-10,4707,cost_ratio,,pct,0.01,SINGLE_SOURCE,irbank_pl_comprehensive,69.25,69.25,,,,irbank_pl_comprehensive=69.25,https://irbank.net/E05015/results,,2026-08-31T01:24:49.228521+09:00
FY2009-10,4707,equity_ratio,,pct,0.01,SINGLE_SOURCE,irbank_bs,34.19,34.19,,,,irbank_bs=34.19,https://irbank.net/E05015/results,,2026-08-31T01:24:49.228521+09:00
FY2009-10,4707,financing_cf,,JPY_million,1,SINGLE_SOURCE,irbank_cf,-184,-184百万,,,,irbank_cf=-184,https://irbank.net/E05015/results,,2026-08-31T01:24:49.228521+09:00
FY2009-10,4707,free_cf,,JPY_million,1,SINGLE_SOURCE,irbank_cf,106,106百万,,,,irbank_cf=106,https://irbank.net/E05015/results,,2026-08-31T01:24:49.228521+09:00
FY2009-10,4707,interest_bearing_debt,,JPY_million,10,SINGLE_SOURCE,irbank_bs,2970,29.7億,,,,irbank_bs=2970,https://irbank.net/E05015/results,,2026-08-31T01:24:49.228521+09:00
FY2009-10,4707,interest_bearing_debt_ratio,,x,0.0001,SINGLE_SOURCE|UNIT_CONVERTED,irbank_bs,1.6081,160.81,,,,irbank_bs=1.6081,https://irbank.net/E05015/results,,2026-08-31T01:24:49.228521+09:00
FY2009-10,4707,investing_cf,,JPY_million,0.1,SINGLE_SOURCE,irbank_cf,-7.4,-7.4百万,,,,irbank_cf=-7.4,https://irbank.net/E05015/results,,2026-08-31T01:24:49.228521+09:00
FY2009-10,4707,net_assets,,JPY_million,10,SINGLE_SOURCE,irbank_bs,1850,18.5億,,,,irbank_bs=1850,https://irbank.net/E05015/results,,2026-08-31T01:24:49.228521+09:00
FY2009-10,4707,net_income,,JPY_million,1,SINGLE_SOURCE,irbank_pl_comprehensive,11,11百万,,,,irbank_pl_comprehensive=11,https://irbank.net/E05015/results,,2026-08-31T01:24:49.228521+09:00
FY2009-10,4707,operating_cf,,JPY_million,1,SINGLE_SOURCE,irbank_cf,113,113百万,,,,irbank_cf=113,https://irbank.net/E05015/results,,2026-08-31T01:24:49.228521+09:00
FY2009-10,4707,operating_income,,JPY_million,1,SINGLE_SOURCE,irbank_pl_comprehensive,89,89百万,,,,irbank_pl_comprehensive=89,https://irbank.net/E05015/results,,2026-08-31T01:24:49.228521+09:00
FY2009-10,4707,operating_margin,,pct,0.01,SINGLE_SOURCE,irbank_pl_comprehensive,4.86,4.86,,,,irbank_pl_comprehensive=4.86,https://irbank.net/E05015/results,,2026-08-31T01:24:49.228521+09:00
FY2009-10,4707,ordinary_income,,JPY_million,1,SINGLE_SOURCE,irbank_pl_comprehensive,26,26百万,,,,irbank_pl_comprehensive=26,https://irbank.net/E05015/results,,2026-08-31T01:24:49.228521+09:00
FY2009-10,4707,retained_earnings,,JPY_million,10,SINGLE_SOURCE,irbank_bs,1190,11.9億,,,,irbank_bs=1190,https://irbank.net/E05015/results,,2026-08-31T01:24:49.228521+09:00
FY2009-10,4707,revenue,1823,JPY_million,10,OK|ROUNDING|NONCONSOLIDATED,kabutan_fy10,1823,"1,823",irbank_pl_comprehensive,1820,18.2億,kabutan_fy10=1823|irbank_pl_comprehensive=1820,https://kabutan.jp/stock/finance?code=4707,https://irbank.net/E05015/results,2026-08-31T01:24:49.228521+09:00
FY2009-10,4707,roa,,pct,0.01,SINGLE_SOURCE,irbank_pl_comprehensive,0.21,0.21,,,,irbank_pl_comprehensive=0.21,https://irbank.net/E05015/results,,2026-08-31T01:24:49.228521+09:00
FY2009-10,4707,roe,,pct,0.01,SINGLE_SOURCE,irbank_pl_comprehensive,0.62,0.62,,,,irbank_pl_comprehensive=0.62,https://irbank.net/E05015/results,,2026-08-31T01:24:49.228521+09:00
FY2009-10,4707,sga_ratio,,pct,0.01,SINGLE_SOURCE,irbank_pl_comprehensive,25.89,25.89,,,,irbank_pl_comprehensive=25.89,https://irbank.net/E05015/results,,2026-08-31T01:24:49.228521+09:00
FY2009-10,4707,shareholders_equity,,JPY_million,10,SINGLE_SOURCE,irbank_bs,1860,18.6億,,,,irbank_bs=1860,https://irbank.net/E05015/results,,2026-08-31T01:24:49.228521+09:00
FY2009-10,4707,total_assets,,JPY_million,10,SINGLE_SOURCE,irbank_bs,5410,54.1億,,,,irbank_bs=5410,https://irbank.net/E05015/results,,2026-08-31T01:24:49.228521+09:00
FY2010-10,4707,bps,,JPY,0.1,SINGLE_SOURCE,irbank_bs,313.1,313.1,,,,irbank_bs=313.1,https://irbank.net/E05015/results,,2026-08-31T01:24:49.228521+09:00
FY2010-10,4707,capex,,JPY_million,1,SINGLE_SOURCE,irbank_cf,-33,-33百万,,,,irbank_cf=-33,https://irbank.net/E05015/results,,2026-08-31T01:24:49.228521+09:00
FY2010-10,4707,cash_equivalents,,JPY_million,1,SINGLE_SOURCE,irbank_cf,70,70百万,,,,irbank_cf=70,https://irbank.net/E05015/results,,2026-08-31T01:24:49.228521+09:00
FY2010-10,4707,cost_ratio,,pct,0.01,SINGLE_SOURCE,irbank_pl_comprehensive,69.35,69.35,,,,irbank_pl_comprehensive=69.35,https://irbank.net/E05015/results,,2026-08-31T01:24:49.228521+09:00
FY2010-10,4707,eps,,JPY,0.01,SINGLE_SOURCE,irbank_pl_comprehensive,8.85,8.85,,,,irbank_pl_comprehensive=8.85,https://irbank.net/E05015/results,,2026-08-31T01:24:49.228521+09:00
FY2010-10,4707,equity_ratio,,pct,0.1,SINGLE_SOURCE,irbank_bs,35.7,35.7,,,,irbank_bs=35.7,https://irbank.net/E05015/results,,2026-08-31T01:24:49.228521+09:00
FY2010-10,4707,financing_cf,,JPY_million,1,SINGLE_SOURCE,irbank_cf,-202,-202百万,,,,irbank_cf=-202,https://irbank.net/E05015/results,,2026-08-31T01:24:49.228521+09:00
FY2010-10,4707,free_cf,,JPY_million,1,SINGLE_SOURCE,irbank_cf,208,208百万,,,,irbank_cf=208,https://irbank.net/E05015/results,,2026-08-31T01:24:49.228521+09:00
FY2010-10,4707,interest_bearing_debt,,JPY_million,100,SINGLE_SOURCE,irbank_bs,2800,28億,,,,irbank_bs=2800,https://irbank.net/E05015/results,,2026-08-31T01:24:49.228521+09:00
FY2010-10,4707,interest_bearing_debt_ratio,,x,0.0001,SINGLE_SOURCE|UNIT_CONVERTED,irbank_bs,1.4997,149.97,,,,irbank_bs=1.4997,https://irbank.net/E05015/results,,2026-08-31T01:24:49.228521+09:00
FY2010-10,4707,investing_cf,,JPY_million,1,SINGLE_SOURCE,irbank_cf,-56,-56百万,,,,irbank_cf=-56,https://irbank.net/E05015/results,,2026-08-31T01:24:49.228521+09:00
FY2010-10,4707,net_assets,,JPY_million,10,SINGLE_SOURCE,irbank_bs,1870,18.7億,,,,irbank_bs=1870,https://irbank.net/E05015/results,,2026-08-31T01:24:49.228521+09:00
FY2010-10,4707,net_income,,JPY_million,1,SINGLE_SOURCE,irbank_pl_comprehensive,53,53百万,,,,irbank_pl_comprehensive=53,https://irbank.net/E05015/results,,2026-08-31T01:24:49.228521+09:00
FY2010-10,4707,operating_cf,,JPY_million,1,SINGLE_SOURCE,irbank_cf,264,264百万,,,,irbank_cf=264,https://irbank.net/E05015/results,,2026-08-31T01:24:49.228521+09:00
FY2010-10,4707,operating_income,,JPY_million,1,SINGLE_SOURCE,irbank_pl_comprehensive,144,144百万,,,,irbank_pl_comprehensive=144,https://irbank.net/E05015/results,,2026-08-31T01:24:49.228521+09:00
FY2010-10,4707,operating_margin,,pct,0.1,SINGLE_SOURCE,irbank_pl_comprehensive,7.3,7.3,,,,irbank_pl_comprehensive=7.3,https://irbank.net/E05015/results,,2026-08-31T01:24:49.228521+09:00
FY2010-10,4707,ordinary_income,,JPY_million,1,SINGLE_SOURCE,irbank_pl_comprehensive,88,88百万,,,,irbank_pl_comprehensive=88,https://irbank.net/E05015/results,,2026-08-31T01:24:49.228521+09:00
FY2010-10,4707,retained_earnings,,JPY_million,10,SINGLE_SOURCE,irbank_bs,1210,12.1億,,,,irbank_bs=1210,https://irbank.net/E05015/results,,2026-08-31T01:24:49.228521+09:00
FY2010-10,4707,revenue,1969,JPY_million,10,OK|ROUNDING|NONCONSOLIDATED,kabutan_fy10,1969,"1,969",irbank_pl_comprehensive,1970,19.7億,kabutan_fy10=1969|irbank_pl_comprehensive=1970,https://kabutan.jp/stock/finance?code=4707,https://irbank.net/E05015/results,2026-08-31T01:24:49.228521+09:00
FY2010-10,4707,roa,,pct,0.01,SINGLE_SOURCE,irbank_pl_comprehensive,1.01,1.01,,,,irbank_pl_comprehensive=1.01,https://irbank.net/E05015/results,,2026-08-31T01:24:49.228521+09:00
FY2010-10,4707,roe,,pct,0.01,SINGLE_SOURCE,irbank_pl_comprehensive,2.83,2.83,,,,irbank_pl_comprehensive=2.83,https://irbank.net/E05015/results,,2026-08-31T01:24:49.228521+09:00
FY2010-10,4707,sga_ratio,,pct,0.01,SINGLE_SOURCE,irbank_pl_comprehensive,23.35,23.35,,,,irbank_pl_comprehensive=23.35,https://irbank.net/E05015/results,,2026-08-31T01:24:49.228521+09:00
FY2010-10,4707,shareholders_equity,,JPY_million,10,SINGLE_SOURCE,irbank_bs,1890,18.9億,,,,irbank_bs=1890,https://irbank.net/E05015/results,,2026-08-31T01:24:49.228521+09:00
FY2010-10,4707,total_assets,,JPY_million,10,SINGLE_SOURCE,irbank_bs,5230,52.3億,,,,irbank_bs=5230,https://irbank.net/E05015/results,,2026-08-31T01:24:49.228521+09:00
FY2011-10,4707,bps,,JPY,0.01,SINGLE_SOURCE,irbank_bs,295.33,295.33,,,,irbank_bs=295.33,https://irbank.net/E05015/results,,2026-08-31T01:24:49.228521+09:00
FY2011-10,4707,capex,,JPY_million,1,SINGLE_SOURCE,irbank_cf,-53,-53百万,,,,irbank_cf=-53,https://irbank.net/E05015/results,,2026-08-31T01:24:49.228521+09:00
FY2011-10,4707,cash_equivalents,,JPY_million,1,SINGLE_SOURCE,irbank_cf,40,40百万,,,,irbank_cf=40,https://irbank.net/E05015/results,,2026-08-31T01:24:49.228521+09:00
FY2011-10,4707,cost_ratio,,pct,0.01,SINGLE_SOURCE,irbank_pl_comprehensive,68.76,68.76,,,,irbank_pl_comprehensive=68.76,https://irbank.net/E05015/results,,2026-08-31T01:24:49.228521+09:00
FY2011-10,4707,eps,,JPY,0.01,SINGLE_SOURCE,irbank_pl_comprehensive,-13.38,-13.38,,,,irbank_pl_comprehensive=-13.38,https://irbank.net/E05015/results,,2026-08-31T01:24:49.228521+09:00
FY2011-10,4707,equity_ratio,,pct,0.1,SINGLE_SOURCE,irbank_bs,33.7,33.7,,,,irbank_bs=33.7,https://irbank.net/E05015/results,,2026-08-31T01:24:49.228521+09:00
FY2011-10,4707,financing_cf,,JPY_million,0.1,SINGLE_SOURCE,irbank_cf,-2.7,-2.7百万,,,,irbank_cf=-2.7,https://irbank.net/E05015/results,,2026-08-31T01:24:49.228521+09:00
FY2011-10,4707,free_cf,,JPY_million,1,SINGLE_SOURCE,irbank_cf,-27,-27百万,,,,irbank_cf=-27,https://irbank.net/E05015/results,,2026-08-31T01:24:49.228521+09:00
FY2011-10,4707,interest_bearing_debt,,JPY_million,10,SINGLE_SOURCE,irbank_bs,2830,28.3億,,,,irbank_bs=2830,https://irbank.net/E05015/results,,2026-08-31T01:24:49.228521+09:00
FY2011-10,4707,interest_bearing_debt_ratio,,x,0.001,SINGLE_SOURCE|UNIT_CONVERTED,irbank_bs,1.607,160.7,,,,irbank_bs=1.607,https://irbank.net/E05015/results,,2026-08-31T01:24:49.228521+09:00
FY2011-10,4707,investing_cf,,JPY_million,1,SINGLE_SOURCE,irbank_cf,-38,-38百万,,,,irbank_cf=-38,https://irbank.net/E05015/results,,2026-08-31T01:24:49.228521+09:00
FY2011-10,4707,net_assets,,JPY_million,10,SINGLE_SOURCE,irbank_bs,1760,17.6億,,,,irbank_bs=1760,https://irbank.net/E05015/results,,2026-08-31T01:24:49.228521+09:00
FY2011-10,4707,net_income,,JPY_million,1,SINGLE_SOURCE,irbank_pl_comprehensive,-80,-80百万,,,,irbank_pl_comprehensive=-80,https://irbank.net/E05015/results,,2026-08-31T01:24:49.228521+09:00
FY2011-10,4707,operating_cf,,JPY_million,1,SINGLE_SOURCE,irbank_cf,11,11百万,,,,irbank_cf=11,https://irbank.net/E05015/results,,2026-08-31T01:24:49.228521+09:00
FY2011-10,4707,operating_income,,JPY_million,1,SINGLE_SOURCE,irbank_pl_comprehensive,130,130百万,,,,irbank_pl_comprehensive=130,https://irbank.net/E05015/results,,2026-08-31T01:24:49.228521+09:00
FY2011-10,4707,operating_margin,,pct,0.01,SINGLE_SOURCE,irbank_pl_comprehensive,7.04,7.04,,,,irbank_pl_comprehensive=7.04,https://irbank.net/E05015/results,,2026-08-31T01:24:49.228521+09:00
FY2011-10,4707,ordinary_income,,JPY_million,1,SINGLE_SOURCE,irbank_pl_comprehensive,71,71百万,,,,irbank_pl_comprehensive=71,https://irbank.net/E05015/results,,2026-08-31T01:24:49.228521+09:00
FY2011-10,4707,retained_earnings,,JPY_million,100,SINGLE_SOURCE,irbank_bs,1100,11億,,,,irbank_bs=1100,https://irbank.net/E05015/results,,2026-08-31T01:24:49.228521+09:00
FY2011-10,4707,revenue,1844,JPY_million,10,OK|ROUNDING|NONCONSOLIDATED,kabutan_fy10,1844,"1,844",irbank_pl_comprehensive,1840,18.4億,kabutan_fy10=1844|irbank_pl_comprehensive=1840,https://kabutan.jp/stock/finance?code=4707,https://irbank.net/E05015/results,2026-08-31T01:24:49.228521+09:00
FY2011-10,4707,sga_ratio,,pct,0.1,SINGLE_SOURCE,irbank_pl_comprehensive,24.2,24.2,,,,irbank_pl_comprehensive=24.2,https://irbank.net/E05015/results,,2026-08-31T01:24:49.228521+09:00
FY2011-10,4707,shareholders_equity,,JPY_million,10,SINGLE_SOURCE,irbank_bs,1780,17.8億,,,,irbank_bs=1780,https://irbank.net/E05015/results,,2026-08-31T01:24:49.228521+09:00
FY2011-10,4707,total_assets,,JPY_million,10,SINGLE_SOURCE,irbank_bs,5240,52.4億,,,,irbank_bs=5240,https://irbank.net/E05015/results,,2026-08-31T01:24:49.228521+09:00
FY2012-10,4707,bps,,JPY,0.01,SINGLE_SOURCE,irbank_bs,298.42,298.42,,,,irbank_bs=298.42,https://irbank.net/E05015/results,,2026-08-31T01:24:49.228521+09:00
FY2012-10,4707,capex,,JPY_million,1,SINGLE_SOURCE,irbank_cf,-18,-18百万,,,,irbank_cf=-18,https://irbank.net/E05015/results,,2026-08-31T01:24:49.228521+09:00
FY2012-10,4707,cash_equivalents,,JPY_million,1,SINGLE_SOURCE,irbank_cf,60,60百万,,,,irbank_cf=60,https://irbank.net/E05015/results,,2026-08-31T01:24:49.228521+09:00
FY2012-10,4707,cost_ratio,,pct,0.01,SINGLE_SOURCE,irbank_pl_comprehensive,67.29,67.29,,,,irbank_pl_comprehensive=67.29,https://irbank.net/E05015/results,,2026-08-31T01:24:49.228521+09:00
FY2012-10,4707,eps,,JPY,0.01,SINGLE_SOURCE,irbank_pl_comprehensive,5.12,5.12,,,,irbank_pl_comprehensive=5.12,https://irbank.net/E05015/results,,2026-08-31T01:24:49.228521+09:00
FY2012-10,4707,equity_ratio,,pct,0.1,SINGLE_SOURCE,irbank_bs,35.8,35.8,,,,irbank_bs=35.8,https://irbank.net/E05015/results,,2026-08-31T01:24:49.228521+09:00
FY2012-10,4707,financing_cf,,JPY_million,1,SINGLE_SOURCE,irbank_cf,-432,-432百万,,,,irbank_cf=-432,https://irbank.net/E05015/results,,2026-08-31T01:24:49.228521+09:00
FY2012-10,4707,free_cf,,JPY_million,1,SINGLE_SOURCE,irbank_cf,451,451百万,,,,irbank_cf=451,https://irbank.net/E05015/results,,2026-08-31T01:24:49.228521+09:00
FY2012-10,4707,interest_bearing_debt,,JPY_million,10,SINGLE_SOURCE,irbank_bs,2440,24.4億,,,,irbank_bs=2440,https://irbank.net/E05015/results,,2026-08-31T01:24:49.228521+09:00
FY2012-10,4707,interest_bearing_debt_ratio,,x,0.0001,SINGLE_SOURCE|UNIT_CONVERTED,irbank_bs,1.3689,136.89,,,,irbank_bs=1.3689,https://irbank.net/E05015/results,,2026-08-31T01:24:49.228521+09:00
FY2012-10,4707,investing_cf,,JPY_million,1,SINGLE_SOURCE,irbank_cf,-61,-61百万,,,,irbank_cf=-61,https://irbank.net/E05015/results,,2026-08-31T01:24:49.228521+09:00
FY2012-10,4707,net_assets,,JPY_million,10,SINGLE_SOURCE,irbank_bs,1780,17.8億,,,,irbank_bs=1780,https://irbank.net/E05015/results,,2026-08-31T01:24:49.228521+09:00
FY2012-10,4707,net_income,,JPY_million,1,SINGLE_SOURCE,irbank_pl_comprehensive,31,31百万,,,,irbank_pl_comprehensive=31,https://irbank.net/E05015/results,,2026-08-31T01:24:49.228521+09:00
FY2012-10,4707,operating_cf,,JPY_million,1,SINGLE_SOURCE,irbank_cf,513,513百万,,,,irbank_cf=513,https://irbank.net/E05015/results,,2026-08-31T01:24:49.228521+09:00
FY2012-10,4707,operating_income,,JPY_million,1,SINGLE_SOURCE,irbank_pl_comprehensive,187,187百万,,,,irbank_pl_comprehensive=187,https://irbank.net/E05015/results,,2026-08-31T01:24:49.228521+09:00
FY2012-10,4707,operating_margin,,pct,0.01,SINGLE_SOURCE,irbank_pl_comprehensive,9.43,9.43,,,,irbank_pl_comprehensive=9.43,https://irbank.net/E05015/results,,2026-08-31T01:24:49.228521+09:00
FY2012-10,4707,ordinary_income,,JPY_million,1,SINGLE_SOURCE,irbank_pl_comprehensive,136,136百万,,,,irbank_pl_comprehensive=136,https://irbank.net/E05015/results,,2026-08-31T01:24:49.228521+09:00
FY2012-10,4707,retained_earnings,,JPY_million,10,SINGLE_SOURCE,irbank_bs,1110,11.1億,,,,irbank_bs=1110,https://irbank.net/E05015/results,,2026-08-31T01:24:49.228521+09:00
FY2012-10,4707,revenue,1984,JPY_million,10,OK|ROUNDING|NONCONSOLIDATED,kabutan_fy10,1984,"1,984",irbank_pl_comprehensive,1980,19.8億,kabutan_fy10=1984|irbank_pl_comprehensive=1980,https://kabutan.jp/stock/finance?code=4707,https://irbank.net/E05015/results,2026-08-31T01:24:49.228521+09:00
FY2012-10,4707,roa,,pct,0.01,SINGLE_SOURCE,irbank_pl_comprehensive,0.61,0.61,,,,irbank_pl_comprehensive=0.61,https://irbank.net/E05015/results,,2026-08-31T01:24:49.228521+09:00
FY2012-10,4707,roe,,pct,0.01,SINGLE_SOURCE,irbank_pl_comprehensive,1.71,1.71,,,,irbank_pl_comprehensive=1.71,https://irbank.net/E05015/results,,2026-08-31T01:24:49.228521+09:00
FY2012-10,4707,sga_ratio,,pct,0.01,SINGLE_SOURCE,irbank_pl_comprehensive,23.29,23.29,,,,irbank_pl_comprehensive=23.29,https://irbank.net/E05015/results,,2026-08-31T01:24:49.228521+09:00
FY2012-10,4707,shareholders_equity,,JPY_million,10,SINGLE_SOURCE,irbank_bs,1780,17.8億,,,,irbank_bs=1780,https://irbank.net/E05015/results,,2026-08-31T01:24:49.228521+09:00
FY2012-10,4707,total_assets,,JPY_million,10,SINGLE_SOURCE,irbank_bs,4980,49.8億,,,,irbank_bs=4980,https://irbank.net/E05015/results,,2026-08-31T01:24:49.228521+09:00
FY2013-10,4707,bps,,JPY,0.01,SINGLE_SOURCE,irbank_bs,328.06,328.06,,,,irbank_bs=328.06,https://irbank.net/E05015/results,,2026-08-31T01:24:49.228521+09:00
FY2013-10,4707,capex,,JPY_million,1,SINGLE_SOURCE,irbank_cf,-44,-44百万,,,,irbank_cf=-44,https://irbank.net/E05015/results,,2026-08-31T01:24:49.228521+09:00
FY2013-10,4707,cash_equivalents,,JPY_million,1,SINGLE_SOURCE,irbank_cf,52,52百万,,,,irbank_cf=52,https://irbank.net/E05015/results,,2026-08-31T01:24:49.228521+09:00
FY2013-10,4707,cost_ratio,,pct,0.01,SINGLE_SOURCE,irbank_pl_comprehensive,69.77,69.77,,,,irbank_pl_comprehensive=69.77,https://irbank.net/E05015/results,,2026-08-31T01:24:49.228521+09:00
FY2013-10,4707,eps,,JPY,0.01,SINGLE_SOURCE,irbank_pl_comprehensive,11.47,11.47,,,,irbank_pl_comprehensive=11.47,https://irbank.net/E05015/results,,2026-08-31T01:24:49.228521+09:00
FY2013-10,4707,equity_ratio,,pct,0.1,SINGLE_SOURCE,irbank_bs,35.2,35.2,,,,irbank_bs=35.2,https://irbank.net/E05015/results,,2026-08-31T01:24:49.228521+09:00
FY2013-10,4707,financing_cf,,JPY_million,1,SINGLE_SOURCE,irbank_cf,133,133百万,,,,irbank_cf=133,https://irbank.net/E05015/results,,2026-08-31T01:24:49.228521+09:00
FY2013-10,4707,free_cf,,JPY_million,1,SINGLE_SOURCE,irbank_cf,-140,-140百万,,,,irbank_cf=-140,https://irbank.net/E05015/results,,2026-08-31T01:24:49.228521+09:00
FY2013-10,4707,interest_bearing_debt,,JPY_million,10,SINGLE_SOURCE,irbank_bs,2620,26.2億,,,,irbank_bs=2620,https://irbank.net/E05015/results,,2026-08-31T01:24:49.228521+09:00
FY2013-10,4707,interest_bearing_debt_ratio,,x,0.0001,SINGLE_SOURCE|UNIT_CONVERTED,irbank_bs,1.4271,142.71,,,,irbank_bs=1.4271,https://irbank.net/E05015/results,,2026-08-31T01:24:49.228521+09:00
FY2013-10,4707,investing_cf,,JPY_million,1,SINGLE_SOURCE,irbank_cf,-50,-50百万,,,,irbank_cf=-50,https://irbank.net/E05015/results,,2026-08-31T01:24:49.228521+09:00
FY2013-10,4707,net_assets,,JPY_million,10,SINGLE_SOURCE,irbank_bs,1840,18.4億,,,,irbank_bs=1840,https://irbank.net/E05015/results,,2026-08-31T01:24:49.228521+09:00
FY2013-10,4707,net_income,,JPY_million,1,SINGLE_SOURCE,irbank_pl_comprehensive,64,64百万,,,,irbank_pl_comprehensive=64,https://irbank.net/E05015/results,,2026-08-31T01:24:49.228521+09:00
FY2013-10,4707,operating_cf,,JPY_million,1,SINGLE_SOURCE,irbank_cf,-91,-91百万,,,,irbank_cf=-91,https://irbank.net/E05015/results,,2026-08-31T01:24:49.228521+09:00
FY2013-10,4707,operating_income,,JPY_million,1,SINGLE_SOURCE,irbank_pl_comprehensive,192,192百万,,,,irbank_pl_comprehensive=192,https://irbank.net/E05015/results,,2026-08-31T01:24:49.228521+09:00
FY2013-10,4707,operating_margin,,pct,0.01,SINGLE_SOURCE,irbank_pl_comprehensive,8.64,8.64,,,,irbank_pl_comprehensive=8.64,https://irbank.net/E05015/results,,2026-08-31T01:24:49.228521+09:00
FY2013-10,4707,ordinary_income,,JPY_million,1,SINGLE_SOURCE,irbank_pl_comprehensive,156,156百万,,,,irbank_pl_comprehensive=156,https://irbank.net/E05015/results,,2026-08-31T01:24:49.228521+09:00
FY2013-10,4707,retained_earnings,,JPY_million,10,SINGLE_SOURCE,irbank_bs,1140,11.4億,,,,irbank_bs=1140,https://irbank.net/E05015/results,,2026-08-31T01:24:49.228521+09:00
FY2013-10,4707,revenue,2219,JPY_million,10,OK|ROUNDING|NONCONSOLIDATED,kabutan_fy10,2219,"2,219",irbank_pl_comprehensive,2220,22.2億,kabutan_fy10=2219|irbank_pl_comprehensive=2220,https://kabutan.jp/stock/finance?code=4707,https://irbank.net/E05015/results,2026-08-31T01:24:49.228521+09:00
FY2013-10,4707,roa,,pct,0.01,SINGLE_SOURCE,irbank_pl_comprehensive,1.23,1.23,,,,irbank_pl_comprehensive=1.23,https://irbank.net/E05015/results,,2026-08-31T01:24:49.228521+09:00
FY2013-10,4707,roe,,pct,0.1,SINGLE_SOURCE,irbank_pl_comprehensive,3.5,3.5,,,,irbank_pl_comprehensive=3.5,https://irbank.net/E05015/results,,2026-08-31T01:24:49.228521+09:00
FY2013-10,4707,sga_ratio,,pct,0.1,SINGLE_SOURCE,irbank_pl_comprehensive,21.6,21.6,,,,irbank_pl_comprehensive=21.6,https://irbank.net/E05015/results,,2026-08-31T01:24:49.228521+09:00
FY2013-10,4707,shareholders_equity,,JPY_million,10,SINGLE_SOURCE,irbank_bs,1820,18.2億,,,,irbank_bs=1820,https://irbank.net/E05015/results,,2026-08-31T01:24:49.228521+09:00
FY2013-10,4707,total_assets,,JPY_million,10,SINGLE_SOURCE,irbank_bs,5220,52.2億,,,,irbank_bs=5220,https://irbank.net/E05015/results,,2026-08-31T01:24:49.228521+09:00
FY2014-10,4707,bps,,JPY,0.01,SINGLE_SOURCE,irbank_bs,349.42,349.42,,,,irbank_bs=349.42,https://irbank.net/E05015/results,,2026-08-31T01:24:49.228521+09:00
FY2014-10,4707,capex,,JPY_million,1,SINGLE_SOURCE,irbank_cf,-24,-24百万,,,,irbank_cf=-24,https://irbank.net/E05015/results,,2026-08-31T01:24:49.228521+09:00
FY2014-10,4707,cash_equivalents,,JPY_million,1,SINGLE_SOURCE,irbank_cf,152,152百万,,,,irbank_cf=152,https://irbank.net/E05015/results,,2026-08-31T01:24:49.228521+09:00
FY2014-10,4707,cost_ratio,,pct,0.1,SINGLE_SOURCE,irbank_pl_comprehensive,66.9,66.9,,,,irbank_pl_comprehensive=66.9,https://irbank.net/E05015/results,,2026-08-31T01:24:49.228521+09:00
FY2014-10,4707,eps,,JPY,0.01,SINGLE_SOURCE,irbank_pl_comprehensive,26.28,26.28,,,,irbank_pl_comprehensive=26.28,https://irbank.net/E05015/results,,2026-08-31T01:24:49.228521+09:00
FY2014-10,4707,equity_ratio,,pct,0.1,SINGLE_SOURCE,irbank_bs,36.4,36.4,,,,irbank_bs=36.4,https://irbank.net/E05015/results,,2026-08-31T01:24:49.228521+09:00
FY2014-10,4707,financing_cf,,JPY_million,1,SINGLE_SOURCE,irbank_cf,-89,-89百万,,,,irbank_cf=-89,https://irbank.net/E05015/results,,2026-08-31T01:24:49.228521+09:00
FY2014-10,4707,free_cf,,JPY_million,1,SINGLE_SOURCE,irbank_cf,188,188百万,,,,irbank_cf=188,https://irbank.net/E05015/results,,2026-08-31T01:24:49.228521+09:00
FY2014-10,4707,interest_bearing_debt,,JPY_million,10,SINGLE_SOURCE,irbank_bs,2570,25.7億,,,,irbank_bs=2570,https://irbank.net/E05015/results,,2026-08-31T01:24:49.228521+09:00
FY2014-10,4707,interest_bearing_debt_ratio,,x,0.0001,SINGLE_SOURCE|UNIT_CONVERTED,irbank_bs,1.3141,131.41,,,,irbank_bs=1.3141,https://irbank.net/E05015/results,,2026-08-31T01:24:49.228521+09:00
FY2014-10,4707,investing_cf,,JPY_million,1,SINGLE_SOURCE,irbank_cf,-150,-150百万,,,,irbank_cf=-150,https://irbank.net/E05015/results,,2026-08-31T01:24:49.228521+09:00
FY2014-10,4707,net_assets,,JPY_million,10,SINGLE_SOURCE,irbank_bs,1960,19.6億,,,,irbank_bs=1960,https://irbank.net/E05015/results,,2026-08-31T01:24:49.228521+09:00
FY2014-10,4707,net_income,,JPY_million,1,SINGLE_SOURCE,irbank_pl_comprehensive,147,147百万,,,,irbank_pl_comprehensive=147,https://irbank.net/E05015/results,,2026-08-31T01:24:49.228521+09:00
FY2014-10,4707,operating_cf,,JPY_million,1,SINGLE_SOURCE,irbank_cf,338,338百万,,,,irbank_cf=338,https://irbank.net/E05015/results,,2026-08-31T01:24:49.228521+09:00
FY2014-10,4707,operating_income,,JPY_million,1,SINGLE_SOURCE,irbank_pl_comprehensive,275,275百万,,,,irbank_pl_comprehensive=275,https://irbank.net/E05015/results,,2026-08-31T01:24:49.228521+09:00
FY2014-10,4707,operating_margin,,pct,0.01,SINGLE_SOURCE,irbank_pl_comprehensive,11.36,11.36,,,,irbank_pl_comprehensive=11.36,https://irbank.net/E05015/results,,2026-08-31T01:24:49.228521+09:00
FY2014-10,4707,ordinary_income,,JPY_million,1,SINGLE_SOURCE,irbank_pl_comprehensive,238,238百万,,,,irbank_pl_comprehensive=238,https://irbank.net/E05015/results,,2026-08-31T01:24:49.228521+09:00
FY2014-10,4707,retained_earnings,,JPY_million,10,SINGLE_SOURCE,irbank_bs,1260,12.6億,,,,irbank_bs=1260,https://irbank.net/E05015/results,,2026-08-31T01:24:49.228521+09:00
FY2014-10,4707,revenue,2421,JPY_million,10,OK|ROUNDING|NONCONSOLIDATED,kabutan_fy10,2421,"2,421",irbank_pl_comprehensive,2420,24.2億,kabutan_fy10=2421|irbank_pl_comprehensive=2420,https://kabutan.jp/stock/finance?code=4707,https://irbank.net/E05015/results,2026-08-31T01:24:49.228521+09:00
FY2014-10,4707,roa,,pct,0.01,SINGLE_SOURCE,irbank_pl_comprehensive,2.74,2.74,,,,irbank_pl_comprehensive=2.74,https://irbank.net/E05015/results,,2026-08-31T01:24:49.228521+09:00
FY2014-10,4707,roe,,pct,0.01,SINGLE_SOURCE,irbank_pl_comprehensive,7.52,7.52,,,,irbank_pl_comprehensive=7.52,https://irbank.net/E05015/results,,2026-08-31T01:24:49.228521+09:00
FY2014-10,4707,sga_ratio,,pct,0.01,SINGLE_SOURCE,irbank_pl_comprehensive,21.73,21.73,,,,irbank_pl_comprehensive=21.73,https://irbank.net/E05015/results,,2026-08-31T01:24:49.228521+09:00
FY2014-10,4707,shareholders_equity,,JPY_million,10,SINGLE_SOURCE,irbank_bs,1940,19.4億,,,,irbank_bs=1940,https://irbank.net/E05015/results,,2026-08-31T01:24:49.228521+09:00
FY2014-10,4707,total_assets,,JPY_million,10,SINGLE_SOURCE,irbank_bs,5370,53.7億,,,,irbank_bs=5370,https://irbank.net/E05015/results,,2026-08-31T01:24:49.228521+09:00
FY2015-10,4707,bps,,JPY,0.01,SINGLE_SOURCE,irbank_bs,362.94,362.94,,,,irbank_bs=362.94,https://irbank.net/E05015/results,,2026-08-31T01:24:49.228521+09:00
FY2015-10,4707,capex,,JPY_million,1,SINGLE_SOURCE,irbank_cf,-30,-30百万,,,,irbank_cf=-30,https://irbank.net/E05015/results,,2026-08-31T01:24:49.228521+09:00
FY2015-10,4707,cash_equivalents,,JPY_million,1,SINGLE_SOURCE,irbank_cf,151,151百万,,,,irbank_cf=151,https://irbank.net/E05015/results,,2026-08-31T01:24:49.228521+09:00
FY2015-10,4707,cost_ratio,,pct,1,SINGLE_SOURCE,irbank_pl_comprehensive,71,71,,,,irbank_pl_comprehensive=71,https://irbank.net/E05015/results,,2026-08-31T01:24:49.228521+09:00
FY2015-10,4707,eps,,JPY,0.01,SINGLE_SOURCE,irbank_pl_comprehensive,15.52,15.52,,,,irbank_pl_comprehensive=15.52,https://irbank.net/E05015/results,,2026-08-31T01:24:49.228521+09:00
FY2015-10,4707,equity_ratio,,pct,0.1,SINGLE_SOURCE,irbank_bs,37.5,37.5,,,,irbank_bs=37.5,https://irbank.net/E05015/results,,2026-08-31T01:24:49.228521+09:00
FY2015-10,4707,financing_cf,,JPY_million,1,SINGLE_SOURCE,irbank_cf,-76,-76百万,,,,irbank_cf=-76,https://irbank.net/E05015/results,,2026-08-31T01:24:49.228521+09:00
FY2015-10,4707,free_cf,,JPY_million,1,SINGLE_SOURCE,irbank_cf,76,76百万,,,,irbank_cf=76,https://irbank.net/E05015/results,,2026-08-31T01:24:49.228521+09:00
FY2015-10,4707,interest_bearing_debt,,JPY_million,10,SINGLE_SOURCE,irbank_bs,2550,25.5億,,,,irbank_bs=2550,https://irbank.net/E05015/results,,2026-08-31T01:24:49.228521+09:00
FY2015-10,4707,interest_bearing_debt_ratio,,x,0.0001,SINGLE_SOURCE|UNIT_CONVERTED,irbank_bs,1.2545,125.45,,,,irbank_bs=1.2545,https://irbank.net/E05015/results,,2026-08-31T01:24:49.228521+09:00
FY2015-10,4707,investing_cf,,JPY_million,1,SINGLE_SOURCE,irbank_cf,-30,-30百万,,,,irbank_cf=-30,https://irbank.net/E05015/results,,2026-08-31T01:24:49.228521+09:00
FY2015-10,4707,net_assets,,JPY_million,10,SINGLE_SOURCE,irbank_bs,2030,20.3億,,,,irbank_bs=2030,https://irbank.net/E05015/results,,2026-08-31T01:24:49.228521+09:00
FY2015-10,4707,net_income,,JPY_million,1,SINGLE_SOURCE,irbank_pl_comprehensive,87,87百万,,,,irbank_pl_comprehensive=87,https://irbank.net/E05015/results,,2026-08-31T01:24:49.228521+09:00
FY2015-10,4707,operating_cf,,JPY_million,1,SINGLE_SOURCE,irbank_cf,105,105百万,,,,irbank_cf=105,https://irbank.net/E05015/results,,2026-08-31T01:24:49.228521+09:00
FY2015-10,4707,operating_income,,JPY_million,1,SINGLE_SOURCE,irbank_pl_comprehensive,189,189百万,,,,irbank_pl_comprehensive=189,https://irbank.net/E05015/results,,2026-08-31T01:24:49.228521+09:00
FY2015-10,4707,operating_margin,,pct,0.01,SINGLE_SOURCE,irbank_pl_comprehensive,7.73,7.73,,,,irbank_pl_comprehensive=7.73,https://irbank.net/E05015/results,,2026-08-31T01:24:49.228521+09:00
FY2015-10,4707,ordinary_income,,JPY_million,1,SINGLE_SOURCE,irbank_pl_comprehensive,149,149百万,,,,irbank_pl_comprehensive=149,https://irbank.net/E05015/results,,2026-08-31T01:24:49.228521+09:00
FY2015-10,4707,retained_earnings,,JPY_million,10,SINGLE_SOURCE,irbank_bs,1310,13.1億,,,,irbank_bs=1310,https://irbank.net/E05015/results,,2026-08-31T01:24:49.228521+09:00
FY2015-10,4707,revenue,2446,JPY_million,10,OK|ROUNDING|NONCONSOLIDATED,kabutan_fy10,2446,"2,446",irbank_pl_comprehensive,2450,24.5億,kabutan_fy10=2446|irbank_pl_comprehensive=2450,https://kabutan.jp/stock/finance?code=4707,https://irbank.net/E05015/results,2026-08-31T01:24:49.228521+09:00
FY2015-10,4707,roa,,pct,0.1,SINGLE_SOURCE,irbank_pl_comprehensive,1.6,1.6,,,,irbank_pl_comprehensive=1.6,https://irbank.net/E05015/results,,2026-08-31T01:24:49.228521+09:00
FY2015-10,4707,roe,,pct,0.01,SINGLE_SOURCE,irbank_pl_comprehensive,4.28,4.28,,,,irbank_pl_comprehensive=4.28,https://irbank.net/E05015/results,,2026-08-31T01:24:49.228521+09:00
FY2015-10,4707,sga_ratio,,pct,0.01,SINGLE_SOURCE,irbank_pl_comprehensive,21.26,21.26,,,,irbank_pl_comprehensive=21.26,https://irbank.net/E05015/results,,2026-08-31T01:24:49.228521+09:00
FY2015-10,4707,shareholders_equity,,JPY_million,10,SINGLE_SOURCE,irbank_bs,1980,19.8億,,,,irbank_bs=1980,https://irbank.net/E05015/results,,2026-08-31T01:24:49.228521+09:00
FY2015-10,4707,total_assets,,JPY_million,10,SINGLE_SOURCE,irbank_bs,5420,54.2億,,,,irbank_bs=5420,https://irbank.net/E05015/results,,2026-08-31T01:24:49.228521+09:00
FY2016-10,4707,bps,,JPY,0.01,SINGLE_SOURCE,irbank_bs,378.06,378.06,,,,irbank_bs=378.06,https://irbank.net/E05015/results,,2026-08-31T01:24:49.228521+09:00
FY2016-10,4707,capex,,JPY_million,1,SINGLE_SOURCE,irbank_cf,-20,-20百万,,,,irbank_cf=-20,https://irbank.net/E05015/results,,2026-08-31T01:24:49.228521+09:00
FY2016-10,4707,cash_equivalents,,JPY_million,1,SINGLE_SOURCE,irbank_cf,71,71百万,,,,irbank_cf=71,https://irbank.net/E05015/results,,2026-08-31T01:24:49.228521+09:00
FY2016-10,4707,cost_ratio,,pct,0.01,SINGLE_SOURCE,irbank_pl_comprehensive,68.81,68.81,,,,irbank_pl_comprehensive=68.81,https://irbank.net/E05015/results,,2026-08-31T01:24:49.228521+09:00
FY2016-10,4707,eps,,JPY,0.01,SINGLE_SOURCE,irbank_pl_comprehensive,22.56,22.56,,,,irbank_pl_comprehensive=22.56,https://irbank.net/E05015/results,,2026-08-31T01:24:49.228521+09:00
FY2016-10,4707,equity_ratio,,pct,0.1,SINGLE_SOURCE,irbank_bs,39.9,39.9,,,,irbank_bs=39.9,https://irbank.net/E05015/results,,2026-08-31T01:24:49.228521+09:00
FY2016-10,4707,financing_cf,,JPY_million,1,SINGLE_SOURCE,irbank_cf,-315,-315百万,,,,irbank_cf=-315,https://irbank.net/E05015/results,,2026-08-31T01:24:49.228521+09:00
FY2016-10,4707,free_cf,,JPY_million,1,SINGLE_SOURCE,irbank_cf,235,235百万,,,,irbank_cf=235,https://irbank.net/E05015/results,,2026-08-31T01:24:49.228521+09:00
FY2016-10,4707,interest_bearing_debt,,JPY_million,10,SINGLE_SOURCE,irbank_bs,2280,22.8億,,,,irbank_bs=2280,https://irbank.net/E05015/results,,2026-08-31T01:24:49.228521+09:00
FY2016-10,4707,interest_bearing_debt_ratio,,x,0.0001,SINGLE_SOURCE|UNIT_CONVERTED,irbank_bs,1.0768,107.68,,,,irbank_bs=1.0768,https://irbank.net/E05015/results,,2026-08-31T01:24:49.228521+09:00
FY2016-10,4707,investing_cf,,JPY_million,1,SINGLE_SOURCE,irbank_cf,-20,-20百万,,,,irbank_cf=-20,https://irbank.net/E05015/results,,2026-08-31T01:24:49.228521+09:00
FY2016-10,4707,net_assets,,JPY_million,10,SINGLE_SOURCE,irbank_bs,2120,21.2億,,,,irbank_bs=2120,https://irbank.net/E05015/results,,2026-08-31T01:24:49.228521+09:00
FY2016-10,4707,net_income,,JPY_million,1,SINGLE_SOURCE,irbank_pl_comprehensive,126,126百万,,,,irbank_pl_comprehensive=126,https://irbank.net/E05015/results,,2026-08-31T01:24:49.228521+09:00
FY2016-10,4707,operating_cf,,JPY_million,1,SINGLE_SOURCE,irbank_cf,255,255百万,,,,irbank_cf=255,https://irbank.net/E05015/results,,2026-08-31T01:24:49.228521+09:00
FY2016-10,4707,operating_income,,JPY_million,1,SINGLE_SOURCE,irbank_pl_comprehensive,227,227百万,,,,irbank_pl_comprehensive=227,https://irbank.net/E05015/results,,2026-08-31T01:24:49.228521+09:00
FY2016-10,4707,operating_margin,,pct,0.01,SINGLE_SOURCE,irbank_pl_comprehensive,9.32,9.32,,,,irbank_pl_comprehensive=9.32,https://irbank.net/E05015/results,,2026-08-31T01:24:49.228521+09:00
FY2016-10,4707,ordinary_income,,JPY_million,1,SINGLE_SOURCE,irbank_pl_comprehensive,188,188百万,,,,irbank_pl_comprehensive=188,https://irbank.net/E05015/results,,2026-08-31T01:24:49.228521+09:00
FY2016-10,4707,retained_earnings,,JPY_million,10,SINGLE_SOURCE,irbank_bs,1410,14.1億,,,,irbank_bs=1410,https://irbank.net/E05015/results,,2026-08-31T01:24:49.228521+09:00
FY2016-10,4707,revenue,2430,JPY_million,10,OK|NONCONSOLIDATED,kabutan_fy10,2430,"2,430",irbank_pl_comprehensive,2430,24.3億,kabutan_fy10=2430|irbank_pl_comprehensive=2430,https://kabutan.jp/stock/finance?code=4707,https://irbank.net/E05015/results,2026-08-31T01:24:49.228521+09:00
FY2016-10,4707,roa,,pct,0.01,SINGLE_SOURCE,irbank_pl_comprehensive,2.38,2.38,,,,irbank_pl_comprehensive=2.38,https://irbank.net/E05015/results,,2026-08-31T01:24:49.228521+09:00
FY2016-10,4707,roe,,pct,0.01,SINGLE_SOURCE,irbank_pl_comprehensive,5.97,5.97,,,,irbank_pl_comprehensive=5.97,https://irbank.net/E05015/results,,2026-08-31T01:24:49.228521+09:00
FY2016-10,4707,sga_ratio,,pct,0.01,SINGLE_SOURCE,irbank_pl_comprehensive,21.87,21.87,,,,irbank_pl_comprehensive=21.87,https://irbank.net/E05015/results,,2026-08-31T01:24:49.228521+09:00
FY2016-10,4707,shareholders_equity,,JPY_million,10,SINGLE_SOURCE,irbank_bs,2080,20.8億,,,,irbank_bs=2080,https://irbank.net/E05015/results,,2026-08-31T01:24:49.228521+09:00
FY2016-10,4707,total_assets,,JPY_million,100,SINGLE_SOURCE,irbank_bs,5300,53億,,,,irbank_bs=5300,https://irbank.net/E05015/results,,2026-08-31T01:24:49.228521+09:00
FY2017-10,4707,bps,,JPY,0.01,SINGLE_SOURCE,irbank_bs,402.03,402.03,,,,irbank_bs=402.03,https://irbank.net/E05015/results,,2026-08-31T01:24:49.228521+09:00
FY2017-10,4707,capex,,JPY_million,1,SINGLE_SOURCE,irbank_cf,-11,-11百万,,,,irbank_cf=-11,https://irbank.net/E05015/results,,2026-08-31T01:24:49.228521+09:00
FY2017-10,4707,cash_equivalents,,JPY_million,1,SINGLE_SOURCE,irbank_cf,230,230百万,,,,irbank_cf=230,https://irbank.net/E05015/results,,2026-08-31T01:24:49.228521+09:00
FY2017-10,4707,cost_ratio,,pct,0.01,SINGLE_SOURCE,irbank_pl_comprehensive,67.22,67.22,,,,irbank_pl_comprehensive=67.22,https://irbank.net/E05015/results,,2026-08-31T01:24:49.228521+09:00
FY2017-10,4707,eps,,JPY,0.01,SINGLE_SOURCE,irbank_pl_comprehensive,26.09,26.09,,,,irbank_pl_comprehensive=26.09,https://irbank.net/E05015/results,,2026-08-31T01:24:49.228521+09:00
FY2017-10,4707,equity_ratio,,pct,0.1,SINGLE_SOURCE,irbank_bs,41.9,41.9,,,,irbank_bs=41.9,https://irbank.net/E05015/results,,2026-08-31T01:24:49.228521+09:00
FY2017-10,4707,financing_cf,,JPY_million,1,SINGLE_SOURCE,irbank_cf,31,31百万,,,,irbank_cf=31,https://irbank.net/E05015/results,,2026-08-31T01:24:49.228521+09:00
FY2017-10,4707,free_cf,,JPY_million,1,SINGLE_SOURCE,irbank_cf,128,128百万,,,,irbank_cf=128,https://irbank.net/E05015/results,,2026-08-31T01:24:49.228521+09:00
FY2017-10,4707,interest_bearing_debt,,JPY_million,10,SINGLE_SOURCE,irbank_bs,2360,23.6億,,,,irbank_bs=2360,https://irbank.net/E05015/results,,2026-08-31T01:24:49.228521+09:00
FY2017-10,4707,interest_bearing_debt_ratio,,x,0.0001,SINGLE_SOURCE|UNIT_CONVERTED,irbank_bs,1.0482,104.82,,,,irbank_bs=1.0482,https://irbank.net/E05015/results,,2026-08-31T01:24:49.228521+09:00
FY2017-10,4707,investing_cf,,JPY_million,1,SINGLE_SOURCE,irbank_cf,-11,-11百万,,,,irbank_cf=-11,https://irbank.net/E05015/results,,2026-08-31T01:24:49.228521+09:00
FY2017-10,4707,net_assets,,JPY_million,10,SINGLE_SOURCE,irbank_bs,2250,22.5億,,,,irbank_bs=2250,https://irbank.net/E05015/results,,2026-08-31T01:24:49.228521+09:00
FY2017-10,4707,net_income,,JPY_million,1,SINGLE_SOURCE,irbank_pl_comprehensive,146,146百万,,,,irbank_pl_comprehensive=146,https://irbank.net/E05015/results,,2026-08-31T01:24:49.228521+09:00
FY2017-10,4707,operating_cf,,JPY_million,1,SINGLE_SOURCE,irbank_cf,139,139百万,,,,irbank_cf=139,https://irbank.net/E05015/results,,2026-08-31T01:24:49.228521+09:00
FY2017-10,4707,operating_income,,JPY_million,1,SINGLE_SOURCE,irbank_pl_comprehensive,208,208百万,,,,irbank_pl_comprehensive=208,https://irbank.net/E05015/results,,2026-08-31T01:24:49.228521+09:00
FY2017-10,4707,operating_margin,,pct,0.01,SINGLE_SOURCE,irbank_pl_comprehensive,8.41,8.41,,,,irbank_pl_comprehensive=8.41,https://irbank.net/E05015/results,,2026-08-31T01:24:49.228521+09:00
FY2017-10,4707,ordinary_income,,JPY_million,1,SINGLE_SOURCE,irbank_pl_comprehensive,213,213百万,,,,irbank_pl_comprehensive=213,https://irbank.net/E05015/results,,2026-08-31T01:24:49.228521+09:00
FY2017-10,4707,retained_earnings,,JPY_million,10,SINGLE_SOURCE,irbank_bs,1530,15.3億,,,,irbank_bs=1530,https://irbank.net/E05015/results,,2026-08-31T01:24:49.228521+09:00
FY2017-10,4707,revenue,2472,JPY_million,10,OK|ROUNDING|NONCONSOLIDATED,kabutan_fy10,2472,"2,472",irbank_pl_comprehensive,2470,24.7億,kabutan_fy10=2472|irbank_pl_comprehensive=2470,https://kabutan.jp/stock/finance?code=4707,https://irbank.net/E05015/results,2026-08-31T01:24:49.228521+09:00
FY2017-10,4707,roa,,pct,0.01,SINGLE_SOURCE,irbank_pl_comprehensive,2.72,2.72,,,,irbank_pl_comprehensive=2.72,https://irbank.net/E05015/results,,2026-08-31T01:24:49.228521+09:00
FY2017-10,4707,roe,,pct,0.01,SINGLE_SOURCE,irbank_pl_comprehensive,6.49,6.49,,,,irbank_pl_comprehensive=6.49,https://irbank.net/E05015/results,,2026-08-31T01:24:49.228521+09:00
FY2017-10,4707,sga_ratio,,pct,0.01,SINGLE_SOURCE,irbank_pl_comprehensive,24.37,24.37,,,,irbank_pl_comprehensive=24.37,https://irbank.net/E05015/results,,2026-08-31T01:24:49.228521+09:00
FY2017-10,4707,shareholders_equity,,JPY_million,100,SINGLE_SOURCE,irbank_bs,2200,22億,,,,irbank_bs=2200,https://irbank.net/E05015/results,,2026-08-31T01:24:49.228521+09:00
FY2017-10,4707,total_assets,,JPY_million,10,SINGLE_SOURCE,irbank_bs,5370,53.7億,,,,irbank_bs=5370,https://irbank.net/E05015/results,,2026-08-31T01:24:49.228521+09:00
FY2018-10,4707,bps,,JPY,0.01,SINGLE_SOURCE,irbank_bs,424.48,424.48,,,,irbank_bs=424.48,https://irbank.net/E05015/results,,2026-08-31T01:24:49.228521+09:00
FY2018-10,4707,capex,,JPY_million,1,SINGLE_SOURCE,irbank_cf,-20,-20百万,,,,irbank_cf=-20,https://irbank.net/E05015/results,,2026-08-31T01:24:49.228521+09:00
FY2018-10,4707,cash_equivalents,,JPY_million,1,SINGLE_SOURCE,irbank_cf,90,90百万,,,,irbank_cf=90,https://irbank.net/E05015/results,,2026-08-31T01:24:49.228521+09:00
FY2018-10,4707,cost_ratio,,pct,0.01,SINGLE_SOURCE,irbank_pl_comprehensive,65.29,65.29,,,,irbank_pl_comprehensive=65.29,https://irbank.net/E05015/results,,2026-08-31T01:24:49.228521+09:00
FY2018-10,4707,eps,,JPY,0.01,SINGLE_SOURCE,irbank_pl_comprehensive,30.06,30.06,,,,irbank_pl_comprehensive=30.06,https://irbank.net/E05015/results,,2026-08-31T01:24:49.228521+09:00
FY2018-10,4707,equity_ratio,,pct,0.1,SINGLE_SOURCE,irbank_bs,45.2,45.2,,,,irbank_bs=45.2,https://irbank.net/E05015/results,,2026-08-31T01:24:49.228521+09:00
FY2018-10,4707,financing_cf,,JPY_million,1,SINGLE_SOURCE,irbank_cf,-470,-470百万,,,,irbank_cf=-470,https://irbank.net/E05015/results,,2026-08-31T01:24:49.228521+09:00
FY2018-10,4707,free_cf,,JPY_million,1,SINGLE_SOURCE,irbank_cf,330,330百万,,,,irbank_cf=330,https://irbank.net/E05015/results,,2026-08-31T01:24:49.228521+09:00
FY2018-10,4707,interest_bearing_debt,,JPY_million,10,SINGLE_SOURCE,irbank_bs,1940,19.4億,,,,irbank_bs=1940,https://irbank.net/E05015/results,,2026-08-31T01:24:49.228521+09:00
FY2018-10,4707,interest_bearing_debt_ratio,,x,0.0001,SINGLE_SOURCE|UNIT_CONVERTED,irbank_bs,0.8161,81.61,,,,irbank_bs=0.8161,https://irbank.net/E05015/results,,2026-08-31T01:24:49.228521+09:00
FY2018-10,4707,investing_cf,,JPY_million,1,SINGLE_SOURCE,irbank_cf,-13,-13百万,,,,irbank_cf=-13,https://irbank.net/E05015/results,,2026-08-31T01:24:49.228521+09:00
FY2018-10,4707,net_assets,,JPY_million,10,SINGLE_SOURCE,irbank_bs,2380,23.8億,,,,irbank_bs=2380,https://irbank.net/E05015/results,,2026-08-31T01:24:49.228521+09:00
FY2018-10,4707,net_income,,JPY_million,1,SINGLE_SOURCE,irbank_pl_comprehensive,168,168百万,,,,irbank_pl_comprehensive=168,https://irbank.net/E05015/results,,2026-08-31T01:24:49.228521+09:00
FY2018-10,4707,operating_cf,,JPY_million,1,SINGLE_SOURCE,irbank_cf,343,343百万,,,,irbank_cf=343,https://irbank.net/E05015/results,,2026-08-31T01:24:49.228521+09:00
FY2018-10,4707,operating_income,,JPY_million,1,SINGLE_SOURCE,irbank_pl_comprehensive,229,229百万,,,,irbank_pl_comprehensive=229,https://irbank.net/E05015/results,,2026-08-31T01:24:49.228521+09:00
FY2018-10,4707,operating_margin,,pct,0.01,SINGLE_SOURCE,irbank_pl_comprehensive,9.27,9.27,,,,irbank_pl_comprehensive=9.27,https://irbank.net/E05015/results,,2026-08-31T01:24:49.228521+09:00
FY2018-10,4707,ordinary_income,,JPY_million,1,SINGLE_SOURCE,irbank_pl_comprehensive,252,252百万,,,,irbank_pl_comprehensive=252,https://irbank.net/E05015/results,,2026-08-31T01:24:49.228521+09:00
FY2018-10,4707,retained_earnings,,JPY_million,10,SINGLE_SOURCE,irbank_bs,1670,16.7億,,,,irbank_bs=1670,https://irbank.net/E05015/results,,2026-08-31T01:24:49.228521+09:00
FY2018-10,4707,revenue,2473,JPY_million,10,OK|ROUNDING|NONCONSOLIDATED,kabutan_fy10,2473,"2,473",irbank_pl_comprehensive,2470,24.7億,kabutan_fy10=2473|irbank_pl_comprehensive=2470,https://kabutan.jp/stock/finance?code=4707,https://irbank.net/E05015/results,2026-08-31T01:24:49.228521+09:00
FY2018-10,4707,roa,,pct,0.1,SINGLE_SOURCE,irbank_pl_comprehensive,3.2,3.2,,,,irbank_pl_comprehensive=3.2,https://irbank.net/E05015/results,,2026-08-31T01:24:49.228521+09:00
FY2018-10,4707,roe,,pct,0.01,SINGLE_SOURCE,irbank_pl_comprehensive,7.08,7.08,,,,irbank_pl_comprehensive=7.08,https://irbank.net/E05015/results,,2026-08-31T01:24:49.228521+09:00
FY2018-10,4707,sga_ratio,,pct,0.01,SINGLE_SOURCE,irbank_pl_comprehensive,25.43,25.43,,,,irbank_pl_comprehensive=25.43,https://irbank.net/E05015/results,,2026-08-31T01:24:49.228521+09:00
FY2018-10,4707,shareholders_equity,,JPY_million,10,SINGLE_SOURCE,irbank_bs,2340,23.4億,,,,irbank_bs=2340,https://irbank.net/E05015/results,,2026-08-31T01:24:49.228521+09:00
FY2018-10,4707,total_assets,,JPY_million,10,SINGLE_SOURCE,irbank_bs,5260,52.6億,,,,irbank_bs=5260,https://irbank.net/E05015/results,,2026-08-31T01:24:49.228521+09:00
FY2019-10,4707,bps,,JPY,0.1,SINGLE_SOURCE,irbank_bs,446.9,446.9,,,,irbank_bs=446.9,https://irbank.net/E05015/results,,2026-08-31T01:24:49.228521+09:00
FY2019-10,4707,capex,,JPY_million,1,SINGLE_SOURCE,irbank_cf,-43,-43百万,,,,irbank_cf=-43,https://irbank.net/E05015/results,,2026-08-31T01:24:49.228521+09:00
FY2019-10,4707,cash_equivalents,,JPY_million,1,SINGLE_SOURCE,irbank_cf,449,449百万,,,,irbank_cf=449,https://irbank.net/E05015/results,,2026-08-31T01:24:49.228521+09:00
FY2019-10,4707,cost_ratio,,pct,0.01,SINGLE_SOURCE,irbank_pl_comprehensive,65.96,65.96,,,,irbank_pl_comprehensive=65.96,https://irbank.net/E05015/results,,2026-08-31T01:24:49.228521+09:00
FY2019-10,4707,eps,,JPY,0.01,SINGLE_SOURCE,irbank_pl_comprehensive,34.21,34.21,,,,irbank_pl_comprehensive=34.21,https://irbank.net/E05015/results,,2026-08-31T01:24:49.228521+09:00
FY2019-10,4707,equity_ratio,,pct,0.1,SINGLE_SOURCE,irbank_bs,45.9,45.9,,,,irbank_bs=45.9,https://irbank.net/E05015/results,,2026-08-31T01:24:49.228521+09:00
FY2019-10,4707,financing_cf,,JPY_million,1,SINGLE_SOURCE,irbank_cf,-88,-88百万,,,,irbank_cf=-88,https://irbank.net/E05015/results,,2026-08-31T01:24:49.228521+09:00
FY2019-10,4707,free_cf,,JPY_million,1,SINGLE_SOURCE,irbank_cf,448,448百万,,,,irbank_cf=448,https://irbank.net/E05015/results,,2026-08-31T01:24:49.228521+09:00
FY2019-10,4707,interest_bearing_debt,,JPY_million,10,SINGLE_SOURCE,irbank_bs,1920,19.2億,,,,irbank_bs=1920,https://irbank.net/E05015/results,,2026-08-31T01:24:49.228521+09:00
FY2019-10,4707,interest_bearing_debt_ratio,,x,0.0001,SINGLE_SOURCE|UNIT_CONVERTED,irbank_bs,0.7671,76.71,,,,irbank_bs=0.7671,https://irbank.net/E05015/results,,2026-08-31T01:24:49.228521+09:00
FY2019-10,4707,investing_cf,,JPY_million,1,SINGLE_SOURCE,irbank_cf,-26,-26百万,,,,irbank_cf=-26,https://irbank.net/E05015/results,,2026-08-31T01:24:49.228521+09:00
FY2019-10,4707,net_assets,,JPY_million,100,SINGLE_SOURCE,irbank_bs,2500,25億,,,,irbank_bs=2500,https://irbank.net/E05015/results,,2026-08-31T01:24:49.228521+09:00
FY2019-10,4707,net_income,,JPY_million,1,SINGLE_SOURCE,irbank_pl_comprehensive,192,192百万,,,,irbank_pl_comprehensive=192,https://irbank.net/E05015/results,,2026-08-31T01:24:49.228521+09:00
FY2019-10,4707,operating_cf,,JPY_million,1,SINGLE_SOURCE,irbank_cf,474,474百万,,,,irbank_cf=474,https://irbank.net/E05015/results,,2026-08-31T01:24:49.228521+09:00
FY2019-10,4707,operating_income,,JPY_million,1,SINGLE_SOURCE,irbank_pl_comprehensive,247,247百万,,,,irbank_pl_comprehensive=247,https://irbank.net/E05015/results,,2026-08-31T01:24:49.228521+09:00
FY2019-10,4707,operating_margin,,pct,0.01,SINGLE_SOURCE,irbank_pl_comprehensive,9.07,9.07,,,,irbank_pl_comprehensive=9.07,https://irbank.net/E05015/results,,2026-08-31T01:24:49.228521+09:00
FY2019-10,4707,ordinary_income,,JPY_million,1,SINGLE_SOURCE,irbank_pl_comprehensive,269,269百万,,,,irbank_pl_comprehensive=269,https://irbank.net/E05015/results,,2026-08-31T01:24:49.228521+09:00
FY2019-10,4707,retained_earnings,,JPY_million,10,SINGLE_SOURCE,irbank_bs,1820,18.2億,,,,irbank_bs=1820,https://irbank.net/E05015/results,,2026-08-31T01:24:49.228521+09:00
FY2019-10,4707,revenue,2725,JPY_million,10,OK|ROUNDING|NONCONSOLIDATED,kabutan_fy10,2725,"2,725",irbank_pl_comprehensive,2730,27.3億,kabutan_fy10=2725|irbank_pl_comprehensive=2730,https://kabutan.jp/stock/finance?code=4707,https://irbank.net/E05015/results,2026-08-31T01:24:49.228521+09:00
FY2019-10,4707,roa,,pct,0.01,SINGLE_SOURCE,irbank_pl_comprehensive,3.51,3.51,,,,irbank_pl_comprehensive=3.51,https://irbank.net/E05015/results,,2026-08-31T01:24:49.228521+09:00
FY2019-10,4707,roe,,pct,0.01,SINGLE_SOURCE,irbank_pl_comprehensive,7.66,7.66,,,,irbank_pl_comprehensive=7.66,https://irbank.net/E05015/results,,2026-08-31T01:24:49.228521+09:00
FY2019-10,4707,sga_ratio,,pct,0.01,SINGLE_SOURCE,irbank_pl_comprehensive,24.97,24.97,,,,irbank_pl_comprehensive=24.97,https://irbank.net/E05015/results,,2026-08-31T01:24:49.228521+09:00
FY2019-10,4707,shareholders_equity,,JPY_million,10,SINGLE_SOURCE,irbank_bs,2490,24.9億,,,,irbank_bs=2490,https://irbank.net/E05015/results,,2026-08-31T01:24:49.228521+09:00
FY2019-10,4707,total_assets,,JPY_million,10,SINGLE_SOURCE,irbank_bs,5460,54.6億,,,,irbank_bs=5460,https://irbank.net/E05015/results,,2026-08-31T01:24:49.228521+09:00
FY2020-10,4707,bps,,JPY,0.1,SINGLE_SOURCE,irbank_bs,471.9,471.9,,,,irbank_bs=471.9,https://irbank.net/E05015/results,,2026-08-31T01:24:49.228521+09:00
FY2020-10,4707,capex,,JPY_million,1,SINGLE_SOURCE,irbank_cf,-65,-65百万,,,,irbank_cf=-65,https://irbank.net/E05015/results,,2026-08-31T01:24:49.228521+09:00
FY2020-10,4707,cash_equivalents,,JPY_million,1,SINGLE_SOURCE,irbank_cf,163,163百万,,,,irbank_cf=163,https://irbank.net/E05015/results,,2026-08-31T01:24:49.228521+09:00
FY2020-10,4707,cost_ratio,,pct,0.01,SINGLE_SOURCE,irbank_pl_comprehensive,65.75,65.75,,,,irbank_pl_comprehensive=65.75,https://irbank.net/E05015/results,,2026-08-31T01:24:49.228521+09:00
FY2020-10,4707,eps,,JPY,0.01,SINGLE_SOURCE,irbank_pl_comprehensive,32.02,32.02,,,,irbank_pl_comprehensive=32.02,https://irbank.net/E05015/results,,2026-08-31T01:24:49.228521+09:00
FY2020-10,4707,equity_ratio,,pct,0.1,SINGLE_SOURCE,irbank_bs,48.9,48.9,,,,irbank_bs=48.9,https://irbank.net/E05015/results,,2026-08-31T01:24:49.228521+09:00
FY2020-10,4707,financing_cf,,JPY_million,1,SINGLE_SOURCE,irbank_cf,-288,-288百万,,,,irbank_cf=-288,https://irbank.net/E05015/results,,2026-08-31T01:24:49.228521+09:00
FY2020-10,4707,free_cf,,JPY_million,0.1,SINGLE_SOURCE,irbank_cf,2.3,2.3百万,,,,irbank_cf=2.3,https://irbank.net/E05015/results,,2026-08-31T01:24:49.228521+09:00
FY2020-10,4707,interest_bearing_debt,,JPY_million,100,SINGLE_SOURCE,irbank_bs,1700,17億,,,,irbank_bs=1700,https://irbank.net/E05015/results,,2026-08-31T01:24:49.228521+09:00
FY2020-10,4707,interest_bearing_debt_ratio,,x,0.0001,SINGLE_SOURCE|UNIT_CONVERTED,irbank_bs,0.6432,64.32,,,,irbank_bs=0.6432,https://irbank.net/E05015/results,,2026-08-31T01:24:49.228521+09:00
FY2020-10,4707,investing_cf,,JPY_million,1,SINGLE_SOURCE,irbank_cf,-43,-43百万,,,,irbank_cf=-43,https://irbank.net/E05015/results,,2026-08-31T01:24:49.228521+09:00
FY2020-10,4707,net_assets,,JPY_million,10,SINGLE_SOURCE,irbank_bs,2640,26.4億,,,,irbank_bs=2640,https://irbank.net/E05015/results,,2026-08-31T01:24:49.228521+09:00
FY2020-10,4707,net_income,,JPY_million,1,SINGLE_SOURCE,irbank_pl_comprehensive,179,179百万,,,,irbank_pl_comprehensive=179,https://irbank.net/E05015/results,,2026-08-31T01:24:49.228521+09:00
FY2020-10,4707,operating_cf,,JPY_million,1,SINGLE_SOURCE,irbank_cf,46,46百万,,,,irbank_cf=46,https://irbank.net/E05015/results,,2026-08-31T01:24:49.228521+09:00
FY2020-10,4707,operating_income,,JPY_million,1,SINGLE_SOURCE,irbank_pl_comprehensive,232,232百万,,,,irbank_pl_comprehensive=232,https://irbank.net/E05015/results,,2026-08-31T01:24:49.228521+09:00
FY2020-10,4707,operating_margin,,pct,0.01,SINGLE_SOURCE,irbank_pl_comprehensive,7.99,7.99,,,,irbank_pl_comprehensive=7.99,https://irbank.net/E05015/results,,2026-08-31T01:24:49.228521+09:00
FY2020-10,4707,ordinary_income,,JPY_million,1,SINGLE_SOURCE,irbank_pl_comprehensive,266,266百万,,,,irbank_pl_comprehensive=266,https://irbank.net/E05015/results,,2026-08-31T01:24:49.228521+09:00
FY2020-10,4707,retained_earnings,,JPY_million,10,SINGLE_SOURCE,irbank_bs,1970,19.7億,,,,irbank_bs=1970,https://irbank.net/E05015/results,,2026-08-31T01:24:49.228521+09:00
FY2020-10,4707,revenue,,JPY_million,10,MISMATCH|NONCONSOLIDATED,kabutan_fy10,2838,"2,838",irbank_pl_comprehensive,2910,29.1億,kabutan_fy10=2838|irbank_pl_comprehensive=2910,https://kabutan.jp/stock/finance?code=4707,https://irbank.net/E05015/results,2026-08-31T01:24:49.228521+09:00
FY2020-10,4707,roa,,pct,0.01,SINGLE_SOURCE,irbank_pl_comprehensive,3.32,3.32,,,,irbank_pl_comprehensive=3.32,https://irbank.net/E05015/results,,2026-08-31T01:24:49.228521+09:00
FY2020-10,4707,roe,,pct,0.01,SINGLE_SOURCE,irbank_pl_comprehensive,6.79,6.79,,,,irbank_pl_comprehensive=6.79,https://irbank.net/E05015/results,,2026-08-31T01:24:49.228521+09:00
FY2020-10,4707,sga_ratio,,pct,0.01,SINGLE_SOURCE,irbank_pl_comprehensive,23.84,23.84,,,,irbank_pl_comprehensive=23.84,https://irbank.net/E05015/results,,2026-08-31T01:24:49.228521+09:00
FY2020-10,4707,shareholders_equity,,JPY_million,10,SINGLE_SOURCE,irbank_bs,2650,26.5億,,,,irbank_bs=2650,https://irbank.net/E05015/results,,2026-08-31T01:24:49.228521+09:00
FY2020-10,4707,total_assets,,JPY_million,100,SINGLE_SOURCE,irbank_bs,5400,54億,,,,irbank_bs=5400,https://irbank.net/E05015/results,,2026-08-31T01:24:49.228521+09:00
FY2021-10,4707,bps,,JPY,0.01,SINGLE_SOURCE,irbank_bs,474.22,474.22,,,,irbank_bs=474.22,https://irbank.net/E05015/results,,2026-08-31T01:24:49.228521+09:00
FY2021-10,4707,capex,,JPY_million,1,SINGLE_SOURCE,irbank_cf,-96,-96百万,,,,irbank_cf=-96,https://irbank.net/E05015/results,,2026-08-31T01:24:49.228521+09:00
FY2021-10,4707,cash_equivalents,,JPY_million,1,SINGLE_SOURCE,irbank_cf,277,277百万,,,,irbank_cf=277,https://irbank.net/E05015/results,,2026-08-31T01:24:49.228521+09:00
FY2021-10,4707,cost_ratio,,pct,0.01,SINGLE_SOURCE,irbank_pl_comprehensive,69.21,69.21,,,,irbank_pl_comprehensive=69.21,https://irbank.net/E05015/results,,2026-08-31T01:24:49.228521+09:00
FY2021-10,4707,eps,,JPY,0.01,SINGLE_SOURCE,irbank_pl_comprehensive,5.56,5.56,,,,irbank_pl_comprehensive=5.56,https://irbank.net/E05015/results,,2026-08-31T01:24:49.228521+09:00
FY2021-10,4707,equity_ratio,,pct,0.1,SINGLE_SOURCE,irbank_bs,48.7,48.7,,,,irbank_bs=48.7,https://irbank.net/E05015/results,,2026-08-31T01:24:49.228521+09:00
FY2021-10,4707,financing_cf,,JPY_million,1,SINGLE_SOURCE,irbank_cf,-43,-43百万,,,,irbank_cf=-43,https://irbank.net/E05015/results,,2026-08-31T01:24:49.228521+09:00
FY2021-10,4707,free_cf,,JPY_million,1,SINGLE_SOURCE,irbank_cf,157,157百万,,,,irbank_cf=157,https://irbank.net/E05015/results,,2026-08-31T01:24:49.228521+09:00
FY2021-10,4707,interest_bearing_debt,,JPY_million,10,SINGLE_SOURCE,irbank_bs,1730,17.3億,,,,irbank_bs=1730,https://irbank.net/E05015/results,,2026-08-31T01:24:49.228521+09:00
FY2021-10,4707,interest_bearing_debt_ratio,,x,0.0001,SINGLE_SOURCE|UNIT_CONVERTED,irbank_bs,0.6521,65.21,,,,irbank_bs=0.6521,https://irbank.net/E05015/results,,2026-08-31T01:24:49.228521+09:00
FY2021-10,4707,investing_cf,,JPY_million,1,SINGLE_SOURCE,irbank_cf,-154,-154百万,,,,irbank_cf=-154,https://irbank.net/E05015/results,,2026-08-31T01:24:49.228521+09:00
FY2021-10,4707,net_assets,,JPY_million,10,SINGLE_SOURCE,irbank_bs,2660,26.6億,,,,irbank_bs=2660,https://irbank.net/E05015/results,,2026-08-31T01:24:49.228521+09:00
FY2021-10,4707,net_income,,JPY_million,1,SINGLE_SOURCE,irbank_pl_comprehensive,31,31百万,,,,irbank_pl_comprehensive=31,https://irbank.net/E05015/results,,2026-08-31T01:24:49.228521+09:00
FY2021-10,4707,operating_cf,,JPY_million,1,SINGLE_SOURCE,irbank_cf,311,311百万,,,,irbank_cf=311,https://irbank.net/E05015/results,,2026-08-31T01:24:49.228521+09:00
FY2021-10,4707,operating_income,,JPY_million,0.1,SINGLE_SOURCE,irbank_pl_comprehensive,-7.7,-7.7百万,,,,irbank_pl_comprehensive=-7.7,https://irbank.net/E05015/results,,2026-08-31T01:24:49.228521+09:00
FY2021-10,4707,operating_margin,,pct,0.01,SINGLE_SOURCE,irbank_pl_comprehensive,-0.29,-0.29,,,,irbank_pl_comprehensive=-0.29,https://irbank.net/E05015/results,,2026-08-31T01:24:49.228521+09:00
FY2021-10,4707,ordinary_income,,JPY_million,1,SINGLE_SOURCE,irbank_pl_comprehensive,37,37百万,,,,irbank_pl_comprehensive=37,https://irbank.net/E05015/results,,2026-08-31T01:24:49.228521+09:00
FY2021-10,4707,retained_earnings,,JPY_million,10,SINGLE_SOURCE,irbank_bs,1970,19.7億,,,,irbank_bs=1970,https://irbank.net/E05015/results,,2026-08-31T01:24:49.228521+09:00
FY2021-10,4707,revenue,,JPY_million,10,MISMATCH,kabutan_fy10,2545,"2,545",irbank_pl_comprehensive,2630,26.3億,kabutan_fy10=2545|irbank_pl_comprehensive=2630,https://kabutan.jp/stock/finance?code=4707,https://irbank.net/E05015/results,2026-08-31T01:24:49.228521+09:00
FY2021-10,4707,roa,,pct,0.01,SINGLE_SOURCE,irbank_pl_comprehensive,0.57,0.57,,,,irbank_pl_comprehensive=0.57,https://irbank.net/E05015/results,,2026-08-31T01:24:49.228521+09:00
FY2021-10,4707,roe,,pct,0.01,SINGLE_SOURCE,irbank_pl_comprehensive,1.17,1.17,,,,irbank_pl_comprehensive=1.17,https://irbank.net/E05015/results,,2026-08-31T01:24:49.228521+09:00
FY2021-10,4707,sga_ratio,,pct,0.01,SINGLE_SOURCE,irbank_pl_comprehensive,27.84,27.84,,,,irbank_pl_comprehensive=27.84,https://irbank.net/E05015/results,,2026-08-31T01:24:49.228521+09:00
FY2021-10,4707,shareholders_equity,,JPY_million,10,SINGLE_SOURCE,irbank_bs,2650,26.5億,,,,irbank_bs=2650,https://irbank.net/E05015/results,,2026-08-31T01:24:49.228521+09:00
FY2021-10,4707,total_assets,,JPY_million,10,SINGLE_SOURCE,irbank_bs,5450,54.5億,,,,irbank_bs=5450,https://irbank.net/E05015/results,,2026-08-31T01:24:49.228521+09:00
FY2022-10,4707,bps,,JPY,0.01,SINGLE_SOURCE,irbank_bs,509.92,509.92,,,,irbank_bs=509.92,https://irbank.net/E05015/results,,2026-08-31T01:24:49.228521+09:00
FY2022-10,4707,capex,,JPY_million,1,SINGLE_SOURCE,irbank_cf,-241,-241百万,,,,irbank_cf=-241,https://irbank.net/E05015/results,,2026-08-31T01:24:49.228521+09:00
FY2022-10,4707,cash_equivalents,,JPY_million,1,SINGLE_SOURCE,irbank_cf,172,172百万,,,,irbank_cf=172,https://irbank.net/E05015/results,,2026-08-31T01:24:49.228521+09:00
FY2022-10,4707,cost_ratio,,pct,0.1,MISMATCH,irbank_pl_comprehensive,68.5,68.5,irbank_q,70.94,70.94%,irbank_pl_comprehensive=68.5|irbank_q=70.94,https://irbank.net/E05015/results,https://irbank.net/E05015/quarter,2026-08-31T01:24:49.228521+09:00
FY2022-10,4707,eps,16.17,JPY,0.1,OK|ROUNDING,kabutan_fy,16.2,16.2,irbank_pl_comprehensive,16.17,16.17,kabutan_fy=16.2|irbank_pl_comprehensive=16.17,https://kabutan.jp/stock/finance?code=4707,https://irbank.net/E05015/results,2026-08-31T01:24:49.228521+09:00
FY2022-10,4707,equity_ratio,,pct,0.1,SINGLE_SOURCE,irbank_bs,49.5,49.5,,,,irbank_bs=49.5,https://irbank.net/E05015/results,,2026-08-31T01:24:49.228521+09:00
FY2022-10,4707,financing_cf,,JPY_million,1,SINGLE_SOURCE,irbank_cf,180,180百万,,,,irbank_cf=180,https://irbank.net/E05015/results,,2026-08-31T01:24:49.228521+09:00
FY2022-10,4707,free_cf,,JPY_million,1,SINGLE_SOURCE,irbank_cf,-285,-285百万,,,,irbank_cf=-285,https://irbank.net/E05015/results,,2026-08-31T01:24:49.228521+09:00
FY2022-10,4707,interest_bearing_debt,,JPY_million,10,SINGLE_SOURCE,irbank_bs,1990,19.9億,,,,irbank_bs=1990,https://irbank.net/E05015/results,,2026-08-31T01:24:49.228521+09:00
FY2022-10,4707,interest_bearing_debt_ratio,,x,0.0001,SINGLE_SOURCE|UNIT_CONVERTED,irbank_bs,0.6951,69.51,,,,irbank_bs=0.6951,https://irbank.net/E05015/results,,2026-08-31T01:24:49.228521+09:00
FY2022-10,4707,investing_cf,,JPY_million,1,SINGLE_SOURCE,irbank_cf,-232,-232百万,,,,irbank_cf=-232,https://irbank.net/E05015/results,,2026-08-31T01:24:49.228521+09:00
FY2022-10,4707,net_assets,,JPY_million,10,SINGLE_SOURCE,irbank_bs,2860,28.6億,,,,irbank_bs=2860,https://irbank.net/E05015/results,,2026-08-31T01:24:49.228521+09:00
FY2022-10,4707,net_income,90,JPY_million,1,OK|ROUNDING,kabutan_fy,90,90,irbank_pl_comprehensive,91,91百万,kabutan_fy=90|irbank_pl_comprehensive=91,https://kabutan.jp/stock/finance?code=4707,https://irbank.net/E05015/results,2026-08-31T01:24:49.228521+09:00
FY2022-10,4707,operating_cf,,JPY_million,1,SINGLE_SOURCE,irbank_cf,-53,-53百万,,,,irbank_cf=-53,https://irbank.net/E05015/results,,2026-08-31T01:24:49.228521+09:00
FY2022-10,4707,operating_income,77,JPY_million,1,OK,kabutan_fy,77,77,irbank_pl_comprehensive,77,77百万,kabutan_fy=77|irbank_pl_comprehensive=77,https://kabutan.jp/stock/finance?code=4707,https://irbank.net/E05015/results,2026-08-31T01:24:49.228521+09:00
FY2022-10,4707,operating_margin,,pct,0.01,MISMATCH,irbank_pl_comprehensive,2.75,2.75,irbank_q,2.85,2.85%,irbank_pl_comprehensive=2.75|irbank_q=2.85,https://irbank.net/E05015/results,https://irbank.net/E05015/quarter,2026-08-31T01:24:49.228521+09:00
FY2022-10,4707,ordinary_income,137,JPY_million,1,OK|ROUNDING,kabutan_fy,137,137,irbank_pl_comprehensive,138,138百万,kabutan_fy=137|irbank_pl_comprehensive=138|irbank_q=138,https://kabutan.jp/stock/finance?code=4707,https://irbank.net/E05015/results,2026-08-31T01:24:49.228521+09:00
FY2022-10,4707,retained_earnings,,JPY_million,10,SINGLE_SOURCE,irbank_bs,2170,21.7億,,,,irbank_bs=2170,https://irbank.net/E05015/results,,2026-08-31T01:24:49.228521+09:00
FY2022-10,4707,revenue,2701,JPY_million,100,OK|ROUNDING,kabutan_fy,2701,"2,701",kabutan_fy10,2701,"2,701",kabutan_fy=2701|kabutan_fy10=2701|irbank_pl_comprehensive=2800|irbank_q=2700,https://kabutan.jp/stock/finance?code=4707,https://kabutan.jp/stock/finance?code=4707,2026-08-31T01:24:49.228521+09:00
FY2022-10,4707,roa,,pct,0.01,SINGLE_SOURCE,irbank_pl_comprehensive,1.57,1.57,,,,irbank_pl_comprehensive=1.57,https://irbank.net/E05015/results,,2026-08-31T01:24:49.228521+09:00
FY2022-10,4707,roe,,pct,0.01,SINGLE_SOURCE,irbank_pl_comprehensive,3.17,3.17,,,,irbank_pl_comprehensive=3.17,https://irbank.net/E05015/results,,2026-08-31T01:24:49.228521+09:00
FY2022-10,4707,sga_ratio,,pct,0.01,MISMATCH,irbank_pl_comprehensive,25.31,25.31,irbank_q,26.21,26.21%,irbank_pl_comprehensive=25.31|irbank_q=26.21,https://irbank.net/E05015/results,https://irbank.net/E05015/quarter,2026-08-31T01:24:49.228521+09:00
FY2022-10,4707,shareholders_equity,,JPY_million,10,SINGLE_SOURCE,irbank_bs,2850,28.5億,,,,irbank_bs=2850,https://irbank.net/E05015/results,,2026-08-31T01:24:49.228521+09:00
FY2022-10,4707,total_assets,,JPY_million,10,SINGLE_SOURCE,irbank_bs,5770,57.7億,,,,irbank_bs=5770,https://irbank.net/E05015/results,,2026-08-31T01:24:49.228521+09:00
FY2023-10,4707,bps,540.47,JPY,0.01,OK,kabutan_bs,540.47,540.47,irbank_bs,540.47,540.47,kabutan_bs=540.47|irbank_bs=540.47,https://kabutan.jp/stock/finance?code=4707,https://irbank.net/E05015/results,2026-08-31T01:24:49.228521+09:00
FY2023-10,4707,capex,,JPY_million,1,SINGLE_SOURCE,irbank_cf,-100,-100百万,,,,irbank_cf=-100,https://irbank.net/E05015/results,,2026-08-31T01:24:49.228521+09:00
FY2023-10,4707,cash_equivalents,137,JPY_million,1,OK,kabutan_cf,137,137,irbank_cf,137,137百万,kabutan_cf=137|irbank_cf=137,https://kabutan.jp/stock/finance?code=4707,https://irbank.net/E05015/results,2026-08-31T01:24:49.228521+09:00
FY2023-10,4707,cost_ratio,,pct,0.01,MISMATCH,irbank_pl_comprehensive,68.48,68.48,irbank_q,70.95,70.95%+0.01%,irbank_pl_comprehensive=68.48|irbank_q=70.95,https://irbank.net/E05015/results,https://irbank.net/E05015/quarter,2026-08-31T01:24:49.228521+09:00
FY2023-10,4707,eps,30.95,JPY,0.1,OK|ROUNDING,kabutan_fy,31,31.0,irbank_pl_comprehensive,30.95,30.95,kabutan_fy=31|irbank_pl_comprehensive=30.95,https://kabutan.jp/stock/finance?code=4707,https://irbank.net/E05015/results,2026-08-31T01:24:49.228521+09:00
FY2023-10,4707,equity,,JPY_million,1,SINGLE_SOURCE,kabutan_bs,3026,"3,026",,,,kabutan_bs=3026,https://kabutan.jp/stock/finance?code=4707,,2026-08-31T01:24:49.228521+09:00
FY2023-10,4707,equity_ratio,50.6,pct,0.1,OK,kabutan_bs,50.6,50.6,irbank_bs,50.6,50.6,kabutan_bs=50.6|irbank_bs=50.6,https://kabutan.jp/stock/finance?code=4707,https://irbank.net/E05015/results,2026-08-31T01:24:49.228521+09:00
FY2023-10,4707,financing_cf,-22,JPY_million,1,OK,kabutan_cf,-22,-22,irbank_cf,-22,-22百万,kabutan_cf=-22|irbank_cf=-22,https://kabutan.jp/stock/finance?code=4707,https://irbank.net/E05015/results,2026-08-31T01:24:49.228521+09:00
FY2023-10,4707,free_cf,-12,JPY_million,1,OK|ROUNDING,kabutan_cf,-12,-12,irbank_cf,-13,-13百万,kabutan_cf=-12|irbank_cf=-13,https://kabutan.jp/stock/finance?code=4707,https://irbank.net/E05015/results,2026-08-31T01:24:49.228521+09:00
FY2023-10,4707,interest_bearing_debt,,JPY_million,10,SINGLE_SOURCE,irbank_bs,2040,20.4億,,,,irbank_bs=2040,https://irbank.net/E05015/results,,2026-08-31T01:24:49.228521+09:00
FY2023-10,4707,interest_bearing_debt_ratio,,x,0.01,MISMATCH|UNIT_CONVERTED,kabutan_bs,0.7,0.70,irbank_bs,0.6723,67.23,kabutan_bs=0.7|irbank_bs=0.6723,https://kabutan.jp/stock/finance?code=4707,https://irbank.net/E05015/results,2026-08-31T01:24:49.228521+09:00
FY2023-10,4707,investing_cf,-68,JPY_million,1,OK|ROUNDING,kabutan_cf,-68,-68,irbank_cf,-69,-69百万,kabutan_cf=-68|irbank_cf=-69,https://kabutan.jp/stock/finance?code=4707,https://irbank.net/E05015/results,2026-08-31T01:24:49.228521+09:00
FY2023-10,4707,net_assets,,JPY_million,10,SINGLE_SOURCE,irbank_bs,3030,30.3億,,,,irbank_bs=3030,https://irbank.net/E05015/results,,2026-08-31T01:24:49.228521+09:00
FY2023-10,4707,net_income,173,JPY_million,1,OK,kabutan_fy,173,173,irbank_pl_comprehensive,173,173百万,kabutan_fy=173|irbank_pl_comprehensive=173,https://kabutan.jp/stock/finance?code=4707,https://irbank.net/E05015/results,2026-08-31T01:24:49.228521+09:00
FY2023-10,4707,operating_cf,56,JPY_million,1,OK,kabutan_cf,56,56,irbank_cf,56,56百万,kabutan_cf=56|irbank_cf=56,https://kabutan.jp/stock/finance?code=4707,https://irbank.net/E05015/results,2026-08-31T01:24:49.228521+09:00
FY2023-10,4707,operating_income,166,JPY_million,1,OK|ROUNDING,kabutan_fy,166,166,kabutan_cf,166,166,kabutan_fy=166|kabutan_cf=166|irbank_pl_comprehensive=167,https://kabutan.jp/stock/finance?code=4707,https://kabutan.jp/stock/finance?code=4707,2026-08-31T01:24:49.228521+09:00
FY2023-10,4707,operating_margin,,pct,0.01,MISMATCH,irbank_pl_comprehensive,5.78,5.78,irbank_q,5.99,5.99%+3.14%,irbank_pl_comprehensive=5.78|irbank_q=5.99,https://irbank.net/E05015/results,https://irbank.net/E05015/quarter,2026-08-31T01:24:49.228521+09:00
FY2023-10,4707,ordinary_income,185,JPY_million,1,OK,kabutan_fy,185,185,irbank_pl_comprehensive,185,185百万,kabutan_fy=185|irbank_pl_comprehensive=185|irbank_q=185,https://kabutan.jp/stock/finance?code=4707,https://irbank.net/E05015/results,2026-08-31T01:24:49.228521+09:00
FY2023-10,4707,retained_earnings,2318,JPY_million,10,OK|ROUNDING,kabutan_bs,2318,"2,318",irbank_bs,2320,23.2億,kabutan_bs=2318|irbank_bs=2320,https://kabutan.jp/stock/finance?code=4707,https://irbank.net/E05015/results,2026-08-31T01:24:49.228521+09:00
FY2023-10,4707,revenue,,JPY_million,10,MISMATCH,kabutan_fy,2881,"2,881",irbank_q,2780,27.8億+2.9%,kabutan_fy=2881|kabutan_fy10=2881|irbank_pl_comprehensive=2880|irbank_q=2780,https://kabutan.jp/stock/finance?code=4707,https://irbank.net/E05015/quarter,2026-08-31T01:24:49.228521+09:00
FY2023-10,4707,roa,,pct,0.1,SINGLE_SOURCE,irbank_pl_comprehensive,2.9,2.9,,,,irbank_pl_comprehensive=2.9,https://irbank.net/E05015/results,,2026-08-31T01:24:49.228521+09:00
FY2023-10,4707,roe,,pct,0.01,SINGLE_SOURCE,irbank_pl_comprehensive,5.73,5.73,,,,irbank_pl_comprehensive=5.73,https://irbank.net/E05015/results,,2026-08-31T01:24:49.228521+09:00
FY2023-10,4707,sga_ratio,,pct,0.01,MISMATCH,irbank_pl_comprehensive,25.74,25.74,irbank_q,26.67,26.67%+0.46%,irbank_pl_comprehensive=25.74|irbank_q=26.67,https://irbank.net/E05015/results,https://irbank.net/E05015/quarter,2026-08-31T01:24:49.228521+09:00
FY2023-10,4707,shareholders_equity,,JPY_million,10,SINGLE_SOURCE,irbank_bs,2990,29.9億,,,,irbank_bs=2990,https://irbank.net/E05015/results,,2026-08-31T01:24:49.228521+09:00
FY2023-10,4707,total_assets,5982,JPY_million,10,OK|ROUNDING,kabutan_bs,5982,"5,982",irbank_bs,5980,59.8億,kabutan_bs=5982|irbank_bs=5980,https://kabutan.jp/stock/finance?code=4707,https://irbank.net/E05015/results,2026-08-31T01:24:49.228521+09:00
FY2024-10,4707,bps,588.1,JPY,0.1,OK,kabutan_bs,588.1,588.10,irbank_bs,588.1,588.1,kabutan_bs=588.1|irbank_bs=588.1,https://kabutan.jp/stock/finance?code=4707,https://irbank.net/E05015/results,2026-08-31T01:24:49.228521+09:00
FY2024-10,4707,capex,,JPY_million,1,SINGLE_SOURCE,irbank_cf,-75,-75百万,,,,irbank_cf=-75,https://irbank.net/E05015/results,,2026-08-31T01:24:49.228521+09:00
FY2024-10,4707,cash_equivalents,213,JPY_million,1,OK|ROUNDING,kabutan_cf,213,213,irbank_cf,214,214百万,kabutan_cf=213|irbank_cf=214,https://kabutan.jp/stock/finance?code=4707,https://irbank.net/E05015/results,2026-08-31T01:24:49.228521+09:00
FY2024-10,4707,cost_ratio,,pct,0.01,SINGLE_SOURCE,irbank_pl_comprehensive,66.93,66.93,irbank_q,66.93,66.93%-4.02%,irbank_pl_comprehensive=66.93|irbank_q=66.93,https://irbank.net/E05015/results,https://irbank.net/E05015/quarter,2026-08-31T01:24:49.228521+09:00
FY2024-10,4707,eps,49.91,JPY,0.1,OK|ROUNDING,kabutan_fy,49.9,49.9,kabutan_fy_profit,49.9,49.9,kabutan_fy=49.9|kabutan_fy_profit=49.9|irbank_pl_comprehensive=49.91,https://kabutan.jp/stock/finance?code=4707,https://kabutan.jp/stock/finance?code=4707,2026-08-31T01:24:49.228521+09:00
FY2024-10,4707,equity,,JPY_million,1,SINGLE_SOURCE,kabutan_bs,3293,"3,293",,,,kabutan_bs=3293,https://kabutan.jp/stock/finance?code=4707,,2026-08-31T01:24:49.228521+09:00
FY2024-10,4707,equity_ratio,54.3,pct,0.1,OK,kabutan_bs,54.3,54.3,irbank_bs,54.3,54.3,kabutan_bs=54.3|irbank_bs=54.3,https://kabutan.jp/stock/finance?code=4707,https://irbank.net/E05015/results,2026-08-31T01:24:49.228521+09:00
FY2024-10,4707,financing_cf,-245,JPY_million,1,OK|ROUNDING,kabutan_cf,-245,-245,irbank_cf,-246,-246百万,kabutan_cf=-245|irbank_cf=-246,https://kabutan.jp/stock/finance?code=4707,https://irbank.net/E05015/results,2026-08-31T01:24:49.228521+09:00
FY2024-10,4707,free_cf,322,JPY_million,1,OK|ROUNDING,kabutan_cf,322,322,irbank_cf,323,323百万,kabutan_cf=322|irbank_cf=323,https://kabutan.jp/stock/finance?code=4707,https://irbank.net/E05015/results,2026-08-31T01:24:49.228521+09:00
FY2024-10,4707,interest_bearing_debt,,JPY_million,10,SINGLE_SOURCE,irbank_bs,1850,18.5億,,,,irbank_bs=1850,https://irbank.net/E05015/results,,2026-08-31T01:24:49.228521+09:00
FY2024-10,4707,interest_bearing_debt_ratio,,x,0.01,MISMATCH|UNIT_CONVERTED,kabutan_bs,0.58,0.58,irbank_bs,0.5622,56.22,kabutan_bs=0.58|irbank_bs=0.5622,https://kabutan.jp/stock/finance?code=4707,https://irbank.net/E05015/results,2026-08-31T01:24:49.228521+09:00
FY2024-10,4707,investing_cf,-16,JPY_million,1,OK,kabutan_cf,-16,-16,irbank_cf,-16,-16百万,kabutan_cf=-16|irbank_cf=-16,https://kabutan.jp/stock/finance?code=4707,https://irbank.net/E05015/results,2026-08-31T01:24:49.228521+09:00
FY2024-10,4707,net_assets,,JPY_million,10,SINGLE_SOURCE,irbank_bs,3290,32.9億,,,,irbank_bs=3290,https://irbank.net/E05015/results,,2026-08-31T01:24:49.228521+09:00
FY2024-10,4707,net_income,279,JPY_million,1,OK|ROUNDING,kabutan_fy,279,279,irbank_pl_comprehensive,280,280百万,kabutan_fy=279|irbank_pl_comprehensive=280,https://kabutan.jp/stock/finance?code=4707,https://irbank.net/E05015/results,2026-08-31T01:24:49.228521+09:00
FY2024-10,4707,operating_cf,338,JPY_million,1,OK|ROUNDING,kabutan_cf,338,338,irbank_cf,339,339百万,kabutan_cf=338|irbank_cf=339,https://kabutan.jp/stock/finance?code=4707,https://irbank.net/E05015/results,2026-08-31T01:24:49.228521+09:00
FY2024-10,4707,operating_income,362,JPY_million,1,OK|ROUNDING,kabutan_fy,362,362,kabutan_fy_profit,362,362,kabutan_fy=362|kabutan_fy_profit=362|kabutan_cf=362|irbank_pl_comprehensive=363,https://kabutan.jp/stock/finance?code=4707,https://kabutan.jp/stock/finance?code=4707,2026-08-31T01:24:49.228521+09:00
FY2024-10,4707,operating_margin,,pct,0.01,MISMATCH,kabutan_fy_profit,10.83,10.83,irbank_pl_comprehensive,10.85,10.85,kabutan_fy_profit=10.83|irbank_pl_comprehensive=10.85|irbank_q=10.85,https://kabutan.jp/stock/finance?code=4707,https://irbank.net/E05015/results,2026-08-31T01:24:49.228521+09:00
FY2024-10,4707,ordinary_income,393,JPY_million,1,OK,kabutan_fy,393,393,irbank_pl_comprehensive,393,393百万,kabutan_fy=393|irbank_pl_comprehensive=393|irbank_q=393,https://kabutan.jp/stock/finance?code=4707,https://irbank.net/E05015/results,2026-08-31T01:24:49.228521+09:00
FY2024-10,4707,retained_earnings,2570,JPY_million,10,OK,kabutan_bs,2570,"2,570",irbank_bs,2570,25.7億,kabutan_bs=2570|irbank_bs=2570,https://kabutan.jp/stock/finance?code=4707,https://irbank.net/E05015/results,2026-08-31T01:24:49.228521+09:00
FY2024-10,4707,revenue,3342,JPY_million,10,OK|ROUNDING,kabutan_fy,3342,"3,342",kabutan_fy10,3342,"3,342",kabutan_fy=3342|kabutan_fy10=3342|kabutan_fy_profit=3342|irbank_pl_comprehensive=3340|irbank_q=3340,https://kabutan.jp/stock/finance?code=4707,https://kabutan.jp/stock/finance?code=4707,2026-08-31T01:24:49.228521+09:00
FY2024-10,4707,roa,,pct,0.01,MISMATCH,kabutan_fy_profit,4.63,4.63,irbank_pl_comprehensive,4.61,4.61,kabutan_fy_profit=4.63|irbank_pl_comprehensive=4.61,https://kabutan.jp/stock/finance?code=4707,https://irbank.net/E05015/results,2026-08-31T01:24:49.228521+09:00
FY2024-10,4707,roe,,pct,0.01,MISMATCH,kabutan_fy_profit,8.83,8.83,irbank_pl_comprehensive,8.49,8.49,kabutan_fy_profit=8.83|irbank_pl_comprehensive=8.49,https://kabutan.jp/stock/finance?code=4707,https://irbank.net/E05015/results,2026-08-31T01:24:49.228521+09:00
FY2024-10,4707,sga_ratio,,pct,0.01,SINGLE_SOURCE,irbank_pl_comprehensive,22.22,22.22,irbank_q,22.22,22.22%-4.45%,irbank_pl_comprehensive=22.22|irbank_q=22.22,https://irbank.net/E05015/results,https://irbank.net/E05015/quarter,2026-08-31T01:24:49.228521+09:00
FY2024-10,4707,shareholders_equity,,JPY_million,10,SINGLE_SOURCE,irbank_bs,3250,32.5億,,,,irbank_bs=3250,https://irbank.net/E05015/results,,2026-08-31T01:24:49.228521+09:00
FY2024-10,4707,total_assets,6065,JPY_million,10,OK|ROUNDING,kabutan_bs,6065,"6,065",irbank_bs,6070,60.7億,kabutan_bs=6065|irbank_bs=6070,https://kabutan.jp/stock/finance?code=4707,https://irbank.net/E05015/results,2026-08-31T01:24:49.228521+09:00
FY2025-10,4707,bps,630.76,JPY,0.01,OK,kabutan_bs,630.76,630.76,irbank_bs,630.76,630.76,kabutan_bs=630.76|irbank_bs=630.76,https://kabutan.jp/stock/finance?code=4707,https://irbank.net/E05015/results,2026-08-31T01:24:49.228521+09:00
FY2025-10,4707,capex,,JPY_million,1,SINGLE_SOURCE,irbank_cf,-283,-283百万,,,,irbank_cf=-283,https://irbank.net/E05015/results,,2026-08-31T01:24:49.228521+09:00
FY2025-10,4707,cash_equivalents,155,JPY_million,1,OK|ROUNDING,kabutan_cf,155,155,irbank_cf,156,156百万,kabutan_cf=155|irbank_cf=156,https://kabutan.jp/stock/finance?code=4707,https://irbank.net/E05015/results,2026-08-31T01:24:49.228521+09:00
FY2025-10,4707,cost_ratio,,pct,0.01,SINGLE_SOURCE,irbank_pl_comprehensive,70.48,70.48,irbank_q,70.48,70.48%+3.55%,irbank_pl_comprehensive=70.48|irbank_q=70.48,https://irbank.net/E05015/results,https://irbank.net/E05015/quarter,2026-08-31T01:24:49.228521+09:00
FY2025-10,4707,eps,37.14,JPY,0.1,OK|ROUNDING,kabutan_fy,37.1,37.1,kabutan_fy_profit,37.1,37.1,kabutan_fy=37.1|kabutan_fy_profit=37.1|irbank_pl_comprehensive=37.14,https://kabutan.jp/stock/finance?code=4707,https://kabutan.jp/stock/finance?code=4707,2026-08-31T01:24:49.228521+09:00
FY2025-10,4707,equity,,JPY_million,1,SINGLE_SOURCE,kabutan_bs,3532,"3,532",,,,kabutan_bs=3532,https://kabutan.jp/stock/finance?code=4707,,2026-08-31T01:24:49.228521+09:00
FY2025-10,4707,equity_ratio,55.6,pct,0.1,OK,kabutan_bs,55.6,55.6,irbank_bs,55.6,55.6,kabutan_bs=55.6|irbank_bs=55.6,https://kabutan.jp/stock/finance?code=4707,https://irbank.net/E05015/results,2026-08-31T01:24:49.228521+09:00
FY2025-10,4707,financing_cf,-23,JPY_million,1,OK|ROUNDING,kabutan_cf,-23,-23,irbank_cf,-24,-24百万,kabutan_cf=-23|irbank_cf=-24,https://kabutan.jp/stock/finance?code=4707,https://irbank.net/E05015/results,2026-08-31T01:24:49.228521+09:00
FY2025-10,4707,free_cf,-35,JPY_million,1,OK|ROUNDING,kabutan_cf,-35,-35,irbank_cf,-34,-34百万,kabutan_cf=-35|irbank_cf=-34,https://kabutan.jp/stock/finance?code=4707,https://irbank.net/E05015/results,2026-08-31T01:24:49.228521+09:00
FY2025-10,4707,interest_bearing_debt,,JPY_million,10,SINGLE_SOURCE,irbank_bs,1890,18.9億,,,,irbank_bs=1890,https://irbank.net/E05015/results,,2026-08-31T01:24:49.228521+09:00
FY2025-10,4707,interest_bearing_debt_ratio,0.536,x,0.01,OK|ROUNDING|UNIT_CONVERTED,kabutan_bs,0.54,0.54,irbank_bs,0.536,53.6,kabutan_bs=0.54|irbank_bs=0.536,https://kabutan.jp/stock/finance?code=4707,https://irbank.net/E05015/results,2026-08-31T01:24:49.228521+09:00
FY2025-10,4707,investing_cf,-141,JPY_million,1,OK,kabutan_cf,-141,-141,irbank_cf,-141,-141百万,kabutan_cf=-141|irbank_cf=-141,https://kabutan.jp/stock/finance?code=4707,https://irbank.net/E05015/results,2026-08-31T01:24:49.228521+09:00
FY2025-10,4707,net_assets,,JPY_million,10,SINGLE_SOURCE,irbank_bs,3530,35.3億,,,,irbank_bs=3530,https://irbank.net/E05015/results,,2026-08-31T01:24:49.228521+09:00
FY2025-10,4707,net_income,207,JPY_million,1,OK|ROUNDING,kabutan_fy,207,207,irbank_pl_comprehensive,208,208百万,kabutan_fy=207|irbank_pl_comprehensive=208,https://kabutan.jp/stock/finance?code=4707,https://irbank.net/E05015/results,2026-08-31T01:24:49.228521+09:00
FY2025-10,4707,operating_cf,106,JPY_million,1,OK|ROUNDING,kabutan_cf,106,106,irbank_cf,107,107百万,kabutan_cf=106|irbank_cf=107,https://kabutan.jp/stock/finance?code=4707,https://irbank.net/E05015/results,2026-08-31T01:24:49.228521+09:00
FY2025-10,4707,operating_income,146,JPY_million,1,OK,kabutan_fy,146,146,kabutan_fy_profit,146,146,kabutan_fy=146|kabutan_fy_profit=146|kabutan_cf=146|irbank_pl_comprehensive=146,https://kabutan.jp/stock/finance?code=4707,https://kabutan.jp/stock/finance?code=4707,2026-08-31T01:24:49.228521+09:00
FY2025-10,4707,operating_margin,4.21,pct,0.01,OK,kabutan_fy_profit,4.21,4.21,irbank_pl_comprehensive,4.21,4.21,kabutan_fy_profit=4.21|irbank_pl_comprehensive=4.21|irbank_q=4.21,https://kabutan.jp/stock/finance?code=4707,https://irbank.net/E05015/results,2026-08-31T01:24:49.228521+09:00
FY2025-10,4707,ordinary_income,163,JPY_million,1,OK|ROUNDING,kabutan_fy,163,163,irbank_pl_comprehensive,164,164百万,kabutan_fy=163|irbank_pl_comprehensive=164|irbank_q=164,https://kabutan.jp/stock/finance?code=4707,https://irbank.net/E05015/results,2026-08-31T01:24:49.228521+09:00
FY2025-10,4707,retained_earnings,2750,JPY_million,10,OK,kabutan_bs,2750,"2,750",irbank_bs,2750,27.5億,kabutan_bs=2750|irbank_bs=2750,https://kabutan.jp/stock/finance?code=4707,https://irbank.net/E05015/results,2026-08-31T01:24:49.228521+09:00
FY2025-10,4707,revenue,3467,JPY_million,10,OK|ROUNDING,kabutan_fy,3467,"3,467",kabutan_fy10,3467,"3,467",kabutan_fy=3467|kabutan_fy10=3467|kabutan_fy_profit=3467|irbank_pl_comprehensive=3470|irbank_q=3470,https://kabutan.jp/stock/finance?code=4707,https://kabutan.jp/stock/finance?code=4707,2026-08-31T01:24:49.228521+09:00
FY2025-10,4707,roa,,pct,0.01,MISMATCH,kabutan_fy_profit,3.33,3.33,irbank_pl_comprehensive,3.27,3.27,kabutan_fy_profit=3.33|irbank_pl_comprehensive=3.27,https://kabutan.jp/stock/finance?code=4707,https://irbank.net/E05015/results,2026-08-31T01:24:49.228521+09:00
FY2025-10,4707,roe,,pct,0.01,MISMATCH,kabutan_fy_profit,6.07,6.07,irbank_pl_comprehensive,5.89,5.89,kabutan_fy_profit=6.07|irbank_pl_comprehensive=5.89,https://kabutan.jp/stock/finance?code=4707,https://irbank.net/E05015/results,2026-08-31T01:24:49.228521+09:00
FY2025-10,4707,sga_ratio,,pct,0.01,SINGLE_SOURCE,irbank_pl_comprehensive,25.31,25.31,irbank_q,25.31,25.31%+3.09%,irbank_pl_comprehensive=25.31|irbank_q=25.31,https://irbank.net/E05015/results,https://irbank.net/E05015/quarter,2026-08-31T01:24:49.228521+09:00
FY2025-10,4707,shareholders_equity,,JPY_million,10,SINGLE_SOURCE,irbank_bs,3430,34.3億,,,,irbank_bs=3430,https://irbank.net/E05015/results,,2026-08-31T01:24:49.228521+09:00
FY2025-10,4707,total_assets,6354,JPY_million,10,OK|ROUNDING,kabutan_bs,6354,"6,354",irbank_bs,6350,63.5億,kabutan_bs=6354|irbank_bs=6350,https://kabutan.jp/stock/finance?code=4707,https://irbank.net/E05015/results,2026-08-31T01:24:49.228521+09:00
FY2026-10,4707,eps_plan,30.35,JPY,0.1,OK|ROUNDING,kabutan_fy,30.4,30.4,kabutan_fy10,30.4,30.4,kabutan_fy=30.4|kabutan_fy10=30.4|kabutan_fy_profit=30.4|irbank_pl_comprehensive=30.35,https://kabutan.jp/stock/finance?code=4707,https://kabutan.jp/stock/finance?code=4707,2026-08-31T01:24:49.228521+09:00
FY2026-10,4707,net_income_plan,170,JPY_million,1,OK,kabutan_fy,170,170,irbank_pl_comprehensive,170,170百万,kabutan_fy=170|irbank_pl_comprehensive=170,https://kabutan.jp/stock/finance?code=4707,https://irbank.net/E05015/results,2026-08-31T01:24:49.228521+09:00
FY2026-10,4707,operating_income_plan,254,JPY_million,1,OK,kabutan_fy,254,254,kabutan_fy10,254,254,kabutan_fy=254|kabutan_fy10=254|kabutan_fy_profit=254|irbank_pl_comprehensive=254,https://kabutan.jp/stock/finance?code=4707,https://kabutan.jp/stock/finance?code=4707,2026-08-31T01:24:49.228521+09:00
FY2026-10,4707,operating_margin_plan,7.08,pct,0.01,OK,kabutan_fy_profit,7.08,7.08,irbank_pl_comprehensive,7.08,7.08,kabutan_fy_profit=7.08|irbank_pl_comprehensive=7.08,https://kabutan.jp/stock/finance?code=4707,https://irbank.net/E05015/results,2026-08-31T01:24:49.228521+09:00
FY2026-10,4707,ordinary_income_plan,259,JPY_million,1,OK,kabutan_fy,259,259,kabutan_fy10,259,259,kabutan_fy=259|kabutan_fy10=259|irbank_pl_comprehensive=259,https://kabutan.jp/stock/finance?code=4707,https://kabutan.jp/stock/finance?code=4707,2026-08-31T01:24:49.228521+09:00
FY2026-10,4707,revenue_plan,3587,JPY_million,10,OK|ROUNDING,kabutan_fy,3587,"3,587",kabutan_fy10,3587,"3,587",kabutan_fy=3587|kabutan_fy10=3587|kabutan_fy_profit=3587|irbank_pl_comprehensive=3590,https://kabutan.jp/stock/finance?code=4707,https://kabutan.jp/stock/finance?code=4707,2026-08-31T01:24:49.228521+09:00
FY2026-10,4707,roa_plan,2.8,pct,0.1,OK,kabutan_fy_profit,2.8,2.80,irbank_pl_comprehensive,2.8,2.8,kabutan_fy_profit=2.8|irbank_pl_comprehensive=2.8,https://kabutan.jp/stock/finance?code=4707,https://irbank.net/E05015/results,2026-08-31T01:24:49.228521+09:00
FY2026-10,4707,roe_plan,4.61,pct,0.1,OK|ROUNDING,kabutan_fy_profit,4.61,4.61,irbank_pl_comprehensive,4.6,4.6,kabutan_fy_profit=4.61|irbank_pl_comprehensive=4.6,https://kabutan.jp/stock/finance?code=4707,https://irbank.net/E05015/results,2026-08-31T01:24:49.228521+09:00
H2023-05_2023-10,4707,eps,,JPY,0.1,SINGLE_SOURCE,kabutan_half,16.3,16.3,,,,kabutan_half=16.3,https://kabutan.jp/stock/finance?code=4707,,2026-08-31T01:24:49.228521+09:00
H2023-05_2023-10,4707,net_income,,JPY_million,1,SINGLE_SOURCE,kabutan_half,91,91,,,,kabutan_half=91,https://kabutan.jp/stock/finance?code=4707,,2026-08-31T01:24:49.228521+09:00
H2023-05_2023-10,4707,operating_income,,JPY_million,1,SINGLE_SOURCE,kabutan_half,36,36,,,,kabutan_half=36,https://kabutan.jp/stock/finance?code=4707,,2026-08-31T01:24:49.228521+09:00
H2023-05_2023-10,4707,ordinary_income,,JPY_million,1,SINGLE_SOURCE,kabutan_half,53,53,,,,kabutan_half=53,https://kabutan.jp/stock/finance?code=4707,,2026-08-31T01:24:49.228521+09:00
H2023-05_2023-10,4707,revenue,,JPY_million,1,SINGLE_SOURCE,kabutan_half,1412,"1,412",,,,kabutan_half=1412,https://kabutan.jp/stock/finance?code=4707,,2026-08-31T01:24:49.228521+09:00
H2024-05_2024-10,4707,eps,,JPY,0.1,SINGLE_SOURCE,kabutan_half,19.3,19.3,,,,kabutan_half=19.3,https://kabutan.jp/stock/finance?code=4707,,2026-08-31T01:24:49.228521+09:00
H2024-05_2024-10,4707,net_income,,JPY_million,1,SINGLE_SOURCE,kabutan_half,108,108,,,,kabutan_half=108,https://kabutan.jp/stock/finance?code=4707,,2026-08-31T01:24:49.228521+09:00
H2024-05_2024-10,4707,operating_income,,JPY_million,1,SINGLE_SOURCE,kabutan_half,126,126,,,,kabutan_half=126,https://kabutan.jp/stock/finance?code=4707,,2026-08-31T01:24:49.228521+09:00
H2024-05_2024-10,4707,ordinary_income,,JPY_million,1,SINGLE_SOURCE,kabutan_half,143,143,,,,kabutan_half=143,https://kabutan.jp/stock/finance?code=4707,,2026-08-31T01:24:49.228521+09:00
H2024-05_2024-10,4707,revenue,,JPY_million,1,SINGLE_SOURCE,kabutan_half,1707,"1,707",,,,kabutan_half=1707,https://kabutan.jp/stock/finance?code=4707,,2026-08-31T01:24:49.228521+09:00
H2025-05_2025-10,4707,eps,,JPY,0.1,SINGLE_SOURCE,kabutan_half,-5.9,-5.9,,,,kabutan_half=-5.9,https://kabutan.jp/stock/finance?code=4707,,2026-08-31T01:24:49.228521+09:00
H2025-05_2025-10,4707,net_income,,JPY_million,1,SINGLE_SOURCE,kabutan_half,-33,-33,,,,kabutan_half=-33,https://kabutan.jp/stock/finance?code=4707,,2026-08-31T01:24:49.228521+09:00
H2025-05_2025-10,4707,operating_income,,JPY_million,1,SINGLE_SOURCE,kabutan_half,-48,-48,,,,kabutan_half=-48,https://kabutan.jp/stock/finance?code=4707,,2026-08-31T01:24:49.228521+09:00
H2025-05_2025-10,4707,ordinary_income,,JPY_million,1,SINGLE_SOURCE,kabutan_half,-43,-43,,,,kabutan_half=-43,https://kabutan.jp/stock/finance?code=4707,,2026-08-31T01:24:49.228521+09:00
H2025-05_2025-10,4707,revenue,,JPY_million,1,SINGLE_SOURCE,kabutan_half,1708,"1,708",,,,kabutan_half=1708,https://kabutan.jp/stock/finance?code=4707,,2026-08-31T01:24:49.228521+09:00
H2026-05_2026-10,4707,eps_plan,,JPY,0.1,SINGLE_SOURCE,kabutan_half,-1.6,-1.6,,,,kabutan_half=-1.6,https://kabutan.jp/stock/finance?code=4707,,2026-08-31T01:24:49.228521+09:00
H2026-05_2026-10,4707,net_income_plan,,JPY_million,1,SINGLE_SOURCE,kabutan_half,-9,-9,,,,kabutan_half=-9,https://kabutan.jp/stock/finance?code=4707,,2026-08-31T01:24:49.228521+09:00
H2026-05_2026-10,4707,operating_income_plan,,JPY_million,1,SINGLE_SOURCE,kabutan_half,22,22,,,,kabutan_half=22,https://kabutan.jp/stock/finance?code=4707,,2026-08-31T01:24:49.228521+09:00
H2026-05_2026-10,4707,ordinary_income_plan,,JPY_million,1,SINGLE_SOURCE,kabutan_half,26,26,,,,kabutan_half=26,https://kabutan.jp/stock/finance?code=4707,,2026-08-31T01:24:49.228521+09:00
H2026-05_2026-10,4707,revenue_plan,,JPY_million,1,SINGLE_SOURCE,kabutan_half,1809,"1,809",,,,kabutan_half=1809,https://kabutan.jp/stock/finance?code=4707,,2026-08-31T01:24:49.228521+09:00
Q2014-02_2014-04,4707,operating_income,,JPY_million,1,SINGLE_SOURCE,kabutan_record_q,414,414,,,,kabutan_record_q=414,https://kabutan.jp/stock/finance?code=4707,,2026-08-31T01:24:49.228521+09:00
Q2019-02_2019-04,4707,eps,,JPY,0.1,SINGLE_SOURCE,kabutan_record_q,52.2,52.2,,,,kabutan_record_q=52.2,https://kabutan.jp/stock/finance?code=4707,,2026-08-31T01:24:49.228521+09:00
Q2019-02_2019-04,4707,net_income,,JPY_million,1,SINGLE_SOURCE,kabutan_record_q,292,292,,,,kabutan_record_q=292,https://kabutan.jp/stock/finance?code=4707,,2026-08-31T01:24:49.228521+09:00
Q2019-02_2019-04,4707,ordinary_income,,JPY_million,1,SINGLE_SOURCE,kabutan_record_q,422,422,,,,kabutan_record_q=422,https://kabutan.jp/stock/finance?code=4707,,2026-08-31T01:24:49.228521+09:00
Q2019-02_2019-04,4707,revenue,,JPY_million,1,SINGLE_SOURCE,kabutan_record_q,1565,"1,565",,,,kabutan_record_q=1565,https://kabutan.jp/stock/finance?code=4707,,2026-08-31T01:24:49.228521+09:00
Q2021-08_2021-10,4707,revenue,,JPY_million,1,SINGLE_SOURCE,kabutan_q10,401,401,,,,kabutan_q10=401,https://kabutan.jp/stock/finance?code=4707,,2026-08-31T01:24:49.228521+09:00
Q2021-11_2022-01,4707,cost_ratio,,pct,0.01,SINGLE_SOURCE,irbank_q,78.89,78.89%,,,,irbank_q=78.89,https://irbank.net/E05015/quarter,,2026-08-31T01:24:49.228521+09:00
Q2021-11_2022-01,4707,operating_margin,,pct,0.01,SINGLE_SOURCE,irbank_q,-5.85,-5.85%,,,,irbank_q=-5.85,https://irbank.net/E05015/quarter,,2026-08-31T01:24:49.228521+09:00
Q2021-11_2022-01,4707,ordinary_income,,JPY_million,1,SINGLE_SOURCE,irbank_q,-25,-25百万,,,,irbank_q=-25,https://irbank.net/E05015/quarter,,2026-08-31T01:24:49.228521+09:00
Q2021-11_2022-01,4707,revenue,636,JPY_million,1,OK,kabutan_q10,636,636,irbank_q,636,6.36億,kabutan_q10=636|irbank_q=636,https://kabutan.jp/stock/finance?code=4707,https://irbank.net/E05015/quarter,2026-08-31T01:24:49.228521+09:00
Q2021-11_2022-01,4707,sga_ratio,,pct,0.01,SINGLE_SOURCE,irbank_q,26.97,26.97%,,,,irbank_q=26.97,https://irbank.net/E05015/quarter,,2026-08-31T01:24:49.228521+09:00
Q2022-02_2022-04,4707,cost_ratio,,pct,0.01,SINGLE_SOURCE,irbank_q,64.13,64.13%,,,,irbank_q=64.13,https://irbank.net/E05015/quarter,,2026-08-31T01:24:49.228521+09:00
Q2022-02_2022-04,4707,operating_margin,,pct,0.01,SINGLE_SOURCE,irbank_q,10.87,10.87%,,,,irbank_q=10.87,https://irbank.net/E05015/quarter,,2026-08-31T01:24:49.228521+09:00
Q2022-02_2022-04,4707,ordinary_income,,JPY_million,1,SINGLE_SOURCE,irbank_q,109,109百万,,,,irbank_q=109,https://irbank.net/E05015/quarter,,2026-08-31T01:24:49.228521+09:00
Q2022-02_2022-04,4707,revenue,731,JPY_million,1,OK,kabutan_q10,731,731,irbank_q,731,7.31億,kabutan_q10=731|irbank_q=731,https://kabutan.jp/stock/finance?code=4707,https://irbank.net/E05015/quarter,2026-08-31T01:24:49.228521+09:00
Q2022-02_2022-04,4707,sga_ratio,,pct,1,SINGLE_SOURCE,irbank_q,25,25%,,,,irbank_q=25,https://irbank.net/E05015/quarter,,2026-08-31T01:24:49.228521+09:00
Q2022-05_2022-07,4707,cost_ratio,,pct,0.01,SINGLE_SOURCE,irbank_q,80.43,80.43%,,,,irbank_q=80.43,https://irbank.net/E05015/quarter,,2026-08-31T01:24:49.228521+09:00
Q2022-05_2022-07,4707,operating_margin,,pct,0.01,SINGLE_SOURCE,irbank_q,-13.58,-13.58%,,,,irbank_q=-13.58,https://irbank.net/E05015/quarter,,2026-08-31T01:24:49.228521+09:00
Q2022-05_2022-07,4707,ordinary_income,,JPY_million,1,SINGLE_SOURCE,irbank_q,-63,-63百万,,,,irbank_q=-63,https://irbank.net/E05015/quarter,,2026-08-31T01:24:49.228521+09:00
Q2022-05_2022-07,4707,revenue,530,JPY_million,1,OK|ROUNDING,kabutan_q10,530,530,irbank_q,531,5.31億,kabutan_q10=530|irbank_q=531,https://kabutan.jp/stock/finance?code=4707,https://irbank.net/E05015/quarter,2026-08-31T01:24:49.228521+09:00
Q2022-05_2022-07,4707,sga_ratio,,pct,0.01,SINGLE_SOURCE,irbank_q,33.15,33.15%,,,,irbank_q=33.15,https://irbank.net/E05015/quarter,,2026-08-31T01:24:49.228521+09:00
Q2022-08_2022-10,4707,cost_ratio,,pct,0.01,SINGLE_SOURCE,irbank_q,64.57,64.57%,,,,irbank_q=64.57,https://irbank.net/E05015/quarter,,2026-08-31T01:24:49.228521+09:00
Q2022-08_2022-10,4707,operating_margin,,pct,0.01,SINGLE_SOURCE,irbank_q,13.29,13.29%,,,,irbank_q=13.29,https://irbank.net/E05015/quarter,,2026-08-31T01:24:49.228521+09:00
Q2022-08_2022-10,4707,ordinary_income,,JPY_million,1,SINGLE_SOURCE,irbank_q,117,117百万,,,,irbank_q=117,https://irbank.net/E05015/quarter,,2026-08-31T01:24:49.228521+09:00
Q2022-08_2022-10,4707,revenue,804,JPY_million,1,OK,kabutan_q10,804,804,irbank_q,804,8.04億,kabutan_q10=804|irbank_q=804,https://kabutan.jp/stock/finance?code=4707,https://irbank.net/E05015/quarter,2026-08-31T01:24:49.228521+09:00
Q2022-08_2022-10,4707,sga_ratio,,pct,0.01,SINGLE_SOURCE,irbank_q,22.14,22.14%,,,,irbank_q=22.14,https://irbank.net/E05015/quarter,,2026-08-31T01:24:49.228521+09:00
Q2022-11_2023-01,4707,cost_ratio,,pct,0.01,SINGLE_SOURCE,irbank_q,71.51,71.51%-7.38%,,,,irbank_q=71.51,https://irbank.net/E05015/quarter,,2026-08-31T01:24:49.228521+09:00
Q2022-11_2023-01,4707,operating_margin,,pct,0.01,SINGLE_SOURCE,irbank_q,5.29,5.29%,,,,irbank_q=5.29,https://irbank.net/E05015/quarter,,2026-08-31T01:24:49.228521+09:00
Q2022-11_2023-01,4707,ordinary_income,,JPY_million,1,SINGLE_SOURCE,irbank_q,41,41百万,,,,irbank_q=41,https://irbank.net/E05015/quarter,,2026-08-31T01:24:49.228521+09:00
Q2022-11_2023-01,4707,revenue,753,JPY_million,1,OK|ROUNDING,kabutan_q10,753,753,irbank_q,754,7.54億+18.5%,kabutan_q10=753|irbank_q=754,https://kabutan.jp/stock/finance?code=4707,https://irbank.net/E05015/quarter,2026-08-31T01:24:49.228521+09:00
Q2022-11_2023-01,4707,sga_ratio,,pct,0.1,SINGLE_SOURCE,irbank_q,23.2,23.2%-3.77%,,,,irbank_q=23.2,https://irbank.net/E05015/quarter,,2026-08-31T01:24:49.228521+09:00
Q2023-02_2023-04,4707,cost_ratio,,pct,0.01,SINGLE_SOURCE,irbank_q,61.59,61.59%-2.54%,,,,irbank_q=61.59,https://irbank.net/E05015/quarter,,2026-08-31T01:24:49.228521+09:00
Q2023-02_2023-04,4707,operating_margin,,pct,0.01,SINGLE_SOURCE,irbank_q,12.64,12.64%+1.77%,,,,irbank_q=12.64,https://irbank.net/E05015/quarter,,2026-08-31T01:24:49.228521+09:00
Q2023-02_2023-04,4707,ordinary_income,,JPY_million,1,SINGLE_SOURCE,irbank_q,91,91百万-16.5%,,,,irbank_q=91,https://irbank.net/E05015/quarter,,2026-08-31T01:24:49.228521+09:00
Q2023-02_2023-04,4707,revenue,716,JPY_million,1,OK,kabutan_q10,716,716,irbank_q,716,7.16億-2.1%,kabutan_q10=716|irbank_q=716,https://kabutan.jp/stock/finance?code=4707,https://irbank.net/E05015/quarter,2026-08-31T01:24:49.228521+09:00
Q2023-02_2023-04,4707,sga_ratio,,pct,0.01,SINGLE_SOURCE,irbank_q,25.77,25.77%+0.77%,,,,irbank_q=25.77,https://irbank.net/E05015/quarter,,2026-08-31T01:24:49.228521+09:00
Q2023-05_2023-07,4707,cost_ratio,,pct,0.01,SINGLE_SOURCE,irbank_q,76.33,76.33%-4.1%,,,,irbank_q=76.33,https://irbank.net/E05015/quarter,,2026-08-31T01:24:49.228521+09:00
Q2023-05_2023-07,4707,operating_margin,,pct,0.01,SINGLE_SOURCE,irbank_q,-9.58,-9.58%,,,,irbank_q=-9.58,https://irbank.net/E05015/quarter,,2026-08-31T01:24:49.228521+09:00
Q2023-05_2023-07,4707,ordinary_income,,JPY_million,1,SINGLE_SOURCE,irbank_q,-34,-34百万,,,,irbank_q=-34,https://irbank.net/E05015/quarter,,2026-08-31T01:24:49.228521+09:00
Q2023-05_2023-07,4707,revenue,574,JPY_million,1,OK,kabutan_q10,574,574,irbank_q,574,5.74億+8.2%,kabutan_q10=574|irbank_q=574,https://kabutan.jp/stock/finance?code=4707,https://irbank.net/E05015/quarter,2026-08-31T01:24:49.228521+09:00
Q2023-05_2023-07,4707,sga_ratio,,pct,0.01,SINGLE_SOURCE,irbank_q,33.24,33.24%+0.09%,,,,irbank_q=33.24,https://irbank.net/E05015/quarter,,2026-08-31T01:24:49.228521+09:00
Q2023-08_2023-10,4707,cost_ratio,,pct,0.01,SINGLE_SOURCE,irbank_q,66.25,66.25%+1.68%,,,,irbank_q=66.25,https://irbank.net/E05015/quarter,,2026-08-31T01:24:49.228521+09:00
Q2023-08_2023-10,4707,operating_margin,,pct,0.01,SINGLE_SOURCE,irbank_q,10.89,10.89%-2.4%,,,,irbank_q=10.89,https://irbank.net/E05015/quarter,,2026-08-31T01:24:49.228521+09:00
Q2023-08_2023-10,4707,ordinary_income,,JPY_million,1,SINGLE_SOURCE,irbank_q,87,87百万-25.2%,,,,irbank_q=87,https://irbank.net/E05015/quarter,,2026-08-31T01:24:49.228521+09:00
Q2023-08_2023-10,4707,revenue,838,JPY_million,1,OK,kabutan_q10,838,838,irbank_q,838,8.38億+4.2%,kabutan_q10=838|irbank_q=838,https://kabutan.jp/stock/finance?code=4707,https://irbank.net/E05015/quarter,2026-08-31T01:24:49.228521+09:00
Q2023-08_2023-10,4707,sga_ratio,,pct,0.01,SINGLE_SOURCE,irbank_q,22.85,22.85%+0.71%,,,,irbank_q=22.85,https://irbank.net/E05015/quarter,,2026-08-31T01:24:49.228521+09:00
Q2023-11_2024-01,4707,cost_ratio,,pct,0.01,SINGLE_SOURCE,irbank_q,62.88,62.88%-8.63%,,,,irbank_q=62.88,https://irbank.net/E05015/quarter,,2026-08-31T01:24:49.228521+09:00
Q2023-11_2024-01,4707,operating_margin,,pct,0.1,SINGLE_SOURCE,irbank_q,15.6,15.6%+10.31%,,,,irbank_q=15.6,https://irbank.net/E05015/quarter,,2026-08-31T01:24:49.228521+09:00
Q2023-11_2024-01,4707,ordinary_income,,JPY_million,1,SINGLE_SOURCE,irbank_q,124,124百万+201.2%,,,,irbank_q=124,https://irbank.net/E05015/quarter,,2026-08-31T01:24:49.228521+09:00
Q2023-11_2024-01,4707,revenue,786,JPY_million,1,OK|ROUNDING,kabutan_q10,786,786,irbank_q,787,7.87億+4.4%,kabutan_q10=786|irbank_q=787,https://kabutan.jp/stock/finance?code=4707,https://irbank.net/E05015/quarter,2026-08-31T01:24:49.228521+09:00
Q2023-11_2024-01,4707,sga_ratio,,pct,0.01,SINGLE_SOURCE,irbank_q,21.52,21.52%-1.68%,,,,irbank_q=21.52,https://irbank.net/E05015/quarter,,2026-08-31T01:24:49.228521+09:00
Q2024-02_2024-04,4707,cost_ratio,,pct,0.01,SINGLE_SOURCE,irbank_q,64.92,64.92%+3.33%,,,,irbank_q=64.92,https://irbank.net/E05015/quarter,,2026-08-31T01:24:49.228521+09:00
Q2024-02_2024-04,4707,operating_margin,,pct,0.01,SINGLE_SOURCE,irbank_q,13.43,13.43%+0.79%,,,,irbank_q=13.43,https://irbank.net/E05015/quarter,,2026-08-31T01:24:49.228521+09:00
Q2024-02_2024-04,4707,ordinary_income,,JPY_million,1,SINGLE_SOURCE,irbank_q,126,126百万+38.4%,,,,irbank_q=126,https://irbank.net/E05015/quarter,,2026-08-31T01:24:49.228521+09:00
Q2024-02_2024-04,4707,revenue,849,JPY_million,1,OK|ROUNDING,kabutan_q10,849,849,irbank_q,848,8.48億+18.5%,kabutan_q10=849|irbank_q=848,https://kabutan.jp/stock/finance?code=4707,https://irbank.net/E05015/quarter,2026-08-31T01:24:49.228521+09:00
Q2024-02_2024-04,4707,sga_ratio,,pct,0.01,SINGLE_SOURCE,irbank_q,21.65,21.65%-4.12%,,,,irbank_q=21.65,https://irbank.net/E05015/quarter,,2026-08-31T01:24:49.228521+09:00
Q2024-05_2024-07,4707,cost_ratio,,pct,0.01,SINGLE_SOURCE,irbank_q,72.67,72.67%-3.66%,,,,irbank_q=72.67,https://irbank.net/E05015/quarter,,2026-08-31T01:24:49.228521+09:00
Q2024-05_2024-07,4707,operating_margin,,pct,0.1,SINGLE_SOURCE,irbank_q,1.7,1.7%,,,,irbank_q=1.7,https://irbank.net/E05015/quarter,,2026-08-31T01:24:49.228521+09:00
Q2024-05_2024-07,4707,ordinary_income,,JPY_million,1,SINGLE_SOURCE,irbank_q,33,33百万,,,,irbank_q=33,https://irbank.net/E05015/quarter,,2026-08-31T01:24:49.228521+09:00
Q2024-05_2024-07,4707,revenue,692,JPY_million,1,OK,kabutan_q10,692,692,irbank_q,692,6.92億+20.6%,kabutan_q10=692|irbank_q=692,https://kabutan.jp/stock/finance?code=4707,https://irbank.net/E05015/quarter,2026-08-31T01:24:49.228521+09:00
Q2024-05_2024-07,4707,sga_ratio,,pct,0.01,SINGLE_SOURCE,irbank_q,25.62,25.62%-7.62%,,,,irbank_q=25.62,https://irbank.net/E05015/quarter,,2026-08-31T01:24:49.228521+09:00
Q2024-08_2024-10,4707,cost_ratio,,pct,0.01,SINGLE_SOURCE,irbank_q,67.82,67.82%+1.57%,,,,irbank_q=67.82,https://irbank.net/E05015/quarter,,2026-08-31T01:24:49.228521+09:00
Q2024-08_2024-10,4707,eps,,JPY,0.1,SINGLE_SOURCE,kabutan_q,15.6,15.6,,,,kabutan_q=15.6,https://kabutan.jp/stock/finance?code=4707,,2026-08-31T01:24:49.228521+09:00
Q2024-08_2024-10,4707,net_income,,JPY_million,1,SINGLE_SOURCE,kabutan_q,87,87,,,,kabutan_q=87,https://kabutan.jp/stock/finance?code=4707,,2026-08-31T01:24:49.228521+09:00
Q2024-08_2024-10,4707,operating_income,,JPY_million,1,SINGLE_SOURCE,kabutan_q,114,114,,,,kabutan_q=114,https://kabutan.jp/stock/finance?code=4707,,2026-08-31T01:24:49.228521+09:00
Q2024-08_2024-10,4707,operating_margin,11.25,pct,0.1,OK|ROUNDING,kabutan_q,11.2,11.2,irbank_q,11.25,11.25%+0.36%,kabutan_q=11.2|irbank_q=11.25,https://kabutan.jp/stock/finance?code=4707,https://irbank.net/E05015/quarter,2026-08-31T01:24:49.228521+09:00
Q2024-08_2024-10,4707,ordinary_income,111,JPY_million,1,OK|ROUNDING,kabutan_q,111,111,irbank_q,110,110百万+26.5%,kabutan_q=111|irbank_q=110,https://kabutan.jp/stock/finance?code=4707,https://irbank.net/E05015/quarter,2026-08-31T01:24:49.228521+09:00
Q2024-08_2024-10,4707,revenue,1015,JPY_million,10,OK|ROUNDING,kabutan_q,1015,"1,015",kabutan_q10,1015,"1,015",kabutan_q=1015|kabutan_q10=1015|irbank_q=1020,https://kabutan.jp/stock/finance?code=4707,https://kabutan.jp/stock/finance?code=4707,2026-08-31T01:24:49.228521+09:00
Q2024-08_2024-10,4707,sga_ratio,,pct,0.01,SINGLE_SOURCE,irbank_q,20.93,20.93%-1.92%,,,,irbank_q=20.93,https://irbank.net/E05015/quarter,,2026-08-31T01:24:49.228521+09:00
Q2024-11_2025-01,4707,cost_ratio,,pct,0.01,SINGLE_SOURCE,irbank_q,67.73,67.73%+4.85%,,,,irbank_q=67.73,https://irbank.net/E05015/quarter,,2026-08-31T01:24:49.228521+09:00
Q2024-11_2025-01,4707,eps,,JPY,0.1,SINGLE_SOURCE,kabutan_q,8.8,8.8,,,,kabutan_q=8.8,https://kabutan.jp/stock/finance?code=4707,,2026-08-31T01:24:49.228521+09:00
Q2024-11_2025-01,4707,net_income,,JPY_million,1,SINGLE_SOURCE,kabutan_q,49,49,,,,kabutan_q=49,https://kabutan.jp/stock/finance?code=4707,,2026-08-31T01:24:49.228521+09:00
Q2024-11_2025-01,4707,operating_income,,JPY_million,1,SINGLE_SOURCE,kabutan_q,71,71,,,,kabutan_q=71,https://kabutan.jp/stock/finance?code=4707,,2026-08-31T01:24:49.228521+09:00
Q2024-11_2025-01,4707,operating_margin,8.95,pct,0.1,OK|ROUNDING,kabutan_q,8.9,8.9,irbank_q,8.95,8.95%-6.65%,kabutan_q=8.9|irbank_q=8.95,https://kabutan.jp/stock/finance?code=4707,https://irbank.net/E05015/quarter,2026-08-31T01:24:49.228521+09:00
Q2024-11_2025-01,4707,ordinary_income,73,JPY_million,1,OK|ROUNDING,kabutan_q,73,73,irbank_q,74,74百万-40.7%,kabutan_q=73|irbank_q=74,https://kabutan.jp/stock/finance?code=4707,https://irbank.net/E05015/quarter,2026-08-31T01:24:49.228521+09:00
Q2024-11_2025-01,4707,revenue,801,JPY_million,1,OK|ROUNDING,kabutan_q,801,801,kabutan_q10,801,801,kabutan_q=801|kabutan_q10=801|irbank_q=802,https://kabutan.jp/stock/finance?code=4707,https://kabutan.jp/stock/finance?code=4707,2026-08-31T01:24:49.228521+09:00
Q2024-11_2025-01,4707,sga_ratio,,pct,0.01,SINGLE_SOURCE,irbank_q,23.32,23.32%+1.8%,,,,irbank_q=23.32,https://irbank.net/E05015/quarter,,2026-08-31T01:24:49.228521+09:00
Q2025-02_2025-04,4707,cost_ratio,,pct,0.01,SINGLE_SOURCE,irbank_q,62.65,62.65%-2.27%,,,,irbank_q=62.65,https://irbank.net/E05015/quarter,,2026-08-31T01:24:49.228521+09:00
Q2025-02_2025-04,4707,eps,,JPY,0.1,SINGLE_SOURCE,kabutan_q,34.1,34.1,,,,kabutan_q=34.1,https://kabutan.jp/stock/finance?code=4707,,2026-08-31T01:24:49.228521+09:00
Q2025-02_2025-04,4707,net_income,,JPY_million,1,SINGLE_SOURCE,kabutan_q,191,191,,,,kabutan_q=191,https://kabutan.jp/stock/finance?code=4707,,2026-08-31T01:24:49.228521+09:00
Q2025-02_2025-04,4707,operating_income,,JPY_million,1,SINGLE_SOURCE,kabutan_q,123,123,,,,kabutan_q=123,https://kabutan.jp/stock/finance?code=4707,,2026-08-31T01:24:49.228521+09:00
Q2025-02_2025-04,4707,operating_margin,12.77,pct,0.1,OK|ROUNDING,kabutan_q,12.8,12.8,irbank_q,12.77,12.77%-0.66%,kabutan_q=12.8|irbank_q=12.77,https://kabutan.jp/stock/finance?code=4707,https://irbank.net/E05015/quarter,2026-08-31T01:24:49.228521+09:00
Q2025-02_2025-04,4707,ordinary_income,133,JPY_million,1,OK,kabutan_q,133,133,irbank_q,133,133百万+5.3%,kabutan_q=133|irbank_q=133,https://kabutan.jp/stock/finance?code=4707,https://irbank.net/E05015/quarter,2026-08-31T01:24:49.228521+09:00
Q2025-02_2025-04,4707,revenue,958,JPY_million,1,OK|ROUNDING,kabutan_q,958,958,kabutan_q10,958,958,kabutan_q=958|kabutan_q10=958|irbank_q=957,https://kabutan.jp/stock/finance?code=4707,https://kabutan.jp/stock/finance?code=4707,2026-08-31T01:24:49.228521+09:00
Q2025-02_2025-04,4707,sga_ratio,,pct,0.01,SINGLE_SOURCE,irbank_q,24.58,24.58%+2.93%,,,,irbank_q=24.58,https://irbank.net/E05015/quarter,,2026-08-31T01:24:49.228521+09:00
Q2025-05_2025-07,4707,cost_ratio,,pct,0.01,SINGLE_SOURCE,irbank_q,75.75,75.75%+3.08%,,,,irbank_q=75.75,https://irbank.net/E05015/quarter,,2026-08-31T01:24:49.228521+09:00
Q2025-05_2025-07,4707,eps,,JPY,0.1,SINGLE_SOURCE,kabutan_q,-4.8,-4.8,,,,kabutan_q=-4.8,https://kabutan.jp/stock/finance?code=4707,,2026-08-31T01:24:49.228521+09:00
Q2025-05_2025-07,4707,net_income,,JPY_million,1,SINGLE_SOURCE,kabutan_q,-27,-27,,,,kabutan_q=-27,https://kabutan.jp/stock/finance?code=4707,,2026-08-31T01:24:49.228521+09:00
Q2025-05_2025-07,4707,operating_income,,JPY_million,1,SINGLE_SOURCE,kabutan_q,-28,-28,,,,kabutan_q=-28,https://kabutan.jp/stock/finance?code=4707,,2026-08-31T01:24:49.228521+09:00
Q2025-05_2025-07,4707,operating_margin,-3.51,pct,0.1,OK|ROUNDING,kabutan_q,-3.5,-3.5,irbank_q,-3.51,-3.51%,kabutan_q=-3.5|irbank_q=-3.51,https://kabutan.jp/stock/finance?code=4707,https://irbank.net/E05015/quarter,2026-08-31T01:24:49.228521+09:00
Q2025-05_2025-07,4707,ordinary_income,-18,JPY_million,1,OK,kabutan_q,-18,-18,irbank_q,-18,-18百万,kabutan_q=-18|irbank_q=-18,https://kabutan.jp/stock/finance?code=4707,https://irbank.net/E05015/quarter,2026-08-31T01:24:49.228521+09:00
Q2025-05_2025-07,4707,revenue,790,JPY_million,10,OK,kabutan_q,790,790,kabutan_q10,790,790,kabutan_q=790|kabutan_q10=790|irbank_q=790,https://kabutan.jp/stock/finance?code=4707,https://kabutan.jp/stock/finance?code=4707,2026-08-31T01:24:49.228521+09:00
Q2025-05_2025-07,4707,sga_ratio,,pct,0.01,SINGLE_SOURCE,irbank_q,27.76,27.76%+2.14%,,,,irbank_q=27.76,https://irbank.net/E05015/quarter,,2026-08-31T01:24:49.228521+09:00
Q2025-08_2025-10,4707,cost_ratio,,pct,0.01,SINGLE_SOURCE,irbank_q,76.51,76.51%+8.69%,,,,irbank_q=76.51,https://irbank.net/E05015/quarter,,2026-08-31T01:24:49.228521+09:00
Q2025-08_2025-10,4707,eps,,JPY,0.1,SINGLE_SOURCE,kabutan_q,-1.1,-1.1,,,,kabutan_q=-1.1,https://kabutan.jp/stock/finance?code=4707,,2026-08-31T01:24:49.228521+09:00
Q2025-08_2025-10,4707,net_income,,JPY_million,1,SINGLE_SOURCE,kabutan_q,-6,-6,,,,kabutan_q=-6,https://kabutan.jp/stock/finance?code=4707,,2026-08-31T01:24:49.228521+09:00
Q2025-08_2025-10,4707,operating_income,,JPY_million,1,SINGLE_SOURCE,kabutan_q,-20,-20,,,,kabutan_q=-20,https://kabutan.jp/stock/finance?code=4707,,2026-08-31T01:24:49.228521+09:00
Q2025-08_2025-10,4707,operating_margin,-2.2,pct,0.1,OK,kabutan_q,-2.2,-2.2,irbank_q,-2.2,-2.2%,kabutan_q=-2.2|irbank_q=-2.2,https://kabutan.jp/stock/finance?code=4707,https://irbank.net/E05015/quarter,2026-08-31T01:24:49.228521+09:00
Q2025-08_2025-10,4707,ordinary_income,-25,JPY_million,1,OK,kabutan_q,-25,-25,irbank_q,-25,-25百万,kabutan_q=-25|irbank_q=-25,https://kabutan.jp/stock/finance?code=4707,https://irbank.net/E05015/quarter,2026-08-31T01:24:49.228521+09:00
Q2025-08_2025-10,4707,revenue,918,JPY_million,1,OK,kabutan_q,918,918,kabutan_q10,918,918,kabutan_q=918|kabutan_q10=918|irbank_q=918,https://kabutan.jp/stock/finance?code=4707,https://kabutan.jp/stock/finance?code=4707,2026-08-31T01:24:49.228521+09:00
Q2025-08_2025-10,4707,sga_ratio,,pct,0.01,SINGLE_SOURCE,irbank_q,25.69,25.69%+4.76%,,,,irbank_q=25.69,https://irbank.net/E05015/quarter,,2026-08-31T01:24:49.228521+09:00
Q2025-11_2026-01,4707,cost_ratio,,pct,0.1,SINGLE_SOURCE,irbank_q,68.7,68.7%+0.97%,,,,irbank_q=68.7,https://irbank.net/E05015/quarter,,2026-08-31T01:24:49.228521+09:00
Q2025-11_2026-01,4707,eps,,JPY,0.1,SINGLE_SOURCE,kabutan_q,5.5,5.5,,,,kabutan_q=5.5,https://kabutan.jp/stock/finance?code=4707,,2026-08-31T01:24:49.228521+09:00
Q2025-11_2026-01,4707,net_income,,JPY_million,1,SINGLE_SOURCE,kabutan_q,30,30,,,,kabutan_q=30,https://kabutan.jp/stock/finance?code=4707,,2026-08-31T01:24:49.228521+09:00
Q2025-11_2026-01,4707,operating_income,,JPY_million,1,SINGLE_SOURCE,kabutan_q,41,41,,,,kabutan_q=41,https://kabutan.jp/stock/finance?code=4707,,2026-08-31T01:24:49.228521+09:00
Q2025-11_2026-01,4707,operating_margin,5.12,pct,0.1,OK|ROUNDING,kabutan_q,5.1,5.1,irbank_q,5.12,5.12%-3.83%,kabutan_q=5.1|irbank_q=5.12,https://kabutan.jp/stock/finance?code=4707,https://irbank.net/E05015/quarter,2026-08-31T01:24:49.228521+09:00
Q2025-11_2026-01,4707,ordinary_income,43,JPY_million,1,OK,kabutan_q,43,43,irbank_q,43,43百万-41.6%,kabutan_q=43|irbank_q=43,https://kabutan.jp/stock/finance?code=4707,https://irbank.net/E05015/quarter,2026-08-31T01:24:49.228521+09:00
Q2025-11_2026-01,4707,revenue,801,JPY_million,1,OK,kabutan_q,801,801,kabutan_q10,801,801,kabutan_q=801|kabutan_q10=801|irbank_q=801,https://kabutan.jp/stock/finance?code=4707,https://kabutan.jp/stock/finance?code=4707,2026-08-31T01:24:49.228521+09:00
Q2025-11_2026-01,4707,sga_ratio,,pct,0.01,SINGLE_SOURCE,irbank_q,26.17,26.17%+2.85%,,,,irbank_q=26.17,https://irbank.net/E05015/quarter,,2026-08-31T01:24:49.228521+09:00
Q2026-02_2026-04,4707,cost_ratio,,pct,0.01,SINGLE_SOURCE,irbank_q,59.42,59.42%-3.23%,,,,irbank_q=59.42,https://irbank.net/E05015/quarter,,2026-08-31T01:24:49.228521+09:00
Q2026-02_2026-04,4707,eps,,JPY,0.1,SINGLE_SOURCE,kabutan_q,26.6,26.6,,,,kabutan_q=26.6,https://kabutan.jp/stock/finance?code=4707,,2026-08-31T01:24:49.228521+09:00
Q2026-02_2026-04,4707,net_income,,JPY_million,1,SINGLE_SOURCE,kabutan_q,149,149,,,,kabutan_q=149,https://kabutan.jp/stock/finance?code=4707,,2026-08-31T01:24:49.228521+09:00
Q2026-02_2026-04,4707,operating_income,,JPY_million,1,SINGLE_SOURCE,kabutan_q,191,191,,,,kabutan_q=191,https://kabutan.jp/stock/finance?code=4707,,2026-08-31T01:24:49.228521+09:00
Q2026-02_2026-04,4707,operating_margin,19.57,pct,0.1,OK|ROUNDING,kabutan_q,19.5,19.5,irbank_q,19.57,19.57%+6.8%,kabutan_q=19.5|irbank_q=19.57,https://kabutan.jp/stock/finance?code=4707,https://irbank.net/E05015/quarter,2026-08-31T01:24:49.228521+09:00
Q2026-02_2026-04,4707,ordinary_income,190,JPY_million,1,OK|ROUNDING,kabutan_q,190,190,irbank_q,191,191百万+43.8%,kabutan_q=190|irbank_q=191,https://kabutan.jp/stock/finance?code=4707,https://irbank.net/E05015/quarter,2026-08-31T01:24:49.228521+09:00
Q2026-02_2026-04,4707,revenue,977,JPY_million,1,OK|ROUNDING,kabutan_q,977,977,kabutan_q10,977,977,kabutan_q=977|kabutan_q10=977|irbank_q=978,https://kabutan.jp/stock/finance?code=4707,https://kabutan.jp/stock/finance?code=4707,2026-08-31T01:24:49.228521+09:00
Q2026-02_2026-04,4707,sga_ratio,,pct,0.01,SINGLE_SOURCE,irbank_q,21.03,21.03%-3.55%,,,,irbank_q=21.03,https://irbank.net/E05015/quarter,,2026-08-31T01:24:49.228521+09:00
Q2026-05_2026-07,4707,cost_ratio,,pct,0.01,SINGLE_SOURCE,irbank_q,77.97,77.97%+2.22%,,,,irbank_q=77.97,https://irbank.net/E05015/quarter,,2026-08-31T01:24:49.228521+09:00
Q2026-05_2026-07,4707,eps,,JPY,0.1,SINGLE_SOURCE,kabutan_q,-6.8,-6.8,kabutan_q10,-6.8,-6.8,kabutan_q=-6.8|kabutan_q10=-6.8,https://kabutan.jp/stock/finance?code=4707,https://kabutan.jp/stock/finance?code=4707,2026-08-31T01:24:49.228521+09:00
Q2026-05_2026-07,4707,net_income,,JPY_million,1,SINGLE_SOURCE,kabutan_q,-38,-38,,,,kabutan_q=-38,https://kabutan.jp/stock/finance?code=4707,,2026-08-31T01:24:49.228521+09:00
Q2026-05_2026-07,4707,operating_income,,JPY_million,1,SINGLE_SOURCE,kabutan_q,-74,-74,kabutan_q10,-74,-74,kabutan_q=-74|kabutan_q10=-74,https://kabutan.jp/stock/finance?code=4707,https://kabutan.jp/stock/finance?code=4707,2026-08-31T01:24:49.228521+09:00
Q2026-05_2026-07,4707,operating_margin,-11.52,pct,0.1,OK|ROUNDING,kabutan_q,-11.5,-11.5,irbank_q,-11.52,-11.52%,kabutan_q=-11.5|irbank_q=-11.52,https://kabutan.jp/stock/finance?code=4707,https://irbank.net/E05015/quarter,2026-08-31T01:24:49.228521+09:00
Q2026-05_2026-07,4707,ordinary_income,-59,JPY_million,1,OK|ROUNDING,kabutan_q,-59,-59,kabutan_q10,-59,-59,kabutan_q=-59|kabutan_q10=-59|irbank_q=-60,https://kabutan.jp/stock/finance?code=4707,https://kabutan.jp/stock/finance?code=4707,2026-08-31T01:24:49.228521+09:00
Q2026-05_2026-07,4707,revenue,646,JPY_million,1,OK|ROUNDING,kabutan_q,646,646,kabutan_q10,646,646,kabutan_q=646|kabutan_q10=646|irbank_q=645,https://kabutan.jp/stock/finance?code=4707,https://kabutan.jp/stock/finance?code=4707,2026-08-31T01:24:49.228521+09:00
Q2026-05_2026-07,4707,sga_ratio,,pct,0.01,SINGLE_SOURCE,irbank_q,33.68,33.68%+5.92%,,,,irbank_q=33.68,https://irbank.net/E05015/quarter,,2026-08-31T01:24:49.228521+09:00
