period,code,metric,value,unit,tolerance,status,source_primary,value_primary,raw_primary,source_secondary,value_secondary,raw_secondary,sources_all,source_url_primary,source_url_secondary,fetched_at
FY2002-03,6508,revenue,,JPY_million,1,SINGLE_SOURCE,kabutan_fy10,200074,"200,074",,,,kabutan_fy10=200074,https://kabutan.jp/stock/finance?code=6508,,2026-09-01T16:23:03.525957+09:00
FY2003-03,6508,revenue,,JPY_million,1,SINGLE_SOURCE,kabutan_fy10,184853,"184,853",,,,kabutan_fy10=184853,https://kabutan.jp/stock/finance?code=6508,,2026-09-01T16:23:03.525957+09:00
FY2004-03,6508,revenue,,JPY_million,1,SINGLE_SOURCE,kabutan_fy10,181560,"181,560",,,,kabutan_fy10=181560,https://kabutan.jp/stock/finance?code=6508,,2026-09-01T16:23:03.525957+09:00
FY2005-03,6508,revenue,,JPY_million,1,SINGLE_SOURCE,kabutan_fy10,185442,"185,442",,,,kabutan_fy10=185442,https://kabutan.jp/stock/finance?code=6508,,2026-09-01T16:23:03.525957+09:00
FY2006-03,6508,revenue,,JPY_million,1,SINGLE_SOURCE,kabutan_fy10,183747,"183,747",,,,kabutan_fy10=183747,https://kabutan.jp/stock/finance?code=6508,,2026-09-01T16:23:03.525957+09:00
FY2007-03,6508,revenue,,JPY_million,1,SINGLE_SOURCE,kabutan_fy10,194193,"194,193",,,,kabutan_fy10=194193,https://kabutan.jp/stock/finance?code=6508,,2026-09-01T16:23:03.525957+09:00
FY2008-03,6508,capex,,JPY_million,100,SINGLE_SOURCE,irbank_cf,-12600,-126億,,,,irbank_cf=-12600,https://irbank.net/E01744/results,,2026-09-01T16:23:03.525957+09:00
FY2008-03,6508,cash_equivalents,,JPY_million,100,SINGLE_SOURCE,irbank_cf,10200,102億,,,,irbank_cf=10200,https://irbank.net/E01744/results,,2026-09-01T16:23:03.525957+09:00
FY2008-03,6508,cost_ratio,,pct,0.01,SINGLE_SOURCE,irbank_pl_consolidated,78.17,78.17,,,,irbank_pl_consolidated=78.17,https://irbank.net/E01744/results,,2026-09-01T16:23:03.525957+09:00
FY2008-03,6508,equity_ratio,,pct,0.01,SINGLE_SOURCE,irbank_bs,24.53,24.53,,,,irbank_bs=24.53,https://irbank.net/E01744/results,,2026-09-01T16:23:03.525957+09:00
FY2008-03,6508,financing_cf,,JPY_million,100,SINGLE_SOURCE,irbank_cf,13100,131億,,,,irbank_cf=13100,https://irbank.net/E01744/results,,2026-09-01T16:23:03.525957+09:00
FY2008-03,6508,free_cf,,JPY_million,10,SINGLE_SOURCE,irbank_cf,-8520,-85.2億,,,,irbank_cf=-8520,https://irbank.net/E01744/results,,2026-09-01T16:23:03.525957+09:00
FY2008-03,6508,interest_bearing_debt,,JPY_million,100,SINGLE_SOURCE,irbank_bs,73000,730億,,,,irbank_bs=73000,https://irbank.net/E01744/results,,2026-09-01T16:23:03.525957+09:00
FY2008-03,6508,interest_bearing_debt_ratio,,x,0.0001,SINGLE_SOURCE|UNIT_CONVERTED,irbank_bs,1.2589,125.89,,,,irbank_bs=1.2589,https://irbank.net/E01744/results,,2026-09-01T16:23:03.525957+09:00
FY2008-03,6508,investing_cf,,JPY_million,100,SINGLE_SOURCE,irbank_cf,-12900,-129億,,,,irbank_cf=-12900,https://irbank.net/E01744/results,,2026-09-01T16:23:03.525957+09:00
FY2008-03,6508,net_assets,,JPY_million,100,SINGLE_SOURCE,irbank_bs,60200,602億,,,,irbank_bs=60200,https://irbank.net/E01744/results,,2026-09-01T16:23:03.525957+09:00
FY2008-03,6508,net_income,,JPY_million,10,SINGLE_SOURCE,irbank_pl_consolidated,2410,24.1億,,,,irbank_pl_consolidated=2410,https://irbank.net/E01744/results,,2026-09-01T16:23:03.525957+09:00
FY2008-03,6508,operating_cf,,JPY_million,10,SINGLE_SOURCE,irbank_cf,4350,43.5億,,,,irbank_cf=4350,https://irbank.net/E01744/results,,2026-09-01T16:23:03.525957+09:00
FY2008-03,6508,operating_income,,JPY_million,10,SINGLE_SOURCE,irbank_pl_consolidated,7590,75.9億,,,,irbank_pl_consolidated=7590,https://irbank.net/E01744/results,,2026-09-01T16:23:03.525957+09:00
FY2008-03,6508,operating_margin,,pct,0.01,SINGLE_SOURCE,irbank_pl_consolidated,3.73,3.73,,,,irbank_pl_consolidated=3.73,https://irbank.net/E01744/results,,2026-09-01T16:23:03.525957+09:00
FY2008-03,6508,ordinary_income,,JPY_million,10,SINGLE_SOURCE,irbank_pl_consolidated,5220,52.2億,,,,irbank_pl_consolidated=5220,https://irbank.net/E01744/results,,2026-09-01T16:23:03.525957+09:00
FY2008-03,6508,retained_earnings,,JPY_million,100,SINGLE_SOURCE,irbank_bs,21600,216億,,,,irbank_bs=21600,https://irbank.net/E01744/results,,2026-09-01T16:23:03.525957+09:00
FY2008-03,6508,revenue,203514,JPY_million,100,OK|ROUNDING,kabutan_fy10,203514,"203,514",irbank_pl_consolidated,203500,2035億,kabutan_fy10=203514|irbank_pl_consolidated=203500,https://kabutan.jp/stock/finance?code=6508,https://irbank.net/E01744/results,2026-09-01T16:23:03.525957+09:00
FY2008-03,6508,roa,,pct,0.01,SINGLE_SOURCE,irbank_pl_consolidated,1.02,1.02,,,,irbank_pl_consolidated=1.02,https://irbank.net/E01744/results,,2026-09-01T16:23:03.525957+09:00
FY2008-03,6508,roe,,pct,0.01,SINGLE_SOURCE,irbank_pl_consolidated,4.15,4.15,,,,irbank_pl_consolidated=4.15,https://irbank.net/E01744/results,,2026-09-01T16:23:03.525957+09:00
FY2008-03,6508,sga_ratio,,pct,0.1,SINGLE_SOURCE,irbank_pl_consolidated,18.1,18.1,,,,irbank_pl_consolidated=18.1,https://irbank.net/E01744/results,,2026-09-01T16:23:03.525957+09:00
FY2008-03,6508,shareholders_equity,,JPY_million,100,SINGLE_SOURCE,irbank_bs,51800,518億,,,,irbank_bs=51800,https://irbank.net/E01744/results,,2026-09-01T16:23:03.525957+09:00
FY2008-03,6508,total_assets,,JPY_million,100,SINGLE_SOURCE,irbank_bs,236400,2364億,,,,irbank_bs=236400,https://irbank.net/E01744/results,,2026-09-01T16:23:03.525957+09:00
FY2009-03,6508,capex,,JPY_million,10,SINGLE_SOURCE,irbank_cf,-7040,-70.4億,,,,irbank_cf=-7040,https://irbank.net/E01744/results,,2026-09-01T16:23:03.525957+09:00
FY2009-03,6508,cash_equivalents,,JPY_million,10,SINGLE_SOURCE,irbank_cf,3120,31.2億,,,,irbank_cf=3120,https://irbank.net/E01744/results,,2026-09-01T16:23:03.525957+09:00
FY2009-03,6508,cost_ratio,,pct,0.01,SINGLE_SOURCE,irbank_pl_consolidated,79.68,79.68,,,,irbank_pl_consolidated=79.68,https://irbank.net/E01744/results,,2026-09-01T16:23:03.525957+09:00
FY2009-03,6508,equity_ratio,,pct,0.01,SINGLE_SOURCE,irbank_bs,23.68,23.68,,,,irbank_bs=23.68,https://irbank.net/E01744/results,,2026-09-01T16:23:03.525957+09:00
FY2009-03,6508,financing_cf,,JPY_million,10,SINGLE_SOURCE,irbank_cf,-5180,-51.8億,,,,irbank_cf=-5180,https://irbank.net/E01744/results,,2026-09-01T16:23:03.525957+09:00
FY2009-03,6508,free_cf,,JPY_million,10,SINGLE_SOURCE,irbank_cf,-1530,-15.3億,,,,irbank_cf=-1530,https://irbank.net/E01744/results,,2026-09-01T16:23:03.525957+09:00
FY2009-03,6508,interest_bearing_debt,,JPY_million,100,SINGLE_SOURCE,irbank_bs,68900,689億,,,,irbank_bs=68900,https://irbank.net/E01744/results,,2026-09-01T16:23:03.525957+09:00
FY2009-03,6508,interest_bearing_debt_ratio,,x,0.0001,SINGLE_SOURCE|UNIT_CONVERTED,irbank_bs,1.3596,135.96,,,,irbank_bs=1.3596,https://irbank.net/E01744/results,,2026-09-01T16:23:03.525957+09:00
FY2009-03,6508,investing_cf,,JPY_million,10,SINGLE_SOURCE,irbank_cf,-8780,-87.8億,,,,irbank_cf=-8780,https://irbank.net/E01744/results,,2026-09-01T16:23:03.525957+09:00
FY2009-03,6508,net_assets,,JPY_million,100,SINGLE_SOURCE,irbank_bs,52700,527億,,,,irbank_bs=52700,https://irbank.net/E01744/results,,2026-09-01T16:23:03.525957+09:00
FY2009-03,6508,net_income,,JPY_million,10,SINGLE_SOURCE,irbank_pl_consolidated,-1080,-10.8億,,,,irbank_pl_consolidated=-1080,https://irbank.net/E01744/results,,2026-09-01T16:23:03.525957+09:00
FY2009-03,6508,operating_cf,,JPY_million,10,SINGLE_SOURCE,irbank_cf,7250,72.5億,,,,irbank_cf=7250,https://irbank.net/E01744/results,,2026-09-01T16:23:03.525957+09:00
FY2009-03,6508,operating_income,,JPY_million,10,SINGLE_SOURCE,irbank_pl_consolidated,4090,40.9億,,,,irbank_pl_consolidated=4090,https://irbank.net/E01744/results,,2026-09-01T16:23:03.525957+09:00
FY2009-03,6508,operating_margin,,pct,0.01,SINGLE_SOURCE,irbank_pl_consolidated,2.05,2.05,,,,irbank_pl_consolidated=2.05,https://irbank.net/E01744/results,,2026-09-01T16:23:03.525957+09:00
FY2009-03,6508,ordinary_income,,JPY_million,10,SINGLE_SOURCE,irbank_pl_consolidated,1420,14.2億,,,,irbank_pl_consolidated=1420,https://irbank.net/E01744/results,,2026-09-01T16:23:03.525957+09:00
FY2009-03,6508,retained_earnings,,JPY_million,100,SINGLE_SOURCE,irbank_bs,19200,192億,,,,irbank_bs=19200,https://irbank.net/E01744/results,,2026-09-01T16:23:03.525957+09:00
FY2009-03,6508,revenue,198797,JPY_million,100,OK|ROUNDING,kabutan_fy10,198797,"198,797",irbank_pl_consolidated,198800,1988億,kabutan_fy10=198797|irbank_pl_consolidated=198800,https://kabutan.jp/stock/finance?code=6508,https://irbank.net/E01744/results,2026-09-01T16:23:03.525957+09:00
FY2009-03,6508,sga_ratio,,pct,0.01,SINGLE_SOURCE,irbank_pl_consolidated,18.26,18.26,,,,irbank_pl_consolidated=18.26,https://irbank.net/E01744/results,,2026-09-01T16:23:03.525957+09:00
FY2009-03,6508,shareholders_equity,,JPY_million,100,SINGLE_SOURCE,irbank_bs,49300,493億,,,,irbank_bs=49300,https://irbank.net/E01744/results,,2026-09-01T16:23:03.525957+09:00
FY2009-03,6508,total_assets,,JPY_million,100,SINGLE_SOURCE,irbank_bs,214200,2142億,,,,irbank_bs=214200,https://irbank.net/E01744/results,,2026-09-01T16:23:03.525957+09:00
FY2010-03,6508,bps,,JPY,0.1,SINGLE_SOURCE,irbank_bs,1141.6,1141.6,,,,irbank_bs=1141.6,https://irbank.net/E01744/results,,2026-09-01T16:23:03.525957+09:00
FY2010-03,6508,capex,,JPY_million,10,SINGLE_SOURCE,irbank_cf,-5270,-52.7億,,,,irbank_cf=-5270,https://irbank.net/E01744/results,,2026-09-01T16:23:03.525957+09:00
FY2010-03,6508,cash_equivalents,,JPY_million,100,SINGLE_SOURCE,irbank_cf,11200,112億,,,,irbank_cf=11200,https://irbank.net/E01744/results,,2026-09-01T16:23:03.525957+09:00
FY2010-03,6508,cost_ratio,,pct,0.01,SINGLE_SOURCE,irbank_pl_consolidated,77.84,77.84,,,,irbank_pl_consolidated=77.84,https://irbank.net/E01744/results,,2026-09-01T16:23:03.525957+09:00
FY2010-03,6508,eps,,JPY,0.01,SINGLE_SOURCE,irbank_pl_consolidated,21.31,21.31,,,,irbank_pl_consolidated=21.31,https://irbank.net/E01744/results,,2026-09-01T16:23:03.525957+09:00
FY2010-03,6508,equity_ratio,,pct,0.1,SINGLE_SOURCE,irbank_bs,25.2,25.2,,,,irbank_bs=25.2,https://irbank.net/E01744/results,,2026-09-01T16:23:03.525957+09:00
FY2010-03,6508,financing_cf,,JPY_million,10,SINGLE_SOURCE,irbank_cf,-2740,-27.4億,,,,irbank_cf=-2740,https://irbank.net/E01744/results,,2026-09-01T16:23:03.525957+09:00
FY2010-03,6508,free_cf,,JPY_million,100,SINGLE_SOURCE,irbank_cf,10800,108億,,,,irbank_cf=10800,https://irbank.net/E01744/results,,2026-09-01T16:23:03.525957+09:00
FY2010-03,6508,interest_bearing_debt,,JPY_million,100,SINGLE_SOURCE,irbank_bs,67300,673億,,,,irbank_bs=67300,https://irbank.net/E01744/results,,2026-09-01T16:23:03.525957+09:00
FY2010-03,6508,interest_bearing_debt_ratio,,x,0.0001,SINGLE_SOURCE|UNIT_CONVERTED,irbank_bs,1.2945,129.45,,,,irbank_bs=1.2945,https://irbank.net/E01744/results,,2026-09-01T16:23:03.525957+09:00
FY2010-03,6508,investing_cf,,JPY_million,10,SINGLE_SOURCE,irbank_cf,-5510,-55.1億,,,,irbank_cf=-5510,https://irbank.net/E01744/results,,2026-09-01T16:23:03.525957+09:00
FY2010-03,6508,net_assets,,JPY_million,100,SINGLE_SOURCE,irbank_bs,54100,541億,,,,irbank_bs=54100,https://irbank.net/E01744/results,,2026-09-01T16:23:03.525957+09:00
FY2010-03,6508,net_income,,JPY_million,10,SINGLE_SOURCE,irbank_pl_consolidated,970,9.7億,,,,irbank_pl_consolidated=970,https://irbank.net/E01744/results,,2026-09-01T16:23:03.525957+09:00
FY2010-03,6508,operating_cf,,JPY_million,100,SINGLE_SOURCE,irbank_cf,16300,163億,,,,irbank_cf=16300,https://irbank.net/E01744/results,,2026-09-01T16:23:03.525957+09:00
FY2010-03,6508,operating_income,,JPY_million,10,SINGLE_SOURCE,irbank_pl_consolidated,3320,33.2億,,,,irbank_pl_consolidated=3320,https://irbank.net/E01744/results,,2026-09-01T16:23:03.525957+09:00
FY2010-03,6508,operating_margin,,pct,0.01,SINGLE_SOURCE,irbank_pl_consolidated,1.92,1.92,,,,irbank_pl_consolidated=1.92,https://irbank.net/E01744/results,,2026-09-01T16:23:03.525957+09:00
FY2010-03,6508,ordinary_income,,JPY_million,10,SINGLE_SOURCE,irbank_pl_consolidated,1810,18.1億,,,,irbank_pl_consolidated=1810,https://irbank.net/E01744/results,,2026-09-01T16:23:03.525957+09:00
FY2010-03,6508,retained_earnings,,JPY_million,100,SINGLE_SOURCE,irbank_bs,19200,192億,,,,irbank_bs=19200,https://irbank.net/E01744/results,,2026-09-01T16:23:03.525957+09:00
FY2010-03,6508,revenue,173067,JPY_million,100,OK|ROUNDING,kabutan_fy10,173067,"173,067",irbank_pl_consolidated,173100,1731億,kabutan_fy10=173067|irbank_pl_consolidated=173100,https://kabutan.jp/stock/finance?code=6508,https://irbank.net/E01744/results,2026-09-01T16:23:03.525957+09:00
FY2010-03,6508,roa,,pct,0.01,SINGLE_SOURCE,irbank_pl_consolidated,0.47,0.47,,,,irbank_pl_consolidated=0.47,https://irbank.net/E01744/results,,2026-09-01T16:23:03.525957+09:00
FY2010-03,6508,roe,,pct,0.01,SINGLE_SOURCE,irbank_pl_consolidated,1.87,1.87,,,,irbank_pl_consolidated=1.87,https://irbank.net/E01744/results,,2026-09-01T16:23:03.525957+09:00
FY2010-03,6508,sga_ratio,,pct,0.01,SINGLE_SOURCE,irbank_pl_consolidated,20.24,20.24,,,,irbank_pl_consolidated=20.24,https://irbank.net/E01744/results,,2026-09-01T16:23:03.525957+09:00
FY2010-03,6508,shareholders_equity,,JPY_million,100,SINGLE_SOURCE,irbank_bs,49400,494億,,,,irbank_bs=49400,https://irbank.net/E01744/results,,2026-09-01T16:23:03.525957+09:00
FY2010-03,6508,total_assets,,JPY_million,100,SINGLE_SOURCE,irbank_bs,206600,2066億,,,,irbank_bs=206600,https://irbank.net/E01744/results,,2026-09-01T16:23:03.525957+09:00
FY2011-03,6508,bps,,JPY,0.1,SINGLE_SOURCE,irbank_bs,1109.4,1109.4,,,,irbank_bs=1109.4,https://irbank.net/E01744/results,,2026-09-01T16:23:03.525957+09:00
FY2011-03,6508,capex,,JPY_million,10,SINGLE_SOURCE,irbank_cf,-5070,-50.7億,,,,irbank_cf=-5070,https://irbank.net/E01744/results,,2026-09-01T16:23:03.525957+09:00
FY2011-03,6508,cash_equivalents,,JPY_million,100,SINGLE_SOURCE,irbank_cf,12000,120億,,,,irbank_cf=12000,https://irbank.net/E01744/results,,2026-09-01T16:23:03.525957+09:00
FY2011-03,6508,cost_ratio,,pct,0.01,SINGLE_SOURCE,irbank_pl_consolidated,76.86,76.86,,,,irbank_pl_consolidated=76.86,https://irbank.net/E01744/results,,2026-09-01T16:23:03.525957+09:00
FY2011-03,6508,eps,,JPY,0.01,SINGLE_SOURCE,irbank_pl_consolidated,26.27,26.27,,,,irbank_pl_consolidated=26.27,https://irbank.net/E01744/results,,2026-09-01T16:23:03.525957+09:00
FY2011-03,6508,equity_ratio,,pct,0.1,SINGLE_SOURCE,irbank_bs,24.4,24.4,,,,irbank_bs=24.4,https://irbank.net/E01744/results,,2026-09-01T16:23:03.525957+09:00
FY2011-03,6508,financing_cf,,JPY_million,100,SINGLE_SOURCE,irbank_cf,-9600,-96億,,,,irbank_cf=-9600,https://irbank.net/E01744/results,,2026-09-01T16:23:03.525957+09:00
FY2011-03,6508,free_cf,,JPY_million,100,SINGLE_SOURCE,irbank_cf,10400,104億,,,,irbank_cf=10400,https://irbank.net/E01744/results,,2026-09-01T16:23:03.525957+09:00
FY2011-03,6508,interest_bearing_debt,,JPY_million,100,SINGLE_SOURCE,irbank_bs,63200,632億,,,,irbank_bs=63200,https://irbank.net/E01744/results,,2026-09-01T16:23:03.525957+09:00
FY2011-03,6508,interest_bearing_debt_ratio,,x,0.001,SINGLE_SOURCE|UNIT_CONVERTED,irbank_bs,1.252,125.2,,,,irbank_bs=1.252,https://irbank.net/E01744/results,,2026-09-01T16:23:03.525957+09:00
FY2011-03,6508,investing_cf,,JPY_million,10,SINGLE_SOURCE,irbank_cf,-4320,-43.2億,,,,irbank_cf=-4320,https://irbank.net/E01744/results,,2026-09-01T16:23:03.525957+09:00
FY2011-03,6508,net_assets,,JPY_million,100,SINGLE_SOURCE,irbank_bs,52700,527億,,,,irbank_bs=52700,https://irbank.net/E01744/results,,2026-09-01T16:23:03.525957+09:00
FY2011-03,6508,net_income,,JPY_million,100,SINGLE_SOURCE,irbank_pl_consolidated,1200,12億,,,,irbank_pl_consolidated=1200,https://irbank.net/E01744/results,,2026-09-01T16:23:03.525957+09:00
FY2011-03,6508,operating_cf,,JPY_million,100,SINGLE_SOURCE,irbank_cf,14700,147億,,,,irbank_cf=14700,https://irbank.net/E01744/results,,2026-09-01T16:23:03.525957+09:00
FY2011-03,6508,operating_income,,JPY_million,10,SINGLE_SOURCE,irbank_pl_consolidated,5780,57.8億,,,,irbank_pl_consolidated=5780,https://irbank.net/E01744/results,,2026-09-01T16:23:03.525957+09:00
FY2011-03,6508,operating_margin,,pct,0.01,SINGLE_SOURCE,irbank_pl_consolidated,3.44,3.44,,,,irbank_pl_consolidated=3.44,https://irbank.net/E01744/results,,2026-09-01T16:23:03.525957+09:00
FY2011-03,6508,ordinary_income,,JPY_million,10,SINGLE_SOURCE,irbank_pl_consolidated,4610,46.1億,,,,irbank_pl_consolidated=4610,https://irbank.net/E01744/results,,2026-09-01T16:23:03.525957+09:00
FY2011-03,6508,retained_earnings,,JPY_million,100,SINGLE_SOURCE,irbank_bs,19100,191億,,,,irbank_bs=19100,https://irbank.net/E01744/results,,2026-09-01T16:23:03.525957+09:00
FY2011-03,6508,revenue,167729,JPY_million,100,OK|ROUNDING,kabutan_fy10,167729,"167,729",irbank_pl_consolidated,167700,1677億,kabutan_fy10=167729|irbank_pl_consolidated=167700,https://kabutan.jp/stock/finance?code=6508,https://irbank.net/E01744/results,2026-09-01T16:23:03.525957+09:00
FY2011-03,6508,roa,,pct,0.01,SINGLE_SOURCE,irbank_pl_consolidated,0.58,0.58,,,,irbank_pl_consolidated=0.58,https://irbank.net/E01744/results,,2026-09-01T16:23:03.525957+09:00
FY2011-03,6508,roe,,pct,0.01,SINGLE_SOURCE,irbank_pl_consolidated,2.37,2.37,,,,irbank_pl_consolidated=2.37,https://irbank.net/E01744/results,,2026-09-01T16:23:03.525957+09:00
FY2011-03,6508,sga_ratio,,pct,0.1,SINGLE_SOURCE,irbank_pl_consolidated,19.7,19.7,,,,irbank_pl_consolidated=19.7,https://irbank.net/E01744/results,,2026-09-01T16:23:03.525957+09:00
FY2011-03,6508,shareholders_equity,,JPY_million,100,SINGLE_SOURCE,irbank_bs,49200,492億,,,,irbank_bs=49200,https://irbank.net/E01744/results,,2026-09-01T16:23:03.525957+09:00
FY2011-03,6508,total_assets,,JPY_million,100,SINGLE_SOURCE,irbank_bs,206900,2069億,,,,irbank_bs=206900,https://irbank.net/E01744/results,,2026-09-01T16:23:03.525957+09:00
FY2012-03,6508,bps,,JPY,0.01,SINGLE_SOURCE,irbank_bs,1124.71,1124.71,,,,irbank_bs=1124.71,https://irbank.net/E01744/results,,2026-09-01T16:23:03.525957+09:00
FY2012-03,6508,capex,,JPY_million,10,SINGLE_SOURCE,irbank_cf,-5460,-54.6億,,,,irbank_cf=-5460,https://irbank.net/E01744/results,,2026-09-01T16:23:03.525957+09:00
FY2012-03,6508,cash_equivalents,,JPY_million,100,SINGLE_SOURCE,irbank_cf,12700,127億,,,,irbank_cf=12700,https://irbank.net/E01744/results,,2026-09-01T16:23:03.525957+09:00
FY2012-03,6508,cost_ratio,,pct,0.01,SINGLE_SOURCE,irbank_pl_consolidated,76.69,76.69,,,,irbank_pl_consolidated=76.69,https://irbank.net/E01744/results,,2026-09-01T16:23:03.525957+09:00
FY2012-03,6508,eps,,JPY,0.01,SINGLE_SOURCE,irbank_pl_consolidated,36.88,36.88,,,,irbank_pl_consolidated=36.88,https://irbank.net/E01744/results,,2026-09-01T16:23:03.525957+09:00
FY2012-03,6508,equity_ratio,,pct,0.1,SINGLE_SOURCE,irbank_bs,24.2,24.2,,,,irbank_bs=24.2,https://irbank.net/E01744/results,,2026-09-01T16:23:03.525957+09:00
FY2012-03,6508,financing_cf,,JPY_million,10,SINGLE_SOURCE,irbank_cf,-5050,-50.5億,,,,irbank_cf=-5050,https://irbank.net/E01744/results,,2026-09-01T16:23:03.525957+09:00
FY2012-03,6508,free_cf,,JPY_million,100,SINGLE_SOURCE,irbank_cf,5800,58億,,,,irbank_cf=5800,https://irbank.net/E01744/results,,2026-09-01T16:23:03.525957+09:00
FY2012-03,6508,interest_bearing_debt,,JPY_million,100,SINGLE_SOURCE,irbank_bs,59100,591億,,,,irbank_bs=59100,https://irbank.net/E01744/results,,2026-09-01T16:23:03.525957+09:00
FY2012-03,6508,interest_bearing_debt_ratio,,x,0.0001,SINGLE_SOURCE|UNIT_CONVERTED,irbank_bs,1.1532,115.32,,,,irbank_bs=1.1532,https://irbank.net/E01744/results,,2026-09-01T16:23:03.525957+09:00
FY2012-03,6508,investing_cf,,JPY_million,10,SINGLE_SOURCE,irbank_cf,-5640,-56.4億,,,,irbank_cf=-5640,https://irbank.net/E01744/results,,2026-09-01T16:23:03.525957+09:00
FY2012-03,6508,net_assets,,JPY_million,100,SINGLE_SOURCE,irbank_bs,53400,534億,,,,irbank_bs=53400,https://irbank.net/E01744/results,,2026-09-01T16:23:03.525957+09:00
FY2012-03,6508,net_income,,JPY_million,10,SINGLE_SOURCE,irbank_pl_consolidated,1680,16.8億,,,,irbank_pl_consolidated=1680,https://irbank.net/E01744/results,,2026-09-01T16:23:03.525957+09:00
FY2012-03,6508,operating_cf,,JPY_million,100,SINGLE_SOURCE,irbank_cf,11400,114億,,,,irbank_cf=11400,https://irbank.net/E01744/results,,2026-09-01T16:23:03.525957+09:00
FY2012-03,6508,operating_income,,JPY_million,10,SINGLE_SOURCE,irbank_pl_consolidated,6280,62.8億,,,,irbank_pl_consolidated=6280,https://irbank.net/E01744/results,,2026-09-01T16:23:03.525957+09:00
FY2012-03,6508,operating_margin,,pct,0.01,SINGLE_SOURCE,irbank_pl_consolidated,3.47,3.47,,,,irbank_pl_consolidated=3.47,https://irbank.net/E01744/results,,2026-09-01T16:23:03.525957+09:00
FY2012-03,6508,ordinary_income,,JPY_million,10,SINGLE_SOURCE,irbank_pl_consolidated,5270,52.7億,,,,irbank_pl_consolidated=5270,https://irbank.net/E01744/results,,2026-09-01T16:23:03.525957+09:00
FY2012-03,6508,retained_earnings,,JPY_million,100,SINGLE_SOURCE,irbank_bs,19800,198億,,,,irbank_bs=19800,https://irbank.net/E01744/results,,2026-09-01T16:23:03.525957+09:00
FY2012-03,6508,revenue,181106,JPY_million,100,OK|ROUNDING,kabutan_fy10,181106,"181,106",irbank_pl_consolidated,181100,1811億,kabutan_fy10=181106|irbank_pl_consolidated=181100,https://kabutan.jp/stock/finance?code=6508,https://irbank.net/E01744/results,2026-09-01T16:23:03.525957+09:00
FY2012-03,6508,roa,,pct,0.01,SINGLE_SOURCE,irbank_pl_consolidated,0.79,0.79,,,,irbank_pl_consolidated=0.79,https://irbank.net/E01744/results,,2026-09-01T16:23:03.525957+09:00
FY2012-03,6508,roe,,pct,0.01,SINGLE_SOURCE,irbank_pl_consolidated,3.28,3.28,,,,irbank_pl_consolidated=3.28,https://irbank.net/E01744/results,,2026-09-01T16:23:03.525957+09:00
FY2012-03,6508,sga_ratio,,pct,0.01,SINGLE_SOURCE,irbank_pl_consolidated,19.84,19.84,,,,irbank_pl_consolidated=19.84,https://irbank.net/E01744/results,,2026-09-01T16:23:03.525957+09:00
FY2012-03,6508,shareholders_equity,,JPY_million,100,SINGLE_SOURCE,irbank_bs,49900,499億,,,,irbank_bs=49900,https://irbank.net/E01744/results,,2026-09-01T16:23:03.525957+09:00
FY2012-03,6508,total_assets,,JPY_million,100,SINGLE_SOURCE,irbank_bs,211700,2117億,,,,irbank_bs=211700,https://irbank.net/E01744/results,,2026-09-01T16:23:03.525957+09:00
FY2013-03,6508,bps,,JPY,0.01,SINGLE_SOURCE,irbank_bs,1254.32,1254.32,,,,irbank_bs=1254.32,https://irbank.net/E01744/results,,2026-09-01T16:23:03.525957+09:00
FY2013-03,6508,capex,,JPY_million,10,SINGLE_SOURCE,irbank_cf,-9540,-95.4億,,,,irbank_cf=-9540,https://irbank.net/E01744/results,,2026-09-01T16:23:03.525957+09:00
FY2013-03,6508,cash_equivalents,,JPY_million,10,SINGLE_SOURCE,irbank_cf,7480,74.8億,,,,irbank_cf=7480,https://irbank.net/E01744/results,,2026-09-01T16:23:03.525957+09:00
FY2013-03,6508,cost_ratio,,pct,0.01,SINGLE_SOURCE,irbank_pl_consolidated,75.99,75.99,,,,irbank_pl_consolidated=75.99,https://irbank.net/E01744/results,,2026-09-01T16:23:03.525957+09:00
FY2013-03,6508,eps,,JPY,0.01,SINGLE_SOURCE,irbank_pl_consolidated,88.39,88.39,,,,irbank_pl_consolidated=88.39,https://irbank.net/E01744/results,,2026-09-01T16:23:03.525957+09:00
FY2013-03,6508,equity_ratio,,pct,0.1,SINGLE_SOURCE,irbank_bs,25.4,25.4,,,,irbank_bs=25.4,https://irbank.net/E01744/results,,2026-09-01T16:23:03.525957+09:00
FY2013-03,6508,financing_cf,,JPY_million,10,SINGLE_SOURCE,irbank_cf,-7750,-77.5億,,,,irbank_cf=-7750,https://irbank.net/E01744/results,,2026-09-01T16:23:03.525957+09:00
FY2013-03,6508,free_cf,,JPY_million,10,SINGLE_SOURCE,irbank_cf,2170,21.7億,,,,irbank_cf=2170,https://irbank.net/E01744/results,,2026-09-01T16:23:03.525957+09:00
FY2013-03,6508,interest_bearing_debt,,JPY_million,100,SINGLE_SOURCE,irbank_bs,57400,574億,,,,irbank_bs=57400,https://irbank.net/E01744/results,,2026-09-01T16:23:03.525957+09:00
FY2013-03,6508,interest_bearing_debt_ratio,,x,0.001,SINGLE_SOURCE|UNIT_CONVERTED,irbank_bs,1.006,100.6,,,,irbank_bs=1.006,https://irbank.net/E01744/results,,2026-09-01T16:23:03.525957+09:00
FY2013-03,6508,investing_cf,,JPY_million,10,SINGLE_SOURCE,irbank_cf,-7140,-71.4億,,,,irbank_cf=-7140,https://irbank.net/E01744/results,,2026-09-01T16:23:03.525957+09:00
FY2013-03,6508,net_assets,,JPY_million,100,SINGLE_SOURCE,irbank_bs,58100,581億,,,,irbank_bs=58100,https://irbank.net/E01744/results,,2026-09-01T16:23:03.525957+09:00
FY2013-03,6508,net_income,,JPY_million,10,SINGLE_SOURCE,irbank_pl_consolidated,4020,40.2億,,,,irbank_pl_consolidated=4020,https://irbank.net/E01744/results,,2026-09-01T16:23:03.525957+09:00
FY2013-03,6508,operating_cf,,JPY_million,10,SINGLE_SOURCE,irbank_cf,9310,93.1億,,,,irbank_cf=9310,https://irbank.net/E01744/results,,2026-09-01T16:23:03.525957+09:00
FY2013-03,6508,operating_income,,JPY_million,10,SINGLE_SOURCE,irbank_pl_consolidated,7880,78.8億,,,,irbank_pl_consolidated=7880,https://irbank.net/E01744/results,,2026-09-01T16:23:03.525957+09:00
FY2013-03,6508,operating_margin,,pct,0.01,SINGLE_SOURCE,irbank_pl_consolidated,3.99,3.99,,,,irbank_pl_consolidated=3.99,https://irbank.net/E01744/results,,2026-09-01T16:23:03.525957+09:00
FY2013-03,6508,ordinary_income,,JPY_million,10,SINGLE_SOURCE,irbank_pl_consolidated,5950,59.5億,,,,irbank_pl_consolidated=5950,https://irbank.net/E01744/results,,2026-09-01T16:23:03.525957+09:00
FY2013-03,6508,retained_earnings,,JPY_million,100,SINGLE_SOURCE,irbank_bs,22900,229億,,,,irbank_bs=22900,https://irbank.net/E01744/results,,2026-09-01T16:23:03.525957+09:00
FY2013-03,6508,revenue,197733,JPY_million,100,OK|ROUNDING,kabutan_fy10,197733,"197,733",irbank_pl_consolidated,197700,1977億,kabutan_fy10=197733|irbank_pl_consolidated=197700,https://kabutan.jp/stock/finance?code=6508,https://irbank.net/E01744/results,2026-09-01T16:23:03.525957+09:00
FY2013-03,6508,roa,,pct,0.01,SINGLE_SOURCE,irbank_pl_consolidated,1.79,1.79,,,,irbank_pl_consolidated=1.79,https://irbank.net/E01744/results,,2026-09-01T16:23:03.525957+09:00
FY2013-03,6508,roe,,pct,0.01,SINGLE_SOURCE,irbank_pl_consolidated,7.05,7.05,,,,irbank_pl_consolidated=7.05,https://irbank.net/E01744/results,,2026-09-01T16:23:03.525957+09:00
FY2013-03,6508,sga_ratio,,pct,0.01,SINGLE_SOURCE,irbank_pl_consolidated,20.03,20.03,,,,irbank_pl_consolidated=20.03,https://irbank.net/E01744/results,,2026-09-01T16:23:03.525957+09:00
FY2013-03,6508,shareholders_equity,,JPY_million,100,SINGLE_SOURCE,irbank_bs,53100,531億,,,,irbank_bs=53100,https://irbank.net/E01744/results,,2026-09-01T16:23:03.525957+09:00
FY2013-03,6508,total_assets,,JPY_million,100,SINGLE_SOURCE,irbank_bs,224600,2246億,,,,irbank_bs=224600,https://irbank.net/E01744/results,,2026-09-01T16:23:03.525957+09:00
FY2014-03,6508,bps,,JPY,0.01,SINGLE_SOURCE,irbank_bs,1312.47,1312.47,,,,irbank_bs=1312.47,https://irbank.net/E01744/results,,2026-09-01T16:23:03.525957+09:00
FY2014-03,6508,capex,,JPY_million,10,SINGLE_SOURCE,irbank_cf,-8940,-89.4億,,,,irbank_cf=-8940,https://irbank.net/E01744/results,,2026-09-01T16:23:03.525957+09:00
FY2014-03,6508,cash_equivalents,,JPY_million,100,SINGLE_SOURCE,irbank_cf,11100,111億,,,,irbank_cf=11100,https://irbank.net/E01744/results,,2026-09-01T16:23:03.525957+09:00
FY2014-03,6508,cost_ratio,,pct,0.01,SINGLE_SOURCE,irbank_pl_consolidated,76.23,76.23,,,,irbank_pl_consolidated=76.23,https://irbank.net/E01744/results,,2026-09-01T16:23:03.525957+09:00
FY2014-03,6508,eps,,JPY,0.01,SINGLE_SOURCE,irbank_pl_consolidated,144.98,144.98,,,,irbank_pl_consolidated=144.98,https://irbank.net/E01744/results,,2026-09-01T16:23:03.525957+09:00
FY2014-03,6508,equity_ratio,,pct,1,SINGLE_SOURCE,irbank_bs,24,24,,,,irbank_bs=24,https://irbank.net/E01744/results,,2026-09-01T16:23:03.525957+09:00
FY2014-03,6508,financing_cf,,JPY_million,10,SINGLE_SOURCE,irbank_cf,-3870,-38.7億,,,,irbank_cf=-3870,https://irbank.net/E01744/results,,2026-09-01T16:23:03.525957+09:00
FY2014-03,6508,free_cf,,JPY_million,10,SINGLE_SOURCE,irbank_cf,6920,69.2億,,,,irbank_cf=6920,https://irbank.net/E01744/results,,2026-09-01T16:23:03.525957+09:00
FY2014-03,6508,interest_bearing_debt,,JPY_million,100,SINGLE_SOURCE,irbank_bs,55000,550億,,,,irbank_bs=55000,https://irbank.net/E01744/results,,2026-09-01T16:23:03.525957+09:00
FY2014-03,6508,interest_bearing_debt_ratio,,x,0.0001,SINGLE_SOURCE|UNIT_CONVERTED,irbank_bs,0.9241,92.41,,,,irbank_bs=0.9241,https://irbank.net/E01744/results,,2026-09-01T16:23:03.525957+09:00
FY2014-03,6508,investing_cf,,JPY_million,100,SINGLE_SOURCE,irbank_cf,-11300,-113億,,,,irbank_cf=-11300,https://irbank.net/E01744/results,,2026-09-01T16:23:03.525957+09:00
FY2014-03,6508,net_assets,,JPY_million,100,SINGLE_SOURCE,irbank_bs,60600,606億,,,,irbank_bs=60600,https://irbank.net/E01744/results,,2026-09-01T16:23:03.525957+09:00
FY2014-03,6508,net_income,,JPY_million,10,SINGLE_SOURCE,irbank_pl_consolidated,6580,65.8億,,,,irbank_pl_consolidated=6580,https://irbank.net/E01744/results,,2026-09-01T16:23:03.525957+09:00
FY2014-03,6508,operating_cf,,JPY_million,100,SINGLE_SOURCE,irbank_cf,18200,182億,,,,irbank_cf=18200,https://irbank.net/E01744/results,,2026-09-01T16:23:03.525957+09:00
FY2014-03,6508,operating_income,,JPY_million,10,SINGLE_SOURCE,irbank_pl_consolidated,9550,95.5億,,,,irbank_pl_consolidated=9550,https://irbank.net/E01744/results,,2026-09-01T16:23:03.525957+09:00
FY2014-03,6508,operating_margin,,pct,0.01,SINGLE_SOURCE,irbank_pl_consolidated,4.42,4.42,,,,irbank_pl_consolidated=4.42,https://irbank.net/E01744/results,,2026-09-01T16:23:03.525957+09:00
FY2014-03,6508,ordinary_income,,JPY_million,10,SINGLE_SOURCE,irbank_pl_consolidated,7790,77.9億,,,,irbank_pl_consolidated=7790,https://irbank.net/E01744/results,,2026-09-01T16:23:03.525957+09:00
FY2014-03,6508,retained_earnings,,JPY_million,100,SINGLE_SOURCE,irbank_bs,28400,284億,,,,irbank_bs=28400,https://irbank.net/E01744/results,,2026-09-01T16:23:03.525957+09:00
FY2014-03,6508,revenue,216176,JPY_million,100,OK|ROUNDING,kabutan_fy10,216176,"216,176",irbank_pl_consolidated,216200,2162億,kabutan_fy10=216176|irbank_pl_consolidated=216200,https://kabutan.jp/stock/finance?code=6508,https://irbank.net/E01744/results,2026-09-01T16:23:03.525957+09:00
FY2014-03,6508,roa,,pct,0.01,SINGLE_SOURCE,irbank_pl_consolidated,2.65,2.65,,,,irbank_pl_consolidated=2.65,https://irbank.net/E01744/results,,2026-09-01T16:23:03.525957+09:00
FY2014-03,6508,roe,,pct,0.01,SINGLE_SOURCE,irbank_pl_consolidated,11.05,11.05,,,,irbank_pl_consolidated=11.05,https://irbank.net/E01744/results,,2026-09-01T16:23:03.525957+09:00
FY2014-03,6508,sga_ratio,,pct,0.01,SINGLE_SOURCE,irbank_pl_consolidated,19.35,19.35,,,,irbank_pl_consolidated=19.35,https://irbank.net/E01744/results,,2026-09-01T16:23:03.525957+09:00
FY2014-03,6508,shareholders_equity,,JPY_million,100,SINGLE_SOURCE,irbank_bs,58500,585億,,,,irbank_bs=58500,https://irbank.net/E01744/results,,2026-09-01T16:23:03.525957+09:00
FY2014-03,6508,total_assets,,JPY_million,100,SINGLE_SOURCE,irbank_bs,248400,2484億,,,,irbank_bs=248400,https://irbank.net/E01744/results,,2026-09-01T16:23:03.525957+09:00
FY2015-03,6508,bps,,JPY,0.01,SINGLE_SOURCE,irbank_bs,1456.76,1456.76,,,,irbank_bs=1456.76,https://irbank.net/E01744/results,,2026-09-01T16:23:03.525957+09:00
FY2015-03,6508,capex,,JPY_million,10,SINGLE_SOURCE,irbank_cf,-8460,-84.6億,,,,irbank_cf=-8460,https://irbank.net/E01744/results,,2026-09-01T16:23:03.525957+09:00
FY2015-03,6508,cash_equivalents,,JPY_million,10,SINGLE_SOURCE,irbank_cf,8670,86.7億,,,,irbank_cf=8670,https://irbank.net/E01744/results,,2026-09-01T16:23:03.525957+09:00
FY2015-03,6508,cost_ratio,,pct,0.01,SINGLE_SOURCE,irbank_pl_consolidated,75.76,75.76,,,,irbank_pl_consolidated=75.76,https://irbank.net/E01744/results,,2026-09-01T16:23:03.525957+09:00
FY2015-03,6508,eps,,JPY,0.01,SINGLE_SOURCE,irbank_pl_consolidated,151.34,151.34,,,,irbank_pl_consolidated=151.34,https://irbank.net/E01744/results,,2026-09-01T16:23:03.525957+09:00
FY2015-03,6508,equity_ratio,,pct,0.1,SINGLE_SOURCE,irbank_bs,25.9,25.9,,,,irbank_bs=25.9,https://irbank.net/E01744/results,,2026-09-01T16:23:03.525957+09:00
FY2015-03,6508,financing_cf,,JPY_million,10,SINGLE_SOURCE,irbank_cf,-5280,-52.8億,,,,irbank_cf=-5280,https://irbank.net/E01744/results,,2026-09-01T16:23:03.525957+09:00
FY2015-03,6508,free_cf,,JPY_million,10,SINGLE_SOURCE,irbank_cf,2390,23.9億,,,,irbank_cf=2390,https://irbank.net/E01744/results,,2026-09-01T16:23:03.525957+09:00
FY2015-03,6508,interest_bearing_debt,,JPY_million,100,SINGLE_SOURCE,irbank_bs,51600,516億,,,,irbank_bs=51600,https://irbank.net/E01744/results,,2026-09-01T16:23:03.525957+09:00
FY2015-03,6508,interest_bearing_debt_ratio,,x,0.0001,SINGLE_SOURCE|UNIT_CONVERTED,irbank_bs,0.7803,78.03,,,,irbank_bs=0.7803,https://irbank.net/E01744/results,,2026-09-01T16:23:03.525957+09:00
FY2015-03,6508,investing_cf,,JPY_million,10,SINGLE_SOURCE,irbank_cf,-8770,-87.7億,,,,irbank_cf=-8770,https://irbank.net/E01744/results,,2026-09-01T16:23:03.525957+09:00
FY2015-03,6508,net_assets,,JPY_million,100,SINGLE_SOURCE,irbank_bs,67400,674億,,,,irbank_bs=67400,https://irbank.net/E01744/results,,2026-09-01T16:23:03.525957+09:00
FY2015-03,6508,net_income,,JPY_million,10,SINGLE_SOURCE,irbank_pl_consolidated,6870,68.7億,,,,irbank_pl_consolidated=6870,https://irbank.net/E01744/results,,2026-09-01T16:23:03.525957+09:00
FY2015-03,6508,operating_cf,,JPY_million,100,SINGLE_SOURCE,irbank_cf,11200,112億,,,,irbank_cf=11200,https://irbank.net/E01744/results,,2026-09-01T16:23:03.525957+09:00
FY2015-03,6508,operating_income,,JPY_million,100,SINGLE_SOURCE,irbank_pl_consolidated,10000,100億,,,,irbank_pl_consolidated=10000,https://irbank.net/E01744/results,,2026-09-01T16:23:03.525957+09:00
FY2015-03,6508,operating_margin,,pct,0.01,SINGLE_SOURCE,irbank_pl_consolidated,4.34,4.34,,,,irbank_pl_consolidated=4.34,https://irbank.net/E01744/results,,2026-09-01T16:23:03.525957+09:00
FY2015-03,6508,ordinary_income,,JPY_million,100,SINGLE_SOURCE,irbank_pl_consolidated,10500,105億,,,,irbank_pl_consolidated=10500,https://irbank.net/E01744/results,,2026-09-01T16:23:03.525957+09:00
FY2015-03,6508,retained_earnings,,JPY_million,100,SINGLE_SOURCE,irbank_bs,30500,305億,,,,irbank_bs=30500,https://irbank.net/E01744/results,,2026-09-01T16:23:03.525957+09:00
FY2015-03,6508,revenue,230299,JPY_million,100,OK|ROUNDING,kabutan_fy10,230299,"230,299",irbank_pl_consolidated,230300,2303億,kabutan_fy10=230299|irbank_pl_consolidated=230300,https://kabutan.jp/stock/finance?code=6508,https://irbank.net/E01744/results,2026-09-01T16:23:03.525957+09:00
FY2015-03,6508,roa,,pct,0.01,SINGLE_SOURCE,irbank_pl_consolidated,2.69,2.69,,,,irbank_pl_consolidated=2.69,https://irbank.net/E01744/results,,2026-09-01T16:23:03.525957+09:00
FY2015-03,6508,roe,,pct,0.01,SINGLE_SOURCE,irbank_pl_consolidated,10.39,10.39,,,,irbank_pl_consolidated=10.39,https://irbank.net/E01744/results,,2026-09-01T16:23:03.525957+09:00
FY2015-03,6508,sga_ratio,,pct,0.1,SINGLE_SOURCE,irbank_pl_consolidated,19.9,19.9,,,,irbank_pl_consolidated=19.9,https://irbank.net/E01744/results,,2026-09-01T16:23:03.525957+09:00
FY2015-03,6508,shareholders_equity,,JPY_million,100,SINGLE_SOURCE,irbank_bs,60600,606億,,,,irbank_bs=60600,https://irbank.net/E01744/results,,2026-09-01T16:23:03.525957+09:00
FY2015-03,6508,total_assets,,JPY_million,100,SINGLE_SOURCE,irbank_bs,255500,2555億,,,,irbank_bs=255500,https://irbank.net/E01744/results,,2026-09-01T16:23:03.525957+09:00
FY2016-03,6508,bps,,JPY,0.01,SINGLE_SOURCE,irbank_bs,1488.19,1488.19,,,,irbank_bs=1488.19,https://irbank.net/E01744/results,,2026-09-01T16:23:03.525957+09:00
FY2016-03,6508,cash_equivalents,,JPY_million,100,SINGLE_SOURCE,irbank_cf,14400,144億,,,,irbank_cf=14400,https://irbank.net/E01744/results,,2026-09-01T16:23:03.525957+09:00
FY2016-03,6508,cost_ratio,,pct,0.01,SINGLE_SOURCE,irbank_pl_consolidated,76.26,76.26,,,,irbank_pl_consolidated=76.26,https://irbank.net/E01744/results,,2026-09-01T16:23:03.525957+09:00
FY2016-03,6508,eps,,JPY,0.01,SINGLE_SOURCE,irbank_pl_consolidated,153.42,153.42,,,,irbank_pl_consolidated=153.42,https://irbank.net/E01744/results,,2026-09-01T16:23:03.525957+09:00
FY2016-03,6508,equity_ratio,,pct,0.1,SINGLE_SOURCE,irbank_bs,26.5,26.5,,,,irbank_bs=26.5,https://irbank.net/E01744/results,,2026-09-01T16:23:03.525957+09:00
FY2016-03,6508,financing_cf,,JPY_million,10,SINGLE_SOURCE,irbank_cf,-5850,-58.5億,,,,irbank_cf=-5850,https://irbank.net/E01744/results,,2026-09-01T16:23:03.525957+09:00
FY2016-03,6508,free_cf,,JPY_million,100,SINGLE_SOURCE,irbank_cf,12100,121億,,,,irbank_cf=12100,https://irbank.net/E01744/results,,2026-09-01T16:23:03.525957+09:00
FY2016-03,6508,interest_bearing_debt,,JPY_million,100,SINGLE_SOURCE,irbank_bs,47800,478億,,,,irbank_bs=47800,https://irbank.net/E01744/results,,2026-09-01T16:23:03.525957+09:00
FY2016-03,6508,interest_bearing_debt_ratio,,x,0.0001,SINGLE_SOURCE|UNIT_CONVERTED,irbank_bs,0.7085,70.85,,,,irbank_bs=0.7085,https://irbank.net/E01744/results,,2026-09-01T16:23:03.525957+09:00
FY2016-03,6508,investing_cf,,JPY_million,100,SINGLE_SOURCE,irbank_cf,-10500,-105億,,,,irbank_cf=-10500,https://irbank.net/E01744/results,,2026-09-01T16:23:03.525957+09:00
FY2016-03,6508,net_assets,,JPY_million,100,SINGLE_SOURCE,irbank_bs,68800,688億,,,,irbank_bs=68800,https://irbank.net/E01744/results,,2026-09-01T16:23:03.525957+09:00
FY2016-03,6508,net_income,,JPY_million,10,SINGLE_SOURCE,irbank_pl_consolidated,6960,69.6億,,,,irbank_pl_consolidated=6960,https://irbank.net/E01744/results,,2026-09-01T16:23:03.525957+09:00
FY2016-03,6508,operating_cf,,JPY_million,100,SINGLE_SOURCE,irbank_cf,22600,226億,,,,irbank_cf=22600,https://irbank.net/E01744/results,,2026-09-01T16:23:03.525957+09:00
FY2016-03,6508,operating_income,,JPY_million,100,SINGLE_SOURCE,irbank_pl_consolidated,10500,105億,,,,irbank_pl_consolidated=10500,https://irbank.net/E01744/results,,2026-09-01T16:23:03.525957+09:00
FY2016-03,6508,operating_margin,,pct,0.01,SINGLE_SOURCE,irbank_pl_consolidated,4.43,4.43,,,,irbank_pl_consolidated=4.43,https://irbank.net/E01744/results,,2026-09-01T16:23:03.525957+09:00
FY2016-03,6508,ordinary_income,,JPY_million,100,SINGLE_SOURCE,irbank_pl_consolidated,10600,106億,,,,irbank_pl_consolidated=10600,https://irbank.net/E01744/results,,2026-09-01T16:23:03.525957+09:00
FY2016-03,6508,retained_earnings,,JPY_million,100,SINGLE_SOURCE,irbank_bs,34900,349億,,,,irbank_bs=34900,https://irbank.net/E01744/results,,2026-09-01T16:23:03.525957+09:00
FY2016-03,6508,revenue,237404,JPY_million,100,OK|ROUNDING,kabutan_fy10,237404,"237,404",irbank_pl_consolidated,237400,2374億,kabutan_fy10=237404|irbank_pl_consolidated=237400,https://kabutan.jp/stock/finance?code=6508,https://irbank.net/E01744/results,2026-09-01T16:23:03.525957+09:00
FY2016-03,6508,roa,,pct,0.01,SINGLE_SOURCE,irbank_pl_consolidated,2.73,2.73,,,,irbank_pl_consolidated=2.73,https://irbank.net/E01744/results,,2026-09-01T16:23:03.525957+09:00
FY2016-03,6508,roe,,pct,0.01,SINGLE_SOURCE,irbank_pl_consolidated,10.31,10.31,,,,irbank_pl_consolidated=10.31,https://irbank.net/E01744/results,,2026-09-01T16:23:03.525957+09:00
FY2016-03,6508,sga_ratio,,pct,0.01,SINGLE_SOURCE,irbank_pl_consolidated,19.31,19.31,,,,irbank_pl_consolidated=19.31,https://irbank.net/E01744/results,,2026-09-01T16:23:03.525957+09:00
FY2016-03,6508,shareholders_equity,,JPY_million,100,SINGLE_SOURCE,irbank_bs,65000,650億,,,,irbank_bs=65000,https://irbank.net/E01744/results,,2026-09-01T16:23:03.525957+09:00
FY2016-03,6508,total_assets,,JPY_million,100,SINGLE_SOURCE,irbank_bs,255000,2550億,,,,irbank_bs=255000,https://irbank.net/E01744/results,,2026-09-01T16:23:03.525957+09:00
FY2017-03,6508,bps,,JPY,0.01,SINGLE_SOURCE,irbank_bs,1613.97,1613.97,,,,irbank_bs=1613.97,https://irbank.net/E01744/results,,2026-09-01T16:23:03.525957+09:00
FY2017-03,6508,cash_equivalents,,JPY_million,100,SINGLE_SOURCE,irbank_cf,10000,100億,,,,irbank_cf=10000,https://irbank.net/E01744/results,,2026-09-01T16:23:03.525957+09:00
FY2017-03,6508,cost_ratio,,pct,0.01,SINGLE_SOURCE,irbank_pl_consolidated,74.81,74.81,,,,irbank_pl_consolidated=74.81,https://irbank.net/E01744/results,,2026-09-01T16:23:03.525957+09:00
FY2017-03,6508,eps,,JPY,0.01,SINGLE_SOURCE,irbank_pl_consolidated,126.56,126.56,,,,irbank_pl_consolidated=126.56,https://irbank.net/E01744/results,,2026-09-01T16:23:03.525957+09:00
FY2017-03,6508,equity_ratio,,pct,0.1,SINGLE_SOURCE,irbank_bs,29.6,29.6,,,,irbank_bs=29.6,https://irbank.net/E01744/results,,2026-09-01T16:23:03.525957+09:00
FY2017-03,6508,financing_cf,,JPY_million,10,SINGLE_SOURCE,irbank_cf,-3770,-37.7億,,,,irbank_cf=-3770,https://irbank.net/E01744/results,,2026-09-01T16:23:03.525957+09:00
FY2017-03,6508,free_cf,,JPY_million,1,SINGLE_SOURCE,irbank_cf,-191,-1.91億,,,,irbank_cf=-191,https://irbank.net/E01744/results,,2026-09-01T16:23:03.525957+09:00
FY2017-03,6508,interest_bearing_debt,,JPY_million,100,SINGLE_SOURCE,irbank_bs,45400,454億,,,,irbank_bs=45400,https://irbank.net/E01744/results,,2026-09-01T16:23:03.525957+09:00
FY2017-03,6508,interest_bearing_debt_ratio,,x,0.0001,SINGLE_SOURCE|UNIT_CONVERTED,irbank_bs,0.6194,61.94,,,,irbank_bs=0.6194,https://irbank.net/E01744/results,,2026-09-01T16:23:03.525957+09:00
FY2017-03,6508,investing_cf,,JPY_million,100,SINGLE_SOURCE,irbank_cf,-12000,-120億,,,,irbank_cf=-12000,https://irbank.net/E01744/results,,2026-09-01T16:23:03.525957+09:00
FY2017-03,6508,net_assets,,JPY_million,100,SINGLE_SOURCE,irbank_bs,74300,743億,,,,irbank_bs=74300,https://irbank.net/E01744/results,,2026-09-01T16:23:03.525957+09:00
FY2017-03,6508,net_income,,JPY_million,10,SINGLE_SOURCE,irbank_pl_consolidated,5740,57.4億,,,,irbank_pl_consolidated=5740,https://irbank.net/E01744/results,,2026-09-01T16:23:03.525957+09:00
FY2017-03,6508,operating_cf,,JPY_million,100,SINGLE_SOURCE,irbank_cf,11800,118億,,,,irbank_cf=11800,https://irbank.net/E01744/results,,2026-09-01T16:23:03.525957+09:00
FY2017-03,6508,operating_income,,JPY_million,10,SINGLE_SOURCE,irbank_pl_consolidated,8850,88.5億,,,,irbank_pl_consolidated=8850,https://irbank.net/E01744/results,,2026-09-01T16:23:03.525957+09:00
FY2017-03,6508,operating_margin,,pct,0.01,SINGLE_SOURCE,irbank_pl_consolidated,4.02,4.02,,,,irbank_pl_consolidated=4.02,https://irbank.net/E01744/results,,2026-09-01T16:23:03.525957+09:00
FY2017-03,6508,ordinary_income,,JPY_million,10,SINGLE_SOURCE,irbank_pl_consolidated,8210,82.1億,,,,irbank_pl_consolidated=8210,https://irbank.net/E01744/results,,2026-09-01T16:23:03.525957+09:00
FY2017-03,6508,retained_earnings,,JPY_million,100,SINGLE_SOURCE,irbank_bs,38900,389億,,,,irbank_bs=38900,https://irbank.net/E01744/results,,2026-09-01T16:23:03.525957+09:00
FY2017-03,6508,revenue,220141,JPY_million,100,OK|ROUNDING,kabutan_fy10,220141,"220,141",irbank_pl_consolidated,220100,2201億,kabutan_fy10=220141|irbank_pl_consolidated=220100,https://kabutan.jp/stock/finance?code=6508,https://irbank.net/E01744/results,2026-09-01T16:23:03.525957+09:00
FY2017-03,6508,roa,,pct,0.01,SINGLE_SOURCE,irbank_pl_consolidated,2.32,2.32,,,,irbank_pl_consolidated=2.32,https://irbank.net/E01744/results,,2026-09-01T16:23:03.525957+09:00
FY2017-03,6508,roe,,pct,0.01,SINGLE_SOURCE,irbank_pl_consolidated,7.84,7.84,,,,irbank_pl_consolidated=7.84,https://irbank.net/E01744/results,,2026-09-01T16:23:03.525957+09:00
FY2017-03,6508,sga_ratio,,pct,0.01,SINGLE_SOURCE,irbank_pl_consolidated,21.17,21.17,,,,irbank_pl_consolidated=21.17,https://irbank.net/E01744/results,,2026-09-01T16:23:03.525957+09:00
FY2017-03,6508,shareholders_equity,,JPY_million,100,SINGLE_SOURCE,irbank_bs,69000,690億,,,,irbank_bs=69000,https://irbank.net/E01744/results,,2026-09-01T16:23:03.525957+09:00
FY2017-03,6508,total_assets,,JPY_million,100,SINGLE_SOURCE,irbank_bs,247600,2476億,,,,irbank_bs=247600,https://irbank.net/E01744/results,,2026-09-01T16:23:03.525957+09:00
FY2018-03,6508,bps,,JPY,0.01,SINGLE_SOURCE,irbank_bs,1768.25,1768.25,,,,irbank_bs=1768.25,https://irbank.net/E01744/results,,2026-09-01T16:23:03.525957+09:00
FY2018-03,6508,cash_equivalents,,JPY_million,10,SINGLE_SOURCE,irbank_cf,9240,92.4億,,,,irbank_cf=9240,https://irbank.net/E01744/results,,2026-09-01T16:23:03.525957+09:00
FY2018-03,6508,cost_ratio,,pct,0.01,SINGLE_SOURCE,irbank_pl_consolidated,75.02,75.02,,,,irbank_pl_consolidated=75.02,https://irbank.net/E01744/results,,2026-09-01T16:23:03.525957+09:00
FY2018-03,6508,eps,,JPY,0.1,SINGLE_SOURCE,irbank_pl_consolidated,155.5,155.5,,,,irbank_pl_consolidated=155.5,https://irbank.net/E01744/results,,2026-09-01T16:23:03.525957+09:00
FY2018-03,6508,equity_ratio,,pct,0.1,SINGLE_SOURCE,irbank_bs,30.3,30.3,,,,irbank_bs=30.3,https://irbank.net/E01744/results,,2026-09-01T16:23:03.525957+09:00
FY2018-03,6508,financing_cf,,JPY_million,100,SINGLE_SOURCE,irbank_cf,-11200,-112億,,,,irbank_cf=-11200,https://irbank.net/E01744/results,,2026-09-01T16:23:03.525957+09:00
FY2018-03,6508,free_cf,,JPY_million,100,SINGLE_SOURCE,irbank_cf,10400,104億,,,,irbank_cf=10400,https://irbank.net/E01744/results,,2026-09-01T16:23:03.525957+09:00
FY2018-03,6508,interest_bearing_debt,,JPY_million,100,SINGLE_SOURCE,irbank_bs,40100,401億,,,,irbank_bs=40100,https://irbank.net/E01744/results,,2026-09-01T16:23:03.525957+09:00
FY2018-03,6508,interest_bearing_debt_ratio,,x,0.0001,SINGLE_SOURCE|UNIT_CONVERTED,irbank_bs,0.4998,49.98,,,,irbank_bs=0.4998,https://irbank.net/E01744/results,,2026-09-01T16:23:03.525957+09:00
FY2018-03,6508,investing_cf,,JPY_million,10,SINGLE_SOURCE,irbank_cf,-7580,-75.8億,,,,irbank_cf=-7580,https://irbank.net/E01744/results,,2026-09-01T16:23:03.525957+09:00
FY2018-03,6508,net_assets,,JPY_million,100,SINGLE_SOURCE,irbank_bs,81200,812億,,,,irbank_bs=81200,https://irbank.net/E01744/results,,2026-09-01T16:23:03.525957+09:00
FY2018-03,6508,net_income,,JPY_million,10,SINGLE_SOURCE,irbank_pl_consolidated,7060,70.6億,,,,irbank_pl_consolidated=7060,https://irbank.net/E01744/results,,2026-09-01T16:23:03.525957+09:00
FY2018-03,6508,operating_cf,,JPY_million,100,SINGLE_SOURCE,irbank_cf,18000,180億,,,,irbank_cf=18000,https://irbank.net/E01744/results,,2026-09-01T16:23:03.525957+09:00
FY2018-03,6508,operating_income,,JPY_million,100,SINGLE_SOURCE,irbank_pl_consolidated,11400,114億,,,,irbank_pl_consolidated=11400,https://irbank.net/E01744/results,,2026-09-01T16:23:03.525957+09:00
FY2018-03,6508,operating_margin,,pct,0.01,SINGLE_SOURCE,irbank_pl_consolidated,4.71,4.71,,,,irbank_pl_consolidated=4.71,https://irbank.net/E01744/results,,2026-09-01T16:23:03.525957+09:00
FY2018-03,6508,ordinary_income,,JPY_million,10,SINGLE_SOURCE,irbank_pl_consolidated,9990,99.9億,,,,irbank_pl_consolidated=9990,https://irbank.net/E01744/results,,2026-09-01T16:23:03.525957+09:00
FY2018-03,6508,retained_earnings,,JPY_million,100,SINGLE_SOURCE,irbank_bs,44100,441億,,,,irbank_bs=44100,https://irbank.net/E01744/results,,2026-09-01T16:23:03.525957+09:00
FY2018-03,6508,revenue,241832,JPY_million,100,OK|ROUNDING,kabutan_fy10,241832,"241,832",irbank_pl_consolidated,241800,2418億,kabutan_fy10=241832|irbank_pl_consolidated=241800,https://kabutan.jp/stock/finance?code=6508,https://irbank.net/E01744/results,2026-09-01T16:23:03.525957+09:00
FY2018-03,6508,roa,,pct,0.01,SINGLE_SOURCE,irbank_pl_consolidated,2.67,2.67,,,,irbank_pl_consolidated=2.67,https://irbank.net/E01744/results,,2026-09-01T16:23:03.525957+09:00
FY2018-03,6508,roe,,pct,0.01,SINGLE_SOURCE,irbank_pl_consolidated,8.79,8.79,,,,irbank_pl_consolidated=8.79,https://irbank.net/E01744/results,,2026-09-01T16:23:03.525957+09:00
FY2018-03,6508,sga_ratio,,pct,0.01,SINGLE_SOURCE,irbank_pl_consolidated,20.27,20.27,,,,irbank_pl_consolidated=20.27,https://irbank.net/E01744/results,,2026-09-01T16:23:03.525957+09:00
FY2018-03,6508,shareholders_equity,,JPY_million,100,SINGLE_SOURCE,irbank_bs,73400,734億,,,,irbank_bs=73400,https://irbank.net/E01744/results,,2026-09-01T16:23:03.525957+09:00
FY2018-03,6508,total_assets,,JPY_million,100,SINGLE_SOURCE,irbank_bs,264500,2645億,,,,irbank_bs=264500,https://irbank.net/E01744/results,,2026-09-01T16:23:03.525957+09:00
FY2019-03,6508,bps,,JPY,0.01,SINGLE_SOURCE,irbank_bs,1845.19,1845.19,,,,irbank_bs=1845.19,https://irbank.net/E01744/results,,2026-09-01T16:23:03.525957+09:00
FY2019-03,6508,capex,,JPY_million,100,SINGLE_SOURCE,irbank_cf,-7900,-79億,,,,irbank_cf=-7900,https://irbank.net/E01744/results,,2026-09-01T16:23:03.525957+09:00
FY2019-03,6508,cash_equivalents,,JPY_million,100,SINGLE_SOURCE,irbank_cf,12400,124億,,,,irbank_cf=12400,https://irbank.net/E01744/results,,2026-09-01T16:23:03.525957+09:00
FY2019-03,6508,cost_ratio,,pct,0.01,SINGLE_SOURCE,irbank_pl_consolidated,75.51,75.51,,,,irbank_pl_consolidated=75.51,https://irbank.net/E01744/results,,2026-09-01T16:23:03.525957+09:00
FY2019-03,6508,eps,,JPY,0.01,SINGLE_SOURCE,irbank_pl_consolidated,168.67,168.67,,,,irbank_pl_consolidated=168.67,https://irbank.net/E01744/results,,2026-09-01T16:23:03.525957+09:00
FY2019-03,6508,equity_ratio,,pct,0.1,SINGLE_SOURCE,irbank_bs,31.5,31.5,,,,irbank_bs=31.5,https://irbank.net/E01744/results,,2026-09-01T16:23:03.525957+09:00
FY2019-03,6508,financing_cf,,JPY_million,100,SINGLE_SOURCE,irbank_cf,-3100,-31億,,,,irbank_cf=-3100,https://irbank.net/E01744/results,,2026-09-01T16:23:03.525957+09:00
FY2019-03,6508,free_cf,,JPY_million,10,SINGLE_SOURCE,irbank_cf,6290,62.9億,,,,irbank_cf=6290,https://irbank.net/E01744/results,,2026-09-01T16:23:03.525957+09:00
FY2019-03,6508,interest_bearing_debt,,JPY_million,100,SINGLE_SOURCE,irbank_bs,39500,395億,,,,irbank_bs=39500,https://irbank.net/E01744/results,,2026-09-01T16:23:03.525957+09:00
FY2019-03,6508,interest_bearing_debt_ratio,,x,0.0001,SINGLE_SOURCE|UNIT_CONVERTED,irbank_bs,0.4721,47.21,,,,irbank_bs=0.4721,https://irbank.net/E01744/results,,2026-09-01T16:23:03.525957+09:00
FY2019-03,6508,investing_cf,,JPY_million,10,SINGLE_SOURCE,irbank_cf,-8070,-80.7億,,,,irbank_cf=-8070,https://irbank.net/E01744/results,,2026-09-01T16:23:03.525957+09:00
FY2019-03,6508,net_assets,,JPY_million,100,SINGLE_SOURCE,irbank_bs,84500,845億,,,,irbank_bs=84500,https://irbank.net/E01744/results,,2026-09-01T16:23:03.525957+09:00
FY2019-03,6508,net_income,,JPY_million,10,SINGLE_SOURCE,irbank_pl_consolidated,7650,76.5億,,,,irbank_pl_consolidated=7650,https://irbank.net/E01744/results,,2026-09-01T16:23:03.525957+09:00
FY2019-03,6508,operating_cf,,JPY_million,100,SINGLE_SOURCE,irbank_cf,14400,144億,,,,irbank_cf=14400,https://irbank.net/E01744/results,,2026-09-01T16:23:03.525957+09:00
FY2019-03,6508,operating_income,,JPY_million,100,SINGLE_SOURCE,irbank_pl_consolidated,10300,103億,,,,irbank_pl_consolidated=10300,https://irbank.net/E01744/results,,2026-09-01T16:23:03.525957+09:00
FY2019-03,6508,operating_margin,,pct,0.01,SINGLE_SOURCE,irbank_pl_consolidated,4.22,4.22,,,,irbank_pl_consolidated=4.22,https://irbank.net/E01744/results,,2026-09-01T16:23:03.525957+09:00
FY2019-03,6508,ordinary_income,,JPY_million,100,SINGLE_SOURCE,irbank_pl_consolidated,10100,101億,,,,irbank_pl_consolidated=10100,https://irbank.net/E01744/results,,2026-09-01T16:23:03.525957+09:00
FY2019-03,6508,retained_earnings,,JPY_million,100,SINGLE_SOURCE,irbank_bs,49700,497億,,,,irbank_bs=49700,https://irbank.net/E01744/results,,2026-09-01T16:23:03.525957+09:00
FY2019-03,6508,revenue,245033,JPY_million,100,OK|ROUNDING,kabutan_fy10,245033,"245,033",irbank_pl_consolidated,245000,2450億,kabutan_fy10=245033|irbank_pl_consolidated=245000,https://kabutan.jp/stock/finance?code=6508,https://irbank.net/E01744/results,2026-09-01T16:23:03.525957+09:00
FY2019-03,6508,roa,,pct,0.01,SINGLE_SOURCE,irbank_pl_consolidated,2.88,2.88,,,,irbank_pl_consolidated=2.88,https://irbank.net/E01744/results,,2026-09-01T16:23:03.525957+09:00
FY2019-03,6508,roe,,pct,0.01,SINGLE_SOURCE,irbank_pl_consolidated,9.14,9.14,,,,irbank_pl_consolidated=9.14,https://irbank.net/E01744/results,,2026-09-01T16:23:03.525957+09:00
FY2019-03,6508,sga_ratio,,pct,0.01,SINGLE_SOURCE,irbank_pl_consolidated,20.27,20.27,,,,irbank_pl_consolidated=20.27,https://irbank.net/E01744/results,,2026-09-01T16:23:03.525957+09:00
FY2019-03,6508,shareholders_equity,,JPY_million,100,SINGLE_SOURCE,irbank_bs,78500,785億,,,,irbank_bs=78500,https://irbank.net/E01744/results,,2026-09-01T16:23:03.525957+09:00
FY2019-03,6508,total_assets,,JPY_million,100,SINGLE_SOURCE,irbank_bs,265600,2656億,,,,irbank_bs=265600,https://irbank.net/E01744/results,,2026-09-01T16:23:03.525957+09:00
FY2020-03,6508,bps,,JPY,0.01,SINGLE_SOURCE,irbank_bs,1919.97,1919.97,,,,irbank_bs=1919.97,https://irbank.net/E01744/results,,2026-09-01T16:23:03.525957+09:00
FY2020-03,6508,capex,,JPY_million,100,SINGLE_SOURCE,irbank_cf,-16000,-160億,,,,irbank_cf=-16000,https://irbank.net/E01744/results,,2026-09-01T16:23:03.525957+09:00
FY2020-03,6508,cash_equivalents,,JPY_million,100,SINGLE_SOURCE,irbank_cf,12600,126億,,,,irbank_cf=12600,https://irbank.net/E01744/results,,2026-09-01T16:23:03.525957+09:00
FY2020-03,6508,cost_ratio,,pct,0.01,SINGLE_SOURCE,irbank_pl_consolidated,75.32,75.32,,,,irbank_pl_consolidated=75.32,https://irbank.net/E01744/results,,2026-09-01T16:23:03.525957+09:00
FY2020-03,6508,eps,,JPY,0.01,SINGLE_SOURCE,irbank_pl_consolidated,180.91,180.91,,,,irbank_pl_consolidated=180.91,https://irbank.net/E01744/results,,2026-09-01T16:23:03.525957+09:00
FY2020-03,6508,equity_ratio,,pct,0.1,SINGLE_SOURCE,irbank_bs,32.2,32.2,,,,irbank_bs=32.2,https://irbank.net/E01744/results,,2026-09-01T16:23:03.525957+09:00
FY2020-03,6508,financing_cf,,JPY_million,10,SINGLE_SOURCE,irbank_cf,3740,37.4億,,,,irbank_cf=3740,https://irbank.net/E01744/results,,2026-09-01T16:23:03.525957+09:00
FY2020-03,6508,free_cf,,JPY_million,10,SINGLE_SOURCE,irbank_cf,-3280,-32.8億,,,,irbank_cf=-3280,https://irbank.net/E01744/results,,2026-09-01T16:23:03.525957+09:00
FY2020-03,6508,interest_bearing_debt,,JPY_million,100,SINGLE_SOURCE,irbank_bs,46000,460億,,,,irbank_bs=46000,https://irbank.net/E01744/results,,2026-09-01T16:23:03.525957+09:00
FY2020-03,6508,interest_bearing_debt_ratio,,x,0.001,SINGLE_SOURCE|UNIT_CONVERTED,irbank_bs,0.528,52.8,,,,irbank_bs=0.528,https://irbank.net/E01744/results,,2026-09-01T16:23:03.525957+09:00
FY2020-03,6508,investing_cf,,JPY_million,100,SINGLE_SOURCE,irbank_cf,-13700,-137億,,,,irbank_cf=-13700,https://irbank.net/E01744/results,,2026-09-01T16:23:03.525957+09:00
FY2020-03,6508,net_assets,,JPY_million,100,SINGLE_SOURCE,irbank_bs,90100,901億,,,,irbank_bs=90100,https://irbank.net/E01744/results,,2026-09-01T16:23:03.525957+09:00
FY2020-03,6508,net_income,,JPY_million,10,SINGLE_SOURCE,irbank_pl_consolidated,8210,82.1億,,,,irbank_pl_consolidated=8210,https://irbank.net/E01744/results,,2026-09-01T16:23:03.525957+09:00
FY2020-03,6508,operating_cf,,JPY_million,100,SINGLE_SOURCE,irbank_cf,10400,104億,,,,irbank_cf=10400,https://irbank.net/E01744/results,,2026-09-01T16:23:03.525957+09:00
FY2020-03,6508,operating_income,,JPY_million,100,SINGLE_SOURCE,irbank_pl_consolidated,12700,127億,,,,irbank_pl_consolidated=12700,https://irbank.net/E01744/results,,2026-09-01T16:23:03.525957+09:00
FY2020-03,6508,operating_margin,,pct,0.01,SINGLE_SOURCE,irbank_pl_consolidated,4.98,4.98,,,,irbank_pl_consolidated=4.98,https://irbank.net/E01744/results,,2026-09-01T16:23:03.525957+09:00
FY2020-03,6508,ordinary_income,,JPY_million,100,SINGLE_SOURCE,irbank_pl_consolidated,11500,115億,,,,irbank_pl_consolidated=11500,https://irbank.net/E01744/results,,2026-09-01T16:23:03.525957+09:00
FY2020-03,6508,retained_earnings,,JPY_million,100,SINGLE_SOURCE,irbank_bs,55600,556億,,,,irbank_bs=55600,https://irbank.net/E01744/results,,2026-09-01T16:23:03.525957+09:00
FY2020-03,6508,revenue,255748,JPY_million,100,OK|ROUNDING,kabutan_fy10,255748,"255,748",irbank_pl_consolidated,255700,2557億,kabutan_fy10=255748|irbank_pl_consolidated=255700,https://kabutan.jp/stock/finance?code=6508,https://irbank.net/E01744/results,2026-09-01T16:23:03.525957+09:00
FY2020-03,6508,roa,,pct,0.01,SINGLE_SOURCE,irbank_pl_consolidated,3.04,3.04,,,,irbank_pl_consolidated=3.04,https://irbank.net/E01744/results,,2026-09-01T16:23:03.525957+09:00
FY2020-03,6508,roe,,pct,0.01,SINGLE_SOURCE,irbank_pl_consolidated,9.42,9.42,,,,irbank_pl_consolidated=9.42,https://irbank.net/E01744/results,,2026-09-01T16:23:03.525957+09:00
FY2020-03,6508,sga_ratio,,pct,0.1,SINGLE_SOURCE,irbank_pl_consolidated,19.7,19.7,,,,irbank_pl_consolidated=19.7,https://irbank.net/E01744/results,,2026-09-01T16:23:03.525957+09:00
FY2020-03,6508,shareholders_equity,,JPY_million,100,SINGLE_SOURCE,irbank_bs,83900,839億,,,,irbank_bs=83900,https://irbank.net/E01744/results,,2026-09-01T16:23:03.525957+09:00
FY2020-03,6508,total_assets,,JPY_million,100,SINGLE_SOURCE,irbank_bs,270400,2704億,,,,irbank_bs=270400,https://irbank.net/E01744/results,,2026-09-01T16:23:03.525957+09:00
FY2021-03,6508,bps,,JPY,0.01,SINGLE_SOURCE,irbank_bs,2127.72,2127.72,,,,irbank_bs=2127.72,https://irbank.net/E01744/results,,2026-09-01T16:23:03.525957+09:00
FY2021-03,6508,capex,,JPY_million,100,SINGLE_SOURCE,irbank_cf,-15600,-156億,,,,irbank_cf=-15600,https://irbank.net/E01744/results,,2026-09-01T16:23:03.525957+09:00
FY2021-03,6508,cash_equivalents,,JPY_million,100,SINGLE_SOURCE,irbank_cf,13100,131億,,,,irbank_cf=13100,https://irbank.net/E01744/results,,2026-09-01T16:23:03.525957+09:00
FY2021-03,6508,cost_ratio,,pct,0.01,SINGLE_SOURCE,irbank_pl_consolidated,74.96,74.96,,,,irbank_pl_consolidated=74.96,https://irbank.net/E01744/results,,2026-09-01T16:23:03.525957+09:00
FY2021-03,6508,eps,,JPY,0.01,SINGLE_SOURCE,irbank_pl_consolidated,160.96,160.96,,,,irbank_pl_consolidated=160.96,https://irbank.net/E01744/results,,2026-09-01T16:23:03.525957+09:00
FY2021-03,6508,equity_ratio,,pct,0.1,SINGLE_SOURCE,irbank_bs,34.6,34.6,,,,irbank_bs=34.6,https://irbank.net/E01744/results,,2026-09-01T16:23:03.525957+09:00
FY2021-03,6508,financing_cf,,JPY_million,100,SINGLE_SOURCE,irbank_cf,-1400,-14億,,,,irbank_cf=-1400,https://irbank.net/E01744/results,,2026-09-01T16:23:03.525957+09:00
FY2021-03,6508,free_cf,,JPY_million,10,SINGLE_SOURCE,irbank_cf,1480,14.8億,,,,irbank_cf=1480,https://irbank.net/E01744/results,,2026-09-01T16:23:03.525957+09:00
FY2021-03,6508,interest_bearing_debt,,JPY_million,100,SINGLE_SOURCE,irbank_bs,47600,476億,,,,irbank_bs=47600,https://irbank.net/E01744/results,,2026-09-01T16:23:03.525957+09:00
FY2021-03,6508,interest_bearing_debt_ratio,,x,0.0001,SINGLE_SOURCE|UNIT_CONVERTED,irbank_bs,0.4931,49.31,,,,irbank_bs=0.4931,https://irbank.net/E01744/results,,2026-09-01T16:23:03.525957+09:00
FY2021-03,6508,investing_cf,,JPY_million,100,SINGLE_SOURCE,irbank_cf,-13100,-131億,,,,irbank_cf=-13100,https://irbank.net/E01744/results,,2026-09-01T16:23:03.525957+09:00
FY2021-03,6508,net_assets,,JPY_million,100,SINGLE_SOURCE,irbank_bs,99700,997億,,,,irbank_bs=99700,https://irbank.net/E01744/results,,2026-09-01T16:23:03.525957+09:00
FY2021-03,6508,net_income,,JPY_million,100,SINGLE_SOURCE,irbank_pl_consolidated,7300,73億,,,,irbank_pl_consolidated=7300,https://irbank.net/E01744/results,,2026-09-01T16:23:03.525957+09:00
FY2021-03,6508,operating_cf,,JPY_million,100,SINGLE_SOURCE,irbank_cf,14600,146億,,,,irbank_cf=14600,https://irbank.net/E01744/results,,2026-09-01T16:23:03.525957+09:00
FY2021-03,6508,operating_income,,JPY_million,10,SINGLE_SOURCE,irbank_pl_consolidated,8380,83.8億,,,,irbank_pl_consolidated=8380,https://irbank.net/E01744/results,,2026-09-01T16:23:03.525957+09:00
FY2021-03,6508,operating_margin,,pct,0.01,SINGLE_SOURCE,irbank_pl_consolidated,3.63,3.63,,,,irbank_pl_consolidated=3.63,https://irbank.net/E01744/results,,2026-09-01T16:23:03.525957+09:00
FY2021-03,6508,ordinary_income,,JPY_million,10,SINGLE_SOURCE,irbank_pl_consolidated,8470,84.7億,,,,irbank_pl_consolidated=8470,https://irbank.net/E01744/results,,2026-09-01T16:23:03.525957+09:00
FY2021-03,6508,retained_earnings,,JPY_million,100,SINGLE_SOURCE,irbank_bs,60900,609億,,,,irbank_bs=60900,https://irbank.net/E01744/results,,2026-09-01T16:23:03.525957+09:00
FY2021-03,6508,revenue,231254,JPY_million,100,OK|ROUNDING,kabutan_fy10,231254,"231,254",irbank_pl_consolidated,231300,2313億,kabutan_fy10=231254|irbank_pl_consolidated=231300,https://kabutan.jp/stock/finance?code=6508,https://irbank.net/E01744/results,2026-09-01T16:23:03.525957+09:00
FY2021-03,6508,roa,,pct,0.01,SINGLE_SOURCE,irbank_pl_consolidated,2.62,2.62,,,,irbank_pl_consolidated=2.62,https://irbank.net/E01744/results,,2026-09-01T16:23:03.525957+09:00
FY2021-03,6508,roe,,pct,0.01,SINGLE_SOURCE,irbank_pl_consolidated,7.57,7.57,,,,irbank_pl_consolidated=7.57,https://irbank.net/E01744/results,,2026-09-01T16:23:03.525957+09:00
FY2021-03,6508,sga_ratio,,pct,0.01,SINGLE_SOURCE,irbank_pl_consolidated,21.41,21.41,,,,irbank_pl_consolidated=21.41,https://irbank.net/E01744/results,,2026-09-01T16:23:03.525957+09:00
FY2021-03,6508,shareholders_equity,,JPY_million,100,SINGLE_SOURCE,irbank_bs,88700,887億,,,,irbank_bs=88700,https://irbank.net/E01744/results,,2026-09-01T16:23:03.525957+09:00
FY2021-03,6508,total_assets,,JPY_million,100,SINGLE_SOURCE,irbank_bs,279100,2791億,,,,irbank_bs=279100,https://irbank.net/E01744/results,,2026-09-01T16:23:03.525957+09:00
FY2022-03,6508,bps,,JPY,0.01,SINGLE_SOURCE,irbank_bs,2247.47,2247.47,,,,irbank_bs=2247.47,https://irbank.net/E01744/results,,2026-09-01T16:23:03.525957+09:00
FY2022-03,6508,capex,,JPY_million,100,SINGLE_SOURCE,irbank_cf,-10700,-107億,,,,irbank_cf=-10700,https://irbank.net/E01744/results,,2026-09-01T16:23:03.525957+09:00
FY2022-03,6508,cash_equivalents,,JPY_million,100,SINGLE_SOURCE,irbank_cf,13300,133億,,,,irbank_cf=13300,https://irbank.net/E01744/results,,2026-09-01T16:23:03.525957+09:00
FY2022-03,6508,cost_ratio,,pct,0.01,SINGLE_SOURCE,irbank_pl_consolidated,76.03,76.03,,,,irbank_pl_consolidated=76.03,https://irbank.net/E01744/results,,2026-09-01T16:23:03.525957+09:00
FY2022-03,6508,eps,,JPY,0.1,SINGLE_SOURCE,irbank_pl_consolidated,148.4,148.4,,,,irbank_pl_consolidated=148.4,https://irbank.net/E01744/results,,2026-09-01T16:23:03.525957+09:00
FY2022-03,6508,equity_ratio,,pct,0.1,SINGLE_SOURCE,irbank_bs,35.1,35.1,,,,irbank_bs=35.1,https://irbank.net/E01744/results,,2026-09-01T16:23:03.525957+09:00
FY2022-03,6508,financing_cf,,JPY_million,10,SINGLE_SOURCE,irbank_cf,-4270,-42.7億,,,,irbank_cf=-4270,https://irbank.net/E01744/results,,2026-09-01T16:23:03.525957+09:00
FY2022-03,6508,free_cf,,JPY_million,10,SINGLE_SOURCE,irbank_cf,3890,38.9億,,,,irbank_cf=3890,https://irbank.net/E01744/results,,2026-09-01T16:23:03.525957+09:00
FY2022-03,6508,interest_bearing_debt,,JPY_million,100,SINGLE_SOURCE,irbank_bs,48500,485億,,,,irbank_bs=48500,https://irbank.net/E01744/results,,2026-09-01T16:23:03.525957+09:00
FY2022-03,6508,interest_bearing_debt_ratio,,x,0.0001,SINGLE_SOURCE|UNIT_CONVERTED,irbank_bs,0.4753,47.53,,,,irbank_bs=0.4753,https://irbank.net/E01744/results,,2026-09-01T16:23:03.525957+09:00
FY2022-03,6508,investing_cf,,JPY_million,100,SINGLE_SOURCE,irbank_cf,-7500,-75億,,,,irbank_cf=-7500,https://irbank.net/E01744/results,,2026-09-01T16:23:03.525957+09:00
FY2022-03,6508,net_assets,,JPY_million,100,SINGLE_SOURCE,irbank_bs,105400,1054億,,,,irbank_bs=105400,https://irbank.net/E01744/results,,2026-09-01T16:23:03.525957+09:00
FY2022-03,6508,net_income,,JPY_million,10,SINGLE_SOURCE,irbank_pl_consolidated,6730,67.3億,,,,irbank_pl_consolidated=6730,https://irbank.net/E01744/results,,2026-09-01T16:23:03.525957+09:00
FY2022-03,6508,operating_cf,,JPY_million,100,SINGLE_SOURCE,irbank_cf,11400,114億,,,,irbank_cf=11400,https://irbank.net/E01744/results,,2026-09-01T16:23:03.525957+09:00
FY2022-03,6508,operating_income,,JPY_million,10,SINGLE_SOURCE,irbank_pl_consolidated,9470,94.7億,,,,irbank_pl_consolidated=9470,https://irbank.net/E01744/results,,2026-09-01T16:23:03.525957+09:00
FY2022-03,6508,operating_margin,,pct,0.01,SINGLE_SOURCE,irbank_pl_consolidated,3.71,3.71,,,,irbank_pl_consolidated=3.71,https://irbank.net/E01744/results,,2026-09-01T16:23:03.525957+09:00
FY2022-03,6508,ordinary_income,,JPY_million,100,SINGLE_SOURCE,irbank_pl_consolidated,10200,102億,,,,irbank_pl_consolidated=10200,https://irbank.net/E01744/results,,2026-09-01T16:23:03.525957+09:00
FY2022-03,6508,retained_earnings,,JPY_million,100,SINGLE_SOURCE,irbank_bs,64800,648億,,,,irbank_bs=64800,https://irbank.net/E01744/results,,2026-09-01T16:23:03.525957+09:00
FY2022-03,6508,revenue,255046,JPY_million,100,OK|ROUNDING,kabutan_fy10,255046,"255,046",irbank_pl_consolidated,255000,2550億,kabutan_fy10=255046|irbank_pl_consolidated=255000,https://kabutan.jp/stock/finance?code=6508,https://irbank.net/E01744/results,2026-09-01T16:23:03.525957+09:00
FY2022-03,6508,roa,,pct,0.01,SINGLE_SOURCE,irbank_pl_consolidated,2.31,2.31,,,,irbank_pl_consolidated=2.31,https://irbank.net/E01744/results,,2026-09-01T16:23:03.525957+09:00
FY2022-03,6508,roe,,pct,0.1,SINGLE_SOURCE,irbank_pl_consolidated,6.6,6.6,,,,irbank_pl_consolidated=6.6,https://irbank.net/E01744/results,,2026-09-01T16:23:03.525957+09:00
FY2022-03,6508,sga_ratio,,pct,0.01,SINGLE_SOURCE,irbank_pl_consolidated,20.25,20.25,,,,irbank_pl_consolidated=20.25,https://irbank.net/E01744/results,,2026-09-01T16:23:03.525957+09:00
FY2022-03,6508,shareholders_equity,,JPY_million,100,SINGLE_SOURCE,irbank_bs,92200,922億,,,,irbank_bs=92200,https://irbank.net/E01744/results,,2026-09-01T16:23:03.525957+09:00
FY2022-03,6508,total_assets,,JPY_million,100,SINGLE_SOURCE,irbank_bs,290900,2909億,,,,irbank_bs=290900,https://irbank.net/E01744/results,,2026-09-01T16:23:03.525957+09:00
FY2023-03,6508,bps,,JPY,0.01,SINGLE_SOURCE,irbank_bs,2378.26,2378.26,,,,irbank_bs=2378.26,https://irbank.net/E01744/results,,2026-09-01T16:23:03.525957+09:00
FY2023-03,6508,capex,,JPY_million,100,SINGLE_SOURCE,irbank_cf,-12300,-123億,,,,irbank_cf=-12300,https://irbank.net/E01744/results,,2026-09-01T16:23:03.525957+09:00
FY2023-03,6508,cash_equivalents,,JPY_million,100,SINGLE_SOURCE,irbank_cf,14100,141億,,,,irbank_cf=14100,https://irbank.net/E01744/results,,2026-09-01T16:23:03.525957+09:00
FY2023-03,6508,cost_ratio,,pct,0.1,SINGLE_SOURCE,irbank_pl_consolidated,76.9,76.9,irbank_q,76.9,76.9%,irbank_pl_consolidated=76.9|irbank_q=76.9,https://irbank.net/E01744/results,https://irbank.net/E01744/quarter,2026-09-01T16:23:03.525957+09:00
FY2023-03,6508,eps,157.11,JPY,0.1,OK|ROUNDING,kabutan_fy,157.1,157.1,irbank_pl_consolidated,157.11,157.11,kabutan_fy=157.1|irbank_pl_consolidated=157.11,https://kabutan.jp/stock/finance?code=6508,https://irbank.net/E01744/results,2026-09-01T16:23:03.525957+09:00
FY2023-03,6508,equity_ratio,,pct,0.1,SINGLE_SOURCE,irbank_bs,35.1,35.1,,,,irbank_bs=35.1,https://irbank.net/E01744/results,,2026-09-01T16:23:03.525957+09:00
FY2023-03,6508,financing_cf,,JPY_million,10,SINGLE_SOURCE,irbank_cf,-2690,-26.9億,,,,irbank_cf=-2690,https://irbank.net/E01744/results,,2026-09-01T16:23:03.525957+09:00
FY2023-03,6508,free_cf,,JPY_million,10,SINGLE_SOURCE,irbank_cf,3240,32.4億,,,,irbank_cf=3240,https://irbank.net/E01744/results,,2026-09-01T16:23:03.525957+09:00
FY2023-03,6508,interest_bearing_debt,,JPY_million,100,SINGLE_SOURCE,irbank_bs,50500,505億,,,,irbank_bs=50500,https://irbank.net/E01744/results,,2026-09-01T16:23:03.525957+09:00
FY2023-03,6508,interest_bearing_debt_ratio,,x,0.0001,SINGLE_SOURCE|UNIT_CONVERTED,irbank_bs,0.4681,46.81,,,,irbank_bs=0.4681,https://irbank.net/E01744/results,,2026-09-01T16:23:03.525957+09:00
FY2023-03,6508,investing_cf,,JPY_million,100,SINGLE_SOURCE,irbank_cf,-10500,-105億,,,,irbank_cf=-10500,https://irbank.net/E01744/results,,2026-09-01T16:23:03.525957+09:00
FY2023-03,6508,net_assets,,JPY_million,100,SINGLE_SOURCE,irbank_bs,110900,1109億,,,,irbank_bs=110900,https://irbank.net/E01744/results,,2026-09-01T16:23:03.525957+09:00
FY2023-03,6508,net_income,7128,JPY_million,10,OK|ROUNDING,kabutan_fy,7128,"7,128",irbank_pl_consolidated,7130,71.3億,kabutan_fy=7128|irbank_pl_consolidated=7130,https://kabutan.jp/stock/finance?code=6508,https://irbank.net/E01744/results,2026-09-01T16:23:03.525957+09:00
FY2023-03,6508,operating_cf,,JPY_million,100,SINGLE_SOURCE,irbank_cf,13700,137億,,,,irbank_cf=13700,https://irbank.net/E01744/results,,2026-09-01T16:23:03.525957+09:00
FY2023-03,6508,operating_income,8539,JPY_million,10,OK|ROUNDING,kabutan_fy,8539,"8,539",irbank_pl_consolidated,8540,85.4億,kabutan_fy=8539|irbank_pl_consolidated=8540|irbank_q=8540,https://kabutan.jp/stock/finance?code=6508,https://irbank.net/E01744/results,2026-09-01T16:23:03.525957+09:00
FY2023-03,6508,operating_margin,,pct,0.01,SINGLE_SOURCE,irbank_pl_consolidated,3.13,3.13,irbank_q,3.13,3.13%,irbank_pl_consolidated=3.13|irbank_q=3.13,https://irbank.net/E01744/results,https://irbank.net/E01744/quarter,2026-09-01T16:23:03.525957+09:00
FY2023-03,6508,ordinary_income,8823,JPY_million,10,OK|ROUNDING,kabutan_fy,8823,"8,823",irbank_pl_consolidated,8820,88.2億,kabutan_fy=8823|irbank_pl_consolidated=8820|irbank_q=8820,https://kabutan.jp/stock/finance?code=6508,https://irbank.net/E01744/results,2026-09-01T16:23:03.525957+09:00
FY2023-03,6508,retained_earnings,,JPY_million,100,SINGLE_SOURCE,irbank_bs,69600,696億,,,,irbank_bs=69600,https://irbank.net/E01744/results,,2026-09-01T16:23:03.525957+09:00
FY2023-03,6508,revenue,272578,JPY_million,100,OK|ROUNDING,kabutan_fy,272578,"272,578",kabutan_fy10,272578,"272,578",kabutan_fy=272578|kabutan_fy10=272578|irbank_pl_consolidated=272600|irbank_q=272600,https://kabutan.jp/stock/finance?code=6508,https://kabutan.jp/stock/finance?code=6508,2026-09-01T16:23:03.525957+09:00
FY2023-03,6508,roa,,pct,0.01,SINGLE_SOURCE,irbank_pl_consolidated,2.32,2.32,,,,irbank_pl_consolidated=2.32,https://irbank.net/E01744/results,,2026-09-01T16:23:03.525957+09:00
FY2023-03,6508,roe,,pct,0.01,SINGLE_SOURCE,irbank_pl_consolidated,6.61,6.61,,,,irbank_pl_consolidated=6.61,https://irbank.net/E01744/results,,2026-09-01T16:23:03.525957+09:00
FY2023-03,6508,sga_ratio,,pct,0.01,SINGLE_SOURCE,irbank_pl_consolidated,19.97,19.97,irbank_q,19.97,19.97%,irbank_pl_consolidated=19.97|irbank_q=19.97,https://irbank.net/E01744/results,https://irbank.net/E01744/quarter,2026-09-01T16:23:03.525957+09:00
FY2023-03,6508,shareholders_equity,,JPY_million,100,SINGLE_SOURCE,irbank_bs,96700,967億,,,,irbank_bs=96700,https://irbank.net/E01744/results,,2026-09-01T16:23:03.525957+09:00
FY2023-03,6508,total_assets,,JPY_million,100,SINGLE_SOURCE,irbank_bs,307400,3074億,,,,irbank_bs=307400,https://irbank.net/E01744/results,,2026-09-01T16:23:03.525957+09:00
FY2024-03,6508,bps,,JPY,0.01,MISMATCH,kabutan_bs,2786.35,"2,786.35",irbank_bs,2786.31,2786.31,kabutan_bs=2786.35|irbank_bs=2786.31,https://kabutan.jp/stock/finance?code=6508,https://irbank.net/E01744/results,2026-09-01T16:23:03.525957+09:00
FY2024-03,6508,capex,,JPY_million,10,SINGLE_SOURCE,irbank_cf,-9980,-99.8億,,,,irbank_cf=-9980,https://irbank.net/E01744/results,,2026-09-01T16:23:03.525957+09:00
FY2024-03,6508,cash_equivalents,17224,JPY_million,100,OK|ROUNDING,kabutan_cf,17224,"17,224",irbank_cf,17200,172億,kabutan_cf=17224|irbank_cf=17200,https://kabutan.jp/stock/finance?code=6508,https://irbank.net/E01744/results,2026-09-01T16:23:03.525957+09:00
FY2024-03,6508,cost_ratio,,pct,0.01,SINGLE_SOURCE,irbank_pl_consolidated,76.03,76.03,irbank_q,76.03,76.03%-0.87%,irbank_pl_consolidated=76.03|irbank_q=76.03,https://irbank.net/E01744/results,https://irbank.net/E01744/quarter,2026-09-01T16:23:03.525957+09:00
FY2024-03,6508,eps,246.98,JPY,0.1,OK|ROUNDING,kabutan_fy,247,247.0,irbank_pl_consolidated,246.98,246.98,kabutan_fy=247|irbank_pl_consolidated=246.98,https://kabutan.jp/stock/finance?code=6508,https://irbank.net/E01744/results,2026-09-01T16:23:03.525957+09:00
FY2024-03,6508,equity,,JPY_million,1,SINGLE_SOURCE,kabutan_bs,126407,"126,407",,,,kabutan_bs=126407,https://kabutan.jp/stock/finance?code=6508,,2026-09-01T16:23:03.525957+09:00
FY2024-03,6508,equity_ratio,37.8,pct,0.1,OK,kabutan_bs,37.8,37.8,irbank_bs,37.8,37.8,kabutan_bs=37.8|irbank_bs=37.8,https://kabutan.jp/stock/finance?code=6508,https://irbank.net/E01744/results,2026-09-01T16:23:03.525957+09:00
FY2024-03,6508,financing_cf,749,JPY_million,1,OK,kabutan_cf,749,749,irbank_cf,749,7.49億,kabutan_cf=749|irbank_cf=749,https://kabutan.jp/stock/finance?code=6508,https://irbank.net/E01744/results,2026-09-01T16:23:03.525957+09:00
FY2024-03,6508,free_cf,1415,JPY_million,10,OK|ROUNDING,kabutan_cf,1415,"1,415",irbank_cf,1420,14.2億,kabutan_cf=1415|irbank_cf=1420,https://kabutan.jp/stock/finance?code=6508,https://irbank.net/E01744/results,2026-09-01T16:23:03.525957+09:00
FY2024-03,6508,interest_bearing_debt,,JPY_million,100,SINGLE_SOURCE,irbank_bs,54700,547億,,,,irbank_bs=54700,https://irbank.net/E01744/results,,2026-09-01T16:23:03.525957+09:00
FY2024-03,6508,interest_bearing_debt_ratio,0.4326,x,0.01,OK|ROUNDING|UNIT_CONVERTED,kabutan_bs,0.43,0.43,irbank_bs,0.4326,43.26,kabutan_bs=0.43|irbank_bs=0.4326,https://kabutan.jp/stock/finance?code=6508,https://irbank.net/E01744/results,2026-09-01T16:23:03.525957+09:00
FY2024-03,6508,investing_cf,-7553,JPY_million,10,OK|ROUNDING,kabutan_cf,-7553,"-7,553",irbank_cf,-7550,-75.5億,kabutan_cf=-7553|irbank_cf=-7550,https://kabutan.jp/stock/finance?code=6508,https://irbank.net/E01744/results,2026-09-01T16:23:03.525957+09:00
FY2024-03,6508,net_assets,,JPY_million,100,SINGLE_SOURCE,irbank_bs,129500,1295億,,,,irbank_bs=129500,https://irbank.net/E01744/results,,2026-09-01T16:23:03.525957+09:00
FY2024-03,6508,net_income,11205,JPY_million,100,OK|ROUNDING,kabutan_fy,11205,"11,205",irbank_pl_consolidated,11200,112億,kabutan_fy=11205|irbank_pl_consolidated=11200,https://kabutan.jp/stock/finance?code=6508,https://irbank.net/E01744/results,2026-09-01T16:23:03.525957+09:00
FY2024-03,6508,operating_cf,8968,JPY_million,10,OK|ROUNDING,kabutan_cf,8968,"8,968",irbank_cf,8970,89.7億,kabutan_cf=8968|irbank_cf=8970,https://kabutan.jp/stock/finance?code=6508,https://irbank.net/E01744/results,2026-09-01T16:23:03.525957+09:00
FY2024-03,6508,operating_income,12731,JPY_million,100,OK|ROUNDING,kabutan_fy,12731,"12,731",kabutan_cf,12731,"12,731",kabutan_fy=12731|kabutan_cf=12731|irbank_pl_consolidated=12700|irbank_q=12700,https://kabutan.jp/stock/finance?code=6508,https://kabutan.jp/stock/finance?code=6508,2026-09-01T16:23:03.525957+09:00
FY2024-03,6508,operating_margin,,pct,0.01,SINGLE_SOURCE,irbank_pl_consolidated,4.42,4.42,irbank_q,4.42,4.42%+1.29%,irbank_pl_consolidated=4.42|irbank_q=4.42,https://irbank.net/E01744/results,https://irbank.net/E01744/quarter,2026-09-01T16:23:03.525957+09:00
FY2024-03,6508,ordinary_income,13385,JPY_million,100,OK|ROUNDING,kabutan_fy,13385,"13,385",irbank_pl_consolidated,13400,134億,kabutan_fy=13385|irbank_pl_consolidated=13400|irbank_q=13400,https://kabutan.jp/stock/finance?code=6508,https://irbank.net/E01744/results,2026-09-01T16:23:03.525957+09:00
FY2024-03,6508,retained_earnings,78642,JPY_million,100,OK|ROUNDING,kabutan_bs,78642,"78,642",irbank_bs,78600,786億,kabutan_bs=78642|irbank_bs=78600,https://kabutan.jp/stock/finance?code=6508,https://irbank.net/E01744/results,2026-09-01T16:23:03.525957+09:00
FY2024-03,6508,revenue,287880,JPY_million,100,OK|ROUNDING,kabutan_fy,287880,"287,880",kabutan_fy10,287880,"287,880",kabutan_fy=287880|kabutan_fy10=287880|irbank_pl_consolidated=287900|irbank_q=287900,https://kabutan.jp/stock/finance?code=6508,https://kabutan.jp/stock/finance?code=6508,2026-09-01T16:23:03.525957+09:00
FY2024-03,6508,roa,,pct,0.01,SINGLE_SOURCE,irbank_pl_consolidated,3.35,3.35,,,,irbank_pl_consolidated=3.35,https://irbank.net/E01744/results,,2026-09-01T16:23:03.525957+09:00
FY2024-03,6508,roe,,pct,0.01,SINGLE_SOURCE,irbank_pl_consolidated,8.86,8.86,,,,irbank_pl_consolidated=8.86,https://irbank.net/E01744/results,,2026-09-01T16:23:03.525957+09:00
FY2024-03,6508,sga_ratio,,pct,0.01,SINGLE_SOURCE,irbank_pl_consolidated,19.54,19.54,irbank_q,19.54,19.54%-0.43%,irbank_pl_consolidated=19.54|irbank_q=19.54,https://irbank.net/E01744/results,https://irbank.net/E01744/quarter,2026-09-01T16:23:03.525957+09:00
FY2024-03,6508,shareholders_equity,,JPY_million,100,SINGLE_SOURCE,irbank_bs,105700,1057億,,,,irbank_bs=105700,https://irbank.net/E01744/results,,2026-09-01T16:23:03.525957+09:00
FY2024-03,6508,total_assets,334787,JPY_million,100,OK|ROUNDING,kabutan_bs,334787,"334,787",irbank_bs,334800,3348億,kabutan_bs=334787|irbank_bs=334800,https://kabutan.jp/stock/finance?code=6508,https://irbank.net/E01744/results,2026-09-01T16:23:03.525957+09:00
FY2025-03,6508,bps,,JPY,0.01,MISMATCH,kabutan_bs,3059.1,"3,059.10",irbank_bs,3059.07,3059.07,kabutan_bs=3059.1|irbank_bs=3059.07,https://kabutan.jp/stock/finance?code=6508,https://irbank.net/E01744/results,2026-09-01T16:23:03.525957+09:00
FY2025-03,6508,capex,,JPY_million,100,SINGLE_SOURCE,irbank_cf,-12000,-120億,,,,irbank_cf=-12000,https://irbank.net/E01744/results,,2026-09-01T16:23:03.525957+09:00
FY2025-03,6508,cash_equivalents,29091,JPY_million,100,OK|ROUNDING,kabutan_cf,29091,"29,091",irbank_cf,29100,291億,kabutan_cf=29091|irbank_cf=29100,https://kabutan.jp/stock/finance?code=6508,https://irbank.net/E01744/results,2026-09-01T16:23:03.525957+09:00
FY2025-03,6508,cost_ratio,,pct,0.1,SINGLE_SOURCE,irbank_pl_consolidated,72.9,72.9,irbank_q,72.9,72.9%-3.13%,irbank_pl_consolidated=72.9|irbank_q=72.9,https://irbank.net/E01744/results,https://irbank.net/E01744/quarter,2026-09-01T16:23:03.525957+09:00
FY2025-03,6508,eps,407.51,JPY,0.1,OK|ROUNDING,kabutan_fy,407.5,407.5,kabutan_fy_profit,407.5,407.5,kabutan_fy=407.5|kabutan_fy_profit=407.5|irbank_pl_consolidated=407.51,https://kabutan.jp/stock/finance?code=6508,https://kabutan.jp/stock/finance?code=6508,2026-09-01T16:23:03.525957+09:00
FY2025-03,6508,equity,,JPY_million,1,SINGLE_SOURCE,kabutan_bs,138777,"138,777",,,,kabutan_bs=138777,https://kabutan.jp/stock/finance?code=6508,,2026-09-01T16:23:03.525957+09:00
FY2025-03,6508,equity_ratio,40.7,pct,0.1,OK,kabutan_bs,40.7,40.7,irbank_bs,40.7,40.7,kabutan_bs=40.7|irbank_bs=40.7,https://kabutan.jp/stock/finance?code=6508,https://irbank.net/E01744/results,2026-09-01T16:23:03.525957+09:00
FY2025-03,6508,financing_cf,-14536,JPY_million,100,OK|ROUNDING,kabutan_cf,-14536,"-14,536",irbank_cf,-14500,-145億,kabutan_cf=-14536|irbank_cf=-14500,https://kabutan.jp/stock/finance?code=6508,https://irbank.net/E01744/results,2026-09-01T16:23:03.525957+09:00
FY2025-03,6508,free_cf,26389,JPY_million,100,OK|ROUNDING,kabutan_cf,26389,"26,389",irbank_cf,26400,264億,kabutan_cf=26389|irbank_cf=26400,https://kabutan.jp/stock/finance?code=6508,https://irbank.net/E01744/results,2026-09-01T16:23:03.525957+09:00
FY2025-03,6508,interest_bearing_debt,,JPY_million,100,SINGLE_SOURCE,irbank_bs,44600,446億,,,,irbank_bs=44600,https://irbank.net/E01744/results,,2026-09-01T16:23:03.525957+09:00
FY2025-03,6508,interest_bearing_debt_ratio,0.3211,x,0.01,OK|ROUNDING|UNIT_CONVERTED,kabutan_bs,0.32,0.32,irbank_bs,0.3211,32.11,kabutan_bs=0.32|irbank_bs=0.3211,https://kabutan.jp/stock/finance?code=6508,https://irbank.net/E01744/results,2026-09-01T16:23:03.525957+09:00
FY2025-03,6508,investing_cf,-9065,JPY_million,10,OK|ROUNDING,kabutan_cf,-9065,"-9,065",irbank_cf,-9070,-90.7億,kabutan_cf=-9065|irbank_cf=-9070,https://kabutan.jp/stock/finance?code=6508,https://irbank.net/E01744/results,2026-09-01T16:23:03.525957+09:00
FY2025-03,6508,net_assets,,JPY_million,100,SINGLE_SOURCE,irbank_bs,142200,1422億,,,,irbank_bs=142200,https://irbank.net/E01744/results,,2026-09-01T16:23:03.525957+09:00
FY2025-03,6508,net_income,18487,JPY_million,100,OK|ROUNDING,kabutan_fy,18487,"18,487",irbank_pl_consolidated,18500,185億,kabutan_fy=18487|irbank_pl_consolidated=18500,https://kabutan.jp/stock/finance?code=6508,https://irbank.net/E01744/results,2026-09-01T16:23:03.525957+09:00
FY2025-03,6508,operating_cf,35454,JPY_million,100,OK|ROUNDING,kabutan_cf,35454,"35,454",irbank_cf,35500,355億,kabutan_cf=35454|irbank_cf=35500,https://kabutan.jp/stock/finance?code=6508,https://irbank.net/E01744/results,2026-09-01T16:23:03.525957+09:00
FY2025-03,6508,operating_income,21512,JPY_million,100,OK|ROUNDING,kabutan_fy,21512,"21,512",kabutan_fy_profit,21512,"21,512",kabutan_fy=21512|kabutan_fy_profit=21512|kabutan_cf=21512|irbank_pl_consolidated=21500|irbank_q=21500,https://kabutan.jp/stock/finance?code=6508,https://kabutan.jp/stock/finance?code=6508,2026-09-01T16:23:03.525957+09:00
FY2025-03,6508,operating_margin,7.14,pct,0.01,OK,kabutan_fy_profit,7.14,7.14,irbank_pl_consolidated,7.14,7.14,kabutan_fy_profit=7.14|irbank_pl_consolidated=7.14|irbank_q=7.14,https://kabutan.jp/stock/finance?code=6508,https://irbank.net/E01744/results,2026-09-01T16:23:03.525957+09:00
FY2025-03,6508,ordinary_income,21192,JPY_million,100,OK|ROUNDING,kabutan_fy,21192,"21,192",irbank_pl_consolidated,21200,212億,kabutan_fy=21192|irbank_pl_consolidated=21200|irbank_q=21200,https://kabutan.jp/stock/finance?code=6508,https://irbank.net/E01744/results,2026-09-01T16:23:03.525957+09:00
FY2025-03,6508,retained_earnings,93273,JPY_million,100,OK|ROUNDING,kabutan_bs,93273,"93,273",irbank_bs,93300,933億,kabutan_bs=93273|irbank_bs=93300,https://kabutan.jp/stock/finance?code=6508,https://irbank.net/E01744/results,2026-09-01T16:23:03.525957+09:00
FY2025-03,6508,revenue,301101,JPY_million,100,OK|ROUNDING,kabutan_fy,301101,"301,101",kabutan_fy10,301101,"301,101",kabutan_fy=301101|kabutan_fy10=301101|kabutan_fy_profit=301101|irbank_pl_consolidated=301100|irbank_q=301100,https://kabutan.jp/stock/finance?code=6508,https://kabutan.jp/stock/finance?code=6508,2026-09-01T16:23:03.525957+09:00
FY2025-03,6508,roa,,pct,0.01,MISMATCH,kabutan_fy_profit,5.47,5.47,irbank_pl_consolidated,5.42,5.42,kabutan_fy_profit=5.47|irbank_pl_consolidated=5.42,https://kabutan.jp/stock/finance?code=6508,https://irbank.net/E01744/results,2026-09-01T16:23:03.525957+09:00
FY2025-03,6508,roe,,pct,0.01,MISMATCH,kabutan_fy_profit,13.94,13.94,irbank_pl_consolidated,13.32,13.32,kabutan_fy_profit=13.94|irbank_pl_consolidated=13.32,https://kabutan.jp/stock/finance?code=6508,https://irbank.net/E01744/results,2026-09-01T16:23:03.525957+09:00
FY2025-03,6508,sga_ratio,,pct,0.01,SINGLE_SOURCE,irbank_pl_consolidated,19.95,19.95,irbank_q,19.95,19.95%+0.41%,irbank_pl_consolidated=19.95|irbank_q=19.95,https://irbank.net/E01744/results,https://irbank.net/E01744/quarter,2026-09-01T16:23:03.525957+09:00
FY2025-03,6508,shareholders_equity,,JPY_million,100,SINGLE_SOURCE,irbank_bs,120400,1204億,,,,irbank_bs=120400,https://irbank.net/E01744/results,,2026-09-01T16:23:03.525957+09:00
FY2025-03,6508,total_assets,341347,JPY_million,100,OK|ROUNDING,kabutan_bs,341347,"341,347",irbank_bs,341300,3413億,kabutan_bs=341347|irbank_bs=341300,https://kabutan.jp/stock/finance?code=6508,https://irbank.net/E01744/results,2026-09-01T16:23:03.525957+09:00
FY2026-03,6508,bps,,JPY,0.01,MISMATCH,kabutan_bs,3855.25,"3,855.25",irbank_bs,3855.22,3855.22,kabutan_bs=3855.25|irbank_bs=3855.22,https://kabutan.jp/stock/finance?code=6508,https://irbank.net/E01744/results,2026-09-01T16:23:03.525957+09:00
FY2026-03,6508,capex,,JPY_million,100,SINGLE_SOURCE,irbank_cf,-18100,-181億,,,,irbank_cf=-18100,https://irbank.net/E01744/results,,2026-09-01T16:23:03.525957+09:00
FY2026-03,6508,cash_equivalents,23639,JPY_million,100,OK|ROUNDING,kabutan_cf,23639,"23,639",irbank_cf,23600,236億,kabutan_cf=23639|irbank_cf=23600,https://kabutan.jp/stock/finance?code=6508,https://irbank.net/E01744/results,2026-09-01T16:23:03.525957+09:00
FY2026-03,6508,cost_ratio,,pct,0.01,SINGLE_SOURCE,irbank_pl_consolidated,71.63,71.63,irbank_q,71.63,71.63%-1.27%,irbank_pl_consolidated=71.63|irbank_q=71.63,https://irbank.net/E01744/results,https://irbank.net/E01744/quarter,2026-09-01T16:23:03.525957+09:00
FY2026-03,6508,eps,520.78,JPY,0.1,OK|ROUNDING,kabutan_fy,520.8,520.8,kabutan_fy_profit,520.8,520.8,kabutan_fy=520.8|kabutan_fy_profit=520.8|kabutan_record_fy=520.8|irbank_pl_consolidated=520.78,https://kabutan.jp/stock/finance?code=6508,https://kabutan.jp/stock/finance?code=6508,2026-09-01T16:23:03.525957+09:00
FY2026-03,6508,equity,,JPY_million,1,SINGLE_SOURCE,kabutan_bs,174889,"174,889",,,,kabutan_bs=174889,https://kabutan.jp/stock/finance?code=6508,,2026-09-01T16:23:03.525957+09:00
FY2026-03,6508,equity_ratio,46.8,pct,0.1,OK,kabutan_bs,46.8,46.8,irbank_bs,46.8,46.8,kabutan_bs=46.8|irbank_bs=46.8,https://kabutan.jp/stock/finance?code=6508,https://irbank.net/E01744/results,2026-09-01T16:23:03.525957+09:00
FY2026-03,6508,financing_cf,-7785,JPY_million,10,OK|ROUNDING,kabutan_cf,-7785,"-7,785",irbank_cf,-7790,-77.9億,kabutan_cf=-7785|irbank_cf=-7790,https://kabutan.jp/stock/finance?code=6508,https://irbank.net/E01744/results,2026-09-01T16:23:03.525957+09:00
FY2026-03,6508,free_cf,364,JPY_million,1,OK,kabutan_cf,364,364,irbank_cf,364,3.64億,kabutan_cf=364|irbank_cf=364,https://kabutan.jp/stock/finance?code=6508,https://irbank.net/E01744/results,2026-09-01T16:23:03.525957+09:00
FY2026-03,6508,interest_bearing_debt,,JPY_million,100,SINGLE_SOURCE,irbank_bs,44400,444億,,,,irbank_bs=44400,https://irbank.net/E01744/results,,2026-09-01T16:23:03.525957+09:00
FY2026-03,6508,interest_bearing_debt_ratio,0.2539,x,0.01,OK|ROUNDING|UNIT_CONVERTED,kabutan_bs,0.25,0.25,irbank_bs,0.2539,25.39,kabutan_bs=0.25|irbank_bs=0.2539,https://kabutan.jp/stock/finance?code=6508,https://irbank.net/E01744/results,2026-09-01T16:23:03.525957+09:00
FY2026-03,6508,investing_cf,-17134,JPY_million,100,OK|ROUNDING,kabutan_cf,-17134,"-17,134",irbank_cf,-17100,-171億,kabutan_cf=-17134|irbank_cf=-17100,https://kabutan.jp/stock/finance?code=6508,https://irbank.net/E01744/results,2026-09-01T16:23:03.525957+09:00
FY2026-03,6508,net_assets,,JPY_million,100,SINGLE_SOURCE,irbank_bs,178500,1785億,,,,irbank_bs=178500,https://irbank.net/E01744/results,,2026-09-01T16:23:03.525957+09:00
FY2026-03,6508,net_income,23625,JPY_million,100,OK|ROUNDING,kabutan_fy,23625,"23,625",kabutan_record_fy,23625,"23,625",kabutan_fy=23625|kabutan_record_fy=23625|irbank_pl_consolidated=23600,https://kabutan.jp/stock/finance?code=6508,https://kabutan.jp/stock/finance?code=6508,2026-09-01T16:23:03.525957+09:00
FY2026-03,6508,operating_cf,17498,JPY_million,100,OK|ROUNDING,kabutan_cf,17498,"17,498",irbank_cf,17500,175億,kabutan_cf=17498|irbank_cf=17500,https://kabutan.jp/stock/finance?code=6508,https://irbank.net/E01744/results,2026-09-01T16:23:03.525957+09:00
FY2026-03,6508,operating_income,27122,JPY_million,100,OK|ROUNDING,kabutan_fy,27122,"27,122",kabutan_fy_profit,27122,"27,122",kabutan_fy=27122|kabutan_fy_profit=27122|kabutan_cf=27122|kabutan_record_fy=27122|irbank_pl_consolidated=27100|irbank_q=27100,https://kabutan.jp/stock/finance?code=6508,https://kabutan.jp/stock/finance?code=6508,2026-09-01T16:23:03.525957+09:00
FY2026-03,6508,operating_margin,8.31,pct,0.01,OK,kabutan_fy_profit,8.31,8.31,irbank_pl_consolidated,8.31,8.31,kabutan_fy_profit=8.31|irbank_pl_consolidated=8.31|irbank_q=8.31,https://kabutan.jp/stock/finance?code=6508,https://irbank.net/E01744/results,2026-09-01T16:23:03.525957+09:00
FY2026-03,6508,ordinary_income,27889,JPY_million,100,OK|ROUNDING,kabutan_fy,27889,"27,889",kabutan_record_fy,27889,"27,889",kabutan_fy=27889|kabutan_record_fy=27889|irbank_pl_consolidated=27900|irbank_q=27900,https://kabutan.jp/stock/finance?code=6508,https://kabutan.jp/stock/finance?code=6508,2026-09-01T16:23:03.525957+09:00
FY2026-03,6508,retained_earnings,110774,JPY_million,100,OK|ROUNDING,kabutan_bs,110774,"110,774",irbank_bs,110800,1108億,kabutan_bs=110774|irbank_bs=110800,https://kabutan.jp/stock/finance?code=6508,https://irbank.net/E01744/results,2026-09-01T16:23:03.525957+09:00
FY2026-03,6508,revenue,326194,JPY_million,100,OK|ROUNDING,kabutan_fy,326194,"326,194",kabutan_fy10,326194,"326,194",kabutan_fy=326194|kabutan_fy10=326194|kabutan_fy_profit=326194|kabutan_record_fy=326194|irbank_pl_consolidated=326200|irbank_q=326200,https://kabutan.jp/stock/finance?code=6508,https://kabutan.jp/stock/finance?code=6508,2026-09-01T16:23:03.525957+09:00
FY2026-03,6508,roa,,pct,0.01,MISMATCH,kabutan_fy_profit,6.61,6.61,irbank_pl_consolidated,6.32,6.32,kabutan_fy_profit=6.61|irbank_pl_consolidated=6.32,https://kabutan.jp/stock/finance?code=6508,https://irbank.net/E01744/results,2026-09-01T16:23:03.525957+09:00
FY2026-03,6508,roe,,pct,0.01,MISMATCH,kabutan_fy_profit,15.06,15.06,irbank_pl_consolidated,13.51,13.51,kabutan_fy_profit=15.06|irbank_pl_consolidated=13.51,https://kabutan.jp/stock/finance?code=6508,https://irbank.net/E01744/results,2026-09-01T16:23:03.525957+09:00
FY2026-03,6508,sga_ratio,,pct,0.01,SINGLE_SOURCE,irbank_pl_consolidated,20.06,20.06,irbank_q,20.06,20.06%+0.11%,irbank_pl_consolidated=20.06|irbank_q=20.06,https://irbank.net/E01744/results,https://irbank.net/E01744/quarter,2026-09-01T16:23:03.525957+09:00
FY2026-03,6508,shareholders_equity,,JPY_million,100,SINGLE_SOURCE,irbank_bs,137800,1378億,,,,irbank_bs=137800,https://irbank.net/E01744/results,,2026-09-01T16:23:03.525957+09:00
FY2026-03,6508,total_assets,373668,JPY_million,100,OK|ROUNDING,kabutan_bs,373668,"373,668",irbank_bs,373700,3737億,kabutan_bs=373668|irbank_bs=373700,https://kabutan.jp/stock/finance?code=6508,https://irbank.net/E01744/results,2026-09-01T16:23:03.525957+09:00
FY2027-03,6508,eps_plan,551.1,JPY,0.1,OK,kabutan_fy,551.1,551.1,kabutan_fy10,551.1,551.1,kabutan_fy=551.1|kabutan_fy10=551.1|kabutan_fy_profit=551.1|irbank_pl_consolidated=551.1,https://kabutan.jp/stock/finance?code=6508,https://kabutan.jp/stock/finance?code=6508,2026-09-01T16:23:03.525957+09:00
FY2027-03,6508,net_income_plan,25000,JPY_million,100,OK,kabutan_fy,25000,"25,000",irbank_pl_consolidated,25000,250億,kabutan_fy=25000|irbank_pl_consolidated=25000,https://kabutan.jp/stock/finance?code=6508,https://irbank.net/E01744/results,2026-09-01T16:23:03.525957+09:00
FY2027-03,6508,operating_income_plan,33000,JPY_million,100,OK,kabutan_fy,33000,"33,000",kabutan_fy10,33000,"33,000",kabutan_fy=33000|kabutan_fy10=33000|kabutan_fy_profit=33000|irbank_pl_consolidated=33000,https://kabutan.jp/stock/finance?code=6508,https://kabutan.jp/stock/finance?code=6508,2026-09-01T16:23:03.525957+09:00
FY2027-03,6508,operating_margin_plan,9.04,pct,0.01,OK,kabutan_fy_profit,9.04,9.04,irbank_pl_consolidated,9.04,9.04,kabutan_fy_profit=9.04|irbank_pl_consolidated=9.04,https://kabutan.jp/stock/finance?code=6508,https://irbank.net/E01744/results,2026-09-01T16:23:03.525957+09:00
FY2027-03,6508,ordinary_income_plan,33500,JPY_million,100,OK,kabutan_fy,33500,"33,500",kabutan_fy10,33500,"33,500",kabutan_fy=33500|kabutan_fy10=33500|irbank_pl_consolidated=33500,https://kabutan.jp/stock/finance?code=6508,https://kabutan.jp/stock/finance?code=6508,2026-09-01T16:23:03.525957+09:00
FY2027-03,6508,revenue_plan,365000,JPY_million,100,OK,kabutan_fy,365000,"365,000",kabutan_fy10,365000,"365,000",kabutan_fy=365000|kabutan_fy10=365000|kabutan_fy_profit=365000|irbank_pl_consolidated=365000,https://kabutan.jp/stock/finance?code=6508,https://kabutan.jp/stock/finance?code=6508,2026-09-01T16:23:03.525957+09:00
FY2027-03,6508,roa_plan,6.92,pct,0.01,OK,kabutan_fy_profit,6.92,6.92,irbank_pl_consolidated,6.92,6.92,kabutan_fy_profit=6.92|irbank_pl_consolidated=6.92,https://kabutan.jp/stock/finance?code=6508,https://irbank.net/E01744/results,2026-09-01T16:23:03.525957+09:00
FY2027-03,6508,roe_plan,14.1,pct,0.1,OK,kabutan_fy_profit,14.1,14.10,irbank_pl_consolidated,14.1,14.1,kabutan_fy_profit=14.1|irbank_pl_consolidated=14.1,https://kabutan.jp/stock/finance?code=6508,https://irbank.net/E01744/results,2026-09-01T16:23:03.525957+09:00
H2023-04_2023-09,6508,eps,,JPY,0.1,SINGLE_SOURCE,kabutan_half,-35.6,-35.6,,,,kabutan_half=-35.6,https://kabutan.jp/stock/finance?code=6508,,2026-09-01T16:23:03.525957+09:00
H2023-04_2023-09,6508,net_income,,JPY_million,1,SINGLE_SOURCE,kabutan_half,-1616,"-1,616",,,,kabutan_half=-1616,https://kabutan.jp/stock/finance?code=6508,,2026-09-01T16:23:03.525957+09:00
H2023-04_2023-09,6508,operating_income,,JPY_million,1,SINGLE_SOURCE,kabutan_half,-2366,"-2,366",,,,kabutan_half=-2366,https://kabutan.jp/stock/finance?code=6508,,2026-09-01T16:23:03.525957+09:00
H2023-04_2023-09,6508,ordinary_income,,JPY_million,1,SINGLE_SOURCE,kabutan_half,-1622,"-1,622",,,,kabutan_half=-1622,https://kabutan.jp/stock/finance?code=6508,,2026-09-01T16:23:03.525957+09:00
H2023-04_2023-09,6508,revenue,,JPY_million,1,SINGLE_SOURCE,kabutan_half,119047,"119,047",,,,kabutan_half=119047,https://kabutan.jp/stock/finance?code=6508,,2026-09-01T16:23:03.525957+09:00
H2024-04_2024-09,6508,eps,,JPY,0.1,SINGLE_SOURCE,kabutan_half,46.2,46.2,,,,kabutan_half=46.2,https://kabutan.jp/stock/finance?code=6508,,2026-09-01T16:23:03.525957+09:00
H2024-04_2024-09,6508,net_income,,JPY_million,1,SINGLE_SOURCE,kabutan_half,2094,"2,094",,,,kabutan_half=2094,https://kabutan.jp/stock/finance?code=6508,,2026-09-01T16:23:03.525957+09:00
H2024-04_2024-09,6508,operating_income,,JPY_million,1,SINGLE_SOURCE,kabutan_half,1909,"1,909",,,,kabutan_half=1909,https://kabutan.jp/stock/finance?code=6508,,2026-09-01T16:23:03.525957+09:00
H2024-04_2024-09,6508,ordinary_income,,JPY_million,1,SINGLE_SOURCE,kabutan_half,1743,"1,743",,,,kabutan_half=1743,https://kabutan.jp/stock/finance?code=6508,,2026-09-01T16:23:03.525957+09:00
H2024-04_2024-09,6508,revenue,,JPY_million,1,SINGLE_SOURCE,kabutan_half,120099,"120,099",,,,kabutan_half=120099,https://kabutan.jp/stock/finance?code=6508,,2026-09-01T16:23:03.525957+09:00
H2025-04_2025-09,6508,eps,,JPY,0.1,SINGLE_SOURCE,kabutan_half,44.7,44.7,,,,kabutan_half=44.7,https://kabutan.jp/stock/finance?code=6508,,2026-09-01T16:23:03.525957+09:00
H2025-04_2025-09,6508,net_income,,JPY_million,1,SINGLE_SOURCE,kabutan_half,2026,"2,026",,,,kabutan_half=2026,https://kabutan.jp/stock/finance?code=6508,,2026-09-01T16:23:03.525957+09:00
H2025-04_2025-09,6508,operating_income,,JPY_million,1,SINGLE_SOURCE,kabutan_half,2792,"2,792",,,,kabutan_half=2792,https://kabutan.jp/stock/finance?code=6508,,2026-09-01T16:23:03.525957+09:00
H2025-04_2025-09,6508,ordinary_income,,JPY_million,1,SINGLE_SOURCE,kabutan_half,3174,"3,174",,,,kabutan_half=3174,https://kabutan.jp/stock/finance?code=6508,,2026-09-01T16:23:03.525957+09:00
H2025-04_2025-09,6508,revenue,,JPY_million,1,SINGLE_SOURCE,kabutan_half,131142,"131,142",,,,kabutan_half=131142,https://kabutan.jp/stock/finance?code=6508,,2026-09-01T16:23:03.525957+09:00
H2026-04_2026-09,6508,eps_plan,,JPY,0.1,SINGLE_SOURCE,kabutan_half,154.3,154.3,,,,kabutan_half=154.3,https://kabutan.jp/stock/finance?code=6508,,2026-09-01T16:23:03.525957+09:00
H2026-04_2026-09,6508,net_income_plan,,JPY_million,1,SINGLE_SOURCE,kabutan_half,7000,"7,000",,,,kabutan_half=7000,https://kabutan.jp/stock/finance?code=6508,,2026-09-01T16:23:03.525957+09:00
H2026-04_2026-09,6508,operating_income_plan,,JPY_million,1,SINGLE_SOURCE,kabutan_half,8000,"8,000",,,,kabutan_half=8000,https://kabutan.jp/stock/finance?code=6508,,2026-09-01T16:23:03.525957+09:00
H2026-04_2026-09,6508,ordinary_income_plan,,JPY_million,1,SINGLE_SOURCE,kabutan_half,8500,"8,500",,,,kabutan_half=8500,https://kabutan.jp/stock/finance?code=6508,,2026-09-01T16:23:03.525957+09:00
H2026-04_2026-09,6508,revenue_plan,,JPY_million,1,SINGLE_SOURCE,kabutan_half,155000,"155,000",,,,kabutan_half=155000,https://kabutan.jp/stock/finance?code=6508,,2026-09-01T16:23:03.525957+09:00
Q2021-07_2021-09,6508,revenue,,JPY_million,1,SINGLE_SOURCE,kabutan_q10,53837,"53,837",,,,kabutan_q10=53837,https://kabutan.jp/stock/finance?code=6508,,2026-09-01T16:23:03.525957+09:00
Q2021-10_2021-12,6508,revenue,,JPY_million,1,SINGLE_SOURCE,kabutan_q10,59491,"59,491",,,,kabutan_q10=59491,https://kabutan.jp/stock/finance?code=6508,,2026-09-01T16:23:03.525957+09:00
Q2022-01_2022-03,6508,revenue,,JPY_million,1,SINGLE_SOURCE,kabutan_q10,96605,"96,605",,,,kabutan_q10=96605,https://kabutan.jp/stock/finance?code=6508,,2026-09-01T16:23:03.525957+09:00
Q2022-04_2022-06,6508,cost_ratio,,pct,0.01,SINGLE_SOURCE,irbank_q,81.31,81.31%,,,,irbank_q=81.31,https://irbank.net/E01744/quarter,,2026-09-01T16:23:03.525957+09:00
Q2022-04_2022-06,6508,operating_income,,JPY_million,10,SINGLE_SOURCE,irbank_q,-4480,-44.8億,,,,irbank_q=-4480,https://irbank.net/E01744/quarter,,2026-09-01T16:23:03.525957+09:00
Q2022-04_2022-06,6508,operating_margin,,pct,0.01,SINGLE_SOURCE,irbank_q,-9.42,-9.42%,,,,irbank_q=-9.42,https://irbank.net/E01744/quarter,,2026-09-01T16:23:03.525957+09:00
Q2022-04_2022-06,6508,ordinary_income,,JPY_million,10,SINGLE_SOURCE,irbank_q,-3730,-37.3億,,,,irbank_q=-3730,https://irbank.net/E01744/quarter,,2026-09-01T16:23:03.525957+09:00
Q2022-04_2022-06,6508,revenue,47525,JPY_million,100,OK|ROUNDING,kabutan_q10,47525,"47,525",irbank_q,47500,475億,kabutan_q10=47525|irbank_q=47500,https://kabutan.jp/stock/finance?code=6508,https://irbank.net/E01744/quarter,2026-09-01T16:23:03.525957+09:00
Q2022-04_2022-06,6508,sga_ratio,,pct,0.01,SINGLE_SOURCE,irbank_q,28.11,28.11%,,,,irbank_q=28.11,https://irbank.net/E01744/quarter,,2026-09-01T16:23:03.525957+09:00
Q2022-07_2022-09,6508,cost_ratio,,pct,0.1,SINGLE_SOURCE,irbank_q,78.9,78.9%,,,,irbank_q=78.9,https://irbank.net/E01744/quarter,,2026-09-01T16:23:03.525957+09:00
Q2022-07_2022-09,6508,operating_income,,JPY_million,1,SINGLE_SOURCE,irbank_q,-415,-4.15億,,,,irbank_q=-415,https://irbank.net/E01744/quarter,,2026-09-01T16:23:03.525957+09:00
Q2022-07_2022-09,6508,operating_margin,,pct,0.01,SINGLE_SOURCE,irbank_q,-0.65,-0.65%,,,,irbank_q=-0.65,https://irbank.net/E01744/quarter,,2026-09-01T16:23:03.525957+09:00
Q2022-07_2022-09,6508,ordinary_income,,JPY_million,1,SINGLE_SOURCE,irbank_q,-225,-2.25億,,,,irbank_q=-225,https://irbank.net/E01744/quarter,,2026-09-01T16:23:03.525957+09:00
Q2022-07_2022-09,6508,revenue,64217,JPY_million,100,OK|ROUNDING,kabutan_q10,64217,"64,217",irbank_q,64200,642億,kabutan_q10=64217|irbank_q=64200,https://kabutan.jp/stock/finance?code=6508,https://irbank.net/E01744/quarter,2026-09-01T16:23:03.525957+09:00
Q2022-07_2022-09,6508,sga_ratio,,pct,0.01,SINGLE_SOURCE,irbank_q,21.75,21.75%,,,,irbank_q=21.75,https://irbank.net/E01744/quarter,,2026-09-01T16:23:03.525957+09:00
Q2022-10_2022-12,6508,cost_ratio,,pct,0.01,SINGLE_SOURCE,irbank_q,76.96,76.96%,,,,irbank_q=76.96,https://irbank.net/E01744/quarter,,2026-09-01T16:23:03.525957+09:00
Q2022-10_2022-12,6508,operating_income,,JPY_million,100,SINGLE_SOURCE,irbank_q,200,2億,,,,irbank_q=200,https://irbank.net/E01744/quarter,,2026-09-01T16:23:03.525957+09:00
Q2022-10_2022-12,6508,operating_margin,,pct,0.01,SINGLE_SOURCE,irbank_q,0.34,0.34%,,,,irbank_q=0.34,https://irbank.net/E01744/quarter,,2026-09-01T16:23:03.525957+09:00
Q2022-10_2022-12,6508,ordinary_income,,JPY_million,1,SINGLE_SOURCE,irbank_q,-312,-3.12億,,,,irbank_q=-312,https://irbank.net/E01744/quarter,,2026-09-01T16:23:03.525957+09:00
Q2022-10_2022-12,6508,revenue,58267,JPY_million,100,OK|ROUNDING,kabutan_q10,58267,"58,267",irbank_q,58300,583億,kabutan_q10=58267|irbank_q=58300,https://kabutan.jp/stock/finance?code=6508,https://irbank.net/E01744/quarter,2026-09-01T16:23:03.525957+09:00
Q2022-10_2022-12,6508,sga_ratio,,pct,0.01,SINGLE_SOURCE,irbank_q,22.69,22.69%,,,,irbank_q=22.69,https://irbank.net/E01744/quarter,,2026-09-01T16:23:03.525957+09:00
Q2023-01_2023-03,6508,cost_ratio,,pct,0.01,SINGLE_SOURCE,irbank_q,73.55,73.55%,,,,irbank_q=73.55,https://irbank.net/E01744/quarter,,2026-09-01T16:23:03.525957+09:00
Q2023-01_2023-03,6508,operating_income,,JPY_million,100,SINGLE_SOURCE,irbank_q,13200,132億,,,,irbank_q=13200,https://irbank.net/E01744/quarter,,2026-09-01T16:23:03.525957+09:00
Q2023-01_2023-03,6508,operating_margin,,pct,0.1,SINGLE_SOURCE,irbank_q,12.9,12.9%,,,,irbank_q=12.9,https://irbank.net/E01744/quarter,,2026-09-01T16:23:03.525957+09:00
Q2023-01_2023-03,6508,ordinary_income,,JPY_million,100,SINGLE_SOURCE,irbank_q,13100,131億,,,,irbank_q=13100,https://irbank.net/E01744/quarter,,2026-09-01T16:23:03.525957+09:00
Q2023-01_2023-03,6508,revenue,102569,JPY_million,100,OK|ROUNDING,kabutan_q10,102569,"102,569",irbank_q,102600,1026億,kabutan_q10=102569|irbank_q=102600,https://kabutan.jp/stock/finance?code=6508,https://irbank.net/E01744/quarter,2026-09-01T16:23:03.525957+09:00
Q2023-01_2023-03,6508,sga_ratio,,pct,0.01,SINGLE_SOURCE,irbank_q,13.55,13.55%,,,,irbank_q=13.55,https://irbank.net/E01744/quarter,,2026-09-01T16:23:03.525957+09:00
Q2023-04_2023-06,6508,cost_ratio,,pct,0.01,SINGLE_SOURCE,irbank_q,81.42,81.42%+0.11%,,,,irbank_q=81.42,https://irbank.net/E01744/quarter,,2026-09-01T16:23:03.525957+09:00
Q2023-04_2023-06,6508,operating_income,,JPY_million,10,SINGLE_SOURCE,irbank_q,-3370,-33.7億,,,,irbank_q=-3370,https://irbank.net/E01744/quarter,,2026-09-01T16:23:03.525957+09:00
Q2023-04_2023-06,6508,operating_margin,,pct,0.1,SINGLE_SOURCE,irbank_q,-6.3,-6.3%,,,,irbank_q=-6.3,https://irbank.net/E01744/quarter,,2026-09-01T16:23:03.525957+09:00
Q2023-04_2023-06,6508,ordinary_income,,JPY_million,10,SINGLE_SOURCE,irbank_q,-2650,-26.5億,,,,irbank_q=-2650,https://irbank.net/E01744/quarter,,2026-09-01T16:23:03.525957+09:00
Q2023-04_2023-06,6508,revenue,53532,JPY_million,100,OK|ROUNDING,kabutan_q10,53532,"53,532",irbank_q,53500,535億+12.6%,kabutan_q10=53532|irbank_q=53500,https://kabutan.jp/stock/finance?code=6508,https://irbank.net/E01744/quarter,2026-09-01T16:23:03.525957+09:00
Q2023-04_2023-06,6508,sga_ratio,,pct,0.01,SINGLE_SOURCE,irbank_q,24.88,24.88%-3.23%,,,,irbank_q=24.88,https://irbank.net/E01744/quarter,,2026-09-01T16:23:03.525957+09:00
Q2023-07_2023-09,6508,cost_ratio,,pct,0.01,SINGLE_SOURCE,irbank_q,77.05,77.05%-1.85%,,,,irbank_q=77.05,https://irbank.net/E01744/quarter,,2026-09-01T16:23:03.525957+09:00
Q2023-07_2023-09,6508,operating_income,,JPY_million,10,SINGLE_SOURCE,irbank_q,1010,10.1億,,,,irbank_q=1010,https://irbank.net/E01744/quarter,,2026-09-01T16:23:03.525957+09:00
Q2023-07_2023-09,6508,operating_margin,,pct,0.01,SINGLE_SOURCE,irbank_q,1.54,1.54%,,,,irbank_q=1.54,https://irbank.net/E01744/quarter,,2026-09-01T16:23:03.525957+09:00
Q2023-07_2023-09,6508,ordinary_income,,JPY_million,10,SINGLE_SOURCE,irbank_q,1030,10.3億,,,,irbank_q=1030,https://irbank.net/E01744/quarter,,2026-09-01T16:23:03.525957+09:00
Q2023-07_2023-09,6508,revenue,65515,JPY_million,100,OK|ROUNDING,kabutan_q10,65515,"65,515",irbank_q,65500,655億+2%,kabutan_q10=65515|irbank_q=65500,https://kabutan.jp/stock/finance?code=6508,https://irbank.net/E01744/quarter,2026-09-01T16:23:03.525957+09:00
Q2023-07_2023-09,6508,sga_ratio,,pct,0.01,SINGLE_SOURCE,irbank_q,21.41,21.41%-0.34%,,,,irbank_q=21.41,https://irbank.net/E01744/quarter,,2026-09-01T16:23:03.525957+09:00
Q2023-10_2023-12,6508,cost_ratio,,pct,0.1,SINGLE_SOURCE,irbank_q,75.1,75.1%-1.86%,,,,irbank_q=75.1,https://irbank.net/E01744/quarter,,2026-09-01T16:23:03.525957+09:00
Q2023-10_2023-12,6508,operating_income,,JPY_million,10,SINGLE_SOURCE,irbank_q,2290,22.9億+999.99%,,,,irbank_q=2290,https://irbank.net/E01744/quarter,,2026-09-01T16:23:03.525957+09:00
Q2023-10_2023-12,6508,operating_margin,,pct,0.01,SINGLE_SOURCE,irbank_q,3.53,3.53%+3.19%,,,,irbank_q=3.53,https://irbank.net/E01744/quarter,,2026-09-01T16:23:03.525957+09:00
Q2023-10_2023-12,6508,ordinary_income,,JPY_million,10,SINGLE_SOURCE,irbank_q,2050,20.5億,,,,irbank_q=2050,https://irbank.net/E01744/quarter,,2026-09-01T16:23:03.525957+09:00
Q2023-10_2023-12,6508,revenue,64871,JPY_million,100,OK|ROUNDING,kabutan_q10,64871,"64,871",irbank_q,64900,649億+11.3%,kabutan_q10=64871|irbank_q=64900,https://kabutan.jp/stock/finance?code=6508,https://irbank.net/E01744/quarter,2026-09-01T16:23:03.525957+09:00
Q2023-10_2023-12,6508,sga_ratio,,pct,0.01,SINGLE_SOURCE,irbank_q,21.37,21.37%-1.32%,,,,irbank_q=21.37,https://irbank.net/E01744/quarter,,2026-09-01T16:23:03.525957+09:00
Q2024-01_2024-03,6508,cost_ratio,,pct,0.1,SINGLE_SOURCE,irbank_q,73.2,73.2%-0.35%,,,,irbank_q=73.2,https://irbank.net/E01744/quarter,,2026-09-01T16:23:03.525957+09:00
Q2024-01_2024-03,6508,operating_income,,JPY_million,100,SINGLE_SOURCE,irbank_q,12800,128億-3.2%,,,,irbank_q=12800,https://irbank.net/E01744/quarter,,2026-09-01T16:23:03.525957+09:00
Q2024-01_2024-03,6508,operating_margin,,pct,0.01,SINGLE_SOURCE,irbank_q,12.32,12.32%-0.58%,,,,irbank_q=12.32,https://irbank.net/E01744/quarter,,2026-09-01T16:23:03.525957+09:00
Q2024-01_2024-03,6508,ordinary_income,,JPY_million,100,SINGLE_SOURCE,irbank_q,13000,130億-1%,,,,irbank_q=13000,https://irbank.net/E01744/quarter,,2026-09-01T16:23:03.525957+09:00
Q2024-01_2024-03,6508,revenue,103962,JPY_million,100,OK|ROUNDING,kabutan_q10,103962,"103,962",irbank_q,104000,1040億+1.4%,kabutan_q10=103962|irbank_q=104000,https://kabutan.jp/stock/finance?code=6508,https://irbank.net/E01744/quarter,2026-09-01T16:23:03.525957+09:00
Q2024-01_2024-03,6508,sga_ratio,,pct,0.01,SINGLE_SOURCE,irbank_q,14.48,14.48%+0.93%,,,,irbank_q=14.48,https://irbank.net/E01744/quarter,,2026-09-01T16:23:03.525957+09:00
Q2024-04_2024-06,6508,cost_ratio,,pct,0.01,SINGLE_SOURCE,irbank_q,75.63,75.63%-5.79%,,,,irbank_q=75.63,https://irbank.net/E01744/quarter,,2026-09-01T16:23:03.525957+09:00
Q2024-04_2024-06,6508,eps,,JPY,0.1,SINGLE_SOURCE,kabutan_ytd_h1,22.4,22.4,,,,kabutan_ytd_h1=22.4,https://kabutan.jp/stock/finance?code=6508,,2026-09-01T16:23:03.525957+09:00
Q2024-04_2024-06,6508,net_income,,JPY_million,1,SINGLE_SOURCE,kabutan_ytd_h1,1017,"1,017",,,,kabutan_ytd_h1=1017,https://kabutan.jp/stock/finance?code=6508,,2026-09-01T16:23:03.525957+09:00
Q2024-04_2024-06,6508,operating_income,-896,JPY_million,1,OK,kabutan_ytd_h1,-896,-896,irbank_q,-896,-8.96億,kabutan_ytd_h1=-896|irbank_q=-896,https://kabutan.jp/stock/finance?code=6508,https://irbank.net/E01744/quarter,2026-09-01T16:23:03.525957+09:00
Q2024-04_2024-06,6508,operating_margin,,pct,0.01,SINGLE_SOURCE,irbank_q,-1.63,-1.63%,,,,irbank_q=-1.63,https://irbank.net/E01744/quarter,,2026-09-01T16:23:03.525957+09:00
Q2024-04_2024-06,6508,ordinary_income,213,JPY_million,1,OK,kabutan_ytd_h1,213,213,irbank_q,213,2.13億,kabutan_ytd_h1=213|irbank_q=213,https://kabutan.jp/stock/finance?code=6508,https://irbank.net/E01744/quarter,2026-09-01T16:23:03.525957+09:00
Q2024-04_2024-06,6508,revenue,54975,JPY_million,100,OK|ROUNDING,kabutan_ytd_h1,54975,"54,975",kabutan_q10,54975,"54,975",kabutan_ytd_h1=54975|kabutan_q10=54975|irbank_q=55000,https://kabutan.jp/stock/finance?code=6508,https://kabutan.jp/stock/finance?code=6508,2026-09-01T16:23:03.525957+09:00
Q2024-04_2024-06,6508,sga_ratio,,pct,1,SINGLE_SOURCE,irbank_q,26,26%+1.12%,,,,irbank_q=26,https://irbank.net/E01744/quarter,,2026-09-01T16:23:03.525957+09:00
Q2024-07_2024-09,6508,cost_ratio,,pct,0.01,SINGLE_SOURCE,irbank_q,73.49,73.49%-3.56%,,,,irbank_q=73.49,https://irbank.net/E01744/quarter,,2026-09-01T16:23:03.525957+09:00
Q2024-07_2024-09,6508,eps,,JPY,0.1,SINGLE_SOURCE,kabutan_q,23.8,23.8,,,,kabutan_q=23.8,https://kabutan.jp/stock/finance?code=6508,,2026-09-01T16:23:03.525957+09:00
Q2024-07_2024-09,6508,net_income,,JPY_million,1,SINGLE_SOURCE,kabutan_q,1077,"1,077",,,,kabutan_q=1077,https://kabutan.jp/stock/finance?code=6508,,2026-09-01T16:23:03.525957+09:00
Q2024-07_2024-09,6508,operating_income,2805,JPY_million,10,OK|ROUNDING,kabutan_q,2805,"2,805",irbank_q,2810,28.1億+178.3%,kabutan_q=2805|irbank_q=2810,https://kabutan.jp/stock/finance?code=6508,https://irbank.net/E01744/quarter,2026-09-01T16:23:03.525957+09:00
Q2024-07_2024-09,6508,operating_margin,4.31,pct,0.1,OK|ROUNDING,kabutan_q,4.3,4.3,irbank_q,4.31,4.31%+2.77%,kabutan_q=4.3|irbank_q=4.31,https://kabutan.jp/stock/finance?code=6508,https://irbank.net/E01744/quarter,2026-09-01T16:23:03.525957+09:00
Q2024-07_2024-09,6508,ordinary_income,1530,JPY_million,10,OK,kabutan_q,1530,"1,530",irbank_q,1530,15.3億+49.1%,kabutan_q=1530|irbank_q=1530,https://kabutan.jp/stock/finance?code=6508,https://irbank.net/E01744/quarter,2026-09-01T16:23:03.525957+09:00
Q2024-07_2024-09,6508,revenue,65124,JPY_million,100,OK|ROUNDING,kabutan_q,65124,"65,124",kabutan_q10,65124,"65,124",kabutan_q=65124|kabutan_q10=65124|irbank_q=65100,https://kabutan.jp/stock/finance?code=6508,https://kabutan.jp/stock/finance?code=6508,2026-09-01T16:23:03.525957+09:00
Q2024-07_2024-09,6508,sga_ratio,,pct,0.1,SINGLE_SOURCE,irbank_q,22.2,22.2%+0.79%,,,,irbank_q=22.2,https://irbank.net/E01744/quarter,,2026-09-01T16:23:03.525957+09:00
Q2024-10_2024-12,6508,cost_ratio,,pct,0.01,SINGLE_SOURCE,irbank_q,72.85,72.85%-2.25%,,,,irbank_q=72.85,https://irbank.net/E01744/quarter,,2026-09-01T16:23:03.525957+09:00
Q2024-10_2024-12,6508,eps,,JPY,0.1,SINGLE_SOURCE,kabutan_q,84.6,84.6,,,,kabutan_q=84.6,https://kabutan.jp/stock/finance?code=6508,,2026-09-01T16:23:03.525957+09:00
Q2024-10_2024-12,6508,net_income,,JPY_million,1,SINGLE_SOURCE,kabutan_q,3837,"3,837",,,,kabutan_q=3837,https://kabutan.jp/stock/finance?code=6508,,2026-09-01T16:23:03.525957+09:00
Q2024-10_2024-12,6508,operating_income,4081,JPY_million,10,OK|ROUNDING,kabutan_q,4081,"4,081",irbank_q,4080,40.8億+78.4%,kabutan_q=4081|irbank_q=4080,https://kabutan.jp/stock/finance?code=6508,https://irbank.net/E01744/quarter,2026-09-01T16:23:03.525957+09:00
Q2024-10_2024-12,6508,operating_margin,5.75,pct,0.1,OK|ROUNDING,kabutan_q,5.7,5.7,irbank_q,5.75,5.75%+2.22%,kabutan_q=5.7|irbank_q=5.75,https://kabutan.jp/stock/finance?code=6508,https://irbank.net/E01744/quarter,2026-09-01T16:23:03.525957+09:00
Q2024-10_2024-12,6508,ordinary_income,4979,JPY_million,10,OK|ROUNDING,kabutan_q,4979,"4,979",irbank_q,4980,49.8億+143.4%,kabutan_q=4979|irbank_q=4980,https://kabutan.jp/stock/finance?code=6508,https://irbank.net/E01744/quarter,2026-09-01T16:23:03.525957+09:00
Q2024-10_2024-12,6508,revenue,70984,JPY_million,100,OK|ROUNDING,kabutan_q,70984,"70,984",kabutan_q10,70984,"70,984",kabutan_q=70984|kabutan_q10=70984|irbank_q=71000,https://kabutan.jp/stock/finance?code=6508,https://kabutan.jp/stock/finance?code=6508,2026-09-01T16:23:03.525957+09:00
Q2024-10_2024-12,6508,sga_ratio,,pct,0.1,SINGLE_SOURCE,irbank_q,21.4,21.4%+0.03%,,,,irbank_q=21.4,https://irbank.net/E01744/quarter,,2026-09-01T16:23:03.525957+09:00
Q2025-01_2025-03,6508,cost_ratio,,pct,0.01,SINGLE_SOURCE,irbank_q,71.23,71.23%-1.97%,,,,irbank_q=71.23,https://irbank.net/E01744/quarter,,2026-09-01T16:23:03.525957+09:00
Q2025-01_2025-03,6508,eps,,JPY,0.1,SINGLE_SOURCE,kabutan_q,276.8,276.8,,,,kabutan_q=276.8,https://kabutan.jp/stock/finance?code=6508,,2026-09-01T16:23:03.525957+09:00
Q2025-01_2025-03,6508,net_income,,JPY_million,1,SINGLE_SOURCE,kabutan_q,12556,"12,556",,,,kabutan_q=12556,https://kabutan.jp/stock/finance?code=6508,,2026-09-01T16:23:03.525957+09:00
Q2025-01_2025-03,6508,operating_income,15522,JPY_million,100,OK|ROUNDING,kabutan_q,15522,"15,522",irbank_q,15500,155億+21.2%,kabutan_q=15522|irbank_q=15500,https://kabutan.jp/stock/finance?code=6508,https://irbank.net/E01744/quarter,2026-09-01T16:23:03.525957+09:00
Q2025-01_2025-03,6508,operating_margin,14.11,pct,0.1,OK|ROUNDING,kabutan_q,14.1,14.1,irbank_q,14.11,14.11%+1.79%,kabutan_q=14.1|irbank_q=14.11,https://kabutan.jp/stock/finance?code=6508,https://irbank.net/E01744/quarter,2026-09-01T16:23:03.525957+09:00
Q2025-01_2025-03,6508,ordinary_income,14470,JPY_million,100,OK|ROUNDING,kabutan_q,14470,"14,470",irbank_q,14500,145億+11.6%,kabutan_q=14470|irbank_q=14500,https://kabutan.jp/stock/finance?code=6508,https://irbank.net/E01744/quarter,2026-09-01T16:23:03.525957+09:00
Q2025-01_2025-03,6508,revenue,110018,JPY_million,100,OK|ROUNDING,kabutan_q,110018,"110,018",kabutan_q10,110018,"110,018",kabutan_q=110018|kabutan_q10=110018|irbank_q=110000,https://kabutan.jp/stock/finance?code=6508,https://kabutan.jp/stock/finance?code=6508,2026-09-01T16:23:03.525957+09:00
Q2025-01_2025-03,6508,sga_ratio,,pct,0.01,SINGLE_SOURCE,irbank_q,14.66,14.66%+0.18%,,,,irbank_q=14.66,https://irbank.net/E01744/quarter,,2026-09-01T16:23:03.525957+09:00
Q2025-04_2025-06,6508,cost_ratio,,pct,0.01,SINGLE_SOURCE,irbank_q,73.88,73.88%-1.75%,,,,irbank_q=73.88,https://irbank.net/E01744/quarter,,2026-09-01T16:23:03.525957+09:00
Q2025-04_2025-06,6508,eps,,JPY,0.1,SINGLE_SOURCE,kabutan_ytd_h1,10.3,10.3,kabutan_q,10.3,10.3,kabutan_ytd_h1=10.3|kabutan_q=10.3,https://kabutan.jp/stock/finance?code=6508,https://kabutan.jp/stock/finance?code=6508,2026-09-01T16:23:03.525957+09:00
Q2025-04_2025-06,6508,net_income,,JPY_million,1,SINGLE_SOURCE,kabutan_ytd_h1,465,465,kabutan_q,465,465,kabutan_ytd_h1=465|kabutan_q=465,https://kabutan.jp/stock/finance?code=6508,https://kabutan.jp/stock/finance?code=6508,2026-09-01T16:23:03.525957+09:00
Q2025-04_2025-06,6508,operating_income,348,JPY_million,1,OK,kabutan_ytd_h1,348,348,kabutan_q,348,348,kabutan_ytd_h1=348|kabutan_q=348|irbank_q=348,https://kabutan.jp/stock/finance?code=6508,https://kabutan.jp/stock/finance?code=6508,2026-09-01T16:23:03.525957+09:00
Q2025-04_2025-06,6508,operating_margin,0.6,pct,0.1,OK,kabutan_q,0.6,0.6,irbank_q,0.6,0.6%,kabutan_q=0.6|irbank_q=0.6,https://kabutan.jp/stock/finance?code=6508,https://irbank.net/E01744/quarter,2026-09-01T16:23:03.525957+09:00
Q2025-04_2025-06,6508,ordinary_income,573,JPY_million,1,OK,kabutan_ytd_h1,573,573,kabutan_q,573,573,kabutan_ytd_h1=573|kabutan_q=573|irbank_q=573,https://kabutan.jp/stock/finance?code=6508,https://kabutan.jp/stock/finance?code=6508,2026-09-01T16:23:03.525957+09:00
Q2025-04_2025-06,6508,revenue,58390,JPY_million,100,OK|ROUNDING,kabutan_ytd_h1,58390,"58,390",kabutan_q,58390,"58,390",kabutan_ytd_h1=58390|kabutan_q=58390|kabutan_q10=58390|irbank_q=58400,https://kabutan.jp/stock/finance?code=6508,https://kabutan.jp/stock/finance?code=6508,2026-09-01T16:23:03.525957+09:00
Q2025-04_2025-06,6508,sga_ratio,,pct,0.01,SINGLE_SOURCE,irbank_q,25.52,25.52%-0.48%,,,,irbank_q=25.52,https://irbank.net/E01744/quarter,,2026-09-01T16:23:03.525957+09:00
Q2025-07_2025-09,6508,cost_ratio,,pct,0.01,SINGLE_SOURCE,irbank_q,73.81,73.81%+0.32%,,,,irbank_q=73.81,https://irbank.net/E01744/quarter,,2026-09-01T16:23:03.525957+09:00
Q2025-07_2025-09,6508,eps,,JPY,0.1,SINGLE_SOURCE,kabutan_q,34.4,34.4,,,,kabutan_q=34.4,https://kabutan.jp/stock/finance?code=6508,,2026-09-01T16:23:03.525957+09:00
Q2025-07_2025-09,6508,net_income,,JPY_million,1,SINGLE_SOURCE,kabutan_q,1561,"1,561",,,,kabutan_q=1561,https://kabutan.jp/stock/finance?code=6508,,2026-09-01T16:23:03.525957+09:00
Q2025-07_2025-09,6508,operating_income,2444,JPY_million,10,OK|ROUNDING,kabutan_q,2444,"2,444",irbank_q,2440,24.4億-12.9%,kabutan_q=2444|irbank_q=2440,https://kabutan.jp/stock/finance?code=6508,https://irbank.net/E01744/quarter,2026-09-01T16:23:03.525957+09:00
Q2025-07_2025-09,6508,operating_margin,3.36,pct,0.1,OK|ROUNDING,kabutan_q,3.4,3.4,irbank_q,3.36,3.36%-0.95%,kabutan_q=3.4|irbank_q=3.36,https://kabutan.jp/stock/finance?code=6508,https://irbank.net/E01744/quarter,2026-09-01T16:23:03.525957+09:00
Q2025-07_2025-09,6508,ordinary_income,2601,JPY_million,100,OK|ROUNDING,kabutan_q,2601,"2,601",irbank_q,2600,26億+70%,kabutan_q=2601|irbank_q=2600,https://kabutan.jp/stock/finance?code=6508,https://irbank.net/E01744/quarter,2026-09-01T16:23:03.525957+09:00
Q2025-07_2025-09,6508,revenue,72752,JPY_million,100,OK|ROUNDING,kabutan_q,72752,"72,752",kabutan_q10,72752,"72,752",kabutan_q=72752|kabutan_q10=72752|irbank_q=72800,https://kabutan.jp/stock/finance?code=6508,https://kabutan.jp/stock/finance?code=6508,2026-09-01T16:23:03.525957+09:00
Q2025-07_2025-09,6508,sga_ratio,,pct,0.01,SINGLE_SOURCE,irbank_q,22.83,22.83%+0.63%,,,,irbank_q=22.83,https://irbank.net/E01744/quarter,,2026-09-01T16:23:03.525957+09:00
Q2025-10_2025-12,6508,cost_ratio,,pct,0.01,SINGLE_SOURCE,irbank_q,71.59,71.59%-1.26%,,,,irbank_q=71.59,https://irbank.net/E01744/quarter,,2026-09-01T16:23:03.525957+09:00
Q2025-10_2025-12,6508,eps,,JPY,0.1,SINGLE_SOURCE,kabutan_q,167.8,167.8,,,,kabutan_q=167.8,https://kabutan.jp/stock/finance?code=6508,,2026-09-01T16:23:03.525957+09:00
Q2025-10_2025-12,6508,net_income,,JPY_million,1,SINGLE_SOURCE,kabutan_q,7611,"7,611",,,,kabutan_q=7611,https://kabutan.jp/stock/finance?code=6508,,2026-09-01T16:23:03.525957+09:00
Q2025-10_2025-12,6508,operating_income,4290,JPY_million,10,OK,kabutan_q,4290,"4,290",irbank_q,4290,42.9億+5.1%,kabutan_q=4290|irbank_q=4290,https://kabutan.jp/stock/finance?code=6508,https://irbank.net/E01744/quarter,2026-09-01T16:23:03.525957+09:00
Q2025-10_2025-12,6508,operating_margin,5.9,pct,0.1,OK,kabutan_q,5.9,5.9,irbank_q,5.9,5.9%+0.15%,kabutan_q=5.9|irbank_q=5.9,https://kabutan.jp/stock/finance?code=6508,https://irbank.net/E01744/quarter,2026-09-01T16:23:03.525957+09:00
Q2025-10_2025-12,6508,ordinary_income,5111,JPY_million,10,OK|ROUNDING,kabutan_q,5111,"5,111",irbank_q,5110,51.1億+2.7%,kabutan_q=5111|irbank_q=5110,https://kabutan.jp/stock/finance?code=6508,https://irbank.net/E01744/quarter,2026-09-01T16:23:03.525957+09:00
Q2025-10_2025-12,6508,revenue,72713,JPY_million,100,OK|ROUNDING,kabutan_q,72713,"72,713",kabutan_q10,72713,"72,713",kabutan_q=72713|kabutan_q10=72713|irbank_q=72700,https://kabutan.jp/stock/finance?code=6508,https://kabutan.jp/stock/finance?code=6508,2026-09-01T16:23:03.525957+09:00
Q2025-10_2025-12,6508,sga_ratio,,pct,0.01,SINGLE_SOURCE,irbank_q,22.51,22.51%+1.11%,,,,irbank_q=22.51,https://irbank.net/E01744/quarter,,2026-09-01T16:23:03.525957+09:00
Q2026-01_2026-03,6508,cost_ratio,,pct,0.01,SINGLE_SOURCE,irbank_q,69.28,69.28%-1.95%,,,,irbank_q=69.28,https://irbank.net/E01744/quarter,,2026-09-01T16:23:03.525957+09:00
Q2026-01_2026-03,6508,eps,,JPY,0.1,SINGLE_SOURCE,kabutan_q,308.4,308.4,kabutan_record_q,308.4,308.4,kabutan_q=308.4|kabutan_record_q=308.4,https://kabutan.jp/stock/finance?code=6508,https://kabutan.jp/stock/finance?code=6508,2026-09-01T16:23:03.525957+09:00
Q2026-01_2026-03,6508,net_income,,JPY_million,1,SINGLE_SOURCE,kabutan_q,13988,"13,988",kabutan_record_q,13988,"13,988",kabutan_q=13988|kabutan_record_q=13988,https://kabutan.jp/stock/finance?code=6508,https://kabutan.jp/stock/finance?code=6508,2026-09-01T16:23:03.525957+09:00
Q2026-01_2026-03,6508,operating_income,20040,JPY_million,100,OK|ROUNDING,kabutan_q,20040,"20,040",kabutan_record_q,20040,"20,040",kabutan_q=20040|kabutan_record_q=20040|irbank_q=20000,https://kabutan.jp/stock/finance?code=6508,https://kabutan.jp/stock/finance?code=6508,2026-09-01T16:23:03.525957+09:00
Q2026-01_2026-03,6508,operating_margin,16.38,pct,0.1,OK|ROUNDING,kabutan_q,16.4,16.4,irbank_q,16.38,16.38%+2.27%,kabutan_q=16.4|irbank_q=16.38,https://kabutan.jp/stock/finance?code=6508,https://irbank.net/E01744/quarter,2026-09-01T16:23:03.525957+09:00
Q2026-01_2026-03,6508,ordinary_income,19604,JPY_million,100,OK|ROUNDING,kabutan_q,19604,"19,604",kabutan_record_q,19604,"19,604",kabutan_q=19604|kabutan_record_q=19604|irbank_q=19600,https://kabutan.jp/stock/finance?code=6508,https://kabutan.jp/stock/finance?code=6508,2026-09-01T16:23:03.525957+09:00
Q2026-01_2026-03,6508,revenue,122339,JPY_million,100,OK|ROUNDING,kabutan_q,122339,"122,339",kabutan_q10,122339,"122,339",kabutan_q=122339|kabutan_q10=122339|kabutan_record_q=122339|irbank_q=122300,https://kabutan.jp/stock/finance?code=6508,https://kabutan.jp/stock/finance?code=6508,2026-09-01T16:23:03.525957+09:00
Q2026-01_2026-03,6508,sga_ratio,,pct,0.01,SINGLE_SOURCE,irbank_q,14.34,14.34%-0.32%,,,,irbank_q=14.34,https://irbank.net/E01744/quarter,,2026-09-01T16:23:03.525957+09:00
Q2026-04_2026-06,6508,cost_ratio,,pct,0.01,SINGLE_SOURCE,irbank_q,70.37,70.37%-3.51%,,,,irbank_q=70.37,https://irbank.net/E01744/quarter,,2026-09-01T16:23:03.525957+09:00
Q2026-04_2026-06,6508,eps,,JPY,0.1,SINGLE_SOURCE,kabutan_ytd_h1,111.5,111.5,kabutan_q,111.5,111.5,kabutan_ytd_h1=111.5|kabutan_q=111.5|kabutan_q10=111.5,https://kabutan.jp/stock/finance?code=6508,https://kabutan.jp/stock/finance?code=6508,2026-09-01T16:23:03.525957+09:00
Q2026-04_2026-06,6508,equity,,JPY_million,1,SINGLE_SOURCE,kabutan_bs,177315,"177,315",,,,kabutan_bs=177315,https://kabutan.jp/stock/finance?code=6508,,2026-09-01T16:23:03.525957+09:00
Q2026-04_2026-06,6508,equity_ratio,,pct,0.1,SINGLE_SOURCE,kabutan_bs,49.1,49.1,,,,kabutan_bs=49.1,https://kabutan.jp/stock/finance?code=6508,,2026-09-01T16:23:03.525957+09:00
Q2026-04_2026-06,6508,interest_bearing_debt_ratio,,x,0.01,SINGLE_SOURCE,kabutan_bs,0.22,0.22,,,,kabutan_bs=0.22,https://kabutan.jp/stock/finance?code=6508,,2026-09-01T16:23:03.525957+09:00
Q2026-04_2026-06,6508,net_income,,JPY_million,1,SINGLE_SOURCE,kabutan_ytd_h1,5059,"5,059",kabutan_q,5059,"5,059",kabutan_ytd_h1=5059|kabutan_q=5059,https://kabutan.jp/stock/finance?code=6508,https://kabutan.jp/stock/finance?code=6508,2026-09-01T16:23:03.525957+09:00
Q2026-04_2026-06,6508,operating_income,4664,JPY_million,10,OK|ROUNDING,kabutan_ytd_h1,4664,"4,664",kabutan_q,4664,"4,664",kabutan_ytd_h1=4664|kabutan_q=4664|kabutan_q10=4664|irbank_q=4660,https://kabutan.jp/stock/finance?code=6508,https://kabutan.jp/stock/finance?code=6508,2026-09-01T16:23:03.525957+09:00
Q2026-04_2026-06,6508,operating_margin,6.35,pct,0.1,OK|ROUNDING,kabutan_q,6.4,6.4,irbank_q,6.35,6.35%+5.75%,kabutan_q=6.4|irbank_q=6.35,https://kabutan.jp/stock/finance?code=6508,https://irbank.net/E01744/quarter,2026-09-01T16:23:03.525957+09:00
Q2026-04_2026-06,6508,ordinary_income,5452,JPY_million,10,OK|ROUNDING,kabutan_ytd_h1,5452,"5,452",kabutan_q,5452,"5,452",kabutan_ytd_h1=5452|kabutan_q=5452|kabutan_q10=5452|irbank_q=5450,https://kabutan.jp/stock/finance?code=6508,https://kabutan.jp/stock/finance?code=6508,2026-09-01T16:23:03.525957+09:00
Q2026-04_2026-06,6508,retained_earnings,,JPY_million,1,SINGLE_SOURCE,kabutan_bs,110843,"110,843",,,,kabutan_bs=110843,https://kabutan.jp/stock/finance?code=6508,,2026-09-01T16:23:03.525957+09:00
Q2026-04_2026-06,6508,revenue,73412,JPY_million,100,OK|ROUNDING,kabutan_ytd_h1,73412,"73,412",kabutan_q,73412,"73,412",kabutan_ytd_h1=73412|kabutan_q=73412|kabutan_q10=73412|irbank_q=73400,https://kabutan.jp/stock/finance?code=6508,https://kabutan.jp/stock/finance?code=6508,2026-09-01T16:23:03.525957+09:00
Q2026-04_2026-06,6508,sga_ratio,,pct,0.01,SINGLE_SOURCE,irbank_q,23.28,23.28%-2.24%,,,,irbank_q=23.28,https://irbank.net/E01744/quarter,,2026-09-01T16:23:03.525957+09:00
Q2026-04_2026-06,6508,total_assets,,JPY_million,1,SINGLE_SOURCE,kabutan_bs,361068,"361,068",,,,kabutan_bs=361068,https://kabutan.jp/stock/finance?code=6508,,2026-09-01T16:23:03.525957+09:00
