period,code,metric,value,unit,tolerance,status,source_primary,value_primary,raw_primary,source_secondary,value_secondary,raw_secondary,sources_all,source_url_primary,source_url_secondary,fetched_at
FY2002-03,6622,revenue,,JPY_million,1,SINGLE_SOURCE,kabutan_fy10,67052,"67,052",,,,kabutan_fy10=67052,https://kabutan.jp/stock/finance?code=6622,,2026-09-01T16:23:03.525957+09:00
FY2003-03,6622,revenue,,JPY_million,1,SINGLE_SOURCE,kabutan_fy10,62485,"62,485",,,,kabutan_fy10=62485,https://kabutan.jp/stock/finance?code=6622,,2026-09-01T16:23:03.525957+09:00
FY2004-03,6622,revenue,,JPY_million,1,SINGLE_SOURCE,kabutan_fy10,66744,"66,744",,,,kabutan_fy10=66744,https://kabutan.jp/stock/finance?code=6622,,2026-09-01T16:23:03.525957+09:00
FY2005-03,6622,revenue,,JPY_million,1,SINGLE_SOURCE,kabutan_fy10,77143,"77,143",,,,kabutan_fy10=77143,https://kabutan.jp/stock/finance?code=6622,,2026-09-01T16:23:03.525957+09:00
FY2006-03,6622,revenue,,JPY_million,1,SINGLE_SOURCE,kabutan_fy10,85619,"85,619",,,,kabutan_fy10=85619,https://kabutan.jp/stock/finance?code=6622,,2026-09-01T16:23:03.525957+09:00
FY2007-03,6622,revenue,,JPY_million,1,SINGLE_SOURCE,kabutan_fy10,95687,"95,687",,,,kabutan_fy10=95687,https://kabutan.jp/stock/finance?code=6622,,2026-09-01T16:23:03.525957+09:00
FY2008-03,6622,capex,,JPY_million,100,SINGLE_SOURCE,irbank_cf,-10100,-101億,,,,irbank_cf=-10100,https://irbank.net/E01750/results,,2026-09-01T16:23:03.525957+09:00
FY2008-03,6622,cash_equivalents,,JPY_million,10,SINGLE_SOURCE,irbank_cf,6830,68.3億,,,,irbank_cf=6830,https://irbank.net/E01750/results,,2026-09-01T16:23:03.525957+09:00
FY2008-03,6622,cost_ratio,,pct,0.01,SINGLE_SOURCE,irbank_pl_consolidated,65.58,65.58,,,,irbank_pl_consolidated=65.58,https://irbank.net/E01750/results,,2026-09-01T16:23:03.525957+09:00
FY2008-03,6622,equity_ratio,,pct,0.01,SINGLE_SOURCE,irbank_bs,44.05,44.05,,,,irbank_bs=44.05,https://irbank.net/E01750/results,,2026-09-01T16:23:03.525957+09:00
FY2008-03,6622,financing_cf,,JPY_million,10,SINGLE_SOURCE,irbank_cf,4640,46.4億,,,,irbank_cf=4640,https://irbank.net/E01750/results,,2026-09-01T16:23:03.525957+09:00
FY2008-03,6622,free_cf,,JPY_million,10,SINGLE_SOURCE,irbank_cf,-4780,-47.8億,,,,irbank_cf=-4780,https://irbank.net/E01750/results,,2026-09-01T16:23:03.525957+09:00
FY2008-03,6622,interest_bearing_debt,,JPY_million,100,SINGLE_SOURCE,irbank_bs,24700,247億,,,,irbank_bs=24700,https://irbank.net/E01750/results,,2026-09-01T16:23:03.525957+09:00
FY2008-03,6622,interest_bearing_debt_ratio,,x,0.0001,SINGLE_SOURCE|UNIT_CONVERTED,irbank_bs,0.5353,53.53,,,,irbank_bs=0.5353,https://irbank.net/E01750/results,,2026-09-01T16:23:03.525957+09:00
FY2008-03,6622,investing_cf,,JPY_million,100,SINGLE_SOURCE,irbank_cf,-10200,-102億,,,,irbank_cf=-10200,https://irbank.net/E01750/results,,2026-09-01T16:23:03.525957+09:00
FY2008-03,6622,net_assets,,JPY_million,100,SINGLE_SOURCE,irbank_bs,48300,483億,,,,irbank_bs=48300,https://irbank.net/E01750/results,,2026-09-01T16:23:03.525957+09:00
FY2008-03,6622,net_income,,JPY_million,10,SINGLE_SOURCE,irbank_pl_consolidated,5480,54.8億,,,,irbank_pl_consolidated=5480,https://irbank.net/E01750/results,,2026-09-01T16:23:03.525957+09:00
FY2008-03,6622,operating_cf,,JPY_million,10,SINGLE_SOURCE,irbank_cf,5450,54.5億,,,,irbank_cf=5450,https://irbank.net/E01750/results,,2026-09-01T16:23:03.525957+09:00
FY2008-03,6622,operating_income,,JPY_million,10,SINGLE_SOURCE,irbank_pl_consolidated,8940,89.4億,,,,irbank_pl_consolidated=8940,https://irbank.net/E01750/results,,2026-09-01T16:23:03.525957+09:00
FY2008-03,6622,operating_margin,,pct,0.01,SINGLE_SOURCE,irbank_pl_consolidated,8.78,8.78,,,,irbank_pl_consolidated=8.78,https://irbank.net/E01750/results,,2026-09-01T16:23:03.525957+09:00
FY2008-03,6622,ordinary_income,,JPY_million,10,SINGLE_SOURCE,irbank_pl_consolidated,9180,91.8億,,,,irbank_pl_consolidated=9180,https://irbank.net/E01750/results,,2026-09-01T16:23:03.525957+09:00
FY2008-03,6622,retained_earnings,,JPY_million,100,SINGLE_SOURCE,irbank_bs,23100,231億,,,,irbank_bs=23100,https://irbank.net/E01750/results,,2026-09-01T16:23:03.525957+09:00
FY2008-03,6622,revenue,101881,JPY_million,100,OK|ROUNDING,kabutan_fy10,101881,"101,881",irbank_pl_consolidated,101900,1019億,kabutan_fy10=101881|irbank_pl_consolidated=101900,https://kabutan.jp/stock/finance?code=6622,https://irbank.net/E01750/results,2026-09-01T16:23:03.525957+09:00
FY2008-03,6622,roa,,pct,0.01,SINGLE_SOURCE,irbank_pl_consolidated,5.23,5.23,,,,irbank_pl_consolidated=5.23,https://irbank.net/E01750/results,,2026-09-01T16:23:03.525957+09:00
FY2008-03,6622,roe,,pct,0.01,SINGLE_SOURCE,irbank_pl_consolidated,11.86,11.86,,,,irbank_pl_consolidated=11.86,https://irbank.net/E01750/results,,2026-09-01T16:23:03.525957+09:00
FY2008-03,6622,sga_ratio,,pct,0.01,SINGLE_SOURCE,irbank_pl_consolidated,25.63,25.63,,,,irbank_pl_consolidated=25.63,https://irbank.net/E01750/results,,2026-09-01T16:23:03.525957+09:00
FY2008-03,6622,shareholders_equity,,JPY_million,100,SINGLE_SOURCE,irbank_bs,42800,428億,,,,irbank_bs=42800,https://irbank.net/E01750/results,,2026-09-01T16:23:03.525957+09:00
FY2008-03,6622,total_assets,,JPY_million,100,SINGLE_SOURCE,irbank_bs,104800,1048億,,,,irbank_bs=104800,https://irbank.net/E01750/results,,2026-09-01T16:23:03.525957+09:00
FY2009-03,6622,capex,,JPY_million,10,SINGLE_SOURCE,irbank_cf,-5830,-58.3億,,,,irbank_cf=-5830,https://irbank.net/E01750/results,,2026-09-01T16:23:03.525957+09:00
FY2009-03,6622,cash_equivalents,,JPY_million,10,SINGLE_SOURCE,irbank_cf,8370,83.7億,,,,irbank_cf=8370,https://irbank.net/E01750/results,,2026-09-01T16:23:03.525957+09:00
FY2009-03,6622,cost_ratio,,pct,0.01,SINGLE_SOURCE,irbank_pl_consolidated,68.16,68.16,,,,irbank_pl_consolidated=68.16,https://irbank.net/E01750/results,,2026-09-01T16:23:03.525957+09:00
FY2009-03,6622,equity_ratio,,pct,1,SINGLE_SOURCE,irbank_bs,41,41,,,,irbank_bs=41,https://irbank.net/E01750/results,,2026-09-01T16:23:03.525957+09:00
FY2009-03,6622,financing_cf,,JPY_million,10,SINGLE_SOURCE,irbank_cf,6840,68.4億,,,,irbank_cf=6840,https://irbank.net/E01750/results,,2026-09-01T16:23:03.525957+09:00
FY2009-03,6622,free_cf,,JPY_million,10,SINGLE_SOURCE,irbank_cf,-4390,-43.9億,,,,irbank_cf=-4390,https://irbank.net/E01750/results,,2026-09-01T16:23:03.525957+09:00
FY2009-03,6622,interest_bearing_debt,,JPY_million,100,SINGLE_SOURCE,irbank_bs,32900,329億,,,,irbank_bs=32900,https://irbank.net/E01750/results,,2026-09-01T16:23:03.525957+09:00
FY2009-03,6622,interest_bearing_debt_ratio,,x,0.0001,SINGLE_SOURCE|UNIT_CONVERTED,irbank_bs,0.7558,75.58,,,,irbank_bs=0.7558,https://irbank.net/E01750/results,,2026-09-01T16:23:03.525957+09:00
FY2009-03,6622,investing_cf,,JPY_million,100,SINGLE_SOURCE,irbank_cf,-6500,-65億,,,,irbank_cf=-6500,https://irbank.net/E01750/results,,2026-09-01T16:23:03.525957+09:00
FY2009-03,6622,net_assets,,JPY_million,100,SINGLE_SOURCE,irbank_bs,45700,457億,,,,irbank_bs=45700,https://irbank.net/E01750/results,,2026-09-01T16:23:03.525957+09:00
FY2009-03,6622,net_income,,JPY_million,10,SINGLE_SOURCE,irbank_pl_consolidated,2810,28.1億,,,,irbank_pl_consolidated=2810,https://irbank.net/E01750/results,,2026-09-01T16:23:03.525957+09:00
FY2009-03,6622,operating_cf,,JPY_million,10,SINGLE_SOURCE,irbank_cf,2110,21.1億,,,,irbank_cf=2110,https://irbank.net/E01750/results,,2026-09-01T16:23:03.525957+09:00
FY2009-03,6622,operating_income,,JPY_million,10,SINGLE_SOURCE,irbank_pl_consolidated,5570,55.7億,,,,irbank_pl_consolidated=5570,https://irbank.net/E01750/results,,2026-09-01T16:23:03.525957+09:00
FY2009-03,6622,operating_margin,,pct,0.01,SINGLE_SOURCE,irbank_pl_consolidated,5.63,5.63,,,,irbank_pl_consolidated=5.63,https://irbank.net/E01750/results,,2026-09-01T16:23:03.525957+09:00
FY2009-03,6622,ordinary_income,,JPY_million,10,SINGLE_SOURCE,irbank_pl_consolidated,5450,54.5億,,,,irbank_pl_consolidated=5450,https://irbank.net/E01750/results,,2026-09-01T16:23:03.525957+09:00
FY2009-03,6622,retained_earnings,,JPY_million,100,SINGLE_SOURCE,irbank_bs,24800,248億,,,,irbank_bs=24800,https://irbank.net/E01750/results,,2026-09-01T16:23:03.525957+09:00
FY2009-03,6622,revenue,99052,JPY_million,100,OK|ROUNDING,kabutan_fy10,99052,"99,052",irbank_pl_consolidated,99100,991億,kabutan_fy10=99052|irbank_pl_consolidated=99100,https://kabutan.jp/stock/finance?code=6622,https://irbank.net/E01750/results,2026-09-01T16:23:03.525957+09:00
FY2009-03,6622,roa,,pct,0.01,SINGLE_SOURCE,irbank_pl_consolidated,2.65,2.65,,,,irbank_pl_consolidated=2.65,https://irbank.net/E01750/results,,2026-09-01T16:23:03.525957+09:00
FY2009-03,6622,roe,,pct,0.01,SINGLE_SOURCE,irbank_pl_consolidated,6.45,6.45,,,,irbank_pl_consolidated=6.45,https://irbank.net/E01750/results,,2026-09-01T16:23:03.525957+09:00
FY2009-03,6622,sga_ratio,,pct,0.01,SINGLE_SOURCE,irbank_pl_consolidated,26.22,26.22,,,,irbank_pl_consolidated=26.22,https://irbank.net/E01750/results,,2026-09-01T16:23:03.525957+09:00
FY2009-03,6622,shareholders_equity,,JPY_million,100,SINGLE_SOURCE,irbank_bs,44000,440億,,,,irbank_bs=44000,https://irbank.net/E01750/results,,2026-09-01T16:23:03.525957+09:00
FY2009-03,6622,total_assets,,JPY_million,100,SINGLE_SOURCE,irbank_bs,106200,1062億,,,,irbank_bs=106200,https://irbank.net/E01750/results,,2026-09-01T16:23:03.525957+09:00
FY2010-03,6622,bps,,JPY,0.01,SINGLE_SOURCE,irbank_bs,1668.62,1668.62,,,,irbank_bs=1668.62,https://irbank.net/E01750/results,,2026-09-01T16:23:03.525957+09:00
FY2010-03,6622,capex,,JPY_million,10,SINGLE_SOURCE,irbank_cf,-4120,-41.2億,,,,irbank_cf=-4120,https://irbank.net/E01750/results,,2026-09-01T16:23:03.525957+09:00
FY2010-03,6622,cash_equivalents,,JPY_million,10,SINGLE_SOURCE,irbank_cf,9270,92.7億,,,,irbank_cf=9270,https://irbank.net/E01750/results,,2026-09-01T16:23:03.525957+09:00
FY2010-03,6622,cost_ratio,,pct,0.01,SINGLE_SOURCE,irbank_pl_consolidated,67.41,67.41,,,,irbank_pl_consolidated=67.41,https://irbank.net/E01750/results,,2026-09-01T16:23:03.525957+09:00
FY2010-03,6622,eps,,JPY,0.01,SINGLE_SOURCE,irbank_pl_consolidated,54.75,54.75,,,,irbank_pl_consolidated=54.75,https://irbank.net/E01750/results,,2026-09-01T16:23:03.525957+09:00
FY2010-03,6622,equity_ratio,,pct,0.1,SINGLE_SOURCE,irbank_bs,44.1,44.1,,,,irbank_bs=44.1,https://irbank.net/E01750/results,,2026-09-01T16:23:03.525957+09:00
FY2010-03,6622,financing_cf,,JPY_million,10,SINGLE_SOURCE,irbank_cf,-3220,-32.2億,,,,irbank_cf=-3220,https://irbank.net/E01750/results,,2026-09-01T16:23:03.525957+09:00
FY2010-03,6622,free_cf,,JPY_million,10,SINGLE_SOURCE,irbank_cf,3990,39.9億,,,,irbank_cf=3990,https://irbank.net/E01750/results,,2026-09-01T16:23:03.525957+09:00
FY2010-03,6622,interest_bearing_debt,,JPY_million,100,SINGLE_SOURCE,irbank_bs,30800,308億,,,,irbank_bs=30800,https://irbank.net/E01750/results,,2026-09-01T16:23:03.525957+09:00
FY2010-03,6622,interest_bearing_debt_ratio,,x,0.0001,SINGLE_SOURCE|UNIT_CONVERTED,irbank_bs,0.6804,68.04,,,,irbank_bs=0.6804,https://irbank.net/E01750/results,,2026-09-01T16:23:03.525957+09:00
FY2010-03,6622,investing_cf,,JPY_million,10,SINGLE_SOURCE,irbank_cf,-4310,-43.1億,,,,irbank_cf=-4310,https://irbank.net/E01750/results,,2026-09-01T16:23:03.525957+09:00
FY2010-03,6622,net_assets,,JPY_million,100,SINGLE_SOURCE,irbank_bs,47500,475億,,,,irbank_bs=47500,https://irbank.net/E01750/results,,2026-09-01T16:23:03.525957+09:00
FY2010-03,6622,net_income,,JPY_million,10,SINGLE_SOURCE,irbank_pl_consolidated,1480,14.8億,,,,irbank_pl_consolidated=1480,https://irbank.net/E01750/results,,2026-09-01T16:23:03.525957+09:00
FY2010-03,6622,operating_cf,,JPY_million,100,SINGLE_SOURCE,irbank_cf,8300,83億,,,,irbank_cf=8300,https://irbank.net/E01750/results,,2026-09-01T16:23:03.525957+09:00
FY2010-03,6622,operating_income,,JPY_million,10,SINGLE_SOURCE,irbank_pl_consolidated,2930,29.3億,,,,irbank_pl_consolidated=2930,https://irbank.net/E01750/results,,2026-09-01T16:23:03.525957+09:00
FY2010-03,6622,operating_margin,,pct,0.01,SINGLE_SOURCE,irbank_pl_consolidated,3.64,3.64,,,,irbank_pl_consolidated=3.64,https://irbank.net/E01750/results,,2026-09-01T16:23:03.525957+09:00
FY2010-03,6622,ordinary_income,,JPY_million,10,SINGLE_SOURCE,irbank_pl_consolidated,3160,31.6億,,,,irbank_pl_consolidated=3160,https://irbank.net/E01750/results,,2026-09-01T16:23:03.525957+09:00
FY2010-03,6622,retained_earnings,,JPY_million,100,SINGLE_SOURCE,irbank_bs,25400,254億,,,,irbank_bs=25400,https://irbank.net/E01750/results,,2026-09-01T16:23:03.525957+09:00
FY2010-03,6622,revenue,80452,JPY_million,100,OK|ROUNDING,kabutan_fy10,80452,"80,452",irbank_pl_consolidated,80500,805億,kabutan_fy10=80452|irbank_pl_consolidated=80500,https://kabutan.jp/stock/finance?code=6622,https://irbank.net/E01750/results,2026-09-01T16:23:03.525957+09:00
FY2010-03,6622,roa,,pct,0.01,SINGLE_SOURCE,irbank_pl_consolidated,1.45,1.45,,,,irbank_pl_consolidated=1.45,https://irbank.net/E01750/results,,2026-09-01T16:23:03.525957+09:00
FY2010-03,6622,roe,,pct,0.01,SINGLE_SOURCE,irbank_pl_consolidated,3.28,3.28,,,,irbank_pl_consolidated=3.28,https://irbank.net/E01750/results,,2026-09-01T16:23:03.525957+09:00
FY2010-03,6622,sga_ratio,,pct,0.01,SINGLE_SOURCE,irbank_pl_consolidated,28.95,28.95,,,,irbank_pl_consolidated=28.95,https://irbank.net/E01750/results,,2026-09-01T16:23:03.525957+09:00
FY2010-03,6622,shareholders_equity,,JPY_million,100,SINGLE_SOURCE,irbank_bs,44600,446億,,,,irbank_bs=44600,https://irbank.net/E01750/results,,2026-09-01T16:23:03.525957+09:00
FY2010-03,6622,total_assets,,JPY_million,100,SINGLE_SOURCE,irbank_bs,102500,1025億,,,,irbank_bs=102500,https://irbank.net/E01750/results,,2026-09-01T16:23:03.525957+09:00
FY2011-03,6622,bps,,JPY,0.01,SINGLE_SOURCE,irbank_bs,1699.42,1699.42,,,,irbank_bs=1699.42,https://irbank.net/E01750/results,,2026-09-01T16:23:03.525957+09:00
FY2011-03,6622,capex,,JPY_million,10,SINGLE_SOURCE,irbank_cf,-2880,-28.8億,,,,irbank_cf=-2880,https://irbank.net/E01750/results,,2026-09-01T16:23:03.525957+09:00
FY2011-03,6622,cash_equivalents,,JPY_million,10,SINGLE_SOURCE,irbank_cf,8580,85.8億,,,,irbank_cf=8580,https://irbank.net/E01750/results,,2026-09-01T16:23:03.525957+09:00
FY2011-03,6622,cost_ratio,,pct,0.01,SINGLE_SOURCE,irbank_pl_consolidated,68.36,68.36,,,,irbank_pl_consolidated=68.36,https://irbank.net/E01750/results,,2026-09-01T16:23:03.525957+09:00
FY2011-03,6622,eps,,JPY,0.01,SINGLE_SOURCE,irbank_pl_consolidated,84.16,84.16,,,,irbank_pl_consolidated=84.16,https://irbank.net/E01750/results,,2026-09-01T16:23:03.525957+09:00
FY2011-03,6622,equity_ratio,,pct,0.1,SINGLE_SOURCE,irbank_bs,43.6,43.6,,,,irbank_bs=43.6,https://irbank.net/E01750/results,,2026-09-01T16:23:03.525957+09:00
FY2011-03,6622,financing_cf,,JPY_million,100,SINGLE_SOURCE,irbank_cf,-3100,-31億,,,,irbank_cf=-3100,https://irbank.net/E01750/results,,2026-09-01T16:23:03.525957+09:00
FY2011-03,6622,free_cf,,JPY_million,10,SINGLE_SOURCE,irbank_cf,2550,25.5億,,,,irbank_cf=2550,https://irbank.net/E01750/results,,2026-09-01T16:23:03.525957+09:00
FY2011-03,6622,interest_bearing_debt,,JPY_million,100,SINGLE_SOURCE,irbank_bs,28800,288億,,,,irbank_bs=28800,https://irbank.net/E01750/results,,2026-09-01T16:23:03.525957+09:00
FY2011-03,6622,interest_bearing_debt_ratio,,x,0.0001,SINGLE_SOURCE|UNIT_CONVERTED,irbank_bs,0.6242,62.42,,,,irbank_bs=0.6242,https://irbank.net/E01750/results,,2026-09-01T16:23:03.525957+09:00
FY2011-03,6622,investing_cf,,JPY_million,100,SINGLE_SOURCE,irbank_cf,-3200,-32億,,,,irbank_cf=-3200,https://irbank.net/E01750/results,,2026-09-01T16:23:03.525957+09:00
FY2011-03,6622,net_assets,,JPY_million,100,SINGLE_SOURCE,irbank_bs,48400,484億,,,,irbank_bs=48400,https://irbank.net/E01750/results,,2026-09-01T16:23:03.525957+09:00
FY2011-03,6622,net_income,,JPY_million,10,SINGLE_SOURCE,irbank_pl_consolidated,2280,22.8億,,,,irbank_pl_consolidated=2280,https://irbank.net/E01750/results,,2026-09-01T16:23:03.525957+09:00
FY2011-03,6622,operating_cf,,JPY_million,10,SINGLE_SOURCE,irbank_cf,5750,57.5億,,,,irbank_cf=5750,https://irbank.net/E01750/results,,2026-09-01T16:23:03.525957+09:00
FY2011-03,6622,operating_income,,JPY_million,10,SINGLE_SOURCE,irbank_pl_consolidated,4310,43.1億,,,,irbank_pl_consolidated=4310,https://irbank.net/E01750/results,,2026-09-01T16:23:03.525957+09:00
FY2011-03,6622,operating_margin,,pct,0.01,SINGLE_SOURCE,irbank_pl_consolidated,4.67,4.67,,,,irbank_pl_consolidated=4.67,https://irbank.net/E01750/results,,2026-09-01T16:23:03.525957+09:00
FY2011-03,6622,ordinary_income,,JPY_million,10,SINGLE_SOURCE,irbank_pl_consolidated,4230,42.3億,,,,irbank_pl_consolidated=4230,https://irbank.net/E01750/results,,2026-09-01T16:23:03.525957+09:00
FY2011-03,6622,retained_earnings,,JPY_million,100,SINGLE_SOURCE,irbank_bs,26800,268億,,,,irbank_bs=26800,https://irbank.net/E01750/results,,2026-09-01T16:23:03.525957+09:00
FY2011-03,6622,revenue,92185,JPY_million,100,OK|ROUNDING,kabutan_fy10,92185,"92,185",irbank_pl_consolidated,92200,922億,kabutan_fy10=92185|irbank_pl_consolidated=92200,https://kabutan.jp/stock/finance?code=6622,https://irbank.net/E01750/results,2026-09-01T16:23:03.525957+09:00
FY2011-03,6622,roa,,pct,0.01,SINGLE_SOURCE,irbank_pl_consolidated,2.16,2.16,,,,irbank_pl_consolidated=2.16,https://irbank.net/E01750/results,,2026-09-01T16:23:03.525957+09:00
FY2011-03,6622,roe,,pct,0.01,SINGLE_SOURCE,irbank_pl_consolidated,4.95,4.95,,,,irbank_pl_consolidated=4.95,https://irbank.net/E01750/results,,2026-09-01T16:23:03.525957+09:00
FY2011-03,6622,sga_ratio,,pct,0.01,SINGLE_SOURCE,irbank_pl_consolidated,26.96,26.96,,,,irbank_pl_consolidated=26.96,https://irbank.net/E01750/results,,2026-09-01T16:23:03.525957+09:00
FY2011-03,6622,shareholders_equity,,JPY_million,100,SINGLE_SOURCE,irbank_bs,45900,459億,,,,irbank_bs=45900,https://irbank.net/E01750/results,,2026-09-01T16:23:03.525957+09:00
FY2011-03,6622,total_assets,,JPY_million,100,SINGLE_SOURCE,irbank_bs,105600,1056億,,,,irbank_bs=105600,https://irbank.net/E01750/results,,2026-09-01T16:23:03.525957+09:00
FY2012-03,6622,bps,,JPY,0.01,SINGLE_SOURCE,irbank_bs,1709.02,1709.02,,,,irbank_bs=1709.02,https://irbank.net/E01750/results,,2026-09-01T16:23:03.525957+09:00
FY2012-03,6622,capex,,JPY_million,10,SINGLE_SOURCE,irbank_cf,-3290,-32.9億,,,,irbank_cf=-3290,https://irbank.net/E01750/results,,2026-09-01T16:23:03.525957+09:00
FY2012-03,6622,cash_equivalents,,JPY_million,10,SINGLE_SOURCE,irbank_cf,7770,77.7億,,,,irbank_cf=7770,https://irbank.net/E01750/results,,2026-09-01T16:23:03.525957+09:00
FY2012-03,6622,cost_ratio,,pct,0.01,SINGLE_SOURCE,irbank_pl_consolidated,68.81,68.81,,,,irbank_pl_consolidated=68.81,https://irbank.net/E01750/results,,2026-09-01T16:23:03.525957+09:00
FY2012-03,6622,eps,,JPY,0.01,SINGLE_SOURCE,irbank_pl_consolidated,77.37,77.37,,,,irbank_pl_consolidated=77.37,https://irbank.net/E01750/results,,2026-09-01T16:23:03.525957+09:00
FY2012-03,6622,equity_ratio,,pct,0.1,SINGLE_SOURCE,irbank_bs,43.9,43.9,,,,irbank_bs=43.9,https://irbank.net/E01750/results,,2026-09-01T16:23:03.525957+09:00
FY2012-03,6622,financing_cf,,JPY_million,1,SINGLE_SOURCE,irbank_cf,-669,-6.69億,,,,irbank_cf=-669,https://irbank.net/E01750/results,,2026-09-01T16:23:03.525957+09:00
FY2012-03,6622,free_cf,,JPY_million,1,SINGLE_SOURCE,irbank_cf,99,0.99億,,,,irbank_cf=99,https://irbank.net/E01750/results,,2026-09-01T16:23:03.525957+09:00
FY2012-03,6622,interest_bearing_debt,,JPY_million,100,SINGLE_SOURCE,irbank_bs,29400,294億,,,,irbank_bs=29400,https://irbank.net/E01750/results,,2026-09-01T16:23:03.525957+09:00
FY2012-03,6622,interest_bearing_debt_ratio,,x,0.0001,SINGLE_SOURCE|UNIT_CONVERTED,irbank_bs,0.6355,63.55,,,,irbank_bs=0.6355,https://irbank.net/E01750/results,,2026-09-01T16:23:03.525957+09:00
FY2012-03,6622,investing_cf,,JPY_million,10,SINGLE_SOURCE,irbank_cf,-3540,-35.4億,,,,irbank_cf=-3540,https://irbank.net/E01750/results,,2026-09-01T16:23:03.525957+09:00
FY2012-03,6622,net_assets,,JPY_million,100,SINGLE_SOURCE,irbank_bs,48600,486億,,,,irbank_bs=48600,https://irbank.net/E01750/results,,2026-09-01T16:23:03.525957+09:00
FY2012-03,6622,net_income,,JPY_million,100,SINGLE_SOURCE,irbank_pl_consolidated,2100,21億,,,,irbank_pl_consolidated=2100,https://irbank.net/E01750/results,,2026-09-01T16:23:03.525957+09:00
FY2012-03,6622,operating_cf,,JPY_million,10,SINGLE_SOURCE,irbank_cf,3640,36.4億,,,,irbank_cf=3640,https://irbank.net/E01750/results,,2026-09-01T16:23:03.525957+09:00
FY2012-03,6622,operating_income,,JPY_million,100,SINGLE_SOURCE,irbank_pl_consolidated,3700,37億,,,,irbank_pl_consolidated=3700,https://irbank.net/E01750/results,,2026-09-01T16:23:03.525957+09:00
FY2012-03,6622,operating_margin,,pct,0.01,SINGLE_SOURCE,irbank_pl_consolidated,3.98,3.98,,,,irbank_pl_consolidated=3.98,https://irbank.net/E01750/results,,2026-09-01T16:23:03.525957+09:00
FY2012-03,6622,ordinary_income,,JPY_million,10,SINGLE_SOURCE,irbank_pl_consolidated,4010,40.1億,,,,irbank_pl_consolidated=4010,https://irbank.net/E01750/results,,2026-09-01T16:23:03.525957+09:00
FY2012-03,6622,retained_earnings,,JPY_million,100,SINGLE_SOURCE,irbank_bs,27900,279億,,,,irbank_bs=27900,https://irbank.net/E01750/results,,2026-09-01T16:23:03.525957+09:00
FY2012-03,6622,revenue,92954,JPY_million,100,OK|ROUNDING,kabutan_fy10,92954,"92,954",irbank_pl_consolidated,93000,930億,kabutan_fy10=92954|irbank_pl_consolidated=93000,https://kabutan.jp/stock/finance?code=6622,https://irbank.net/E01750/results,2026-09-01T16:23:03.525957+09:00
FY2012-03,6622,roa,,pct,0.01,SINGLE_SOURCE,irbank_pl_consolidated,1.99,1.99,,,,irbank_pl_consolidated=1.99,https://irbank.net/E01750/results,,2026-09-01T16:23:03.525957+09:00
FY2012-03,6622,roe,,pct,0.01,SINGLE_SOURCE,irbank_pl_consolidated,4.53,4.53,,,,irbank_pl_consolidated=4.53,https://irbank.net/E01750/results,,2026-09-01T16:23:03.525957+09:00
FY2012-03,6622,sga_ratio,,pct,0.1,SINGLE_SOURCE,irbank_pl_consolidated,27.2,27.2,,,,irbank_pl_consolidated=27.2,https://irbank.net/E01750/results,,2026-09-01T16:23:03.525957+09:00
FY2012-03,6622,shareholders_equity,,JPY_million,100,SINGLE_SOURCE,irbank_bs,46800,468億,,,,irbank_bs=46800,https://irbank.net/E01750/results,,2026-09-01T16:23:03.525957+09:00
FY2012-03,6622,total_assets,,JPY_million,100,SINGLE_SOURCE,irbank_bs,105600,1056億,,,,irbank_bs=105600,https://irbank.net/E01750/results,,2026-09-01T16:23:03.525957+09:00
FY2013-03,6622,bps,,JPY,0.01,SINGLE_SOURCE,irbank_bs,1832.73,1832.73,,,,irbank_bs=1832.73,https://irbank.net/E01750/results,,2026-09-01T16:23:03.525957+09:00
FY2013-03,6622,capex,,JPY_million,10,SINGLE_SOURCE,irbank_cf,-4150,-41.5億,,,,irbank_cf=-4150,https://irbank.net/E01750/results,,2026-09-01T16:23:03.525957+09:00
FY2013-03,6622,cash_equivalents,,JPY_million,10,SINGLE_SOURCE,irbank_cf,6990,69.9億,,,,irbank_cf=6990,https://irbank.net/E01750/results,,2026-09-01T16:23:03.525957+09:00
FY2013-03,6622,cost_ratio,,pct,0.1,SINGLE_SOURCE,irbank_pl_consolidated,67.9,67.9,,,,irbank_pl_consolidated=67.9,https://irbank.net/E01750/results,,2026-09-01T16:23:03.525957+09:00
FY2013-03,6622,eps,,JPY,0.01,SINGLE_SOURCE,irbank_pl_consolidated,86.15,86.15,,,,irbank_pl_consolidated=86.15,https://irbank.net/E01750/results,,2026-09-01T16:23:03.525957+09:00
FY2013-03,6622,equity_ratio,,pct,0.1,SINGLE_SOURCE,irbank_bs,45.4,45.4,,,,irbank_bs=45.4,https://irbank.net/E01750/results,,2026-09-01T16:23:03.525957+09:00
FY2013-03,6622,financing_cf,,JPY_million,1,SINGLE_SOURCE,irbank_cf,-766,-7.66億,,,,irbank_cf=-766,https://irbank.net/E01750/results,,2026-09-01T16:23:03.525957+09:00
FY2013-03,6622,free_cf,,JPY_million,1,SINGLE_SOURCE,irbank_cf,-611,-6.11億,,,,irbank_cf=-611,https://irbank.net/E01750/results,,2026-09-01T16:23:03.525957+09:00
FY2013-03,6622,interest_bearing_debt,,JPY_million,100,SINGLE_SOURCE,irbank_bs,29900,299億,,,,irbank_bs=29900,https://irbank.net/E01750/results,,2026-09-01T16:23:03.525957+09:00
FY2013-03,6622,interest_bearing_debt_ratio,,x,0.0001,SINGLE_SOURCE|UNIT_CONVERTED,irbank_bs,0.6028,60.28,,,,irbank_bs=0.6028,https://irbank.net/E01750/results,,2026-09-01T16:23:03.525957+09:00
FY2013-03,6622,investing_cf,,JPY_million,10,SINGLE_SOURCE,irbank_cf,-4410,-44.1億,,,,irbank_cf=-4410,https://irbank.net/E01750/results,,2026-09-01T16:23:03.525957+09:00
FY2013-03,6622,net_assets,,JPY_million,100,SINGLE_SOURCE,irbank_bs,52100,521億,,,,irbank_bs=52100,https://irbank.net/E01750/results,,2026-09-01T16:23:03.525957+09:00
FY2013-03,6622,net_income,,JPY_million,10,SINGLE_SOURCE,irbank_pl_consolidated,2340,23.4億,,,,irbank_pl_consolidated=2340,https://irbank.net/E01750/results,,2026-09-01T16:23:03.525957+09:00
FY2013-03,6622,operating_cf,,JPY_million,100,SINGLE_SOURCE,irbank_cf,3800,38億,,,,irbank_cf=3800,https://irbank.net/E01750/results,,2026-09-01T16:23:03.525957+09:00
FY2013-03,6622,operating_income,,JPY_million,10,SINGLE_SOURCE,irbank_pl_consolidated,2980,29.8億,,,,irbank_pl_consolidated=2980,https://irbank.net/E01750/results,,2026-09-01T16:23:03.525957+09:00
FY2013-03,6622,operating_margin,,pct,0.01,SINGLE_SOURCE,irbank_pl_consolidated,3.27,3.27,,,,irbank_pl_consolidated=3.27,https://irbank.net/E01750/results,,2026-09-01T16:23:03.525957+09:00
FY2013-03,6622,ordinary_income,,JPY_million,10,SINGLE_SOURCE,irbank_pl_consolidated,3640,36.4億,,,,irbank_pl_consolidated=3640,https://irbank.net/E01750/results,,2026-09-01T16:23:03.525957+09:00
FY2013-03,6622,retained_earnings,,JPY_million,100,SINGLE_SOURCE,irbank_bs,29300,293億,,,,irbank_bs=29300,https://irbank.net/E01750/results,,2026-09-01T16:23:03.525957+09:00
FY2013-03,6622,revenue,91362,JPY_million,100,OK|ROUNDING,kabutan_fy10,91362,"91,362",irbank_pl_consolidated,91400,914億,kabutan_fy10=91362|irbank_pl_consolidated=91400,https://kabutan.jp/stock/finance?code=6622,https://irbank.net/E01750/results,2026-09-01T16:23:03.525957+09:00
FY2013-03,6622,roa,,pct,0.01,SINGLE_SOURCE,irbank_pl_consolidated,2.13,2.13,,,,irbank_pl_consolidated=2.13,https://irbank.net/E01750/results,,2026-09-01T16:23:03.525957+09:00
FY2013-03,6622,roe,,pct,0.1,SINGLE_SOURCE,irbank_pl_consolidated,4.7,4.7,,,,irbank_pl_consolidated=4.7,https://irbank.net/E01750/results,,2026-09-01T16:23:03.525957+09:00
FY2013-03,6622,sga_ratio,,pct,0.01,SINGLE_SOURCE,irbank_pl_consolidated,28.84,28.84,,,,irbank_pl_consolidated=28.84,https://irbank.net/E01750/results,,2026-09-01T16:23:03.525957+09:00
FY2013-03,6622,shareholders_equity,,JPY_million,100,SINGLE_SOURCE,irbank_bs,48000,480億,,,,irbank_bs=48000,https://irbank.net/E01750/results,,2026-09-01T16:23:03.525957+09:00
FY2013-03,6622,total_assets,,JPY_million,100,SINGLE_SOURCE,irbank_bs,109500,1095億,,,,irbank_bs=109500,https://irbank.net/E01750/results,,2026-09-01T16:23:03.525957+09:00
FY2014-03,6622,bps,,JPY,0.01,SINGLE_SOURCE,irbank_bs,2149.93,2149.93,,,,irbank_bs=2149.93,https://irbank.net/E01750/results,,2026-09-01T16:23:03.525957+09:00
FY2014-03,6622,capex,,JPY_million,10,SINGLE_SOURCE,irbank_cf,-2570,-25.7億,,,,irbank_cf=-2570,https://irbank.net/E01750/results,,2026-09-01T16:23:03.525957+09:00
FY2014-03,6622,cash_equivalents,,JPY_million,10,SINGLE_SOURCE,irbank_cf,8420,84.2億,,,,irbank_cf=8420,https://irbank.net/E01750/results,,2026-09-01T16:23:03.525957+09:00
FY2014-03,6622,cost_ratio,,pct,0.01,SINGLE_SOURCE,irbank_pl_consolidated,67.66,67.66,,,,irbank_pl_consolidated=67.66,https://irbank.net/E01750/results,,2026-09-01T16:23:03.525957+09:00
FY2014-03,6622,eps,,JPY,0.01,SINGLE_SOURCE,irbank_pl_consolidated,128.28,128.28,,,,irbank_pl_consolidated=128.28,https://irbank.net/E01750/results,,2026-09-01T16:23:03.525957+09:00
FY2014-03,6622,equity_ratio,,pct,0.1,SINGLE_SOURCE,irbank_bs,46.3,46.3,,,,irbank_bs=46.3,https://irbank.net/E01750/results,,2026-09-01T16:23:03.525957+09:00
FY2014-03,6622,financing_cf,,JPY_million,10,SINGLE_SOURCE,irbank_cf,-4670,-46.7億,,,,irbank_cf=-4670,https://irbank.net/E01750/results,,2026-09-01T16:23:03.525957+09:00
FY2014-03,6622,free_cf,,JPY_million,100,SINGLE_SOURCE,irbank_cf,5300,53億,,,,irbank_cf=5300,https://irbank.net/E01750/results,,2026-09-01T16:23:03.525957+09:00
FY2014-03,6622,interest_bearing_debt,,JPY_million,100,SINGLE_SOURCE,irbank_bs,26900,269億,,,,irbank_bs=26900,https://irbank.net/E01750/results,,2026-09-01T16:23:03.525957+09:00
FY2014-03,6622,interest_bearing_debt_ratio,,x,0.0001,SINGLE_SOURCE|UNIT_CONVERTED,irbank_bs,0.4909,49.09,,,,irbank_bs=0.4909,https://irbank.net/E01750/results,,2026-09-01T16:23:03.525957+09:00
FY2014-03,6622,investing_cf,,JPY_million,10,SINGLE_SOURCE,irbank_cf,-2710,-27.1億,,,,irbank_cf=-2710,https://irbank.net/E01750/results,,2026-09-01T16:23:03.525957+09:00
FY2014-03,6622,net_assets,,JPY_million,100,SINGLE_SOURCE,irbank_bs,56800,568億,,,,irbank_bs=56800,https://irbank.net/E01750/results,,2026-09-01T16:23:03.525957+09:00
FY2014-03,6622,net_income,,JPY_million,10,SINGLE_SOURCE,irbank_pl_consolidated,3280,32.8億,,,,irbank_pl_consolidated=3280,https://irbank.net/E01750/results,,2026-09-01T16:23:03.525957+09:00
FY2014-03,6622,operating_cf,,JPY_million,10,SINGLE_SOURCE,irbank_cf,8010,80.1億,,,,irbank_cf=8010,https://irbank.net/E01750/results,,2026-09-01T16:23:03.525957+09:00
FY2014-03,6622,operating_income,,JPY_million,10,SINGLE_SOURCE,irbank_pl_consolidated,6340,63.4億,,,,irbank_pl_consolidated=6340,https://irbank.net/E01750/results,,2026-09-01T16:23:03.525957+09:00
FY2014-03,6622,operating_margin,,pct,0.01,SINGLE_SOURCE,irbank_pl_consolidated,5.81,5.81,,,,irbank_pl_consolidated=5.81,https://irbank.net/E01750/results,,2026-09-01T16:23:03.525957+09:00
FY2014-03,6622,ordinary_income,,JPY_million,10,SINGLE_SOURCE,irbank_pl_consolidated,6680,66.8億,,,,irbank_pl_consolidated=6680,https://irbank.net/E01750/results,,2026-09-01T16:23:03.525957+09:00
FY2014-03,6622,retained_earnings,,JPY_million,100,SINGLE_SOURCE,irbank_bs,31700,317億,,,,irbank_bs=31700,https://irbank.net/E01750/results,,2026-09-01T16:23:03.525957+09:00
FY2014-03,6622,revenue,109206,JPY_million,100,OK|ROUNDING,kabutan_fy10,109206,"109,206",irbank_pl_consolidated,109200,1092億,kabutan_fy10=109206|irbank_pl_consolidated=109200,https://kabutan.jp/stock/finance?code=6622,https://irbank.net/E01750/results,2026-09-01T16:23:03.525957+09:00
FY2014-03,6622,roa,,pct,0.01,SINGLE_SOURCE,irbank_pl_consolidated,2.77,2.77,,,,irbank_pl_consolidated=2.77,https://irbank.net/E01750/results,,2026-09-01T16:23:03.525957+09:00
FY2014-03,6622,roe,,pct,0.01,SINGLE_SOURCE,irbank_pl_consolidated,5.97,5.97,,,,irbank_pl_consolidated=5.97,https://irbank.net/E01750/results,,2026-09-01T16:23:03.525957+09:00
FY2014-03,6622,sga_ratio,,pct,0.01,SINGLE_SOURCE,irbank_pl_consolidated,26.53,26.53,,,,irbank_pl_consolidated=26.53,https://irbank.net/E01750/results,,2026-09-01T16:23:03.525957+09:00
FY2014-03,6622,shareholders_equity,,JPY_million,100,SINGLE_SOURCE,irbank_bs,50300,503億,,,,irbank_bs=50300,https://irbank.net/E01750/results,,2026-09-01T16:23:03.525957+09:00
FY2014-03,6622,total_assets,,JPY_million,100,SINGLE_SOURCE,irbank_bs,118400,1184億,,,,irbank_bs=118400,https://irbank.net/E01750/results,,2026-09-01T16:23:03.525957+09:00
FY2015-03,6622,bps,,JPY,0.01,SINGLE_SOURCE,irbank_bs,2474.84,2474.84,,,,irbank_bs=2474.84,https://irbank.net/E01750/results,,2026-09-01T16:23:03.525957+09:00
FY2015-03,6622,capex,,JPY_million,10,SINGLE_SOURCE,irbank_cf,-3240,-32.4億,,,,irbank_cf=-3240,https://irbank.net/E01750/results,,2026-09-01T16:23:03.525957+09:00
FY2015-03,6622,cash_equivalents,,JPY_million,100,SINGLE_SOURCE,irbank_cf,11100,111億,,,,irbank_cf=11100,https://irbank.net/E01750/results,,2026-09-01T16:23:03.525957+09:00
FY2015-03,6622,cost_ratio,,pct,0.01,SINGLE_SOURCE,irbank_pl_consolidated,66.61,66.61,,,,irbank_pl_consolidated=66.61,https://irbank.net/E01750/results,,2026-09-01T16:23:03.525957+09:00
FY2015-03,6622,eps,,JPY,0.01,SINGLE_SOURCE,irbank_pl_consolidated,227.55,227.55,,,,irbank_pl_consolidated=227.55,https://irbank.net/E01750/results,,2026-09-01T16:23:03.525957+09:00
FY2015-03,6622,equity_ratio,,pct,0.1,SINGLE_SOURCE,irbank_bs,47.7,47.7,,,,irbank_bs=47.7,https://irbank.net/E01750/results,,2026-09-01T16:23:03.525957+09:00
FY2015-03,6622,financing_cf,,JPY_million,10,SINGLE_SOURCE,irbank_cf,-4020,-40.2億,,,,irbank_cf=-4020,https://irbank.net/E01750/results,,2026-09-01T16:23:03.525957+09:00
FY2015-03,6622,free_cf,,JPY_million,10,SINGLE_SOURCE,irbank_cf,6370,63.7億,,,,irbank_cf=6370,https://irbank.net/E01750/results,,2026-09-01T16:23:03.525957+09:00
FY2015-03,6622,interest_bearing_debt,,JPY_million,100,SINGLE_SOURCE,irbank_bs,24100,241億,,,,irbank_bs=24100,https://irbank.net/E01750/results,,2026-09-01T16:23:03.525957+09:00
FY2015-03,6622,interest_bearing_debt_ratio,,x,0.0001,SINGLE_SOURCE|UNIT_CONVERTED,irbank_bs,0.3816,38.16,,,,irbank_bs=0.3816,https://irbank.net/E01750/results,,2026-09-01T16:23:03.525957+09:00
FY2015-03,6622,investing_cf,,JPY_million,10,SINGLE_SOURCE,irbank_cf,-3880,-38.8億,,,,irbank_cf=-3880,https://irbank.net/E01750/results,,2026-09-01T16:23:03.525957+09:00
FY2015-03,6622,net_assets,,JPY_million,100,SINGLE_SOURCE,irbank_bs,65400,654億,,,,irbank_bs=65400,https://irbank.net/E01750/results,,2026-09-01T16:23:03.525957+09:00
FY2015-03,6622,net_income,,JPY_million,10,SINGLE_SOURCE,irbank_pl_consolidated,5810,58.1億,,,,irbank_pl_consolidated=5810,https://irbank.net/E01750/results,,2026-09-01T16:23:03.525957+09:00
FY2015-03,6622,operating_cf,,JPY_million,100,SINGLE_SOURCE,irbank_cf,10200,102億,,,,irbank_cf=10200,https://irbank.net/E01750/results,,2026-09-01T16:23:03.525957+09:00
FY2015-03,6622,operating_income,,JPY_million,10,SINGLE_SOURCE,irbank_pl_consolidated,8420,84.2億,,,,irbank_pl_consolidated=8420,https://irbank.net/E01750/results,,2026-09-01T16:23:03.525957+09:00
FY2015-03,6622,operating_margin,,pct,0.01,SINGLE_SOURCE,irbank_pl_consolidated,6.89,6.89,,,,irbank_pl_consolidated=6.89,https://irbank.net/E01750/results,,2026-09-01T16:23:03.525957+09:00
FY2015-03,6622,ordinary_income,,JPY_million,10,SINGLE_SOURCE,irbank_pl_consolidated,8990,89.9億,,,,irbank_pl_consolidated=8990,https://irbank.net/E01750/results,,2026-09-01T16:23:03.525957+09:00
FY2015-03,6622,retained_earnings,,JPY_million,100,SINGLE_SOURCE,irbank_bs,35000,350億,,,,irbank_bs=35000,https://irbank.net/E01750/results,,2026-09-01T16:23:03.525957+09:00
FY2015-03,6622,revenue,122060,JPY_million,100,OK|ROUNDING,kabutan_fy10,122060,"122,060",irbank_pl_consolidated,122100,1221億,kabutan_fy10=122060|irbank_pl_consolidated=122100,https://kabutan.jp/stock/finance?code=6622,https://irbank.net/E01750/results,2026-09-01T16:23:03.525957+09:00
FY2015-03,6622,roa,,pct,0.01,SINGLE_SOURCE,irbank_pl_consolidated,4.38,4.38,,,,irbank_pl_consolidated=4.38,https://irbank.net/E01750/results,,2026-09-01T16:23:03.525957+09:00
FY2015-03,6622,roe,,pct,0.1,SINGLE_SOURCE,irbank_pl_consolidated,9.2,9.2,,,,irbank_pl_consolidated=9.2,https://irbank.net/E01750/results,,2026-09-01T16:23:03.525957+09:00
FY2015-03,6622,sga_ratio,,pct,0.01,SINGLE_SOURCE,irbank_pl_consolidated,26.49,26.49,,,,irbank_pl_consolidated=26.49,https://irbank.net/E01750/results,,2026-09-01T16:23:03.525957+09:00
FY2015-03,6622,shareholders_equity,,JPY_million,100,SINGLE_SOURCE,irbank_bs,53700,537億,,,,irbank_bs=53700,https://irbank.net/E01750/results,,2026-09-01T16:23:03.525957+09:00
FY2015-03,6622,total_assets,,JPY_million,100,SINGLE_SOURCE,irbank_bs,132500,1325億,,,,irbank_bs=132500,https://irbank.net/E01750/results,,2026-09-01T16:23:03.525957+09:00
FY2016-03,6622,bps,,JPY,0.01,SINGLE_SOURCE,irbank_bs,2568.12,2568.12,,,,irbank_bs=2568.12,https://irbank.net/E01750/results,,2026-09-01T16:23:03.525957+09:00
FY2016-03,6622,capex,,JPY_million,10,SINGLE_SOURCE,irbank_cf,-4890,-48.9億,,,,irbank_cf=-4890,https://irbank.net/E01750/results,,2026-09-01T16:23:03.525957+09:00
FY2016-03,6622,cash_equivalents,,JPY_million,100,SINGLE_SOURCE,irbank_cf,12000,120億,,,,irbank_cf=12000,https://irbank.net/E01750/results,,2026-09-01T16:23:03.525957+09:00
FY2016-03,6622,cost_ratio,,pct,0.01,SINGLE_SOURCE,irbank_pl_consolidated,66.64,66.64,,,,irbank_pl_consolidated=66.64,https://irbank.net/E01750/results,,2026-09-01T16:23:03.525957+09:00
FY2016-03,6622,eps,,JPY,0.01,SINGLE_SOURCE,irbank_pl_consolidated,282.94,282.94,,,,irbank_pl_consolidated=282.94,https://irbank.net/E01750/results,,2026-09-01T16:23:03.525957+09:00
FY2016-03,6622,equity_ratio,,pct,0.1,SINGLE_SOURCE,irbank_bs,47.2,47.2,,,,irbank_bs=47.2,https://irbank.net/E01750/results,,2026-09-01T16:23:03.525957+09:00
FY2016-03,6622,financing_cf,,JPY_million,100,SINGLE_SOURCE,irbank_cf,1700,17億,,,,irbank_cf=1700,https://irbank.net/E01750/results,,2026-09-01T16:23:03.525957+09:00
FY2016-03,6622,free_cf,,JPY_million,1,SINGLE_SOURCE,irbank_cf,-529,-5.29億,,,,irbank_cf=-529,https://irbank.net/E01750/results,,2026-09-01T16:23:03.525957+09:00
FY2016-03,6622,interest_bearing_debt,,JPY_million,100,SINGLE_SOURCE,irbank_bs,27000,270億,,,,irbank_bs=27000,https://irbank.net/E01750/results,,2026-09-01T16:23:03.525957+09:00
FY2016-03,6622,interest_bearing_debt_ratio,,x,0.001,SINGLE_SOURCE|UNIT_CONVERTED,irbank_bs,0.412,41.2,,,,irbank_bs=0.412,https://irbank.net/E01750/results,,2026-09-01T16:23:03.525957+09:00
FY2016-03,6622,investing_cf,,JPY_million,10,SINGLE_SOURCE,irbank_cf,-5850,-58.5億,,,,irbank_cf=-5850,https://irbank.net/E01750/results,,2026-09-01T16:23:03.525957+09:00
FY2016-03,6622,net_assets,,JPY_million,100,SINGLE_SOURCE,irbank_bs,70500,705億,,,,irbank_bs=70500,https://irbank.net/E01750/results,,2026-09-01T16:23:03.525957+09:00
FY2016-03,6622,net_income,,JPY_million,10,SINGLE_SOURCE,irbank_pl_consolidated,7220,72.2億,,,,irbank_pl_consolidated=7220,https://irbank.net/E01750/results,,2026-09-01T16:23:03.525957+09:00
FY2016-03,6622,operating_cf,,JPY_million,10,SINGLE_SOURCE,irbank_cf,5320,53.2億,,,,irbank_cf=5320,https://irbank.net/E01750/results,,2026-09-01T16:23:03.525957+09:00
FY2016-03,6622,operating_income,,JPY_million,10,SINGLE_SOURCE,irbank_pl_consolidated,9330,93.3億,,,,irbank_pl_consolidated=9330,https://irbank.net/E01750/results,,2026-09-01T16:23:03.525957+09:00
FY2016-03,6622,operating_margin,,pct,0.01,SINGLE_SOURCE,irbank_pl_consolidated,7.11,7.11,,,,irbank_pl_consolidated=7.11,https://irbank.net/E01750/results,,2026-09-01T16:23:03.525957+09:00
FY2016-03,6622,ordinary_income,,JPY_million,10,SINGLE_SOURCE,irbank_pl_consolidated,9230,92.3億,,,,irbank_pl_consolidated=9230,https://irbank.net/E01750/results,,2026-09-01T16:23:03.525957+09:00
FY2016-03,6622,retained_earnings,,JPY_million,100,SINGLE_SOURCE,irbank_bs,41200,412億,,,,irbank_bs=41200,https://irbank.net/E01750/results,,2026-09-01T16:23:03.525957+09:00
FY2016-03,6622,revenue,131197,JPY_million,100,OK|ROUNDING,kabutan_fy10,131197,"131,197",irbank_pl_consolidated,131200,1312億,kabutan_fy10=131197|irbank_pl_consolidated=131200,https://kabutan.jp/stock/finance?code=6622,https://irbank.net/E01750/results,2026-09-01T16:23:03.525957+09:00
FY2016-03,6622,roa,,pct,0.1,SINGLE_SOURCE,irbank_pl_consolidated,5.2,5.2,,,,irbank_pl_consolidated=5.2,https://irbank.net/E01750/results,,2026-09-01T16:23:03.525957+09:00
FY2016-03,6622,roe,,pct,0.01,SINGLE_SOURCE,irbank_pl_consolidated,11.02,11.02,,,,irbank_pl_consolidated=11.02,https://irbank.net/E01750/results,,2026-09-01T16:23:03.525957+09:00
FY2016-03,6622,sga_ratio,,pct,0.01,SINGLE_SOURCE,irbank_pl_consolidated,26.25,26.25,,,,irbank_pl_consolidated=26.25,https://irbank.net/E01750/results,,2026-09-01T16:23:03.525957+09:00
FY2016-03,6622,shareholders_equity,,JPY_million,100,SINGLE_SOURCE,irbank_bs,59800,598億,,,,irbank_bs=59800,https://irbank.net/E01750/results,,2026-09-01T16:23:03.525957+09:00
FY2016-03,6622,total_assets,,JPY_million,100,SINGLE_SOURCE,irbank_bs,138800,1388億,,,,irbank_bs=138800,https://irbank.net/E01750/results,,2026-09-01T16:23:03.525957+09:00
FY2017-03,6622,bps,,JPY,0.01,SINGLE_SOURCE,irbank_bs,2784.92,2784.92,,,,irbank_bs=2784.92,https://irbank.net/E01750/results,,2026-09-01T16:23:03.525957+09:00
FY2017-03,6622,capex,,JPY_million,100,SINGLE_SOURCE,irbank_cf,-7100,-71億,,,,irbank_cf=-7100,https://irbank.net/E01750/results,,2026-09-01T16:23:03.525957+09:00
FY2017-03,6622,cash_equivalents,,JPY_million,100,SINGLE_SOURCE,irbank_cf,13800,138億,,,,irbank_cf=13800,https://irbank.net/E01750/results,,2026-09-01T16:23:03.525957+09:00
FY2017-03,6622,cost_ratio,,pct,0.01,SINGLE_SOURCE,irbank_pl_consolidated,67.11,67.11,,,,irbank_pl_consolidated=67.11,https://irbank.net/E01750/results,,2026-09-01T16:23:03.525957+09:00
FY2017-03,6622,eps,,JPY,0.01,SINGLE_SOURCE,irbank_pl_consolidated,247.86,247.86,,,,irbank_pl_consolidated=247.86,https://irbank.net/E01750/results,,2026-09-01T16:23:03.525957+09:00
FY2017-03,6622,equity_ratio,,pct,0.1,SINGLE_SOURCE,irbank_bs,46.1,46.1,,,,irbank_bs=46.1,https://irbank.net/E01750/results,,2026-09-01T16:23:03.525957+09:00
FY2017-03,6622,financing_cf,,JPY_million,10,SINGLE_SOURCE,irbank_cf,-1490,-14.9億,,,,irbank_cf=-1490,https://irbank.net/E01750/results,,2026-09-01T16:23:03.525957+09:00
FY2017-03,6622,free_cf,,JPY_million,100,SINGLE_SOURCE,irbank_cf,3700,37億,,,,irbank_cf=3700,https://irbank.net/E01750/results,,2026-09-01T16:23:03.525957+09:00
FY2017-03,6622,interest_bearing_debt,,JPY_million,100,SINGLE_SOURCE,irbank_bs,28600,286億,,,,irbank_bs=28600,https://irbank.net/E01750/results,,2026-09-01T16:23:03.525957+09:00
FY2017-03,6622,interest_bearing_debt_ratio,,x,0.001,SINGLE_SOURCE|UNIT_CONVERTED,irbank_bs,0.409,40.9,,,,irbank_bs=0.409,https://irbank.net/E01750/results,,2026-09-01T16:23:03.525957+09:00
FY2017-03,6622,investing_cf,,JPY_million,10,SINGLE_SOURCE,irbank_cf,-6980,-69.8億,,,,irbank_cf=-6980,https://irbank.net/E01750/results,,2026-09-01T16:23:03.525957+09:00
FY2017-03,6622,net_assets,,JPY_million,100,SINGLE_SOURCE,irbank_bs,75300,753億,,,,irbank_bs=75300,https://irbank.net/E01750/results,,2026-09-01T16:23:03.525957+09:00
FY2017-03,6622,net_income,,JPY_million,10,SINGLE_SOURCE,irbank_pl_consolidated,6250,62.5億,,,,irbank_pl_consolidated=6250,https://irbank.net/E01750/results,,2026-09-01T16:23:03.525957+09:00
FY2017-03,6622,operating_cf,,JPY_million,100,SINGLE_SOURCE,irbank_cf,10700,107億,,,,irbank_cf=10700,https://irbank.net/E01750/results,,2026-09-01T16:23:03.525957+09:00
FY2017-03,6622,operating_income,,JPY_million,10,SINGLE_SOURCE,irbank_pl_consolidated,8710,87.1億,,,,irbank_pl_consolidated=8710,https://irbank.net/E01750/results,,2026-09-01T16:23:03.525957+09:00
FY2017-03,6622,operating_margin,,pct,0.01,SINGLE_SOURCE,irbank_pl_consolidated,6.45,6.45,,,,irbank_pl_consolidated=6.45,https://irbank.net/E01750/results,,2026-09-01T16:23:03.525957+09:00
FY2017-03,6622,ordinary_income,,JPY_million,10,SINGLE_SOURCE,irbank_pl_consolidated,8880,88.8億,,,,irbank_pl_consolidated=8880,https://irbank.net/E01750/results,,2026-09-01T16:23:03.525957+09:00
FY2017-03,6622,retained_earnings,,JPY_million,100,SINGLE_SOURCE,irbank_bs,45700,457億,,,,irbank_bs=45700,https://irbank.net/E01750/results,,2026-09-01T16:23:03.525957+09:00
FY2017-03,6622,revenue,134870,JPY_million,100,OK|ROUNDING,kabutan_fy10,134870,"134,870",irbank_pl_consolidated,134900,1349億,kabutan_fy10=134870|irbank_pl_consolidated=134900,https://kabutan.jp/stock/finance?code=6622,https://irbank.net/E01750/results,2026-09-01T16:23:03.525957+09:00
FY2017-03,6622,roa,,pct,0.01,SINGLE_SOURCE,irbank_pl_consolidated,4.12,4.12,,,,irbank_pl_consolidated=4.12,https://irbank.net/E01750/results,,2026-09-01T16:23:03.525957+09:00
FY2017-03,6622,roe,,pct,0.01,SINGLE_SOURCE,irbank_pl_consolidated,8.94,8.94,,,,irbank_pl_consolidated=8.94,https://irbank.net/E01750/results,,2026-09-01T16:23:03.525957+09:00
FY2017-03,6622,sga_ratio,,pct,0.01,SINGLE_SOURCE,irbank_pl_consolidated,26.44,26.44,,,,irbank_pl_consolidated=26.44,https://irbank.net/E01750/results,,2026-09-01T16:23:03.525957+09:00
FY2017-03,6622,shareholders_equity,,JPY_million,100,SINGLE_SOURCE,irbank_bs,63300,633億,,,,irbank_bs=63300,https://irbank.net/E01750/results,,2026-09-01T16:23:03.525957+09:00
FY2017-03,6622,total_assets,,JPY_million,100,SINGLE_SOURCE,irbank_bs,151700,1517億,,,,irbank_bs=151700,https://irbank.net/E01750/results,,2026-09-01T16:23:03.525957+09:00
FY2018-03,6622,bps,,JPY,0.01,SINGLE_SOURCE,irbank_bs,3055.51,3055.51,,,,irbank_bs=3055.51,https://irbank.net/E01750/results,,2026-09-01T16:23:03.525957+09:00
FY2018-03,6622,capex,,JPY_million,10,SINGLE_SOURCE,irbank_cf,-9320,-93.2億,,,,irbank_cf=-9320,https://irbank.net/E01750/results,,2026-09-01T16:23:03.525957+09:00
FY2018-03,6622,cash_equivalents,,JPY_million,100,SINGLE_SOURCE,irbank_cf,13700,137億,,,,irbank_cf=13700,https://irbank.net/E01750/results,,2026-09-01T16:23:03.525957+09:00
FY2018-03,6622,cost_ratio,,pct,0.01,SINGLE_SOURCE,irbank_pl_consolidated,68.55,68.55,,,,irbank_pl_consolidated=68.55,https://irbank.net/E01750/results,,2026-09-01T16:23:03.525957+09:00
FY2018-03,6622,eps,,JPY,0.01,SINGLE_SOURCE,irbank_pl_consolidated,272.04,272.04,,,,irbank_pl_consolidated=272.04,https://irbank.net/E01750/results,,2026-09-01T16:23:03.525957+09:00
FY2018-03,6622,equity_ratio,,pct,0.1,SINGLE_SOURCE,irbank_bs,45.7,45.7,,,,irbank_bs=45.7,https://irbank.net/E01750/results,,2026-09-01T16:23:03.525957+09:00
FY2018-03,6622,financing_cf,,JPY_million,10,SINGLE_SOURCE,irbank_cf,1680,16.8億,,,,irbank_cf=1680,https://irbank.net/E01750/results,,2026-09-01T16:23:03.525957+09:00
FY2018-03,6622,free_cf,,JPY_million,10,SINGLE_SOURCE,irbank_cf,-2060,-20.6億,,,,irbank_cf=-2060,https://irbank.net/E01750/results,,2026-09-01T16:23:03.525957+09:00
FY2018-03,6622,interest_bearing_debt,,JPY_million,100,SINGLE_SOURCE,irbank_bs,32400,324億,,,,irbank_bs=32400,https://irbank.net/E01750/results,,2026-09-01T16:23:03.525957+09:00
FY2018-03,6622,interest_bearing_debt_ratio,,x,0.0001,SINGLE_SOURCE|UNIT_CONVERTED,irbank_bs,0.4229,42.29,,,,irbank_bs=0.4229,https://irbank.net/E01750/results,,2026-09-01T16:23:03.525957+09:00
FY2018-03,6622,investing_cf,,JPY_million,10,SINGLE_SOURCE,irbank_cf,-8010,-80.1億,,,,irbank_cf=-8010,https://irbank.net/E01750/results,,2026-09-01T16:23:03.525957+09:00
FY2018-03,6622,net_assets,,JPY_million,100,SINGLE_SOURCE,irbank_bs,82100,821億,,,,irbank_bs=82100,https://irbank.net/E01750/results,,2026-09-01T16:23:03.525957+09:00
FY2018-03,6622,net_income,,JPY_million,10,SINGLE_SOURCE,irbank_pl_consolidated,6830,68.3億,,,,irbank_pl_consolidated=6830,https://irbank.net/E01750/results,,2026-09-01T16:23:03.525957+09:00
FY2018-03,6622,operating_cf,,JPY_million,10,SINGLE_SOURCE,irbank_cf,5940,59.4億,,,,irbank_cf=5940,https://irbank.net/E01750/results,,2026-09-01T16:23:03.525957+09:00
FY2018-03,6622,operating_income,,JPY_million,100,SINGLE_SOURCE,irbank_pl_consolidated,10100,101億,,,,irbank_pl_consolidated=10100,https://irbank.net/E01750/results,,2026-09-01T16:23:03.525957+09:00
FY2018-03,6622,operating_margin,,pct,0.01,SINGLE_SOURCE,irbank_pl_consolidated,6.73,6.73,,,,irbank_pl_consolidated=6.73,https://irbank.net/E01750/results,,2026-09-01T16:23:03.525957+09:00
FY2018-03,6622,ordinary_income,,JPY_million,100,SINGLE_SOURCE,irbank_pl_consolidated,10200,102億,,,,irbank_pl_consolidated=10200,https://irbank.net/E01750/results,,2026-09-01T16:23:03.525957+09:00
FY2018-03,6622,retained_earnings,,JPY_million,100,SINGLE_SOURCE,irbank_bs,50800,508億,,,,irbank_bs=50800,https://irbank.net/E01750/results,,2026-09-01T16:23:03.525957+09:00
FY2018-03,6622,revenue,149448,JPY_million,100,OK|ROUNDING,kabutan_fy10,149448,"149,448",irbank_pl_consolidated,149400,1494億,kabutan_fy10=149448|irbank_pl_consolidated=149400,https://kabutan.jp/stock/finance?code=6622,https://irbank.net/E01750/results,2026-09-01T16:23:03.525957+09:00
FY2018-03,6622,roa,,pct,0.01,SINGLE_SOURCE,irbank_pl_consolidated,4.07,4.07,,,,irbank_pl_consolidated=4.07,https://irbank.net/E01750/results,,2026-09-01T16:23:03.525957+09:00
FY2018-03,6622,roe,,pct,0.1,SINGLE_SOURCE,irbank_pl_consolidated,8.9,8.9,,,,irbank_pl_consolidated=8.9,https://irbank.net/E01750/results,,2026-09-01T16:23:03.525957+09:00
FY2018-03,6622,sga_ratio,,pct,0.01,SINGLE_SOURCE,irbank_pl_consolidated,24.72,24.72,,,,irbank_pl_consolidated=24.72,https://irbank.net/E01750/results,,2026-09-01T16:23:03.525957+09:00
FY2018-03,6622,shareholders_equity,,JPY_million,100,SINGLE_SOURCE,irbank_bs,68400,684億,,,,irbank_bs=68400,https://irbank.net/E01750/results,,2026-09-01T16:23:03.525957+09:00
FY2018-03,6622,total_assets,,JPY_million,100,SINGLE_SOURCE,irbank_bs,167800,1678億,,,,irbank_bs=167800,https://irbank.net/E01750/results,,2026-09-01T16:23:03.525957+09:00
FY2019-03,6622,bps,,JPY,0.01,SINGLE_SOURCE,irbank_bs,3118.82,3118.82,,,,irbank_bs=3118.82,https://irbank.net/E01750/results,,2026-09-01T16:23:03.525957+09:00
FY2019-03,6622,capex,,JPY_million,10,SINGLE_SOURCE,irbank_cf,-7620,-76.2億,,,,irbank_cf=-7620,https://irbank.net/E01750/results,,2026-09-01T16:23:03.525957+09:00
FY2019-03,6622,cash_equivalents,,JPY_million,100,SINGLE_SOURCE,irbank_cf,12400,124億,,,,irbank_cf=12400,https://irbank.net/E01750/results,,2026-09-01T16:23:03.525957+09:00
FY2019-03,6622,cost_ratio,,pct,0.01,SINGLE_SOURCE,irbank_pl_consolidated,69.14,69.14,,,,irbank_pl_consolidated=69.14,https://irbank.net/E01750/results,,2026-09-01T16:23:03.525957+09:00
FY2019-03,6622,eps,,JPY,0.01,SINGLE_SOURCE,irbank_pl_consolidated,246.82,246.82,,,,irbank_pl_consolidated=246.82,https://irbank.net/E01750/results,,2026-09-01T16:23:03.525957+09:00
FY2019-03,6622,equity_ratio,,pct,0.1,SINGLE_SOURCE,irbank_bs,46.2,46.2,,,,irbank_bs=46.2,https://irbank.net/E01750/results,,2026-09-01T16:23:03.525957+09:00
FY2019-03,6622,financing_cf,,JPY_million,10,SINGLE_SOURCE,irbank_cf,4430,44.3億,,,,irbank_cf=4430,https://irbank.net/E01750/results,,2026-09-01T16:23:03.525957+09:00
FY2019-03,6622,free_cf,,JPY_million,10,SINGLE_SOURCE,irbank_cf,-5280,-52.8億,,,,irbank_cf=-5280,https://irbank.net/E01750/results,,2026-09-01T16:23:03.525957+09:00
FY2019-03,6622,interest_bearing_debt,,JPY_million,100,SINGLE_SOURCE,irbank_bs,39800,398億,,,,irbank_bs=39800,https://irbank.net/E01750/results,,2026-09-01T16:23:03.525957+09:00
FY2019-03,6622,interest_bearing_debt_ratio,,x,0.0001,SINGLE_SOURCE|UNIT_CONVERTED,irbank_bs,0.5143,51.43,,,,irbank_bs=0.5143,https://irbank.net/E01750/results,,2026-09-01T16:23:03.525957+09:00
FY2019-03,6622,investing_cf,,JPY_million,10,SINGLE_SOURCE,irbank_cf,-7360,-73.6億,,,,irbank_cf=-7360,https://irbank.net/E01750/results,,2026-09-01T16:23:03.525957+09:00
FY2019-03,6622,net_assets,,JPY_million,100,SINGLE_SOURCE,irbank_bs,82700,827億,,,,irbank_bs=82700,https://irbank.net/E01750/results,,2026-09-01T16:23:03.525957+09:00
FY2019-03,6622,net_income,,JPY_million,10,SINGLE_SOURCE,irbank_pl_consolidated,6170,61.7億,,,,irbank_pl_consolidated=6170,https://irbank.net/E01750/results,,2026-09-01T16:23:03.525957+09:00
FY2019-03,6622,operating_cf,,JPY_million,10,SINGLE_SOURCE,irbank_cf,2080,20.8億,,,,irbank_cf=2080,https://irbank.net/E01750/results,,2026-09-01T16:23:03.525957+09:00
FY2019-03,6622,operating_income,,JPY_million,10,SINGLE_SOURCE,irbank_pl_consolidated,8370,83.7億,,,,irbank_pl_consolidated=8370,https://irbank.net/E01750/results,,2026-09-01T16:23:03.525957+09:00
FY2019-03,6622,operating_margin,,pct,0.01,SINGLE_SOURCE,irbank_pl_consolidated,5.83,5.83,,,,irbank_pl_consolidated=5.83,https://irbank.net/E01750/results,,2026-09-01T16:23:03.525957+09:00
FY2019-03,6622,ordinary_income,,JPY_million,10,SINGLE_SOURCE,irbank_pl_consolidated,8720,87.2億,,,,irbank_pl_consolidated=8720,https://irbank.net/E01750/results,,2026-09-01T16:23:03.525957+09:00
FY2019-03,6622,retained_earnings,,JPY_million,100,SINGLE_SOURCE,irbank_bs,55100,551億,,,,irbank_bs=55100,https://irbank.net/E01750/results,,2026-09-01T16:23:03.525957+09:00
FY2019-03,6622,revenue,143457,JPY_million,100,OK|ROUNDING,kabutan_fy10,143457,"143,457",irbank_pl_consolidated,143500,1435億,kabutan_fy10=143457|irbank_pl_consolidated=143500,https://kabutan.jp/stock/finance?code=6622,https://irbank.net/E01750/results,2026-09-01T16:23:03.525957+09:00
FY2019-03,6622,roa,,pct,0.01,SINGLE_SOURCE,irbank_pl_consolidated,3.68,3.68,,,,irbank_pl_consolidated=3.68,https://irbank.net/E01750/results,,2026-09-01T16:23:03.525957+09:00
FY2019-03,6622,roe,,pct,0.01,SINGLE_SOURCE,irbank_pl_consolidated,7.97,7.97,,,,irbank_pl_consolidated=7.97,https://irbank.net/E01750/results,,2026-09-01T16:23:03.525957+09:00
FY2019-03,6622,sga_ratio,,pct,0.01,SINGLE_SOURCE,irbank_pl_consolidated,25.03,25.03,,,,irbank_pl_consolidated=25.03,https://irbank.net/E01750/results,,2026-09-01T16:23:03.525957+09:00
FY2019-03,6622,shareholders_equity,,JPY_million,100,SINGLE_SOURCE,irbank_bs,71800,718億,,,,irbank_bs=71800,https://irbank.net/E01750/results,,2026-09-01T16:23:03.525957+09:00
FY2019-03,6622,total_assets,,JPY_million,100,SINGLE_SOURCE,irbank_bs,167600,1676億,,,,irbank_bs=167600,https://irbank.net/E01750/results,,2026-09-01T16:23:03.525957+09:00
FY2020-03,6622,bps,,JPY,0.01,SINGLE_SOURCE,irbank_bs,3236.45,3236.45,,,,irbank_bs=3236.45,https://irbank.net/E01750/results,,2026-09-01T16:23:03.525957+09:00
FY2020-03,6622,capex,,JPY_million,10,SINGLE_SOURCE,irbank_cf,-3490,-34.9億,,,,irbank_cf=-3490,https://irbank.net/E01750/results,,2026-09-01T16:23:03.525957+09:00
FY2020-03,6622,cash_equivalents,,JPY_million,100,SINGLE_SOURCE,irbank_cf,14800,148億,,,,irbank_cf=14800,https://irbank.net/E01750/results,,2026-09-01T16:23:03.525957+09:00
FY2020-03,6622,cost_ratio,,pct,0.01,SINGLE_SOURCE,irbank_pl_consolidated,68.96,68.96,,,,irbank_pl_consolidated=68.96,https://irbank.net/E01750/results,,2026-09-01T16:23:03.525957+09:00
FY2020-03,6622,eps,,JPY,0.01,SINGLE_SOURCE,irbank_pl_consolidated,269.06,269.06,,,,irbank_pl_consolidated=269.06,https://irbank.net/E01750/results,,2026-09-01T16:23:03.525957+09:00
FY2020-03,6622,equity_ratio,,pct,0.1,SINGLE_SOURCE,irbank_bs,49.3,49.3,,,,irbank_bs=49.3,https://irbank.net/E01750/results,,2026-09-01T16:23:03.525957+09:00
FY2020-03,6622,financing_cf,,JPY_million,100,SINGLE_SOURCE,irbank_cf,-10700,-107億,,,,irbank_cf=-10700,https://irbank.net/E01750/results,,2026-09-01T16:23:03.525957+09:00
FY2020-03,6622,free_cf,,JPY_million,100,SINGLE_SOURCE,irbank_cf,12700,127億,,,,irbank_cf=12700,https://irbank.net/E01750/results,,2026-09-01T16:23:03.525957+09:00
FY2020-03,6622,interest_bearing_debt,,JPY_million,100,SINGLE_SOURCE,irbank_bs,32400,324億,,,,irbank_bs=32400,https://irbank.net/E01750/results,,2026-09-01T16:23:03.525957+09:00
FY2020-03,6622,interest_bearing_debt_ratio,,x,0.0001,SINGLE_SOURCE|UNIT_CONVERTED,irbank_bs,0.4058,40.58,,,,irbank_bs=0.4058,https://irbank.net/E01750/results,,2026-09-01T16:23:03.525957+09:00
FY2020-03,6622,investing_cf,,JPY_million,10,SINGLE_SOURCE,irbank_cf,-4320,-43.2億,,,,irbank_cf=-4320,https://irbank.net/E01750/results,,2026-09-01T16:23:03.525957+09:00
FY2020-03,6622,net_assets,,JPY_million,100,SINGLE_SOURCE,irbank_bs,85300,853億,,,,irbank_bs=85300,https://irbank.net/E01750/results,,2026-09-01T16:23:03.525957+09:00
FY2020-03,6622,net_income,,JPY_million,10,SINGLE_SOURCE,irbank_pl_consolidated,6670,66.7億,,,,irbank_pl_consolidated=6670,https://irbank.net/E01750/results,,2026-09-01T16:23:03.525957+09:00
FY2020-03,6622,operating_cf,,JPY_million,100,SINGLE_SOURCE,irbank_cf,17100,171億,,,,irbank_cf=17100,https://irbank.net/E01750/results,,2026-09-01T16:23:03.525957+09:00
FY2020-03,6622,operating_income,,JPY_million,10,SINGLE_SOURCE,irbank_pl_consolidated,9070,90.7億,,,,irbank_pl_consolidated=9070,https://irbank.net/E01750/results,,2026-09-01T16:23:03.525957+09:00
FY2020-03,6622,operating_margin,,pct,0.01,SINGLE_SOURCE,irbank_pl_consolidated,6.25,6.25,,,,irbank_pl_consolidated=6.25,https://irbank.net/E01750/results,,2026-09-01T16:23:03.525957+09:00
FY2020-03,6622,ordinary_income,,JPY_million,10,SINGLE_SOURCE,irbank_pl_consolidated,9360,93.6億,,,,irbank_pl_consolidated=9360,https://irbank.net/E01750/results,,2026-09-01T16:23:03.525957+09:00
FY2020-03,6622,retained_earnings,,JPY_million,100,SINGLE_SOURCE,irbank_bs,59600,596億,,,,irbank_bs=59600,https://irbank.net/E01750/results,,2026-09-01T16:23:03.525957+09:00
FY2020-03,6622,revenue,145044,JPY_million,100,OK|ROUNDING,kabutan_fy10,145044,"145,044",irbank_pl_consolidated,145000,1450億,kabutan_fy10=145044|irbank_pl_consolidated=145000,https://kabutan.jp/stock/finance?code=6622,https://irbank.net/E01750/results,2026-09-01T16:23:03.525957+09:00
FY2020-03,6622,roa,,pct,0.01,SINGLE_SOURCE,irbank_pl_consolidated,4.11,4.11,,,,irbank_pl_consolidated=4.11,https://irbank.net/E01750/results,,2026-09-01T16:23:03.525957+09:00
FY2020-03,6622,roe,,pct,0.01,SINGLE_SOURCE,irbank_pl_consolidated,8.34,8.34,,,,irbank_pl_consolidated=8.34,https://irbank.net/E01750/results,,2026-09-01T16:23:03.525957+09:00
FY2020-03,6622,sga_ratio,,pct,0.01,SINGLE_SOURCE,irbank_pl_consolidated,24.79,24.79,,,,irbank_pl_consolidated=24.79,https://irbank.net/E01750/results,,2026-09-01T16:23:03.525957+09:00
FY2020-03,6622,shareholders_equity,,JPY_million,100,SINGLE_SOURCE,irbank_bs,76100,761億,,,,irbank_bs=76100,https://irbank.net/E01750/results,,2026-09-01T16:23:03.525957+09:00
FY2020-03,6622,total_assets,,JPY_million,100,SINGLE_SOURCE,irbank_bs,162300,1623億,,,,irbank_bs=162300,https://irbank.net/E01750/results,,2026-09-01T16:23:03.525957+09:00
FY2021-03,6622,bps,,JPY,0.01,SINGLE_SOURCE,irbank_bs,3693.64,3693.64,,,,irbank_bs=3693.64,https://irbank.net/E01750/results,,2026-09-01T16:23:03.525957+09:00
FY2021-03,6622,capex,,JPY_million,10,SINGLE_SOURCE,irbank_cf,-3970,-39.7億,,,,irbank_cf=-3970,https://irbank.net/E01750/results,,2026-09-01T16:23:03.525957+09:00
FY2021-03,6622,cash_equivalents,,JPY_million,100,SINGLE_SOURCE,irbank_cf,19100,191億,,,,irbank_cf=19100,https://irbank.net/E01750/results,,2026-09-01T16:23:03.525957+09:00
FY2021-03,6622,cost_ratio,,pct,0.01,SINGLE_SOURCE,irbank_pl_consolidated,67.72,67.72,,,,irbank_pl_consolidated=67.72,https://irbank.net/E01750/results,,2026-09-01T16:23:03.525957+09:00
FY2021-03,6622,eps,,JPY,0.01,SINGLE_SOURCE,irbank_pl_consolidated,381.26,381.26,,,,irbank_pl_consolidated=381.26,https://irbank.net/E01750/results,,2026-09-01T16:23:03.525957+09:00
FY2021-03,6622,equity_ratio,,pct,0.1,SINGLE_SOURCE,irbank_bs,52.1,52.1,,,,irbank_bs=52.1,https://irbank.net/E01750/results,,2026-09-01T16:23:03.525957+09:00
FY2021-03,6622,financing_cf,,JPY_million,10,SINGLE_SOURCE,irbank_cf,-5580,-55.8億,,,,irbank_cf=-5580,https://irbank.net/E01750/results,,2026-09-01T16:23:03.525957+09:00
FY2021-03,6622,free_cf,,JPY_million,100,SINGLE_SOURCE,irbank_cf,10000,100億,,,,irbank_cf=10000,https://irbank.net/E01750/results,,2026-09-01T16:23:03.525957+09:00
FY2021-03,6622,interest_bearing_debt,,JPY_million,100,SINGLE_SOURCE,irbank_bs,29300,293億,,,,irbank_bs=29300,https://irbank.net/E01750/results,,2026-09-01T16:23:03.525957+09:00
FY2021-03,6622,interest_bearing_debt_ratio,,x,0.0001,SINGLE_SOURCE|UNIT_CONVERTED,irbank_bs,0.3218,32.18,,,,irbank_bs=0.3218,https://irbank.net/E01750/results,,2026-09-01T16:23:03.525957+09:00
FY2021-03,6622,investing_cf,,JPY_million,100,SINGLE_SOURCE,irbank_cf,-3900,-39億,,,,irbank_cf=-3900,https://irbank.net/E01750/results,,2026-09-01T16:23:03.525957+09:00
FY2021-03,6622,net_assets,,JPY_million,100,SINGLE_SOURCE,irbank_bs,96900,969億,,,,irbank_bs=96900,https://irbank.net/E01750/results,,2026-09-01T16:23:03.525957+09:00
FY2021-03,6622,net_income,,JPY_million,10,SINGLE_SOURCE,irbank_pl_consolidated,9410,94.1億,,,,irbank_pl_consolidated=9410,https://irbank.net/E01750/results,,2026-09-01T16:23:03.525957+09:00
FY2021-03,6622,operating_cf,,JPY_million,100,SINGLE_SOURCE,irbank_cf,13900,139億,,,,irbank_cf=13900,https://irbank.net/E01750/results,,2026-09-01T16:23:03.525957+09:00
FY2021-03,6622,operating_income,,JPY_million,100,SINGLE_SOURCE,irbank_pl_consolidated,12200,122億,,,,irbank_pl_consolidated=12200,https://irbank.net/E01750/results,,2026-09-01T16:23:03.525957+09:00
FY2021-03,6622,operating_margin,,pct,0.01,SINGLE_SOURCE,irbank_pl_consolidated,8.39,8.39,,,,irbank_pl_consolidated=8.39,https://irbank.net/E01750/results,,2026-09-01T16:23:03.525957+09:00
FY2021-03,6622,ordinary_income,,JPY_million,100,SINGLE_SOURCE,irbank_pl_consolidated,13800,138億,,,,irbank_pl_consolidated=13800,https://irbank.net/E01750/results,,2026-09-01T16:23:03.525957+09:00
FY2021-03,6622,retained_earnings,,JPY_million,100,SINGLE_SOURCE,irbank_bs,67000,670億,,,,irbank_bs=67000,https://irbank.net/E01750/results,,2026-09-01T16:23:03.525957+09:00
FY2021-03,6622,revenue,145144,JPY_million,100,OK|ROUNDING,kabutan_fy10,145144,"145,144",irbank_pl_consolidated,145100,1451億,kabutan_fy10=145144|irbank_pl_consolidated=145100,https://kabutan.jp/stock/finance?code=6622,https://irbank.net/E01750/results,2026-09-01T16:23:03.525957+09:00
FY2021-03,6622,roa,,pct,0.01,SINGLE_SOURCE,irbank_pl_consolidated,5.37,5.37,,,,irbank_pl_consolidated=5.37,https://irbank.net/E01750/results,,2026-09-01T16:23:03.525957+09:00
FY2021-03,6622,roe,,pct,0.01,SINGLE_SOURCE,irbank_pl_consolidated,10.32,10.32,,,,irbank_pl_consolidated=10.32,https://irbank.net/E01750/results,,2026-09-01T16:23:03.525957+09:00
FY2021-03,6622,sga_ratio,,pct,0.01,SINGLE_SOURCE,irbank_pl_consolidated,23.88,23.88,,,,irbank_pl_consolidated=23.88,https://irbank.net/E01750/results,,2026-09-01T16:23:03.525957+09:00
FY2021-03,6622,shareholders_equity,,JPY_million,100,SINGLE_SOURCE,irbank_bs,83400,834億,,,,irbank_bs=83400,https://irbank.net/E01750/results,,2026-09-01T16:23:03.525957+09:00
FY2021-03,6622,total_assets,,JPY_million,100,SINGLE_SOURCE,irbank_bs,175100,1751億,,,,irbank_bs=175100,https://irbank.net/E01750/results,,2026-09-01T16:23:03.525957+09:00
FY2022-03,6622,bps,,JPY,0.01,SINGLE_SOURCE,irbank_bs,4063.05,4063.05,,,,irbank_bs=4063.05,https://irbank.net/E01750/results,,2026-09-01T16:23:03.525957+09:00
FY2022-03,6622,capex,,JPY_million,10,SINGLE_SOURCE,irbank_cf,-4420,-44.2億,,,,irbank_cf=-4420,https://irbank.net/E01750/results,,2026-09-01T16:23:03.525957+09:00
FY2022-03,6622,cash_equivalents,,JPY_million,100,SINGLE_SOURCE,irbank_cf,24400,244億,,,,irbank_cf=24400,https://irbank.net/E01750/results,,2026-09-01T16:23:03.525957+09:00
FY2022-03,6622,cost_ratio,,pct,0.01,SINGLE_SOURCE,irbank_pl_consolidated,69.69,69.69,,,,irbank_pl_consolidated=69.69,https://irbank.net/E01750/results,,2026-09-01T16:23:03.525957+09:00
FY2022-03,6622,eps,,JPY,0.01,SINGLE_SOURCE,irbank_pl_consolidated,445.29,445.29,,,,irbank_pl_consolidated=445.29,https://irbank.net/E01750/results,,2026-09-01T16:23:03.525957+09:00
FY2022-03,6622,equity_ratio,,pct,0.1,SINGLE_SOURCE,irbank_bs,51.2,51.2,,,,irbank_bs=51.2,https://irbank.net/E01750/results,,2026-09-01T16:23:03.525957+09:00
FY2022-03,6622,financing_cf,,JPY_million,10,SINGLE_SOURCE,irbank_cf,-5310,-53.1億,,,,irbank_cf=-5310,https://irbank.net/E01750/results,,2026-09-01T16:23:03.525957+09:00
FY2022-03,6622,free_cf,,JPY_million,10,SINGLE_SOURCE,irbank_cf,9650,96.5億,,,,irbank_cf=9650,https://irbank.net/E01750/results,,2026-09-01T16:23:03.525957+09:00
FY2022-03,6622,interest_bearing_debt,,JPY_million,100,SINGLE_SOURCE,irbank_bs,27300,273億,,,,irbank_bs=27300,https://irbank.net/E01750/results,,2026-09-01T16:23:03.525957+09:00
FY2022-03,6622,interest_bearing_debt_ratio,,x,0.0001,SINGLE_SOURCE|UNIT_CONVERTED,irbank_bs,0.2741,27.41,,,,irbank_bs=0.2741,https://irbank.net/E01750/results,,2026-09-01T16:23:03.525957+09:00
FY2022-03,6622,investing_cf,,JPY_million,100,SINGLE_SOURCE,irbank_cf,-3300,-33億,,,,irbank_cf=-3300,https://irbank.net/E01750/results,,2026-09-01T16:23:03.525957+09:00
FY2022-03,6622,net_assets,,JPY_million,100,SINGLE_SOURCE,irbank_bs,105600,1056億,,,,irbank_bs=105600,https://irbank.net/E01750/results,,2026-09-01T16:23:03.525957+09:00
FY2022-03,6622,net_income,,JPY_million,100,SINGLE_SOURCE,irbank_pl_consolidated,11000,110億,,,,irbank_pl_consolidated=11000,https://irbank.net/E01750/results,,2026-09-01T16:23:03.525957+09:00
FY2022-03,6622,operating_cf,,JPY_million,100,SINGLE_SOURCE,irbank_cf,13000,130億,,,,irbank_cf=13000,https://irbank.net/E01750/results,,2026-09-01T16:23:03.525957+09:00
FY2022-03,6622,operating_income,,JPY_million,100,SINGLE_SOURCE,irbank_pl_consolidated,14200,142億,,,,irbank_pl_consolidated=14200,https://irbank.net/E01750/results,,2026-09-01T16:23:03.525957+09:00
FY2022-03,6622,operating_margin,,pct,0.01,SINGLE_SOURCE,irbank_pl_consolidated,8.84,8.84,,,,irbank_pl_consolidated=8.84,https://irbank.net/E01750/results,,2026-09-01T16:23:03.525957+09:00
FY2022-03,6622,ordinary_income,,JPY_million,100,SINGLE_SOURCE,irbank_pl_consolidated,15800,158億,,,,irbank_pl_consolidated=15800,https://irbank.net/E01750/results,,2026-09-01T16:23:03.525957+09:00
FY2022-03,6622,retained_earnings,,JPY_million,100,SINGLE_SOURCE,irbank_bs,75000,750億,,,,irbank_bs=75000,https://irbank.net/E01750/results,,2026-09-01T16:23:03.525957+09:00
FY2022-03,6622,revenue,160618,JPY_million,100,OK|ROUNDING,kabutan_fy10,160618,"160,618",irbank_pl_consolidated,160600,1606億,kabutan_fy10=160618|irbank_pl_consolidated=160600,https://kabutan.jp/stock/finance?code=6622,https://irbank.net/E01750/results,2026-09-01T16:23:03.525957+09:00
FY2022-03,6622,roa,,pct,0.01,SINGLE_SOURCE,irbank_pl_consolidated,5.64,5.64,,,,irbank_pl_consolidated=5.64,https://irbank.net/E01750/results,,2026-09-01T16:23:03.525957+09:00
FY2022-03,6622,roe,,pct,0.01,SINGLE_SOURCE,irbank_pl_consolidated,11.02,11.02,,,,irbank_pl_consolidated=11.02,https://irbank.net/E01750/results,,2026-09-01T16:23:03.525957+09:00
FY2022-03,6622,sga_ratio,,pct,0.01,SINGLE_SOURCE,irbank_pl_consolidated,21.47,21.47,,,,irbank_pl_consolidated=21.47,https://irbank.net/E01750/results,,2026-09-01T16:23:03.525957+09:00
FY2022-03,6622,shareholders_equity,,JPY_million,100,SINGLE_SOURCE,irbank_bs,90800,908億,,,,irbank_bs=90800,https://irbank.net/E01750/results,,2026-09-01T16:23:03.525957+09:00
FY2022-03,6622,total_assets,,JPY_million,100,SINGLE_SOURCE,irbank_bs,194800,1948億,,,,irbank_bs=194800,https://irbank.net/E01750/results,,2026-09-01T16:23:03.525957+09:00
FY2023-03,6622,bps,,JPY,0.01,SINGLE_SOURCE,irbank_bs,4637.47,4637.47,,,,irbank_bs=4637.47,https://irbank.net/E01750/results,,2026-09-01T16:23:03.525957+09:00
FY2023-03,6622,capex,,JPY_million,10,SINGLE_SOURCE,irbank_cf,-4870,-48.7億,,,,irbank_cf=-4870,https://irbank.net/E01750/results,,2026-09-01T16:23:03.525957+09:00
FY2023-03,6622,cash_equivalents,,JPY_million,100,SINGLE_SOURCE,irbank_cf,14900,149億,,,,irbank_cf=14900,https://irbank.net/E01750/results,,2026-09-01T16:23:03.525957+09:00
FY2023-03,6622,cost_ratio,,pct,0.01,SINGLE_SOURCE,irbank_pl_consolidated,71.29,71.29,irbank_q,71.29,71.29%,irbank_pl_consolidated=71.29|irbank_q=71.29,https://irbank.net/E01750/results,https://irbank.net/E01750/quarter,2026-09-01T16:23:03.525957+09:00
FY2023-03,6622,eps,537.64,JPY,0.1,OK|ROUNDING,kabutan_fy,537.7,537.7,irbank_pl_consolidated,537.64,537.64,kabutan_fy=537.7|irbank_pl_consolidated=537.64,https://kabutan.jp/stock/finance?code=6622,https://irbank.net/E01750/results,2026-09-01T16:23:03.525957+09:00
FY2023-03,6622,equity_ratio,,pct,0.1,SINGLE_SOURCE,irbank_bs,53.5,53.5,,,,irbank_bs=53.5,https://irbank.net/E01750/results,,2026-09-01T16:23:03.525957+09:00
FY2023-03,6622,financing_cf,,JPY_million,100,SINGLE_SOURCE,irbank_cf,1900,19億,,,,irbank_cf=1900,https://irbank.net/E01750/results,,2026-09-01T16:23:03.525957+09:00
FY2023-03,6622,free_cf,,JPY_million,100,SINGLE_SOURCE,irbank_cf,-12000,-120億,,,,irbank_cf=-12000,https://irbank.net/E01750/results,,2026-09-01T16:23:03.525957+09:00
FY2023-03,6622,interest_bearing_debt,,JPY_million,100,SINGLE_SOURCE,irbank_bs,32900,329億,,,,irbank_bs=32900,https://irbank.net/E01750/results,,2026-09-01T16:23:03.525957+09:00
FY2023-03,6622,interest_bearing_debt_ratio,,x,0.001,SINGLE_SOURCE|UNIT_CONVERTED,irbank_bs,0.289,28.9,,,,irbank_bs=0.289,https://irbank.net/E01750/results,,2026-09-01T16:23:03.525957+09:00
FY2023-03,6622,investing_cf,,JPY_million,10,SINGLE_SOURCE,irbank_cf,-4720,-47.2億,,,,irbank_cf=-4720,https://irbank.net/E01750/results,,2026-09-01T16:23:03.525957+09:00
FY2023-03,6622,net_assets,,JPY_million,100,SINGLE_SOURCE,irbank_bs,119900,1199億,,,,irbank_bs=119900,https://irbank.net/E01750/results,,2026-09-01T16:23:03.525957+09:00
FY2023-03,6622,net_income,13193,JPY_million,100,OK|ROUNDING,kabutan_fy,13193,"13,193",irbank_pl_consolidated,13200,132億,kabutan_fy=13193|irbank_pl_consolidated=13200,https://kabutan.jp/stock/finance?code=6622,https://irbank.net/E01750/results,2026-09-01T16:23:03.525957+09:00
FY2023-03,6622,operating_cf,,JPY_million,10,SINGLE_SOURCE,irbank_cf,-7230,-72.3億,,,,irbank_cf=-7230,https://irbank.net/E01750/results,,2026-09-01T16:23:03.525957+09:00
FY2023-03,6622,operating_income,16568,JPY_million,100,OK|ROUNDING,kabutan_fy,16568,"16,568",irbank_pl_consolidated,16600,166億,kabutan_fy=16568|irbank_pl_consolidated=16600|irbank_q=16600,https://kabutan.jp/stock/finance?code=6622,https://irbank.net/E01750/results,2026-09-01T16:23:03.525957+09:00
FY2023-03,6622,operating_margin,,pct,0.01,SINGLE_SOURCE,irbank_pl_consolidated,8.94,8.94,irbank_q,8.94,8.94%,irbank_pl_consolidated=8.94|irbank_q=8.94,https://irbank.net/E01750/results,https://irbank.net/E01750/quarter,2026-09-01T16:23:03.525957+09:00
FY2023-03,6622,ordinary_income,17660,JPY_million,100,OK|ROUNDING,kabutan_fy,17660,"17,660",irbank_pl_consolidated,17700,177億,kabutan_fy=17660|irbank_pl_consolidated=17700|irbank_q=17700,https://kabutan.jp/stock/finance?code=6622,https://irbank.net/E01750/results,2026-09-01T16:23:03.525957+09:00
FY2023-03,6622,retained_earnings,,JPY_million,100,SINGLE_SOURCE,irbank_bs,85400,854億,,,,irbank_bs=85400,https://irbank.net/E01750/results,,2026-09-01T16:23:03.525957+09:00
FY2023-03,6622,revenue,185288,JPY_million,100,OK|ROUNDING,kabutan_fy,185288,"185,288",kabutan_fy10,185288,"185,288",kabutan_fy=185288|kabutan_fy10=185288|irbank_pl_consolidated=185300|irbank_q=185300,https://kabutan.jp/stock/finance?code=6622,https://kabutan.jp/stock/finance?code=6622,2026-09-01T16:23:03.525957+09:00
FY2023-03,6622,roa,,pct,0.1,SINGLE_SOURCE,irbank_pl_consolidated,6.2,6.2,,,,irbank_pl_consolidated=6.2,https://irbank.net/E01750/results,,2026-09-01T16:23:03.525957+09:00
FY2023-03,6622,roe,,pct,0.01,SINGLE_SOURCE,irbank_pl_consolidated,11.59,11.59,,,,irbank_pl_consolidated=11.59,https://irbank.net/E01750/results,,2026-09-01T16:23:03.525957+09:00
FY2023-03,6622,sga_ratio,,pct,0.01,SINGLE_SOURCE,irbank_pl_consolidated,19.76,19.76,irbank_q,19.76,19.76%,irbank_pl_consolidated=19.76|irbank_q=19.76,https://irbank.net/E01750/results,https://irbank.net/E01750/quarter,2026-09-01T16:23:03.525957+09:00
FY2023-03,6622,shareholders_equity,,JPY_million,100,SINGLE_SOURCE,irbank_bs,101200,1012億,,,,irbank_bs=101200,https://irbank.net/E01750/results,,2026-09-01T16:23:03.525957+09:00
FY2023-03,6622,total_assets,,JPY_million,100,SINGLE_SOURCE,irbank_bs,212700,2127億,,,,irbank_bs=212700,https://irbank.net/E01750/results,,2026-09-01T16:23:03.525957+09:00
FY2024-03,6622,bps,,JPY,0.01,MISMATCH,kabutan_bs,5493.67,"5,493.67",irbank_bs,5493.61,5493.61,kabutan_bs=5493.67|irbank_bs=5493.61,https://kabutan.jp/stock/finance?code=6622,https://irbank.net/E01750/results,2026-09-01T16:23:03.525957+09:00
FY2024-03,6622,capex,,JPY_million,10,SINGLE_SOURCE,irbank_cf,-8280,-82.8億,,,,irbank_cf=-8280,https://irbank.net/E01750/results,,2026-09-01T16:23:03.525957+09:00
FY2024-03,6622,cash_equivalents,22077,JPY_million,100,OK|ROUNDING,kabutan_cf,22077,"22,077",irbank_cf,22100,221億,kabutan_cf=22077|irbank_cf=22100,https://kabutan.jp/stock/finance?code=6622,https://irbank.net/E01750/results,2026-09-01T16:23:03.525957+09:00
FY2024-03,6622,cost_ratio,,pct,0.01,SINGLE_SOURCE,irbank_pl_consolidated,71.68,71.68,irbank_q,71.68,71.68%+0.39%,irbank_pl_consolidated=71.68|irbank_q=71.68,https://irbank.net/E01750/results,https://irbank.net/E01750/quarter,2026-09-01T16:23:03.525957+09:00
FY2024-03,6622,eps,673.17,JPY,0.1,OK|ROUNDING,kabutan_fy,673.2,673.2,kabutan_record_fy,673.2,673.2,kabutan_fy=673.2|kabutan_record_fy=673.2|irbank_pl_consolidated=673.17,https://kabutan.jp/stock/finance?code=6622,https://kabutan.jp/stock/finance?code=6622,2026-09-01T16:23:03.525957+09:00
FY2024-03,6622,equity,,JPY_million,1,SINGLE_SOURCE,kabutan_bs,134136,"134,136",,,,kabutan_bs=134136,https://kabutan.jp/stock/finance?code=6622,,2026-09-01T16:23:03.525957+09:00
FY2024-03,6622,equity_ratio,48.4,pct,0.1,OK,kabutan_bs,48.4,48.4,irbank_bs,48.4,48.4,kabutan_bs=48.4|irbank_bs=48.4,https://kabutan.jp/stock/finance?code=6622,https://irbank.net/E01750/results,2026-09-01T16:23:03.525957+09:00
FY2024-03,6622,financing_cf,25954,JPY_million,100,OK|ROUNDING,kabutan_cf,25954,"25,954",irbank_cf,26000,260億,kabutan_cf=25954|irbank_cf=26000,https://kabutan.jp/stock/finance?code=6622,https://irbank.net/E01750/results,2026-09-01T16:23:03.525957+09:00
FY2024-03,6622,free_cf,-19557,JPY_million,100,OK|ROUNDING,kabutan_cf,-19557,"-19,557",irbank_cf,-19600,-196億,kabutan_cf=-19557|irbank_cf=-19600,https://kabutan.jp/stock/finance?code=6622,https://irbank.net/E01750/results,2026-09-01T16:23:03.525957+09:00
FY2024-03,6622,interest_bearing_debt,,JPY_million,100,SINGLE_SOURCE,irbank_bs,66200,662億,,,,irbank_bs=66200,https://irbank.net/E01750/results,,2026-09-01T16:23:03.525957+09:00
FY2024-03,6622,interest_bearing_debt_ratio,0.4933,x,0.01,OK|ROUNDING|UNIT_CONVERTED,kabutan_bs,0.5,0.50,irbank_bs,0.4933,49.33,kabutan_bs=0.5|irbank_bs=0.4933,https://kabutan.jp/stock/finance?code=6622,https://irbank.net/E01750/results,2026-09-01T16:23:03.525957+09:00
FY2024-03,6622,investing_cf,-10564,JPY_million,100,OK|ROUNDING,kabutan_cf,-10564,"-10,564",irbank_cf,-10600,-106億,kabutan_cf=-10564|irbank_cf=-10600,https://kabutan.jp/stock/finance?code=6622,https://irbank.net/E01750/results,2026-09-01T16:23:03.525957+09:00
FY2024-03,6622,net_assets,,JPY_million,100,SINGLE_SOURCE,irbank_bs,148600,1486億,,,,irbank_bs=148600,https://irbank.net/E01750/results,,2026-09-01T16:23:03.525957+09:00
FY2024-03,6622,net_income,16494,JPY_million,100,OK|ROUNDING,kabutan_fy,16494,"16,494",kabutan_record_fy,16494,"16,494",kabutan_fy=16494|kabutan_record_fy=16494|irbank_pl_consolidated=16500,https://kabutan.jp/stock/finance?code=6622,https://kabutan.jp/stock/finance?code=6622,2026-09-01T16:23:03.525957+09:00
FY2024-03,6622,operating_cf,-8993,JPY_million,10,OK|ROUNDING,kabutan_cf,-8993,"-8,993",irbank_cf,-8990,-89.9億,kabutan_cf=-8993|irbank_cf=-8990,https://kabutan.jp/stock/finance?code=6622,https://irbank.net/E01750/results,2026-09-01T16:23:03.525957+09:00
FY2024-03,6622,operating_income,15145,JPY_million,100,OK|ROUNDING,kabutan_fy,15145,"15,145",kabutan_cf,15145,"15,145",kabutan_fy=15145|kabutan_cf=15145|irbank_pl_consolidated=15100|irbank_q=15100,https://kabutan.jp/stock/finance?code=6622,https://kabutan.jp/stock/finance?code=6622,2026-09-01T16:23:03.525957+09:00
FY2024-03,6622,operating_margin,,pct,0.01,SINGLE_SOURCE,irbank_pl_consolidated,8.03,8.03,irbank_q,8.03,8.03%-0.91%,irbank_pl_consolidated=8.03|irbank_q=8.03,https://irbank.net/E01750/results,https://irbank.net/E01750/quarter,2026-09-01T16:23:03.525957+09:00
FY2024-03,6622,ordinary_income,16082,JPY_million,100,OK|ROUNDING,kabutan_fy,16082,"16,082",irbank_pl_consolidated,16100,161億,kabutan_fy=16082|irbank_pl_consolidated=16100|irbank_q=16100,https://kabutan.jp/stock/finance?code=6622,https://irbank.net/E01750/results,2026-09-01T16:23:03.525957+09:00
FY2024-03,6622,retained_earnings,94767,JPY_million,100,OK|ROUNDING,kabutan_bs,94767,"94,767",irbank_bs,94800,948億,kabutan_bs=94767|irbank_bs=94800,https://kabutan.jp/stock/finance?code=6622,https://irbank.net/E01750/results,2026-09-01T16:23:03.525957+09:00
FY2024-03,6622,revenue,188571,JPY_million,100,OK|ROUNDING,kabutan_fy,188571,"188,571",kabutan_fy10,188571,"188,571",kabutan_fy=188571|kabutan_fy10=188571|irbank_pl_consolidated=188600|irbank_q=188600,https://kabutan.jp/stock/finance?code=6622,https://kabutan.jp/stock/finance?code=6622,2026-09-01T16:23:03.525957+09:00
FY2024-03,6622,roa,,pct,0.01,SINGLE_SOURCE,irbank_pl_consolidated,5.95,5.95,,,,irbank_pl_consolidated=5.95,https://irbank.net/E01750/results,,2026-09-01T16:23:03.525957+09:00
FY2024-03,6622,roe,,pct,0.1,SINGLE_SOURCE,irbank_pl_consolidated,12.3,12.3,,,,irbank_pl_consolidated=12.3,https://irbank.net/E01750/results,,2026-09-01T16:23:03.525957+09:00
FY2024-03,6622,sga_ratio,,pct,0.01,SINGLE_SOURCE,irbank_pl_consolidated,20.29,20.29,irbank_q,20.29,20.29%+0.53%,irbank_pl_consolidated=20.29|irbank_q=20.29,https://irbank.net/E01750/results,https://irbank.net/E01750/quarter,2026-09-01T16:23:03.525957+09:00
FY2024-03,6622,shareholders_equity,,JPY_million,100,SINGLE_SOURCE,irbank_bs,113000,1130億,,,,irbank_bs=113000,https://irbank.net/E01750/results,,2026-09-01T16:23:03.525957+09:00
FY2024-03,6622,total_assets,277200,JPY_million,100,OK,kabutan_bs,277200,"277,200",irbank_bs,277200,2772億,kabutan_bs=277200|irbank_bs=277200,https://kabutan.jp/stock/finance?code=6622,https://irbank.net/E01750/results,2026-09-01T16:23:03.525957+09:00
FY2025-03,6622,bps,,JPY,0.01,MISMATCH,kabutan_bs,5788.62,"5,788.62",irbank_bs,5788.58,5788.58,kabutan_bs=5788.62|irbank_bs=5788.58,https://kabutan.jp/stock/finance?code=6622,https://irbank.net/E01750/results,2026-09-01T16:23:03.525957+09:00
FY2025-03,6622,capex,,JPY_million,10,SINGLE_SOURCE,irbank_cf,-9690,-96.9億,,,,irbank_cf=-9690,https://irbank.net/E01750/results,,2026-09-01T16:23:03.525957+09:00
FY2025-03,6622,cash_equivalents,28855,JPY_million,100,OK|ROUNDING,kabutan_cf,28855,"28,855",irbank_cf,28900,289億,kabutan_cf=28855|irbank_cf=28900,https://kabutan.jp/stock/finance?code=6622,https://irbank.net/E01750/results,2026-09-01T16:23:03.525957+09:00
FY2025-03,6622,cost_ratio,,pct,0.01,SINGLE_SOURCE,irbank_pl_consolidated,71.79,71.79,irbank_q,71.79,71.79%+0.11%,irbank_pl_consolidated=71.79|irbank_q=71.79,https://irbank.net/E01750/results,https://irbank.net/E01750/quarter,2026-09-01T16:23:03.525957+09:00
FY2025-03,6622,eps,493.31,JPY,0.1,OK|ROUNDING,kabutan_fy,493.3,493.3,kabutan_fy_profit,493.3,493.3,kabutan_fy=493.3|kabutan_fy_profit=493.3|irbank_pl_consolidated=493.31,https://kabutan.jp/stock/finance?code=6622,https://kabutan.jp/stock/finance?code=6622,2026-09-01T16:23:03.525957+09:00
FY2025-03,6622,equity,,JPY_million,1,SINGLE_SOURCE,kabutan_bs,138371,"138,371",,,,kabutan_bs=138371,https://kabutan.jp/stock/finance?code=6622,,2026-09-01T16:23:03.525957+09:00
FY2025-03,6622,equity_ratio,47.7,pct,0.1,OK,kabutan_bs,47.7,47.7,irbank_bs,47.7,47.7,kabutan_bs=47.7|irbank_bs=47.7,https://kabutan.jp/stock/finance?code=6622,https://irbank.net/E01750/results,2026-09-01T16:23:03.525957+09:00
FY2025-03,6622,financing_cf,-5981,JPY_million,10,OK|ROUNDING,kabutan_cf,-5981,"-5,981",irbank_cf,-5980,-59.8億,kabutan_cf=-5981|irbank_cf=-5980,https://kabutan.jp/stock/finance?code=6622,https://irbank.net/E01750/results,2026-09-01T16:23:03.525957+09:00
FY2025-03,6622,free_cf,14409,JPY_million,100,OK|ROUNDING,kabutan_cf,14409,"14,409",irbank_cf,14400,144億,kabutan_cf=14409|irbank_cf=14400,https://kabutan.jp/stock/finance?code=6622,https://irbank.net/E01750/results,2026-09-01T16:23:03.525957+09:00
FY2025-03,6622,interest_bearing_debt,,JPY_million,100,SINGLE_SOURCE,irbank_bs,68600,686億,,,,irbank_bs=68600,https://irbank.net/E01750/results,,2026-09-01T16:23:03.525957+09:00
FY2025-03,6622,interest_bearing_debt_ratio,0.4957,x,0.01,OK|ROUNDING|UNIT_CONVERTED,kabutan_bs,0.5,0.50,irbank_bs,0.4957,49.57,kabutan_bs=0.5|irbank_bs=0.4957,https://kabutan.jp/stock/finance?code=6622,https://irbank.net/E01750/results,2026-09-01T16:23:03.525957+09:00
FY2025-03,6622,investing_cf,-9601,JPY_million,100,OK|ROUNDING,kabutan_cf,-9601,"-9,601",irbank_cf,-9600,-96億,kabutan_cf=-9601|irbank_cf=-9600,https://kabutan.jp/stock/finance?code=6622,https://irbank.net/E01750/results,2026-09-01T16:23:03.525957+09:00
FY2025-03,6622,net_assets,,JPY_million,100,SINGLE_SOURCE,irbank_bs,153300,1533億,,,,irbank_bs=153300,https://irbank.net/E01750/results,,2026-09-01T16:23:03.525957+09:00
FY2025-03,6622,net_income,11961,JPY_million,100,OK|ROUNDING,kabutan_fy,11961,"11,961",irbank_pl_consolidated,12000,120億,kabutan_fy=11961|irbank_pl_consolidated=12000,https://kabutan.jp/stock/finance?code=6622,https://irbank.net/E01750/results,2026-09-01T16:23:03.525957+09:00
FY2025-03,6622,operating_cf,24010,JPY_million,100,OK|ROUNDING,kabutan_cf,24010,"24,010",irbank_cf,24000,240億,kabutan_cf=24010|irbank_cf=24000,https://kabutan.jp/stock/finance?code=6622,https://irbank.net/E01750/results,2026-09-01T16:23:03.525957+09:00
FY2025-03,6622,operating_income,16174,JPY_million,100,OK|ROUNDING,kabutan_fy,16174,"16,174",kabutan_fy_profit,16174,"16,174",kabutan_fy=16174|kabutan_fy_profit=16174|kabutan_cf=16174|irbank_pl_consolidated=16200|irbank_q=16200,https://kabutan.jp/stock/finance?code=6622,https://kabutan.jp/stock/finance?code=6622,2026-09-01T16:23:03.525957+09:00
FY2025-03,6622,operating_margin,7.14,pct,0.01,OK,kabutan_fy_profit,7.14,7.14,irbank_pl_consolidated,7.14,7.14,kabutan_fy_profit=7.14|irbank_pl_consolidated=7.14|irbank_q=7.14,https://kabutan.jp/stock/finance?code=6622,https://irbank.net/E01750/results,2026-09-01T16:23:03.525957+09:00
FY2025-03,6622,ordinary_income,17182,JPY_million,100,OK|ROUNDING,kabutan_fy,17182,"17,182",irbank_pl_consolidated,17200,172億,kabutan_fy=17182|irbank_pl_consolidated=17200|irbank_q=17200,https://kabutan.jp/stock/finance?code=6622,https://irbank.net/E01750/results,2026-09-01T16:23:03.525957+09:00
FY2025-03,6622,retained_earnings,101796,JPY_million,100,OK|ROUNDING,kabutan_bs,101796,"101,796",irbank_bs,101800,1018億,kabutan_bs=101796|irbank_bs=101800,https://kabutan.jp/stock/finance?code=6622,https://irbank.net/E01750/results,2026-09-01T16:23:03.525957+09:00
FY2025-03,6622,revenue,226375,JPY_million,100,OK|ROUNDING,kabutan_fy,226375,"226,375",kabutan_fy10,226375,"226,375",kabutan_fy=226375|kabutan_fy10=226375|kabutan_fy_profit=226375|irbank_pl_consolidated=226400|irbank_q=226400,https://kabutan.jp/stock/finance?code=6622,https://kabutan.jp/stock/finance?code=6622,2026-09-01T16:23:03.525957+09:00
FY2025-03,6622,roa,,pct,0.01,MISMATCH,kabutan_fy_profit,4.22,4.22,irbank_pl_consolidated,4.12,4.12,kabutan_fy_profit=4.22|irbank_pl_consolidated=4.12,https://kabutan.jp/stock/finance?code=6622,https://irbank.net/E01750/results,2026-09-01T16:23:03.525957+09:00
FY2025-03,6622,roe,,pct,0.01,MISMATCH,kabutan_fy_profit,8.78,8.78,irbank_pl_consolidated,8.64,8.64,kabutan_fy_profit=8.78|irbank_pl_consolidated=8.64,https://kabutan.jp/stock/finance?code=6622,https://irbank.net/E01750/results,2026-09-01T16:23:03.525957+09:00
FY2025-03,6622,sga_ratio,,pct,0.01,SINGLE_SOURCE,irbank_pl_consolidated,21.07,21.07,irbank_q,21.07,21.07%+0.78%,irbank_pl_consolidated=21.07|irbank_q=21.07,https://irbank.net/E01750/results,https://irbank.net/E01750/quarter,2026-09-01T16:23:03.525957+09:00
FY2025-03,6622,shareholders_equity,,JPY_million,100,SINGLE_SOURCE,irbank_bs,117500,1175億,,,,irbank_bs=117500,https://irbank.net/E01750/results,,2026-09-01T16:23:03.525957+09:00
FY2025-03,6622,total_assets,290234,JPY_million,100,OK|ROUNDING,kabutan_bs,290234,"290,234",irbank_bs,290200,2902億,kabutan_bs=290234|irbank_bs=290200,https://kabutan.jp/stock/finance?code=6622,https://irbank.net/E01750/results,2026-09-01T16:23:03.525957+09:00
FY2026-03,6622,bps,,JPY,0.01,MISMATCH,kabutan_bs,6524.83,"6,524.83",irbank_bs,6524.77,6524.77,kabutan_bs=6524.83|irbank_bs=6524.77,https://kabutan.jp/stock/finance?code=6622,https://irbank.net/E01750/results,2026-09-01T16:23:03.525957+09:00
FY2026-03,6622,capex,,JPY_million,100,SINGLE_SOURCE,irbank_cf,-13400,-134億,,,,irbank_cf=-13400,https://irbank.net/E01750/results,,2026-09-01T16:23:03.525957+09:00
FY2026-03,6622,cash_equivalents,32626,JPY_million,100,OK|ROUNDING,kabutan_cf,32626,"32,626",irbank_cf,32600,326億,kabutan_cf=32626|irbank_cf=32600,https://kabutan.jp/stock/finance?code=6622,https://irbank.net/E01750/results,2026-09-01T16:23:03.525957+09:00
FY2026-03,6622,cost_ratio,,pct,0.01,SINGLE_SOURCE,irbank_pl_consolidated,71.18,71.18,irbank_q,71.18,71.18%-0.61%,irbank_pl_consolidated=71.18|irbank_q=71.18,https://irbank.net/E01750/results,https://irbank.net/E01750/quarter,2026-09-01T16:23:03.525957+09:00
FY2026-03,6622,eps,591.32,JPY,0.1,OK|ROUNDING,kabutan_fy,591.4,591.4,kabutan_fy_profit,591.4,591.4,kabutan_fy=591.4|kabutan_fy_profit=591.4|irbank_pl_consolidated=591.32,https://kabutan.jp/stock/finance?code=6622,https://kabutan.jp/stock/finance?code=6622,2026-09-01T16:23:03.525957+09:00
FY2026-03,6622,equity,,JPY_million,1,SINGLE_SOURCE,kabutan_bs,154030,"154,030",,,,kabutan_bs=154030,https://kabutan.jp/stock/finance?code=6622,,2026-09-01T16:23:03.525957+09:00
FY2026-03,6622,equity_ratio,48.1,pct,0.1,OK,kabutan_bs,48.1,48.1,irbank_bs,48.1,48.1,kabutan_bs=48.1|irbank_bs=48.1,https://kabutan.jp/stock/finance?code=6622,https://irbank.net/E01750/results,2026-09-01T16:23:03.525957+09:00
FY2026-03,6622,financing_cf,7473,JPY_million,10,OK|ROUNDING,kabutan_cf,7473,"7,473",irbank_cf,7470,74.7億,kabutan_cf=7473|irbank_cf=7470,https://kabutan.jp/stock/finance?code=6622,https://irbank.net/E01750/results,2026-09-01T16:23:03.525957+09:00
FY2026-03,6622,free_cf,-5898,JPY_million,100,OK|ROUNDING,kabutan_cf,-5898,"-5,898",irbank_cf,-5900,-59億,kabutan_cf=-5898|irbank_cf=-5900,https://kabutan.jp/stock/finance?code=6622,https://irbank.net/E01750/results,2026-09-01T16:23:03.525957+09:00
FY2026-03,6622,interest_bearing_debt,,JPY_million,100,SINGLE_SOURCE,irbank_bs,84600,846億,,,,irbank_bs=84600,https://irbank.net/E01750/results,,2026-09-01T16:23:03.525957+09:00
FY2026-03,6622,interest_bearing_debt_ratio,0.5496,x,0.01,OK|ROUNDING|UNIT_CONVERTED,kabutan_bs,0.55,0.55,irbank_bs,0.5496,54.96,kabutan_bs=0.55|irbank_bs=0.5496,https://kabutan.jp/stock/finance?code=6622,https://irbank.net/E01750/results,2026-09-01T16:23:03.525957+09:00
FY2026-03,6622,investing_cf,-10842,JPY_million,100,OK|ROUNDING,kabutan_cf,-10842,"-10,842",irbank_cf,-10800,-108億,kabutan_cf=-10842|irbank_cf=-10800,https://kabutan.jp/stock/finance?code=6622,https://irbank.net/E01750/results,2026-09-01T16:23:03.525957+09:00
FY2026-03,6622,net_assets,,JPY_million,100,SINGLE_SOURCE,irbank_bs,170700,1707億,,,,irbank_bs=170700,https://irbank.net/E01750/results,,2026-09-01T16:23:03.525957+09:00
FY2026-03,6622,net_income,14108,JPY_million,100,OK|ROUNDING,kabutan_fy,14108,"14,108",irbank_pl_consolidated,14100,141億,kabutan_fy=14108|irbank_pl_consolidated=14100,https://kabutan.jp/stock/finance?code=6622,https://irbank.net/E01750/results,2026-09-01T16:23:03.525957+09:00
FY2026-03,6622,operating_cf,4944,JPY_million,10,OK|ROUNDING,kabutan_cf,4944,"4,944",irbank_cf,4940,49.4億,kabutan_cf=4944|irbank_cf=4940,https://kabutan.jp/stock/finance?code=6622,https://irbank.net/E01750/results,2026-09-01T16:23:03.525957+09:00
FY2026-03,6622,operating_income,18778,JPY_million,100,OK|ROUNDING,kabutan_fy,18778,"18,778",kabutan_fy_profit,18778,"18,778",kabutan_fy=18778|kabutan_fy_profit=18778|kabutan_cf=18778|kabutan_record_fy=18778|irbank_pl_consolidated=18800|irbank_q=18800,https://kabutan.jp/stock/finance?code=6622,https://kabutan.jp/stock/finance?code=6622,2026-09-01T16:23:03.525957+09:00
FY2026-03,6622,operating_margin,7.9,pct,0.1,OK,kabutan_fy_profit,7.9,7.90,irbank_pl_consolidated,7.9,7.9,kabutan_fy_profit=7.9|irbank_pl_consolidated=7.9|irbank_q=7.9,https://kabutan.jp/stock/finance?code=6622,https://irbank.net/E01750/results,2026-09-01T16:23:03.525957+09:00
FY2026-03,6622,ordinary_income,20100,JPY_million,100,OK,kabutan_fy,20100,"20,100",kabutan_record_fy,20100,"20,100",kabutan_fy=20100|kabutan_record_fy=20100|irbank_pl_consolidated=20100|irbank_q=20100,https://kabutan.jp/stock/finance?code=6622,https://kabutan.jp/stock/finance?code=6622,2026-09-01T16:23:03.525957+09:00
FY2026-03,6622,retained_earnings,110610,JPY_million,100,OK|ROUNDING,kabutan_bs,110610,"110,610",irbank_bs,110600,1106億,kabutan_bs=110610|irbank_bs=110600,https://kabutan.jp/stock/finance?code=6622,https://irbank.net/E01750/results,2026-09-01T16:23:03.525957+09:00
FY2026-03,6622,revenue,237735,JPY_million,100,OK|ROUNDING,kabutan_fy,237735,"237,735",kabutan_fy10,237735,"237,735",kabutan_fy=237735|kabutan_fy10=237735|kabutan_fy_profit=237735|kabutan_record_fy=237735|irbank_pl_consolidated=237700|irbank_q=237700,https://kabutan.jp/stock/finance?code=6622,https://kabutan.jp/stock/finance?code=6622,2026-09-01T16:23:03.525957+09:00
FY2026-03,6622,roa,,pct,0.01,MISMATCH,kabutan_fy_profit,4.62,4.62,irbank_pl_consolidated,4.41,4.41,kabutan_fy_profit=4.62|irbank_pl_consolidated=4.41,https://kabutan.jp/stock/finance?code=6622,https://irbank.net/E01750/results,2026-09-01T16:23:03.525957+09:00
FY2026-03,6622,roe,,pct,0.01,MISMATCH,kabutan_fy_profit,9.65,9.65,irbank_pl_consolidated,9.16,9.16,kabutan_fy_profit=9.65|irbank_pl_consolidated=9.16,https://kabutan.jp/stock/finance?code=6622,https://irbank.net/E01750/results,2026-09-01T16:23:03.525957+09:00
FY2026-03,6622,sga_ratio,,pct,0.01,SINGLE_SOURCE,irbank_pl_consolidated,20.92,20.92,irbank_q,20.92,20.92%-0.15%,irbank_pl_consolidated=20.92|irbank_q=20.92,https://irbank.net/E01750/results,https://irbank.net/E01750/quarter,2026-09-01T16:23:03.525957+09:00
FY2026-03,6622,shareholders_equity,,JPY_million,100,SINGLE_SOURCE,irbank_bs,124300,1243億,,,,irbank_bs=124300,https://irbank.net/E01750/results,,2026-09-01T16:23:03.525957+09:00
FY2026-03,6622,total_assets,320175,JPY_million,100,OK|ROUNDING,kabutan_bs,320175,"320,175",irbank_bs,320200,3202億,kabutan_bs=320175|irbank_bs=320200,https://kabutan.jp/stock/finance?code=6622,https://irbank.net/E01750/results,2026-09-01T16:23:03.525957+09:00
FY2027-03,6622,eps_plan,698.92,JPY,0.1,OK|ROUNDING,kabutan_fy,698.9,698.9,kabutan_fy10,698.9,698.9,kabutan_fy=698.9|kabutan_fy10=698.9|kabutan_fy_profit=698.9|irbank_pl_consolidated=698.92,https://kabutan.jp/stock/finance?code=6622,https://kabutan.jp/stock/finance?code=6622,2026-09-01T16:23:03.525957+09:00
FY2027-03,6622,net_income_plan,16500,JPY_million,100,OK,kabutan_fy,16500,"16,500",irbank_pl_consolidated,16500,165億,kabutan_fy=16500|irbank_pl_consolidated=16500,https://kabutan.jp/stock/finance?code=6622,https://irbank.net/E01750/results,2026-09-01T16:23:03.525957+09:00
FY2027-03,6622,operating_income_plan,25000,JPY_million,100,OK,kabutan_fy,25000,"25,000",kabutan_fy10,25000,"25,000",kabutan_fy=25000|kabutan_fy10=25000|kabutan_fy_profit=25000|irbank_pl_consolidated=25000,https://kabutan.jp/stock/finance?code=6622,https://kabutan.jp/stock/finance?code=6622,2026-09-01T16:23:03.525957+09:00
FY2027-03,6622,operating_margin_plan,8.93,pct,0.01,OK,kabutan_fy_profit,8.93,8.93,irbank_pl_consolidated,8.93,8.93,kabutan_fy_profit=8.93|irbank_pl_consolidated=8.93,https://kabutan.jp/stock/finance?code=6622,https://irbank.net/E01750/results,2026-09-01T16:23:03.525957+09:00
FY2027-03,6622,ordinary_income_plan,25500,JPY_million,100,OK,kabutan_fy,25500,"25,500",kabutan_fy10,25500,"25,500",kabutan_fy=25500|kabutan_fy10=25500|irbank_pl_consolidated=25500,https://kabutan.jp/stock/finance?code=6622,https://kabutan.jp/stock/finance?code=6622,2026-09-01T16:23:03.525957+09:00
FY2027-03,6622,revenue_plan,280000,JPY_million,100,OK,kabutan_fy,280000,"280,000",kabutan_fy10,280000,"280,000",kabutan_fy=280000|kabutan_fy10=280000|kabutan_fy_profit=280000|irbank_pl_consolidated=280000,https://kabutan.jp/stock/finance?code=6622,https://kabutan.jp/stock/finance?code=6622,2026-09-01T16:23:03.525957+09:00
FY2027-03,6622,roa_plan,5.2,pct,0.1,OK,kabutan_fy_profit,5.2,5.20,irbank_pl_consolidated,5.2,5.2,kabutan_fy_profit=5.2|irbank_pl_consolidated=5.2,https://kabutan.jp/stock/finance?code=6622,https://irbank.net/E01750/results,2026-09-01T16:23:03.525957+09:00
FY2027-03,6622,roe_plan,10.54,pct,0.01,OK,kabutan_fy_profit,10.54,10.54,irbank_pl_consolidated,10.54,10.54,kabutan_fy_profit=10.54|irbank_pl_consolidated=10.54,https://kabutan.jp/stock/finance?code=6622,https://irbank.net/E01750/results,2026-09-01T16:23:03.525957+09:00
H2023-04_2023-09,6622,eps,,JPY,0.1,SINGLE_SOURCE,kabutan_half,166.6,166.6,,,,kabutan_half=166.6,https://kabutan.jp/stock/finance?code=6622,,2026-09-01T16:23:03.525957+09:00
H2023-04_2023-09,6622,net_income,,JPY_million,1,SINGLE_SOURCE,kabutan_half,4087,"4,087",,,,kabutan_half=4087,https://kabutan.jp/stock/finance?code=6622,,2026-09-01T16:23:03.525957+09:00
H2023-04_2023-09,6622,operating_income,,JPY_million,1,SINGLE_SOURCE,kabutan_half,5071,"5,071",,,,kabutan_half=5071,https://kabutan.jp/stock/finance?code=6622,,2026-09-01T16:23:03.525957+09:00
H2023-04_2023-09,6622,ordinary_income,,JPY_million,1,SINGLE_SOURCE,kabutan_half,5785,"5,785",,,,kabutan_half=5785,https://kabutan.jp/stock/finance?code=6622,,2026-09-01T16:23:03.525957+09:00
H2023-04_2023-09,6622,revenue,,JPY_million,1,SINGLE_SOURCE,kabutan_half,78935,"78,935",,,,kabutan_half=78935,https://kabutan.jp/stock/finance?code=6622,,2026-09-01T16:23:03.525957+09:00
H2024-04_2024-09,6622,eps,,JPY,0.1,SINGLE_SOURCE,kabutan_half,173.3,173.3,,,,kabutan_half=173.3,https://kabutan.jp/stock/finance?code=6622,,2026-09-01T16:23:03.525957+09:00
H2024-04_2024-09,6622,net_income,,JPY_million,1,SINGLE_SOURCE,kabutan_half,4215,"4,215",,,,kabutan_half=4215,https://kabutan.jp/stock/finance?code=6622,,2026-09-01T16:23:03.525957+09:00
H2024-04_2024-09,6622,operating_income,,JPY_million,1,SINGLE_SOURCE,kabutan_half,5064,"5,064",,,,kabutan_half=5064,https://kabutan.jp/stock/finance?code=6622,,2026-09-01T16:23:03.525957+09:00
H2024-04_2024-09,6622,ordinary_income,,JPY_million,1,SINGLE_SOURCE,kabutan_half,5766,"5,766",,,,kabutan_half=5766,https://kabutan.jp/stock/finance?code=6622,,2026-09-01T16:23:03.525957+09:00
H2024-04_2024-09,6622,revenue,,JPY_million,1,SINGLE_SOURCE,kabutan_half,96088,"96,088",,,,kabutan_half=96088,https://kabutan.jp/stock/finance?code=6622,,2026-09-01T16:23:03.525957+09:00
H2025-04_2025-09,6622,eps,,JPY,0.1,SINGLE_SOURCE,kabutan_half,216.4,216.4,,,,kabutan_half=216.4,https://kabutan.jp/stock/finance?code=6622,,2026-09-01T16:23:03.525957+09:00
H2025-04_2025-09,6622,net_income,,JPY_million,1,SINGLE_SOURCE,kabutan_half,5173,"5,173",,,,kabutan_half=5173,https://kabutan.jp/stock/finance?code=6622,,2026-09-01T16:23:03.525957+09:00
H2025-04_2025-09,6622,operating_income,,JPY_million,1,SINGLE_SOURCE,kabutan_half,6932,"6,932",,,,kabutan_half=6932,https://kabutan.jp/stock/finance?code=6622,,2026-09-01T16:23:03.525957+09:00
H2025-04_2025-09,6622,ordinary_income,,JPY_million,1,SINGLE_SOURCE,kabutan_half,7896,"7,896",,,,kabutan_half=7896,https://kabutan.jp/stock/finance?code=6622,,2026-09-01T16:23:03.525957+09:00
H2025-04_2025-09,6622,revenue,,JPY_million,1,SINGLE_SOURCE,kabutan_half,105253,"105,253",,,,kabutan_half=105253,https://kabutan.jp/stock/finance?code=6622,,2026-09-01T16:23:03.525957+09:00
H2026-04_2026-09,6622,eps_plan,,JPY,0.1,SINGLE_SOURCE,kabutan_half,254.1,254.1,,,,kabutan_half=254.1,https://kabutan.jp/stock/finance?code=6622,,2026-09-01T16:23:03.525957+09:00
H2026-04_2026-09,6622,net_income_plan,,JPY_million,1,SINGLE_SOURCE,kabutan_half,6000,"6,000",,,,kabutan_half=6000,https://kabutan.jp/stock/finance?code=6622,,2026-09-01T16:23:03.525957+09:00
H2026-04_2026-09,6622,operating_income_plan,,JPY_million,1,SINGLE_SOURCE,kabutan_half,9000,"9,000",,,,kabutan_half=9000,https://kabutan.jp/stock/finance?code=6622,,2026-09-01T16:23:03.525957+09:00
H2026-04_2026-09,6622,ordinary_income_plan,,JPY_million,1,SINGLE_SOURCE,kabutan_half,9500,"9,500",,,,kabutan_half=9500,https://kabutan.jp/stock/finance?code=6622,,2026-09-01T16:23:03.525957+09:00
H2026-04_2026-09,6622,revenue_plan,,JPY_million,1,SINGLE_SOURCE,kabutan_half,125000,"125,000",,,,kabutan_half=125000,https://kabutan.jp/stock/finance?code=6622,,2026-09-01T16:23:03.525957+09:00
Q2021-07_2021-09,6622,revenue,,JPY_million,1,SINGLE_SOURCE,kabutan_q10,37365,"37,365",,,,kabutan_q10=37365,https://kabutan.jp/stock/finance?code=6622,,2026-09-01T16:23:03.525957+09:00
Q2021-10_2021-12,6622,revenue,,JPY_million,1,SINGLE_SOURCE,kabutan_q10,39039,"39,039",,,,kabutan_q10=39039,https://kabutan.jp/stock/finance?code=6622,,2026-09-01T16:23:03.525957+09:00
Q2022-01_2022-03,6622,revenue,,JPY_million,1,SINGLE_SOURCE,kabutan_q10,49687,"49,687",,,,kabutan_q10=49687,https://kabutan.jp/stock/finance?code=6622,,2026-09-01T16:23:03.525957+09:00
Q2022-04_2022-06,6622,cost_ratio,,pct,0.01,SINGLE_SOURCE,irbank_q,71.29,71.29%,,,,irbank_q=71.29,https://irbank.net/E01750/quarter,,2026-09-01T16:23:03.525957+09:00
Q2022-04_2022-06,6622,operating_income,,JPY_million,10,SINGLE_SOURCE,irbank_q,1820,18.2億,,,,irbank_q=1820,https://irbank.net/E01750/quarter,,2026-09-01T16:23:03.525957+09:00
Q2022-04_2022-06,6622,operating_margin,,pct,0.01,SINGLE_SOURCE,irbank_q,4.96,4.96%,,,,irbank_q=4.96,https://irbank.net/E01750/quarter,,2026-09-01T16:23:03.525957+09:00
Q2022-04_2022-06,6622,ordinary_income,,JPY_million,10,SINGLE_SOURCE,irbank_q,2370,23.7億,,,,irbank_q=2370,https://irbank.net/E01750/quarter,,2026-09-01T16:23:03.525957+09:00
Q2022-04_2022-06,6622,revenue,36666,JPY_million,100,OK|ROUNDING,kabutan_q10,36666,"36,666",irbank_q,36700,367億,kabutan_q10=36666|irbank_q=36700,https://kabutan.jp/stock/finance?code=6622,https://irbank.net/E01750/quarter,2026-09-01T16:23:03.525957+09:00
Q2022-04_2022-06,6622,sga_ratio,,pct,0.01,SINGLE_SOURCE,irbank_q,23.74,23.74%,,,,irbank_q=23.74,https://irbank.net/E01750/quarter,,2026-09-01T16:23:03.525957+09:00
Q2022-07_2022-09,6622,cost_ratio,,pct,0.01,SINGLE_SOURCE,irbank_q,69.02,69.02%,,,,irbank_q=69.02,https://irbank.net/E01750/quarter,,2026-09-01T16:23:03.525957+09:00
Q2022-07_2022-09,6622,operating_income,,JPY_million,10,SINGLE_SOURCE,irbank_q,5540,55.4億,,,,irbank_q=5540,https://irbank.net/E01750/quarter,,2026-09-01T16:23:03.525957+09:00
Q2022-07_2022-09,6622,operating_margin,,pct,0.1,SINGLE_SOURCE,irbank_q,11.9,11.9%,,,,irbank_q=11.9,https://irbank.net/E01750/quarter,,2026-09-01T16:23:03.525957+09:00
Q2022-07_2022-09,6622,ordinary_income,,JPY_million,10,SINGLE_SOURCE,irbank_q,5850,58.5億,,,,irbank_q=5850,https://irbank.net/E01750/quarter,,2026-09-01T16:23:03.525957+09:00
Q2022-07_2022-09,6622,revenue,46520,JPY_million,100,OK|ROUNDING,kabutan_q10,46520,"46,520",irbank_q,46500,465億,kabutan_q10=46520|irbank_q=46500,https://kabutan.jp/stock/finance?code=6622,https://irbank.net/E01750/quarter,2026-09-01T16:23:03.525957+09:00
Q2022-07_2022-09,6622,sga_ratio,,pct,0.01,SINGLE_SOURCE,irbank_q,19.09,19.09%,,,,irbank_q=19.09,https://irbank.net/E01750/quarter,,2026-09-01T16:23:03.525957+09:00
Q2022-10_2022-12,6622,cost_ratio,,pct,0.01,SINGLE_SOURCE,irbank_q,70.84,70.84%,,,,irbank_q=70.84,https://irbank.net/E01750/quarter,,2026-09-01T16:23:03.525957+09:00
Q2022-10_2022-12,6622,operating_income,,JPY_million,10,SINGLE_SOURCE,irbank_q,3850,38.5億,,,,irbank_q=3850,https://irbank.net/E01750/quarter,,2026-09-01T16:23:03.525957+09:00
Q2022-10_2022-12,6622,operating_margin,,pct,0.01,SINGLE_SOURCE,irbank_q,8.73,8.73%,,,,irbank_q=8.73,https://irbank.net/E01750/quarter,,2026-09-01T16:23:03.525957+09:00
Q2022-10_2022-12,6622,ordinary_income,,JPY_million,10,SINGLE_SOURCE,irbank_q,3870,38.7億,,,,irbank_q=3870,https://irbank.net/E01750/quarter,,2026-09-01T16:23:03.525957+09:00
Q2022-10_2022-12,6622,revenue,44060,JPY_million,100,OK|ROUNDING,kabutan_q10,44060,"44,060",irbank_q,44100,441億,kabutan_q10=44060|irbank_q=44100,https://kabutan.jp/stock/finance?code=6622,https://irbank.net/E01750/quarter,2026-09-01T16:23:03.525957+09:00
Q2022-10_2022-12,6622,sga_ratio,,pct,0.01,SINGLE_SOURCE,irbank_q,20.43,20.43%,,,,irbank_q=20.43,https://irbank.net/E01750/quarter,,2026-09-01T16:23:03.525957+09:00
Q2023-01_2023-03,6622,cost_ratio,,pct,0.01,SINGLE_SOURCE,irbank_q,73.47,73.47%,,,,irbank_q=73.47,https://irbank.net/E01750/quarter,,2026-09-01T16:23:03.525957+09:00
Q2023-01_2023-03,6622,operating_income,,JPY_million,10,SINGLE_SOURCE,irbank_q,5370,53.7億,,,,irbank_q=5370,https://irbank.net/E01750/quarter,,2026-09-01T16:23:03.525957+09:00
Q2023-01_2023-03,6622,operating_margin,,pct,0.01,SINGLE_SOURCE,irbank_q,9.25,9.25%,,,,irbank_q=9.25,https://irbank.net/E01750/quarter,,2026-09-01T16:23:03.525957+09:00
Q2023-01_2023-03,6622,ordinary_income,,JPY_million,10,SINGLE_SOURCE,irbank_q,5580,55.8億,,,,irbank_q=5580,https://irbank.net/E01750/quarter,,2026-09-01T16:23:03.525957+09:00
Q2023-01_2023-03,6622,revenue,58042,JPY_million,100,OK|ROUNDING,kabutan_q10,58042,"58,042",irbank_q,58000,580億,kabutan_q10=58042|irbank_q=58000,https://kabutan.jp/stock/finance?code=6622,https://irbank.net/E01750/quarter,2026-09-01T16:23:03.525957+09:00
Q2023-01_2023-03,6622,sga_ratio,,pct,0.01,SINGLE_SOURCE,irbank_q,17.29,17.29%,,,,irbank_q=17.29,https://irbank.net/E01750/quarter,,2026-09-01T16:23:03.525957+09:00
Q2023-04_2023-06,6622,cost_ratio,,pct,0.01,SINGLE_SOURCE,irbank_q,72.03,72.03%+0.74%,,,,irbank_q=72.03,https://irbank.net/E01750/quarter,,2026-09-01T16:23:03.525957+09:00
Q2023-04_2023-06,6622,operating_income,,JPY_million,1,SINGLE_SOURCE,irbank_q,772,7.72億-57.6%,,,,irbank_q=772,https://irbank.net/E01750/quarter,,2026-09-01T16:23:03.525957+09:00
Q2023-04_2023-06,6622,operating_margin,,pct,0.01,SINGLE_SOURCE,irbank_q,2.19,2.19%-2.77%,,,,irbank_q=2.19,https://irbank.net/E01750/quarter,,2026-09-01T16:23:03.525957+09:00
Q2023-04_2023-06,6622,ordinary_income,,JPY_million,10,SINGLE_SOURCE,irbank_q,1330,13.3億-43.7%,,,,irbank_q=1330,https://irbank.net/E01750/quarter,,2026-09-01T16:23:03.525957+09:00
Q2023-04_2023-06,6622,revenue,35290,JPY_million,100,OK|ROUNDING,kabutan_q10,35290,"35,290",irbank_q,35300,353億-3.8%,kabutan_q10=35290|irbank_q=35300,https://kabutan.jp/stock/finance?code=6622,https://irbank.net/E01750/quarter,2026-09-01T16:23:03.525957+09:00
Q2023-04_2023-06,6622,sga_ratio,,pct,0.01,SINGLE_SOURCE,irbank_q,25.79,25.79%+2.05%,,,,irbank_q=25.79,https://irbank.net/E01750/quarter,,2026-09-01T16:23:03.525957+09:00
Q2023-07_2023-09,6622,cost_ratio,,pct,0.01,SINGLE_SOURCE,irbank_q,69.97,69.97%+0.95%,,,,irbank_q=69.97,https://irbank.net/E01750/quarter,,2026-09-01T16:23:03.525957+09:00
Q2023-07_2023-09,6622,operating_income,,JPY_million,100,SINGLE_SOURCE,irbank_q,4300,43億-22.3%,,,,irbank_q=4300,https://irbank.net/E01750/quarter,,2026-09-01T16:23:03.525957+09:00
Q2023-07_2023-09,6622,operating_margin,,pct,0.01,SINGLE_SOURCE,irbank_q,9.85,9.85%-2.05%,,,,irbank_q=9.85,https://irbank.net/E01750/quarter,,2026-09-01T16:23:03.525957+09:00
Q2023-07_2023-09,6622,ordinary_income,,JPY_million,10,SINGLE_SOURCE,irbank_q,4450,44.5億-23.8%,,,,irbank_q=4450,https://irbank.net/E01750/quarter,,2026-09-01T16:23:03.525957+09:00
Q2023-07_2023-09,6622,revenue,43645,JPY_million,100,OK|ROUNDING,kabutan_q10,43645,"43,645",irbank_q,43600,436億-6.2%,kabutan_q10=43645|irbank_q=43600,https://kabutan.jp/stock/finance?code=6622,https://irbank.net/E01750/quarter,2026-09-01T16:23:03.525957+09:00
Q2023-07_2023-09,6622,sga_ratio,,pct,0.01,SINGLE_SOURCE,irbank_q,20.17,20.17%+1.08%,,,,irbank_q=20.17,https://irbank.net/E01750/quarter,,2026-09-01T16:23:03.525957+09:00
Q2023-10_2023-12,6622,cost_ratio,,pct,0.01,SINGLE_SOURCE,irbank_q,72.92,72.92%+2.08%,,,,irbank_q=72.92,https://irbank.net/E01750/quarter,,2026-09-01T16:23:03.525957+09:00
Q2023-10_2023-12,6622,eps,,JPY,0.1,SINGLE_SOURCE,kabutan_record_q,292.9,292.9,,,,kabutan_record_q=292.9,https://kabutan.jp/stock/finance?code=6622,,2026-09-01T16:23:03.525957+09:00
Q2023-10_2023-12,6622,net_income,,JPY_million,1,SINGLE_SOURCE,kabutan_record_q,7182,"7,182",,,,kabutan_record_q=7182,https://kabutan.jp/stock/finance?code=6622,,2026-09-01T16:23:03.525957+09:00
Q2023-10_2023-12,6622,operating_income,,JPY_million,10,SINGLE_SOURCE,irbank_q,2750,27.5億-28.6%,,,,irbank_q=2750,https://irbank.net/E01750/quarter,,2026-09-01T16:23:03.525957+09:00
Q2023-10_2023-12,6622,operating_margin,,pct,0.01,SINGLE_SOURCE,irbank_q,5.69,5.69%-3.04%,,,,irbank_q=5.69,https://irbank.net/E01750/quarter,,2026-09-01T16:23:03.525957+09:00
Q2023-10_2023-12,6622,ordinary_income,,JPY_million,10,SINGLE_SOURCE,irbank_q,2730,27.3億-29.4%,,,,irbank_q=2730,https://irbank.net/E01750/quarter,,2026-09-01T16:23:03.525957+09:00
Q2023-10_2023-12,6622,revenue,48300,JPY_million,100,OK,kabutan_q10,48300,"48,300",irbank_q,48300,483億+9.6%,kabutan_q10=48300|irbank_q=48300,https://kabutan.jp/stock/finance?code=6622,https://irbank.net/E01750/quarter,2026-09-01T16:23:03.525957+09:00
Q2023-10_2023-12,6622,sga_ratio,,pct,0.01,SINGLE_SOURCE,irbank_q,21.39,21.39%+0.96%,,,,irbank_q=21.39,https://irbank.net/E01750/quarter,,2026-09-01T16:23:03.525957+09:00
Q2024-01_2024-03,6622,cost_ratio,,pct,0.01,SINGLE_SOURCE,irbank_q,71.71,71.71%-1.76%,,,,irbank_q=71.71,https://irbank.net/E01750/quarter,,2026-09-01T16:23:03.525957+09:00
Q2024-01_2024-03,6622,operating_income,7327,JPY_million,10,OK|ROUNDING,kabutan_record_q,7327,"7,327",irbank_q,7330,73.3億+36.5%,kabutan_record_q=7327|irbank_q=7330,https://kabutan.jp/stock/finance?code=6622,https://irbank.net/E01750/quarter,2026-09-01T16:23:03.525957+09:00
Q2024-01_2024-03,6622,operating_margin,,pct,0.01,SINGLE_SOURCE,irbank_q,11.95,11.95%+2.7%,,,,irbank_q=11.95,https://irbank.net/E01750/quarter,,2026-09-01T16:23:03.525957+09:00
Q2024-01_2024-03,6622,ordinary_income,7568,JPY_million,10,OK|ROUNDING,kabutan_record_q,7568,"7,568",irbank_q,7570,75.7億+35.6%,kabutan_record_q=7568|irbank_q=7570,https://kabutan.jp/stock/finance?code=6622,https://irbank.net/E01750/quarter,2026-09-01T16:23:03.525957+09:00
Q2024-01_2024-03,6622,revenue,61336,JPY_million,100,OK|ROUNDING,kabutan_q10,61336,"61,336",irbank_q,61300,613億+5.7%,kabutan_q10=61336|irbank_q=61300,https://kabutan.jp/stock/finance?code=6622,https://irbank.net/E01750/quarter,2026-09-01T16:23:03.525957+09:00
Q2024-01_2024-03,6622,sga_ratio,,pct,0.01,SINGLE_SOURCE,irbank_q,16.34,16.34%-0.95%,,,,irbank_q=16.34,https://irbank.net/E01750/quarter,,2026-09-01T16:23:03.525957+09:00
Q2024-04_2024-06,6622,cost_ratio,,pct,0.01,SINGLE_SOURCE,irbank_q,71.21,71.21%-0.82%,,,,irbank_q=71.21,https://irbank.net/E01750/quarter,,2026-09-01T16:23:03.525957+09:00
Q2024-04_2024-06,6622,eps,,JPY,0.1,SINGLE_SOURCE,kabutan_ytd_h1,26.8,26.8,,,,kabutan_ytd_h1=26.8,https://kabutan.jp/stock/finance?code=6622,,2026-09-01T16:23:03.525957+09:00
Q2024-04_2024-06,6622,net_income,,JPY_million,1,SINGLE_SOURCE,kabutan_ytd_h1,652,652,,,,kabutan_ytd_h1=652,https://kabutan.jp/stock/finance?code=6622,,2026-09-01T16:23:03.525957+09:00
Q2024-04_2024-06,6622,operating_income,901,JPY_million,1,OK,kabutan_ytd_h1,901,901,irbank_q,901,9.01億+16.7%,kabutan_ytd_h1=901|irbank_q=901,https://kabutan.jp/stock/finance?code=6622,https://irbank.net/E01750/quarter,2026-09-01T16:23:03.525957+09:00
Q2024-04_2024-06,6622,operating_margin,,pct,0.01,SINGLE_SOURCE,irbank_q,2.08,2.08%-0.11%,,,,irbank_q=2.08,https://irbank.net/E01750/quarter,,2026-09-01T16:23:03.525957+09:00
Q2024-04_2024-06,6622,ordinary_income,1494,JPY_million,10,OK|ROUNDING,kabutan_ytd_h1,1494,"1,494",irbank_q,1490,14.9億+12%,kabutan_ytd_h1=1494|irbank_q=1490,https://kabutan.jp/stock/finance?code=6622,https://irbank.net/E01750/quarter,2026-09-01T16:23:03.525957+09:00
Q2024-04_2024-06,6622,revenue,43306,JPY_million,100,OK|ROUNDING,kabutan_ytd_h1,43306,"43,306",kabutan_q10,43306,"43,306",kabutan_ytd_h1=43306|kabutan_q10=43306|irbank_q=43300,https://kabutan.jp/stock/finance?code=6622,https://kabutan.jp/stock/finance?code=6622,2026-09-01T16:23:03.525957+09:00
Q2024-04_2024-06,6622,sga_ratio,,pct,0.1,SINGLE_SOURCE,irbank_q,26.7,26.7%+0.91%,,,,irbank_q=26.7,https://irbank.net/E01750/quarter,,2026-09-01T16:23:03.525957+09:00
Q2024-07_2024-09,6622,cost_ratio,,pct,0.01,SINGLE_SOURCE,irbank_q,70.71,70.71%+0.74%,,,,irbank_q=70.71,https://irbank.net/E01750/quarter,,2026-09-01T16:23:03.525957+09:00
Q2024-07_2024-09,6622,eps,,JPY,0.1,SINGLE_SOURCE,kabutan_q,146.5,146.5,,,,kabutan_q=146.5,https://kabutan.jp/stock/finance?code=6622,,2026-09-01T16:23:03.525957+09:00
Q2024-07_2024-09,6622,net_income,,JPY_million,1,SINGLE_SOURCE,kabutan_q,3563,"3,563",,,,kabutan_q=3563,https://kabutan.jp/stock/finance?code=6622,,2026-09-01T16:23:03.525957+09:00
Q2024-07_2024-09,6622,operating_income,4163,JPY_million,10,OK|ROUNDING,kabutan_q,4163,"4,163",irbank_q,4160,41.6億-3.2%,kabutan_q=4163|irbank_q=4160,https://kabutan.jp/stock/finance?code=6622,https://irbank.net/E01750/quarter,2026-09-01T16:23:03.525957+09:00
Q2024-07_2024-09,6622,operating_margin,7.89,pct,0.1,OK|ROUNDING,kabutan_q,7.9,7.9,irbank_q,7.89,7.89%-1.96%,kabutan_q=7.9|irbank_q=7.89,https://kabutan.jp/stock/finance?code=6622,https://irbank.net/E01750/quarter,2026-09-01T16:23:03.525957+09:00
Q2024-07_2024-09,6622,ordinary_income,4272,JPY_million,10,OK|ROUNDING,kabutan_q,4272,"4,272",irbank_q,4270,42.7億-4%,kabutan_q=4272|irbank_q=4270,https://kabutan.jp/stock/finance?code=6622,https://irbank.net/E01750/quarter,2026-09-01T16:23:03.525957+09:00
Q2024-07_2024-09,6622,revenue,52782,JPY_million,100,OK|ROUNDING,kabutan_q,52782,"52,782",kabutan_q10,52782,"52,782",kabutan_q=52782|kabutan_q10=52782|irbank_q=52800,https://kabutan.jp/stock/finance?code=6622,https://kabutan.jp/stock/finance?code=6622,2026-09-01T16:23:03.525957+09:00
Q2024-07_2024-09,6622,sga_ratio,,pct,0.1,SINGLE_SOURCE,irbank_q,21.4,21.4%+1.23%,,,,irbank_q=21.4,https://irbank.net/E01750/quarter,,2026-09-01T16:23:03.525957+09:00
Q2024-10_2024-12,6622,cost_ratio,,pct,0.01,SINGLE_SOURCE,irbank_q,71.06,71.06%-1.86%,,,,irbank_q=71.06,https://irbank.net/E01750/quarter,,2026-09-01T16:23:03.525957+09:00
Q2024-10_2024-12,6622,eps,,JPY,0.1,SINGLE_SOURCE,kabutan_q,141.4,141.4,,,,kabutan_q=141.4,https://kabutan.jp/stock/finance?code=6622,,2026-09-01T16:23:03.525957+09:00
Q2024-10_2024-12,6622,net_income,,JPY_million,1,SINGLE_SOURCE,kabutan_q,3438,"3,438",,,,kabutan_q=3438,https://kabutan.jp/stock/finance?code=6622,,2026-09-01T16:23:03.525957+09:00
Q2024-10_2024-12,6622,operating_income,5192,JPY_million,10,OK|ROUNDING,kabutan_q,5192,"5,192",irbank_q,5190,51.9億+89%,kabutan_q=5192|irbank_q=5190,https://kabutan.jp/stock/finance?code=6622,https://irbank.net/E01750/quarter,2026-09-01T16:23:03.525957+09:00
Q2024-10_2024-12,6622,operating_margin,8.69,pct,0.1,OK|ROUNDING,kabutan_q,8.7,8.7,irbank_q,8.69,8.69%+3%,kabutan_q=8.7|irbank_q=8.69,https://kabutan.jp/stock/finance?code=6622,https://irbank.net/E01750/quarter,2026-09-01T16:23:03.525957+09:00
Q2024-10_2024-12,6622,ordinary_income,5475,JPY_million,10,OK|ROUNDING,kabutan_q,5475,"5,475",irbank_q,5480,54.8億+100.6%,kabutan_q=5475|irbank_q=5480,https://kabutan.jp/stock/finance?code=6622,https://irbank.net/E01750/quarter,2026-09-01T16:23:03.525957+09:00
Q2024-10_2024-12,6622,revenue,59737,JPY_million,100,OK|ROUNDING,kabutan_q,59737,"59,737",kabutan_q10,59737,"59,737",kabutan_q=59737|kabutan_q10=59737|irbank_q=59700,https://kabutan.jp/stock/finance?code=6622,https://kabutan.jp/stock/finance?code=6622,2026-09-01T16:23:03.525957+09:00
Q2024-10_2024-12,6622,sga_ratio,,pct,0.01,SINGLE_SOURCE,irbank_q,20.24,20.24%-1.15%,,,,irbank_q=20.24,https://irbank.net/E01750/quarter,,2026-09-01T16:23:03.525957+09:00
Q2025-01_2025-03,6622,cost_ratio,,pct,0.01,SINGLE_SOURCE,irbank_q,73.57,73.57%+1.86%,,,,irbank_q=73.57,https://irbank.net/E01750/quarter,,2026-09-01T16:23:03.525957+09:00
Q2025-01_2025-03,6622,eps,,JPY,0.1,SINGLE_SOURCE,kabutan_q,177.7,177.7,,,,kabutan_q=177.7,https://kabutan.jp/stock/finance?code=6622,,2026-09-01T16:23:03.525957+09:00
Q2025-01_2025-03,6622,net_income,,JPY_million,1,SINGLE_SOURCE,kabutan_q,4308,"4,308",,,,kabutan_q=4308,https://kabutan.jp/stock/finance?code=6622,,2026-09-01T16:23:03.525957+09:00
Q2025-01_2025-03,6622,operating_income,5918,JPY_million,10,OK|ROUNDING,kabutan_q,5918,"5,918",irbank_q,5920,59.2億-19.2%,kabutan_q=5918|irbank_q=5920,https://kabutan.jp/stock/finance?code=6622,https://irbank.net/E01750/quarter,2026-09-01T16:23:03.525957+09:00
Q2025-01_2025-03,6622,operating_margin,8.39,pct,0.1,OK|ROUNDING,kabutan_q,8.4,8.4,irbank_q,8.39,8.39%-3.56%,kabutan_q=8.4|irbank_q=8.39,https://kabutan.jp/stock/finance?code=6622,https://irbank.net/E01750/quarter,2026-09-01T16:23:03.525957+09:00
Q2025-01_2025-03,6622,ordinary_income,5941,JPY_million,10,OK|ROUNDING,kabutan_q,5941,"5,941",irbank_q,5940,59.4億-21.5%,kabutan_q=5941|irbank_q=5940,https://kabutan.jp/stock/finance?code=6622,https://irbank.net/E01750/quarter,2026-09-01T16:23:03.525957+09:00
Q2025-01_2025-03,6622,revenue,70550,JPY_million,100,OK|ROUNDING,kabutan_q,70550,"70,550",kabutan_q10,70550,"70,550",kabutan_q=70550|kabutan_q10=70550|irbank_q=70600,https://kabutan.jp/stock/finance?code=6622,https://kabutan.jp/stock/finance?code=6622,2026-09-01T16:23:03.525957+09:00
Q2025-01_2025-03,6622,sga_ratio,,pct,0.01,SINGLE_SOURCE,irbank_q,18.05,18.05%+1.71%,,,,irbank_q=18.05,https://irbank.net/E01750/quarter,,2026-09-01T16:23:03.525957+09:00
Q2025-04_2025-06,6622,cost_ratio,,pct,0.1,SINGLE_SOURCE,irbank_q,70.1,70.1%-1.11%,,,,irbank_q=70.1,https://irbank.net/E01750/quarter,,2026-09-01T16:23:03.525957+09:00
Q2025-04_2025-06,6622,eps,,JPY,0.1,SINGLE_SOURCE,kabutan_ytd_h1,82.5,82.5,kabutan_q,82.5,82.5,kabutan_ytd_h1=82.5|kabutan_q=82.5,https://kabutan.jp/stock/finance?code=6622,https://kabutan.jp/stock/finance?code=6622,2026-09-01T16:23:03.525957+09:00
Q2025-04_2025-06,6622,net_income,,JPY_million,1,SINGLE_SOURCE,kabutan_ytd_h1,1972,"1,972",kabutan_q,1972,"1,972",kabutan_ytd_h1=1972|kabutan_q=1972,https://kabutan.jp/stock/finance?code=6622,https://kabutan.jp/stock/finance?code=6622,2026-09-01T16:23:03.525957+09:00
Q2025-04_2025-06,6622,operating_income,3163,JPY_million,10,OK|ROUNDING,kabutan_ytd_h1,3163,"3,163",kabutan_q,3163,"3,163",kabutan_ytd_h1=3163|kabutan_q=3163|irbank_q=3160,https://kabutan.jp/stock/finance?code=6622,https://kabutan.jp/stock/finance?code=6622,2026-09-01T16:23:03.525957+09:00
Q2025-04_2025-06,6622,operating_margin,6.45,pct,0.1,OK|ROUNDING,kabutan_q,6.4,6.4,irbank_q,6.45,6.45%+4.37%,kabutan_q=6.4|irbank_q=6.45,https://kabutan.jp/stock/finance?code=6622,https://irbank.net/E01750/quarter,2026-09-01T16:23:03.525957+09:00
Q2025-04_2025-06,6622,ordinary_income,3776,JPY_million,10,OK|ROUNDING,kabutan_ytd_h1,3776,"3,776",kabutan_q,3776,"3,776",kabutan_ytd_h1=3776|kabutan_q=3776|irbank_q=3780,https://kabutan.jp/stock/finance?code=6622,https://kabutan.jp/stock/finance?code=6622,2026-09-01T16:23:03.525957+09:00
Q2025-04_2025-06,6622,revenue,49063,JPY_million,100,OK|ROUNDING,kabutan_ytd_h1,49063,"49,063",kabutan_q,49063,"49,063",kabutan_ytd_h1=49063|kabutan_q=49063|kabutan_q10=49063|irbank_q=49100,https://kabutan.jp/stock/finance?code=6622,https://kabutan.jp/stock/finance?code=6622,2026-09-01T16:23:03.525957+09:00
Q2025-04_2025-06,6622,sga_ratio,,pct,0.01,SINGLE_SOURCE,irbank_q,23.45,23.45%-3.25%,,,,irbank_q=23.45,https://irbank.net/E01750/quarter,,2026-09-01T16:23:03.525957+09:00
Q2025-07_2025-09,6622,cost_ratio,,pct,0.1,SINGLE_SOURCE,irbank_q,72.1,72.1%+1.39%,,,,irbank_q=72.1,https://irbank.net/E01750/quarter,,2026-09-01T16:23:03.525957+09:00
Q2025-07_2025-09,6622,eps,,JPY,0.1,SINGLE_SOURCE,kabutan_q,133.9,133.9,,,,kabutan_q=133.9,https://kabutan.jp/stock/finance?code=6622,,2026-09-01T16:23:03.525957+09:00
Q2025-07_2025-09,6622,net_income,,JPY_million,1,SINGLE_SOURCE,kabutan_q,3201,"3,201",,,,kabutan_q=3201,https://kabutan.jp/stock/finance?code=6622,,2026-09-01T16:23:03.525957+09:00
Q2025-07_2025-09,6622,operating_income,3769,JPY_million,10,OK|ROUNDING,kabutan_q,3769,"3,769",irbank_q,3770,37.7億-9.5%,kabutan_q=3769|irbank_q=3770,https://kabutan.jp/stock/finance?code=6622,https://irbank.net/E01750/quarter,2026-09-01T16:23:03.525957+09:00
Q2025-07_2025-09,6622,operating_margin,6.71,pct,0.1,OK|ROUNDING,kabutan_q,6.7,6.7,irbank_q,6.71,6.71%-1.18%,kabutan_q=6.7|irbank_q=6.71,https://kabutan.jp/stock/finance?code=6622,https://irbank.net/E01750/quarter,2026-09-01T16:23:03.525957+09:00
Q2025-07_2025-09,6622,ordinary_income,4120,JPY_million,10,OK,kabutan_q,4120,"4,120",irbank_q,4120,41.2億-3.6%,kabutan_q=4120|irbank_q=4120,https://kabutan.jp/stock/finance?code=6622,https://irbank.net/E01750/quarter,2026-09-01T16:23:03.525957+09:00
Q2025-07_2025-09,6622,revenue,56190,JPY_million,100,OK|ROUNDING,kabutan_q,56190,"56,190",kabutan_q10,56190,"56,190",kabutan_q=56190|kabutan_q10=56190|irbank_q=56200,https://kabutan.jp/stock/finance?code=6622,https://kabutan.jp/stock/finance?code=6622,2026-09-01T16:23:03.525957+09:00
Q2025-07_2025-09,6622,sga_ratio,,pct,0.01,SINGLE_SOURCE,irbank_q,21.19,21.19%-0.21%,,,,irbank_q=21.19,https://irbank.net/E01750/quarter,,2026-09-01T16:23:03.525957+09:00
Q2025-10_2025-12,6622,cost_ratio,,pct,0.01,SINGLE_SOURCE,irbank_q,69.15,69.15%-1.91%,,,,irbank_q=69.15,https://irbank.net/E01750/quarter,,2026-09-01T16:23:03.525957+09:00
Q2025-10_2025-12,6622,eps,,JPY,0.1,SINGLE_SOURCE,kabutan_q,175.4,175.4,,,,kabutan_q=175.4,https://kabutan.jp/stock/finance?code=6622,,2026-09-01T16:23:03.525957+09:00
Q2025-10_2025-12,6622,net_income,,JPY_million,1,SINGLE_SOURCE,kabutan_q,4193,"4,193",,,,kabutan_q=4193,https://kabutan.jp/stock/finance?code=6622,,2026-09-01T16:23:03.525957+09:00
Q2025-10_2025-12,6622,operating_income,5546,JPY_million,10,OK|ROUNDING,kabutan_q,5546,"5,546",irbank_q,5550,55.5億+6.8%,kabutan_q=5546|irbank_q=5550,https://kabutan.jp/stock/finance?code=6622,https://irbank.net/E01750/quarter,2026-09-01T16:23:03.525957+09:00
Q2025-10_2025-12,6622,operating_margin,9.53,pct,0.1,OK|ROUNDING,kabutan_q,9.5,9.5,irbank_q,9.53,9.53%+0.84%,kabutan_q=9.5|irbank_q=9.53,https://kabutan.jp/stock/finance?code=6622,https://irbank.net/E01750/quarter,2026-09-01T16:23:03.525957+09:00
Q2025-10_2025-12,6622,ordinary_income,5982,JPY_million,10,OK|ROUNDING,kabutan_q,5982,"5,982",irbank_q,5980,59.8億+9.3%,kabutan_q=5982|irbank_q=5980,https://kabutan.jp/stock/finance?code=6622,https://irbank.net/E01750/quarter,2026-09-01T16:23:03.525957+09:00
Q2025-10_2025-12,6622,revenue,58170,JPY_million,100,OK|ROUNDING,kabutan_q,58170,"58,170",kabutan_q10,58170,"58,170",kabutan_q=58170|kabutan_q10=58170|irbank_q=58200,https://kabutan.jp/stock/finance?code=6622,https://kabutan.jp/stock/finance?code=6622,2026-09-01T16:23:03.525957+09:00
Q2025-10_2025-12,6622,sga_ratio,,pct,0.01,SINGLE_SOURCE,irbank_q,21.32,21.32%+1.08%,,,,irbank_q=21.32,https://irbank.net/E01750/quarter,,2026-09-01T16:23:03.525957+09:00
Q2026-01_2026-03,6622,cost_ratio,,pct,0.01,SINGLE_SOURCE,irbank_q,72.79,72.79%-0.78%,,,,irbank_q=72.79,https://irbank.net/E01750/quarter,,2026-09-01T16:23:03.525957+09:00
Q2026-01_2026-03,6622,eps,,JPY,0.1,SINGLE_SOURCE,kabutan_q,198.8,198.8,,,,kabutan_q=198.8,https://kabutan.jp/stock/finance?code=6622,,2026-09-01T16:23:03.525957+09:00
Q2026-01_2026-03,6622,net_income,,JPY_million,1,SINGLE_SOURCE,kabutan_q,4742,"4,742",,,,kabutan_q=4742,https://kabutan.jp/stock/finance?code=6622,,2026-09-01T16:23:03.525957+09:00
Q2026-01_2026-03,6622,operating_income,6300,JPY_million,100,OK,kabutan_q,6300,"6,300",irbank_q,6300,63億+6.5%,kabutan_q=6300|irbank_q=6300,https://kabutan.jp/stock/finance?code=6622,https://irbank.net/E01750/quarter,2026-09-01T16:23:03.525957+09:00
Q2026-01_2026-03,6622,operating_margin,8.48,pct,0.1,OK|ROUNDING,kabutan_q,8.5,8.5,irbank_q,8.48,8.48%+0.09%,kabutan_q=8.5|irbank_q=8.48,https://kabutan.jp/stock/finance?code=6622,https://irbank.net/E01750/quarter,2026-09-01T16:23:03.525957+09:00
Q2026-01_2026-03,6622,ordinary_income,6222,JPY_million,10,OK|ROUNDING,kabutan_q,6222,"6,222",irbank_q,6220,62.2億+4.7%,kabutan_q=6222|irbank_q=6220,https://kabutan.jp/stock/finance?code=6622,https://irbank.net/E01750/quarter,2026-09-01T16:23:03.525957+09:00
Q2026-01_2026-03,6622,revenue,74312,JPY_million,100,OK|ROUNDING,kabutan_q,74312,"74,312",kabutan_q10,74312,"74,312",kabutan_q=74312|kabutan_q10=74312|kabutan_record_q=74312|irbank_q=74300,https://kabutan.jp/stock/finance?code=6622,https://kabutan.jp/stock/finance?code=6622,2026-09-01T16:23:03.525957+09:00
Q2026-01_2026-03,6622,sga_ratio,,pct,0.01,SINGLE_SOURCE,irbank_q,18.73,18.73%+0.68%,,,,irbank_q=18.73,https://irbank.net/E01750/quarter,,2026-09-01T16:23:03.525957+09:00
Q2026-04_2026-06,6622,cost_ratio,,pct,0.01,SINGLE_SOURCE,irbank_q,69.92,69.92%-0.18%,,,,irbank_q=69.92,https://irbank.net/E01750/quarter,,2026-09-01T16:23:03.525957+09:00
Q2026-04_2026-06,6622,eps,,JPY,0.1,SINGLE_SOURCE,kabutan_ytd_h1,117.8,117.8,kabutan_q,117.8,117.8,kabutan_ytd_h1=117.8|kabutan_q=117.8|kabutan_q10=117.8,https://kabutan.jp/stock/finance?code=6622,https://kabutan.jp/stock/finance?code=6622,2026-09-01T16:23:03.525957+09:00
Q2026-04_2026-06,6622,equity,,JPY_million,1,SINGLE_SOURCE,kabutan_bs,156604,"156,604",,,,kabutan_bs=156604,https://kabutan.jp/stock/finance?code=6622,,2026-09-01T16:23:03.525957+09:00
Q2026-04_2026-06,6622,equity_ratio,,pct,0.1,SINGLE_SOURCE,kabutan_bs,49.4,49.4,,,,kabutan_bs=49.4,https://kabutan.jp/stock/finance?code=6622,,2026-09-01T16:23:03.525957+09:00
Q2026-04_2026-06,6622,interest_bearing_debt_ratio,,x,0.01,SINGLE_SOURCE,kabutan_bs,0.53,0.53,,,,kabutan_bs=0.53,https://kabutan.jp/stock/finance?code=6622,,2026-09-01T16:23:03.525957+09:00
Q2026-04_2026-06,6622,net_income,,JPY_million,1,SINGLE_SOURCE,kabutan_ytd_h1,2779,"2,779",kabutan_q,2779,"2,779",kabutan_ytd_h1=2779|kabutan_q=2779,https://kabutan.jp/stock/finance?code=6622,https://kabutan.jp/stock/finance?code=6622,2026-09-01T16:23:03.525957+09:00
Q2026-04_2026-06,6622,operating_income,4079,JPY_million,10,OK|ROUNDING,kabutan_ytd_h1,4079,"4,079",kabutan_q,4079,"4,079",kabutan_ytd_h1=4079|kabutan_q=4079|kabutan_q10=4079|irbank_q=4080,https://kabutan.jp/stock/finance?code=6622,https://kabutan.jp/stock/finance?code=6622,2026-09-01T16:23:03.525957+09:00
Q2026-04_2026-06,6622,operating_margin,7.35,pct,0.1,OK|ROUNDING,kabutan_q,7.3,7.3,irbank_q,7.35,7.35%+0.9%,kabutan_q=7.3|irbank_q=7.35,https://kabutan.jp/stock/finance?code=6622,https://irbank.net/E01750/quarter,2026-09-01T16:23:03.525957+09:00
Q2026-04_2026-06,6622,ordinary_income,4733,JPY_million,10,OK|ROUNDING,kabutan_ytd_h1,4733,"4,733",kabutan_q,4733,"4,733",kabutan_ytd_h1=4733|kabutan_q=4733|kabutan_q10=4733|irbank_q=4730,https://kabutan.jp/stock/finance?code=6622,https://kabutan.jp/stock/finance?code=6622,2026-09-01T16:23:03.525957+09:00
Q2026-04_2026-06,6622,retained_earnings,,JPY_million,1,SINGLE_SOURCE,kabutan_bs,111113,"111,113",,,,kabutan_bs=111113,https://kabutan.jp/stock/finance?code=6622,,2026-09-01T16:23:03.525957+09:00
Q2026-04_2026-06,6622,revenue,55507,JPY_million,100,OK|ROUNDING,kabutan_ytd_h1,55507,"55,507",kabutan_q,55507,"55,507",kabutan_ytd_h1=55507|kabutan_q=55507|kabutan_q10=55507|irbank_q=55500,https://kabutan.jp/stock/finance?code=6622,https://kabutan.jp/stock/finance?code=6622,2026-09-01T16:23:03.525957+09:00
Q2026-04_2026-06,6622,sga_ratio,,pct,0.01,SINGLE_SOURCE,irbank_q,22.73,22.73%-0.72%,,,,irbank_q=22.73,https://irbank.net/E01750/quarter,,2026-09-01T16:23:03.525957+09:00
Q2026-04_2026-06,6622,total_assets,,JPY_million,1,SINGLE_SOURCE,kabutan_bs,317016,"317,016",,,,kabutan_bs=317016,https://kabutan.jp/stock/finance?code=6622,,2026-09-01T16:23:03.525957+09:00
