period,code,metric,value,unit,tolerance,status,source_primary,value_primary,raw_primary,source_secondary,value_secondary,raw_secondary,sources_all,source_url_primary,source_url_secondary,fetched_at
FY2002-03,6647,revenue,,JPY_million,1,SINGLE_SOURCE,kabutan_fy10,5550,"5,550",,,,kabutan_fy10=5550,https://kabutan.jp/stock/finance?code=6647,,2026-08-31T01:24:49.228521+09:00
FY2003-03,6647,revenue,,JPY_million,1,SINGLE_SOURCE,kabutan_fy10,5176,"5,176",,,,kabutan_fy10=5176,https://kabutan.jp/stock/finance?code=6647,,2026-08-31T01:24:49.228521+09:00
FY2004-03,6647,revenue,,JPY_million,1,SINGLE_SOURCE,kabutan_fy10,4485,"4,485",,,,kabutan_fy10=4485,https://kabutan.jp/stock/finance?code=6647,,2026-08-31T01:24:49.228521+09:00
FY2005-03,6647,revenue,,JPY_million,1,SINGLE_SOURCE,kabutan_fy10,6960,"6,960",,,,kabutan_fy10=6960,https://kabutan.jp/stock/finance?code=6647,,2026-08-31T01:24:49.228521+09:00
FY2006-03,6647,revenue,,JPY_million,1,SINGLE_SOURCE,kabutan_fy10,5546,"5,546",,,,kabutan_fy10=5546,https://kabutan.jp/stock/finance?code=6647,,2026-08-31T01:24:49.228521+09:00
FY2007-03,6647,revenue,,JPY_million,1,SINGLE_SOURCE,kabutan_fy10,5823,"5,823",,,,kabutan_fy10=5823,https://kabutan.jp/stock/finance?code=6647,,2026-08-31T01:24:49.228521+09:00
FY2008-03,6647,capex,,JPY_million,1,SINGLE_SOURCE,irbank_cf,-263,-2.63億,,,,irbank_cf=-263,https://irbank.net/E01912/results,,2026-08-31T01:24:49.228521+09:00
FY2008-03,6647,cash_equivalents,,JPY_million,1,SINGLE_SOURCE,irbank_cf,613,6.13億,,,,irbank_cf=613,https://irbank.net/E01912/results,,2026-08-31T01:24:49.228521+09:00
FY2008-03,6647,cost_ratio,,pct,0.01,SINGLE_SOURCE,irbank_pl_consolidated,83.31,83.31,,,,irbank_pl_consolidated=83.31,https://irbank.net/E01912/results,,2026-08-31T01:24:49.228521+09:00
FY2008-03,6647,equity_ratio,,pct,0.01,SINGLE_SOURCE,irbank_bs,40.42,40.42,,,,irbank_bs=40.42,https://irbank.net/E01912/results,,2026-08-31T01:24:49.228521+09:00
FY2008-03,6647,financing_cf,,JPY_million,1,SINGLE_SOURCE,irbank_cf,157,1.57億,,,,irbank_cf=157,https://irbank.net/E01912/results,,2026-08-31T01:24:49.228521+09:00
FY2008-03,6647,free_cf,,JPY_million,1,SINGLE_SOURCE,irbank_cf,-414,-414百万,,,,irbank_cf=-414,https://irbank.net/E01912/results,,2026-08-31T01:24:49.228521+09:00
FY2008-03,6647,interest_bearing_debt,,JPY_million,10,SINGLE_SOURCE,irbank_bs,2430,24.3億,,,,irbank_bs=2430,https://irbank.net/E01912/results,,2026-08-31T01:24:49.228521+09:00
FY2008-03,6647,interest_bearing_debt_ratio,,x,0.0001,SINGLE_SOURCE|UNIT_CONVERTED,irbank_bs,0.8626,86.26,,,,irbank_bs=0.8626,https://irbank.net/E01912/results,,2026-08-31T01:24:49.228521+09:00
FY2008-03,6647,investing_cf,,JPY_million,1,SINGLE_SOURCE,irbank_cf,-491,-4.91億,,,,irbank_cf=-491,https://irbank.net/E01912/results,,2026-08-31T01:24:49.228521+09:00
FY2008-03,6647,net_assets,,JPY_million,10,SINGLE_SOURCE,irbank_bs,2820,28.2億,,,,irbank_bs=2820,https://irbank.net/E01912/results,,2026-08-31T01:24:49.228521+09:00
FY2008-03,6647,net_income,,JPY_million,1,SINGLE_SOURCE,irbank_pl_consolidated,247,247百万,,,,irbank_pl_consolidated=247,https://irbank.net/E01912/results,,2026-08-31T01:24:49.228521+09:00
FY2008-03,6647,operating_cf,,JPY_million,1,SINGLE_SOURCE,irbank_cf,76,0.76億,,,,irbank_cf=76,https://irbank.net/E01912/results,,2026-08-31T01:24:49.228521+09:00
FY2008-03,6647,operating_income,,JPY_million,1,SINGLE_SOURCE,irbank_pl_consolidated,345,345百万,,,,irbank_pl_consolidated=345,https://irbank.net/E01912/results,,2026-08-31T01:24:49.228521+09:00
FY2008-03,6647,operating_margin,,pct,0.01,SINGLE_SOURCE,irbank_pl_consolidated,4.31,4.31,,,,irbank_pl_consolidated=4.31,https://irbank.net/E01912/results,,2026-08-31T01:24:49.228521+09:00
FY2008-03,6647,ordinary_income,,JPY_million,1,SINGLE_SOURCE,irbank_pl_consolidated,319,319百万,,,,irbank_pl_consolidated=319,https://irbank.net/E01912/results,,2026-08-31T01:24:49.228521+09:00
FY2008-03,6647,retained_earnings,,JPY_million,1,SINGLE_SOURCE,irbank_bs,588,5.88億,,,,irbank_bs=588,https://irbank.net/E01912/results,,2026-08-31T01:24:49.228521+09:00
FY2008-03,6647,revenue,8001,JPY_million,100,OK|ROUNDING,kabutan_fy10,8001,"8,001",irbank_pl_consolidated,8000,80億,kabutan_fy10=8001|irbank_pl_consolidated=8000,https://kabutan.jp/stock/finance?code=6647,https://irbank.net/E01912/results,2026-08-31T01:24:49.228521+09:00
FY2008-03,6647,roa,,pct,0.01,SINGLE_SOURCE,irbank_pl_consolidated,3.54,3.54,,,,irbank_pl_consolidated=3.54,https://irbank.net/E01912/results,,2026-08-31T01:24:49.228521+09:00
FY2008-03,6647,roe,,pct,0.01,SINGLE_SOURCE,irbank_pl_consolidated,8.77,8.77,,,,irbank_pl_consolidated=8.77,https://irbank.net/E01912/results,,2026-08-31T01:24:49.228521+09:00
FY2008-03,6647,sga_ratio,,pct,0.01,SINGLE_SOURCE,irbank_pl_consolidated,12.38,12.38,,,,irbank_pl_consolidated=12.38,https://irbank.net/E01912/results,,2026-08-31T01:24:49.228521+09:00
FY2008-03,6647,shareholders_equity,,JPY_million,10,SINGLE_SOURCE,irbank_bs,2530,25.3億,,,,irbank_bs=2530,https://irbank.net/E01912/results,,2026-08-31T01:24:49.228521+09:00
FY2008-03,6647,total_assets,,JPY_million,10,SINGLE_SOURCE,irbank_bs,6980,69.8億,,,,irbank_bs=6980,https://irbank.net/E01912/results,,2026-08-31T01:24:49.228521+09:00
FY2009-03,6647,capex,,JPY_million,1,SINGLE_SOURCE,irbank_cf,-88,-0.88億,,,,irbank_cf=-88,https://irbank.net/E01912/results,,2026-08-31T01:24:49.228521+09:00
FY2009-03,6647,cash_equivalents,,JPY_million,10,SINGLE_SOURCE,irbank_cf,510,5.1億,,,,irbank_cf=510,https://irbank.net/E01912/results,,2026-08-31T01:24:49.228521+09:00
FY2009-03,6647,cost_ratio,,pct,0.01,SINGLE_SOURCE,irbank_pl_consolidated,81.06,81.06,,,,irbank_pl_consolidated=81.06,https://irbank.net/E01912/results,,2026-08-31T01:24:49.228521+09:00
FY2009-03,6647,equity_ratio,,pct,0.01,SINGLE_SOURCE,irbank_bs,43.15,43.15,,,,irbank_bs=43.15,https://irbank.net/E01912/results,,2026-08-31T01:24:49.228521+09:00
FY2009-03,6647,financing_cf,,JPY_million,1,SINGLE_SOURCE,irbank_cf,-502,-5.02億,,,,irbank_cf=-502,https://irbank.net/E01912/results,,2026-08-31T01:24:49.228521+09:00
FY2009-03,6647,free_cf,,JPY_million,1,SINGLE_SOURCE,irbank_cf,399,399百万,,,,irbank_cf=399,https://irbank.net/E01912/results,,2026-08-31T01:24:49.228521+09:00
FY2009-03,6647,interest_bearing_debt,,JPY_million,100,SINGLE_SOURCE,irbank_bs,2000,20億,,,,irbank_bs=2000,https://irbank.net/E01912/results,,2026-08-31T01:24:49.228521+09:00
FY2009-03,6647,interest_bearing_debt_ratio,,x,0.001,SINGLE_SOURCE|UNIT_CONVERTED,irbank_bs,0.727,72.7,,,,irbank_bs=0.727,https://irbank.net/E01912/results,,2026-08-31T01:24:49.228521+09:00
FY2009-03,6647,investing_cf,,JPY_million,1,SINGLE_SOURCE,irbank_cf,-81,-0.81億,,,,irbank_cf=-81,https://irbank.net/E01912/results,,2026-08-31T01:24:49.228521+09:00
FY2009-03,6647,net_assets,,JPY_million,10,SINGLE_SOURCE,irbank_bs,2760,27.6億,,,,irbank_bs=2760,https://irbank.net/E01912/results,,2026-08-31T01:24:49.228521+09:00
FY2009-03,6647,net_income,,JPY_million,1,SINGLE_SOURCE,irbank_pl_consolidated,169,169百万,,,,irbank_pl_consolidated=169,https://irbank.net/E01912/results,,2026-08-31T01:24:49.228521+09:00
FY2009-03,6647,operating_cf,,JPY_million,1,SINGLE_SOURCE,irbank_cf,481,4.81億,,,,irbank_cf=481,https://irbank.net/E01912/results,,2026-08-31T01:24:49.228521+09:00
FY2009-03,6647,operating_income,,JPY_million,1,SINGLE_SOURCE,irbank_pl_consolidated,306,306百万,,,,irbank_pl_consolidated=306,https://irbank.net/E01912/results,,2026-08-31T01:24:49.228521+09:00
FY2009-03,6647,operating_margin,,pct,0.1,SINGLE_SOURCE,irbank_pl_consolidated,4.5,4.5,,,,irbank_pl_consolidated=4.5,https://irbank.net/E01912/results,,2026-08-31T01:24:49.228521+09:00
FY2009-03,6647,ordinary_income,,JPY_million,1,SINGLE_SOURCE,irbank_pl_consolidated,294,294百万,,,,irbank_pl_consolidated=294,https://irbank.net/E01912/results,,2026-08-31T01:24:49.228521+09:00
FY2009-03,6647,retained_earnings,,JPY_million,1,SINGLE_SOURCE,irbank_bs,687,6.87億,,,,irbank_bs=687,https://irbank.net/E01912/results,,2026-08-31T01:24:49.228521+09:00
FY2009-03,6647,revenue,6802,JPY_million,100,OK|ROUNDING,kabutan_fy10,6802,"6,802",irbank_pl_consolidated,6800,68億,kabutan_fy10=6802|irbank_pl_consolidated=6800,https://kabutan.jp/stock/finance?code=6647,https://irbank.net/E01912/results,2026-08-31T01:24:49.228521+09:00
FY2009-03,6647,roa,,pct,0.01,SINGLE_SOURCE,irbank_pl_consolidated,2.65,2.65,,,,irbank_pl_consolidated=2.65,https://irbank.net/E01912/results,,2026-08-31T01:24:49.228521+09:00
FY2009-03,6647,roe,,pct,0.01,SINGLE_SOURCE,irbank_pl_consolidated,6.14,6.14,,,,irbank_pl_consolidated=6.14,https://irbank.net/E01912/results,,2026-08-31T01:24:49.228521+09:00
FY2009-03,6647,sga_ratio,,pct,0.01,SINGLE_SOURCE,irbank_pl_consolidated,14.44,14.44,,,,irbank_pl_consolidated=14.44,https://irbank.net/E01912/results,,2026-08-31T01:24:49.228521+09:00
FY2009-03,6647,shareholders_equity,,JPY_million,10,SINGLE_SOURCE,irbank_bs,2630,26.3億,,,,irbank_bs=2630,https://irbank.net/E01912/results,,2026-08-31T01:24:49.228521+09:00
FY2009-03,6647,total_assets,,JPY_million,10,SINGLE_SOURCE,irbank_bs,6390,63.9億,,,,irbank_bs=6390,https://irbank.net/E01912/results,,2026-08-31T01:24:49.228521+09:00
FY2010-03,6647,bps,,JPY,0.01,SINGLE_SOURCE,irbank_bs,1901.89,1901.89,,,,irbank_bs=1901.89,https://irbank.net/E01912/results,,2026-08-31T01:24:49.228521+09:00
FY2010-03,6647,capex,,JPY_million,1,SINGLE_SOURCE,irbank_cf,-73,-0.73億,,,,irbank_cf=-73,https://irbank.net/E01912/results,,2026-08-31T01:24:49.228521+09:00
FY2010-03,6647,cash_equivalents,,JPY_million,1,SINGLE_SOURCE,irbank_cf,408,4.08億,,,,irbank_cf=408,https://irbank.net/E01912/results,,2026-08-31T01:24:49.228521+09:00
FY2010-03,6647,cost_ratio,,pct,0.01,SINGLE_SOURCE,irbank_pl_consolidated,81.95,81.95,,,,irbank_pl_consolidated=81.95,https://irbank.net/E01912/results,,2026-08-31T01:24:49.228521+09:00
FY2010-03,6647,eps,,JPY,0.01,SINGLE_SOURCE,irbank_pl_consolidated,39.06,39.06,,,,irbank_pl_consolidated=39.06,https://irbank.net/E01912/results,,2026-08-31T01:24:49.228521+09:00
FY2010-03,6647,equity_ratio,,pct,0.1,SINGLE_SOURCE,irbank_bs,44.9,44.9,,,,irbank_bs=44.9,https://irbank.net/E01912/results,,2026-08-31T01:24:49.228521+09:00
FY2010-03,6647,financing_cf,,JPY_million,1,SINGLE_SOURCE,irbank_cf,-783,-7.83億,,,,irbank_cf=-783,https://irbank.net/E01912/results,,2026-08-31T01:24:49.228521+09:00
FY2010-03,6647,free_cf,,JPY_million,1,SINGLE_SOURCE,irbank_cf,686,686百万,,,,irbank_cf=686,https://irbank.net/E01912/results,,2026-08-31T01:24:49.228521+09:00
FY2010-03,6647,interest_bearing_debt,,JPY_million,10,SINGLE_SOURCE,irbank_bs,1330,13.3億,,,,irbank_bs=1330,https://irbank.net/E01912/results,,2026-08-31T01:24:49.228521+09:00
FY2010-03,6647,interest_bearing_debt_ratio,,x,0.0001,SINGLE_SOURCE|UNIT_CONVERTED,irbank_bs,0.4917,49.17,,,,irbank_bs=0.4917,https://irbank.net/E01912/results,,2026-08-31T01:24:49.228521+09:00
FY2010-03,6647,investing_cf,,JPY_million,1,SINGLE_SOURCE,irbank_cf,-13,-0.13億,,,,irbank_cf=-13,https://irbank.net/E01912/results,,2026-08-31T01:24:49.228521+09:00
FY2010-03,6647,net_assets,,JPY_million,10,SINGLE_SOURCE,irbank_bs,2710,27.1億,,,,irbank_bs=2710,https://irbank.net/E01912/results,,2026-08-31T01:24:49.228521+09:00
FY2010-03,6647,net_income,,JPY_million,1,SINGLE_SOURCE,irbank_pl_consolidated,56,56百万,,,,irbank_pl_consolidated=56,https://irbank.net/E01912/results,,2026-08-31T01:24:49.228521+09:00
FY2010-03,6647,operating_cf,,JPY_million,100,SINGLE_SOURCE,irbank_cf,700,7億,,,,irbank_cf=700,https://irbank.net/E01912/results,,2026-08-31T01:24:49.228521+09:00
FY2010-03,6647,operating_income,,JPY_million,1,SINGLE_SOURCE,irbank_pl_consolidated,176,176百万,,,,irbank_pl_consolidated=176,https://irbank.net/E01912/results,,2026-08-31T01:24:49.228521+09:00
FY2010-03,6647,operating_margin,,pct,0.01,SINGLE_SOURCE,irbank_pl_consolidated,2.73,2.73,,,,irbank_pl_consolidated=2.73,https://irbank.net/E01912/results,,2026-08-31T01:24:49.228521+09:00
FY2010-03,6647,ordinary_income,,JPY_million,1,SINGLE_SOURCE,irbank_pl_consolidated,166,166百万,,,,irbank_pl_consolidated=166,https://irbank.net/E01912/results,,2026-08-31T01:24:49.228521+09:00
FY2010-03,6647,retained_earnings,,JPY_million,1,SINGLE_SOURCE,irbank_bs,699,6.99億,,,,irbank_bs=699,https://irbank.net/E01912/results,,2026-08-31T01:24:49.228521+09:00
FY2010-03,6647,revenue,6444,JPY_million,10,OK|ROUNDING,kabutan_fy10,6444,"6,444",irbank_pl_consolidated,6440,64.4億,kabutan_fy10=6444|irbank_pl_consolidated=6440,https://kabutan.jp/stock/finance?code=6647,https://irbank.net/E01912/results,2026-08-31T01:24:49.228521+09:00
FY2010-03,6647,roa,,pct,0.01,SINGLE_SOURCE,irbank_pl_consolidated,0.92,0.92,,,,irbank_pl_consolidated=0.92,https://irbank.net/E01912/results,,2026-08-31T01:24:49.228521+09:00
FY2010-03,6647,roe,,pct,0.01,SINGLE_SOURCE,irbank_pl_consolidated,2.05,2.05,,,,irbank_pl_consolidated=2.05,https://irbank.net/E01912/results,,2026-08-31T01:24:49.228521+09:00
FY2010-03,6647,sga_ratio,,pct,0.01,SINGLE_SOURCE,irbank_pl_consolidated,15.32,15.32,,,,irbank_pl_consolidated=15.32,https://irbank.net/E01912/results,,2026-08-31T01:24:49.228521+09:00
FY2010-03,6647,shareholders_equity,,JPY_million,10,SINGLE_SOURCE,irbank_bs,2580,25.8億,,,,irbank_bs=2580,https://irbank.net/E01912/results,,2026-08-31T01:24:49.228521+09:00
FY2010-03,6647,total_assets,,JPY_million,10,SINGLE_SOURCE,irbank_bs,6040,60.4億,,,,irbank_bs=6040,https://irbank.net/E01912/results,,2026-08-31T01:24:49.228521+09:00
FY2011-03,6647,bps,,JPY,0.01,SINGLE_SOURCE,irbank_bs,1940.22,1940.22,,,,irbank_bs=1940.22,https://irbank.net/E01912/results,,2026-08-31T01:24:49.228521+09:00
FY2011-03,6647,capex,,JPY_million,1,SINGLE_SOURCE,irbank_cf,-109,-1.09億,,,,irbank_cf=-109,https://irbank.net/E01912/results,,2026-08-31T01:24:49.228521+09:00
FY2011-03,6647,cash_equivalents,,JPY_million,100,SINGLE_SOURCE,irbank_cf,600,6億,,,,irbank_cf=600,https://irbank.net/E01912/results,,2026-08-31T01:24:49.228521+09:00
FY2011-03,6647,cost_ratio,,pct,0.01,SINGLE_SOURCE,irbank_pl_consolidated,81.52,81.52,,,,irbank_pl_consolidated=81.52,https://irbank.net/E01912/results,,2026-08-31T01:24:49.228521+09:00
FY2011-03,6647,eps,,JPY,0.01,SINGLE_SOURCE,irbank_pl_consolidated,101.46,101.46,,,,irbank_pl_consolidated=101.46,https://irbank.net/E01912/results,,2026-08-31T01:24:49.228521+09:00
FY2011-03,6647,equity_ratio,,pct,0.1,SINGLE_SOURCE,irbank_bs,46.8,46.8,,,,irbank_bs=46.8,https://irbank.net/E01912/results,,2026-08-31T01:24:49.228521+09:00
FY2011-03,6647,financing_cf,,JPY_million,1,SINGLE_SOURCE,irbank_cf,-411,-4.11億,,,,irbank_cf=-411,https://irbank.net/E01912/results,,2026-08-31T01:24:49.228521+09:00
FY2011-03,6647,free_cf,,JPY_million,1,SINGLE_SOURCE,irbank_cf,611,611百万,,,,irbank_cf=611,https://irbank.net/E01912/results,,2026-08-31T01:24:49.228521+09:00
FY2011-03,6647,interest_bearing_debt,,JPY_million,1,SINGLE_SOURCE,irbank_bs,971,9.71億,,,,irbank_bs=971,https://irbank.net/E01912/results,,2026-08-31T01:24:49.228521+09:00
FY2011-03,6647,interest_bearing_debt_ratio,,x,0.0001,SINGLE_SOURCE|UNIT_CONVERTED,irbank_bs,0.3512,35.12,,,,irbank_bs=0.3512,https://irbank.net/E01912/results,,2026-08-31T01:24:49.228521+09:00
FY2011-03,6647,investing_cf,,JPY_million,1,SINGLE_SOURCE,irbank_cf,8,0.08億,,,,irbank_cf=8,https://irbank.net/E01912/results,,2026-08-31T01:24:49.228521+09:00
FY2011-03,6647,net_assets,,JPY_million,10,SINGLE_SOURCE,irbank_bs,2760,27.6億,,,,irbank_bs=2760,https://irbank.net/E01912/results,,2026-08-31T01:24:49.228521+09:00
FY2011-03,6647,net_income,,JPY_million,1,SINGLE_SOURCE,irbank_pl_consolidated,145,145百万,,,,irbank_pl_consolidated=145,https://irbank.net/E01912/results,,2026-08-31T01:24:49.228521+09:00
FY2011-03,6647,operating_cf,,JPY_million,1,SINGLE_SOURCE,irbank_cf,603,6.03億,,,,irbank_cf=603,https://irbank.net/E01912/results,,2026-08-31T01:24:49.228521+09:00
FY2011-03,6647,operating_income,,JPY_million,1,SINGLE_SOURCE,irbank_pl_consolidated,328,328百万,,,,irbank_pl_consolidated=328,https://irbank.net/E01912/results,,2026-08-31T01:24:49.228521+09:00
FY2011-03,6647,operating_margin,,pct,0.01,SINGLE_SOURCE,irbank_pl_consolidated,4.55,4.55,,,,irbank_pl_consolidated=4.55,https://irbank.net/E01912/results,,2026-08-31T01:24:49.228521+09:00
FY2011-03,6647,ordinary_income,,JPY_million,1,SINGLE_SOURCE,irbank_pl_consolidated,331,331百万,,,,irbank_pl_consolidated=331,https://irbank.net/E01912/results,,2026-08-31T01:24:49.228521+09:00
FY2011-03,6647,retained_earnings,,JPY_million,1,SINGLE_SOURCE,irbank_bs,802,8.02億,,,,irbank_bs=802,https://irbank.net/E01912/results,,2026-08-31T01:24:49.228521+09:00
FY2011-03,6647,revenue,7216,JPY_million,10,OK|ROUNDING,kabutan_fy10,7216,"7,216",irbank_pl_consolidated,7220,72.2億,kabutan_fy10=7216|irbank_pl_consolidated=7220,https://kabutan.jp/stock/finance?code=6647,https://irbank.net/E01912/results,2026-08-31T01:24:49.228521+09:00
FY2011-03,6647,roa,,pct,0.01,SINGLE_SOURCE,irbank_pl_consolidated,2.45,2.45,,,,irbank_pl_consolidated=2.45,https://irbank.net/E01912/results,,2026-08-31T01:24:49.228521+09:00
FY2011-03,6647,roe,,pct,0.01,SINGLE_SOURCE,irbank_pl_consolidated,5.23,5.23,,,,irbank_pl_consolidated=5.23,https://irbank.net/E01912/results,,2026-08-31T01:24:49.228521+09:00
FY2011-03,6647,sga_ratio,,pct,0.01,SINGLE_SOURCE,irbank_pl_consolidated,13.93,13.93,,,,irbank_pl_consolidated=13.93,https://irbank.net/E01912/results,,2026-08-31T01:24:49.228521+09:00
FY2011-03,6647,shareholders_equity,,JPY_million,10,SINGLE_SOURCE,irbank_bs,2680,26.8億,,,,irbank_bs=2680,https://irbank.net/E01912/results,,2026-08-31T01:24:49.228521+09:00
FY2011-03,6647,total_assets,,JPY_million,10,SINGLE_SOURCE,irbank_bs,5910,59.1億,,,,irbank_bs=5910,https://irbank.net/E01912/results,,2026-08-31T01:24:49.228521+09:00
FY2012-03,6647,bps,,JPY,0.01,SINGLE_SOURCE,irbank_bs,1951.92,1951.92,,,,irbank_bs=1951.92,https://irbank.net/E01912/results,,2026-08-31T01:24:49.228521+09:00
FY2012-03,6647,capex,,JPY_million,10,SINGLE_SOURCE,irbank_cf,-60,-0.6億,,,,irbank_cf=-60,https://irbank.net/E01912/results,,2026-08-31T01:24:49.228521+09:00
FY2012-03,6647,cash_equivalents,,JPY_million,10,SINGLE_SOURCE,irbank_cf,420,4.2億,,,,irbank_cf=420,https://irbank.net/E01912/results,,2026-08-31T01:24:49.228521+09:00
FY2012-03,6647,cost_ratio,,pct,0.01,SINGLE_SOURCE,irbank_pl_consolidated,82.88,82.88,,,,irbank_pl_consolidated=82.88,https://irbank.net/E01912/results,,2026-08-31T01:24:49.228521+09:00
FY2012-03,6647,eps,,JPY,0.01,SINGLE_SOURCE,irbank_pl_consolidated,61.83,61.83,,,,irbank_pl_consolidated=61.83,https://irbank.net/E01912/results,,2026-08-31T01:24:49.228521+09:00
FY2012-03,6647,equity_ratio,,pct,0.1,SINGLE_SOURCE,irbank_bs,49.7,49.7,,,,irbank_bs=49.7,https://irbank.net/E01912/results,,2026-08-31T01:24:49.228521+09:00
FY2012-03,6647,financing_cf,,JPY_million,1,SINGLE_SOURCE,irbank_cf,-184,-1.84億,,,,irbank_cf=-184,https://irbank.net/E01912/results,,2026-08-31T01:24:49.228521+09:00
FY2012-03,6647,free_cf,,JPY_million,1,SINGLE_SOURCE,irbank_cf,205,205百万,,,,irbank_cf=205,https://irbank.net/E01912/results,,2026-08-31T01:24:49.228521+09:00
FY2012-03,6647,interest_bearing_debt,,JPY_million,1,SINGLE_SOURCE,irbank_bs,867,8.67億,,,,irbank_bs=867,https://irbank.net/E01912/results,,2026-08-31T01:24:49.228521+09:00
FY2012-03,6647,interest_bearing_debt_ratio,,x,0.0001,SINGLE_SOURCE|UNIT_CONVERTED,irbank_bs,0.3118,31.18,,,,irbank_bs=0.3118,https://irbank.net/E01912/results,,2026-08-31T01:24:49.228521+09:00
FY2012-03,6647,investing_cf,,JPY_million,10,SINGLE_SOURCE,irbank_cf,130,1.3億,,,,irbank_cf=130,https://irbank.net/E01912/results,,2026-08-31T01:24:49.228521+09:00
FY2012-03,6647,net_assets,,JPY_million,10,SINGLE_SOURCE,irbank_bs,2780,27.8億,,,,irbank_bs=2780,https://irbank.net/E01912/results,,2026-08-31T01:24:49.228521+09:00
FY2012-03,6647,net_income,,JPY_million,1,SINGLE_SOURCE,irbank_pl_consolidated,88,88百万,,,,irbank_pl_consolidated=88,https://irbank.net/E01912/results,,2026-08-31T01:24:49.228521+09:00
FY2012-03,6647,operating_cf,,JPY_million,1,SINGLE_SOURCE,irbank_cf,76,0.76億,,,,irbank_cf=76,https://irbank.net/E01912/results,,2026-08-31T01:24:49.228521+09:00
FY2012-03,6647,operating_income,,JPY_million,1,SINGLE_SOURCE,irbank_pl_consolidated,145,145百万,,,,irbank_pl_consolidated=145,https://irbank.net/E01912/results,,2026-08-31T01:24:49.228521+09:00
FY2012-03,6647,operating_margin,,pct,0.1,SINGLE_SOURCE,irbank_pl_consolidated,2.2,2.2,,,,irbank_pl_consolidated=2.2,https://irbank.net/E01912/results,,2026-08-31T01:24:49.228521+09:00
FY2012-03,6647,ordinary_income,,JPY_million,1,SINGLE_SOURCE,irbank_pl_consolidated,152,152百万,,,,irbank_pl_consolidated=152,https://irbank.net/E01912/results,,2026-08-31T01:24:49.228521+09:00
FY2012-03,6647,retained_earnings,,JPY_million,1,SINGLE_SOURCE,irbank_bs,799,7.99億,,,,irbank_bs=799,https://irbank.net/E01912/results,,2026-08-31T01:24:49.228521+09:00
FY2012-03,6647,revenue,6606,JPY_million,10,OK|ROUNDING|NONCONSOLIDATED,kabutan_fy10,6606,"6,606",irbank_pl_consolidated,6610,66.1億,kabutan_fy10=6606|irbank_pl_consolidated=6610,https://kabutan.jp/stock/finance?code=6647,https://irbank.net/E01912/results,2026-08-31T01:24:49.228521+09:00
FY2012-03,6647,roa,,pct,0.01,SINGLE_SOURCE,irbank_pl_consolidated,1.57,1.57,,,,irbank_pl_consolidated=1.57,https://irbank.net/E01912/results,,2026-08-31T01:24:49.228521+09:00
FY2012-03,6647,roe,,pct,0.01,SINGLE_SOURCE,irbank_pl_consolidated,3.17,3.17,,,,irbank_pl_consolidated=3.17,https://irbank.net/E01912/results,,2026-08-31T01:24:49.228521+09:00
FY2012-03,6647,sga_ratio,,pct,0.01,SINGLE_SOURCE,irbank_pl_consolidated,14.92,14.92,,,,irbank_pl_consolidated=14.92,https://irbank.net/E01912/results,,2026-08-31T01:24:49.228521+09:00
FY2012-03,6647,shareholders_equity,,JPY_million,10,SINGLE_SOURCE,irbank_bs,2670,26.7億,,,,irbank_bs=2670,https://irbank.net/E01912/results,,2026-08-31T01:24:49.228521+09:00
FY2012-03,6647,total_assets,,JPY_million,100,SINGLE_SOURCE,irbank_bs,5600,56億,,,,irbank_bs=5600,https://irbank.net/E01912/results,,2026-08-31T01:24:49.228521+09:00
FY2013-03,6647,bps,,JPY,0.01,SINGLE_SOURCE,irbank_bs,2108.28,2108.28,,,,irbank_bs=2108.28,https://irbank.net/E01912/results,,2026-08-31T01:24:49.228521+09:00
FY2013-03,6647,capex,,JPY_million,1,SINGLE_SOURCE,irbank_cf,-34,-0.34億,,,,irbank_cf=-34,https://irbank.net/E01912/results,,2026-08-31T01:24:49.228521+09:00
FY2013-03,6647,cash_equivalents,,JPY_million,1,SINGLE_SOURCE,irbank_cf,404,4.04億,,,,irbank_cf=404,https://irbank.net/E01912/results,,2026-08-31T01:24:49.228521+09:00
FY2013-03,6647,cost_ratio,,pct,0.01,SINGLE_SOURCE,irbank_pl_consolidated,81.49,81.49,,,,irbank_pl_consolidated=81.49,https://irbank.net/E01912/results,,2026-08-31T01:24:49.228521+09:00
FY2013-03,6647,eps,,JPY,0.01,SINGLE_SOURCE,irbank_pl_consolidated,102.73,102.73,,,,irbank_pl_consolidated=102.73,https://irbank.net/E01912/results,,2026-08-31T01:24:49.228521+09:00
FY2013-03,6647,equity_ratio,,pct,0.1,SINGLE_SOURCE,irbank_bs,51.8,51.8,,,,irbank_bs=51.8,https://irbank.net/E01912/results,,2026-08-31T01:24:49.228521+09:00
FY2013-03,6647,financing_cf,,JPY_million,1,SINGLE_SOURCE,irbank_cf,35,0.35億,,,,irbank_cf=35,https://irbank.net/E01912/results,,2026-08-31T01:24:49.228521+09:00
FY2013-03,6647,free_cf,,JPY_million,1,SINGLE_SOURCE,irbank_cf,-50,-50百万,,,,irbank_cf=-50,https://irbank.net/E01912/results,,2026-08-31T01:24:49.228521+09:00
FY2013-03,6647,interest_bearing_debt,,JPY_million,1,SINGLE_SOURCE,irbank_bs,975,9.75億,,,,irbank_bs=975,https://irbank.net/E01912/results,,2026-08-31T01:24:49.228521+09:00
FY2013-03,6647,interest_bearing_debt_ratio,,x,0.0001,SINGLE_SOURCE|UNIT_CONVERTED,irbank_bs,0.3247,32.47,,,,irbank_bs=0.3247,https://irbank.net/E01912/results,,2026-08-31T01:24:49.228521+09:00
FY2013-03,6647,investing_cf,,JPY_million,1,SINGLE_SOURCE,irbank_cf,-34,-0.34億,,,,irbank_cf=-34,https://irbank.net/E01912/results,,2026-08-31T01:24:49.228521+09:00
FY2013-03,6647,net_assets,,JPY_million,100,SINGLE_SOURCE,irbank_bs,3000,30億,,,,irbank_bs=3000,https://irbank.net/E01912/results,,2026-08-31T01:24:49.228521+09:00
FY2013-03,6647,net_income,,JPY_million,1,SINGLE_SOURCE,irbank_pl_consolidated,146,146百万,,,,irbank_pl_consolidated=146,https://irbank.net/E01912/results,,2026-08-31T01:24:49.228521+09:00
FY2013-03,6647,operating_cf,,JPY_million,1,SINGLE_SOURCE,irbank_cf,-16,-0.16億,,,,irbank_cf=-16,https://irbank.net/E01912/results,,2026-08-31T01:24:49.228521+09:00
FY2013-03,6647,operating_income,,JPY_million,1,SINGLE_SOURCE,irbank_pl_consolidated,214,214百万,,,,irbank_pl_consolidated=214,https://irbank.net/E01912/results,,2026-08-31T01:24:49.228521+09:00
FY2013-03,6647,operating_margin,,pct,0.01,SINGLE_SOURCE,irbank_pl_consolidated,3.52,3.52,,,,irbank_pl_consolidated=3.52,https://irbank.net/E01912/results,,2026-08-31T01:24:49.228521+09:00
FY2013-03,6647,ordinary_income,,JPY_million,1,SINGLE_SOURCE,irbank_pl_consolidated,224,224百万,,,,irbank_pl_consolidated=224,https://irbank.net/E01912/results,,2026-08-31T01:24:49.228521+09:00
FY2013-03,6647,retained_earnings,,JPY_million,1,SINGLE_SOURCE,irbank_bs,904,9.04億,,,,irbank_bs=904,https://irbank.net/E01912/results,,2026-08-31T01:24:49.228521+09:00
FY2013-03,6647,revenue,6084,JPY_million,10,OK|ROUNDING|NONCONSOLIDATED,kabutan_fy10,6084,"6,084",irbank_pl_consolidated,6080,60.8億,kabutan_fy10=6084|irbank_pl_consolidated=6080,https://kabutan.jp/stock/finance?code=6647,https://irbank.net/E01912/results,2026-08-31T01:24:49.228521+09:00
FY2013-03,6647,roa,,pct,0.01,SINGLE_SOURCE,irbank_pl_consolidated,2.53,2.53,,,,irbank_pl_consolidated=2.53,https://irbank.net/E01912/results,,2026-08-31T01:24:49.228521+09:00
FY2013-03,6647,roe,,pct,0.01,SINGLE_SOURCE,irbank_pl_consolidated,4.87,4.87,,,,irbank_pl_consolidated=4.87,https://irbank.net/E01912/results,,2026-08-31T01:24:49.228521+09:00
FY2013-03,6647,sga_ratio,,pct,1,SINGLE_SOURCE,irbank_pl_consolidated,15,15,,,,irbank_pl_consolidated=15,https://irbank.net/E01912/results,,2026-08-31T01:24:49.228521+09:00
FY2013-03,6647,shareholders_equity,,JPY_million,10,SINGLE_SOURCE,irbank_bs,2780,27.8億,,,,irbank_bs=2780,https://irbank.net/E01912/results,,2026-08-31T01:24:49.228521+09:00
FY2013-03,6647,total_assets,,JPY_million,100,SINGLE_SOURCE,irbank_bs,5800,58億,,,,irbank_bs=5800,https://irbank.net/E01912/results,,2026-08-31T01:24:49.228521+09:00
FY2014-03,6647,bps,,JPY,0.01,SINGLE_SOURCE,irbank_bs,2290.52,2290.52,,,,irbank_bs=2290.52,https://irbank.net/E01912/results,,2026-08-31T01:24:49.228521+09:00
FY2014-03,6647,capex,,JPY_million,10,SINGLE_SOURCE,irbank_cf,-1070,-10.7億,,,,irbank_cf=-1070,https://irbank.net/E01912/results,,2026-08-31T01:24:49.228521+09:00
FY2014-03,6647,cash_equivalents,,JPY_million,1,SINGLE_SOURCE,irbank_cf,684,6.84億,,,,irbank_cf=684,https://irbank.net/E01912/results,,2026-08-31T01:24:49.228521+09:00
FY2014-03,6647,cost_ratio,,pct,0.01,SINGLE_SOURCE,irbank_pl_consolidated,81.12,81.12,,,,irbank_pl_consolidated=81.12,https://irbank.net/E01912/results,,2026-08-31T01:24:49.228521+09:00
FY2014-03,6647,eps,,JPY,0.01,SINGLE_SOURCE,irbank_pl_consolidated,110.36,110.36,,,,irbank_pl_consolidated=110.36,https://irbank.net/E01912/results,,2026-08-31T01:24:49.228521+09:00
FY2014-03,6647,equity_ratio,,pct,0.1,SINGLE_SOURCE,irbank_bs,44.9,44.9,,,,irbank_bs=44.9,https://irbank.net/E01912/results,,2026-08-31T01:24:49.228521+09:00
FY2014-03,6647,financing_cf,,JPY_million,1,SINGLE_SOURCE,irbank_cf,696,6.96億,,,,irbank_cf=696,https://irbank.net/E01912/results,,2026-08-31T01:24:49.228521+09:00
FY2014-03,6647,free_cf,,JPY_million,1,SINGLE_SOURCE,irbank_cf,-416,-416百万,,,,irbank_cf=-416,https://irbank.net/E01912/results,,2026-08-31T01:24:49.228521+09:00
FY2014-03,6647,interest_bearing_debt,,JPY_million,10,SINGLE_SOURCE,irbank_bs,1760,17.6億,,,,irbank_bs=1760,https://irbank.net/E01912/results,,2026-08-31T01:24:49.228521+09:00
FY2014-03,6647,interest_bearing_debt_ratio,,x,0.0001,SINGLE_SOURCE|UNIT_CONVERTED,irbank_bs,0.5572,55.72,,,,irbank_bs=0.5572,https://irbank.net/E01912/results,,2026-08-31T01:24:49.228521+09:00
FY2014-03,6647,investing_cf,,JPY_million,10,SINGLE_SOURCE,irbank_cf,-1190,-11.9億,,,,irbank_cf=-1190,https://irbank.net/E01912/results,,2026-08-31T01:24:49.228521+09:00
FY2014-03,6647,net_assets,,JPY_million,10,SINGLE_SOURCE,irbank_bs,3150,31.5億,,,,irbank_bs=3150,https://irbank.net/E01912/results,,2026-08-31T01:24:49.228521+09:00
FY2014-03,6647,net_income,,JPY_million,1,SINGLE_SOURCE,irbank_pl_consolidated,152,152百万,,,,irbank_pl_consolidated=152,https://irbank.net/E01912/results,,2026-08-31T01:24:49.228521+09:00
FY2014-03,6647,operating_cf,,JPY_million,1,SINGLE_SOURCE,irbank_cf,772,7.72億,,,,irbank_cf=772,https://irbank.net/E01912/results,,2026-08-31T01:24:49.228521+09:00
FY2014-03,6647,operating_income,,JPY_million,1,SINGLE_SOURCE,irbank_pl_consolidated,275,275百万,,,,irbank_pl_consolidated=275,https://irbank.net/E01912/results,,2026-08-31T01:24:49.228521+09:00
FY2014-03,6647,operating_margin,,pct,0.01,SINGLE_SOURCE,irbank_pl_consolidated,4.21,4.21,,,,irbank_pl_consolidated=4.21,https://irbank.net/E01912/results,,2026-08-31T01:24:49.228521+09:00
FY2014-03,6647,ordinary_income,,JPY_million,1,SINGLE_SOURCE,irbank_pl_consolidated,275,275百万,,,,irbank_pl_consolidated=275,https://irbank.net/E01912/results,,2026-08-31T01:24:49.228521+09:00
FY2014-03,6647,retained_earnings,,JPY_million,10,SINGLE_SOURCE,irbank_bs,1010,10.1億,,,,irbank_bs=1010,https://irbank.net/E01912/results,,2026-08-31T01:24:49.228521+09:00
FY2014-03,6647,revenue,6531,JPY_million,10,OK|ROUNDING|NONCONSOLIDATED,kabutan_fy10,6531,"6,531",irbank_pl_consolidated,6530,65.3億,kabutan_fy10=6531|irbank_pl_consolidated=6530,https://kabutan.jp/stock/finance?code=6647,https://irbank.net/E01912/results,2026-08-31T01:24:49.228521+09:00
FY2014-03,6647,roa,,pct,0.01,SINGLE_SOURCE,irbank_pl_consolidated,2.17,2.17,,,,irbank_pl_consolidated=2.17,https://irbank.net/E01912/results,,2026-08-31T01:24:49.228521+09:00
FY2014-03,6647,roe,,pct,0.01,SINGLE_SOURCE,irbank_pl_consolidated,4.82,4.82,,,,irbank_pl_consolidated=4.82,https://irbank.net/E01912/results,,2026-08-31T01:24:49.228521+09:00
FY2014-03,6647,sga_ratio,,pct,0.01,SINGLE_SOURCE,irbank_pl_consolidated,14.67,14.67,,,,irbank_pl_consolidated=14.67,https://irbank.net/E01912/results,,2026-08-31T01:24:49.228521+09:00
FY2014-03,6647,shareholders_equity,,JPY_million,10,SINGLE_SOURCE,irbank_bs,2890,28.9億,,,,irbank_bs=2890,https://irbank.net/E01912/results,,2026-08-31T01:24:49.228521+09:00
FY2014-03,6647,total_assets,,JPY_million,10,SINGLE_SOURCE,irbank_bs,7010,70.1億,,,,irbank_bs=7010,https://irbank.net/E01912/results,,2026-08-31T01:24:49.228521+09:00
FY2015-03,6647,bps,,JPY,0.01,SINGLE_SOURCE,irbank_bs,2560.94,2560.94,,,,irbank_bs=2560.94,https://irbank.net/E01912/results,,2026-08-31T01:24:49.228521+09:00
FY2015-03,6647,capex,,JPY_million,1,SINGLE_SOURCE,irbank_cf,-121,-1.21億,,,,irbank_cf=-121,https://irbank.net/E01912/results,,2026-08-31T01:24:49.228521+09:00
FY2015-03,6647,cash_equivalents,,JPY_million,1,SINGLE_SOURCE,irbank_cf,865,8.65億,,,,irbank_cf=865,https://irbank.net/E01912/results,,2026-08-31T01:24:49.228521+09:00
FY2015-03,6647,cost_ratio,,pct,0.01,SINGLE_SOURCE,irbank_pl_consolidated,83.42,83.42,,,,irbank_pl_consolidated=83.42,https://irbank.net/E01912/results,,2026-08-31T01:24:49.228521+09:00
FY2015-03,6647,eps,,JPY,0.01,SINGLE_SOURCE,irbank_pl_consolidated,81.51,81.51,,,,irbank_pl_consolidated=81.51,https://irbank.net/E01912/results,,2026-08-31T01:24:49.228521+09:00
FY2015-03,6647,equity_ratio,,pct,0.1,SINGLE_SOURCE,irbank_bs,41.6,41.6,,,,irbank_bs=41.6,https://irbank.net/E01912/results,,2026-08-31T01:24:49.228521+09:00
FY2015-03,6647,financing_cf,,JPY_million,1,SINGLE_SOURCE,irbank_cf,483,4.83億,,,,irbank_cf=483,https://irbank.net/E01912/results,,2026-08-31T01:24:49.228521+09:00
FY2015-03,6647,free_cf,,JPY_million,1,SINGLE_SOURCE,irbank_cf,-302,-302百万,,,,irbank_cf=-302,https://irbank.net/E01912/results,,2026-08-31T01:24:49.228521+09:00
FY2015-03,6647,interest_bearing_debt,,JPY_million,10,SINGLE_SOURCE,irbank_bs,2340,23.4億,,,,irbank_bs=2340,https://irbank.net/E01912/results,,2026-08-31T01:24:49.228521+09:00
FY2015-03,6647,interest_bearing_debt_ratio,,x,0.0001,SINGLE_SOURCE|UNIT_CONVERTED,irbank_bs,0.6654,66.54,,,,irbank_bs=0.6654,https://irbank.net/E01912/results,,2026-08-31T01:24:49.228521+09:00
FY2015-03,6647,investing_cf,,JPY_million,10,SINGLE_SOURCE,irbank_cf,-170,-1.7億,,,,irbank_cf=-170,https://irbank.net/E01912/results,,2026-08-31T01:24:49.228521+09:00
FY2015-03,6647,net_assets,,JPY_million,10,SINGLE_SOURCE,irbank_bs,3520,35.2億,,,,irbank_bs=3520,https://irbank.net/E01912/results,,2026-08-31T01:24:49.228521+09:00
FY2015-03,6647,net_income,,JPY_million,1,SINGLE_SOURCE,irbank_pl_consolidated,112,112百万,,,,irbank_pl_consolidated=112,https://irbank.net/E01912/results,,2026-08-31T01:24:49.228521+09:00
FY2015-03,6647,operating_cf,,JPY_million,1,SINGLE_SOURCE,irbank_cf,-132,-1.32億,,,,irbank_cf=-132,https://irbank.net/E01912/results,,2026-08-31T01:24:49.228521+09:00
FY2015-03,6647,operating_income,,JPY_million,1,SINGLE_SOURCE,irbank_pl_consolidated,200,200百万,,,,irbank_pl_consolidated=200,https://irbank.net/E01912/results,,2026-08-31T01:24:49.228521+09:00
FY2015-03,6647,operating_margin,,pct,0.01,SINGLE_SOURCE,irbank_pl_consolidated,2.72,2.72,,,,irbank_pl_consolidated=2.72,https://irbank.net/E01912/results,,2026-08-31T01:24:49.228521+09:00
FY2015-03,6647,ordinary_income,,JPY_million,1,SINGLE_SOURCE,irbank_pl_consolidated,210,210百万,,,,irbank_pl_consolidated=210,https://irbank.net/E01912/results,,2026-08-31T01:24:49.228521+09:00
FY2015-03,6647,retained_earnings,,JPY_million,10,SINGLE_SOURCE,irbank_bs,1070,10.7億,,,,irbank_bs=1070,https://irbank.net/E01912/results,,2026-08-31T01:24:49.228521+09:00
FY2015-03,6647,revenue,7339,JPY_million,10,OK|ROUNDING|NONCONSOLIDATED,kabutan_fy10,7339,"7,339",irbank_pl_consolidated,7340,73.4億,kabutan_fy10=7339|irbank_pl_consolidated=7340,https://kabutan.jp/stock/finance?code=6647,https://irbank.net/E01912/results,2026-08-31T01:24:49.228521+09:00
FY2015-03,6647,roa,,pct,0.01,SINGLE_SOURCE,irbank_pl_consolidated,1.32,1.32,,,,irbank_pl_consolidated=1.32,https://irbank.net/E01912/results,,2026-08-31T01:24:49.228521+09:00
FY2015-03,6647,roe,,pct,0.01,SINGLE_SOURCE,irbank_pl_consolidated,3.18,3.18,,,,irbank_pl_consolidated=3.18,https://irbank.net/E01912/results,,2026-08-31T01:24:49.228521+09:00
FY2015-03,6647,sga_ratio,,pct,0.01,SINGLE_SOURCE,irbank_pl_consolidated,13.86,13.86,,,,irbank_pl_consolidated=13.86,https://irbank.net/E01912/results,,2026-08-31T01:24:49.228521+09:00
FY2015-03,6647,shareholders_equity,,JPY_million,10,SINGLE_SOURCE,irbank_bs,2950,29.5億,,,,irbank_bs=2950,https://irbank.net/E01912/results,,2026-08-31T01:24:49.228521+09:00
FY2015-03,6647,total_assets,,JPY_million,10,SINGLE_SOURCE,irbank_bs,8470,84.7億,,,,irbank_bs=8470,https://irbank.net/E01912/results,,2026-08-31T01:24:49.228521+09:00
FY2016-03,6647,bps,,JPY,0.01,SINGLE_SOURCE,irbank_bs,2543.93,2543.93,,,,irbank_bs=2543.93,https://irbank.net/E01912/results,,2026-08-31T01:24:49.228521+09:00
FY2016-03,6647,capex,,JPY_million,1,SINGLE_SOURCE,irbank_cf,-121,-1.21億,,,,irbank_cf=-121,https://irbank.net/E01912/results,,2026-08-31T01:24:49.228521+09:00
FY2016-03,6647,cash_equivalents,,JPY_million,10,SINGLE_SOURCE,irbank_cf,1110,11.1億,,,,irbank_cf=1110,https://irbank.net/E01912/results,,2026-08-31T01:24:49.228521+09:00
FY2016-03,6647,cost_ratio,,pct,0.01,SINGLE_SOURCE,irbank_pl_consolidated,83.11,83.11,,,,irbank_pl_consolidated=83.11,https://irbank.net/E01912/results,,2026-08-31T01:24:49.228521+09:00
FY2016-03,6647,eps,,JPY,0.01,SINGLE_SOURCE,irbank_pl_consolidated,96.93,96.93,,,,irbank_pl_consolidated=96.93,https://irbank.net/E01912/results,,2026-08-31T01:24:49.228521+09:00
FY2016-03,6647,equity_ratio,,pct,0.1,SINGLE_SOURCE,irbank_bs,43.7,43.7,,,,irbank_bs=43.7,https://irbank.net/E01912/results,,2026-08-31T01:24:49.228521+09:00
FY2016-03,6647,financing_cf,,JPY_million,1,SINGLE_SOURCE,irbank_cf,-473,-4.73億,,,,irbank_cf=-473,https://irbank.net/E01912/results,,2026-08-31T01:24:49.228521+09:00
FY2016-03,6647,free_cf,,JPY_million,1,SINGLE_SOURCE,irbank_cf,726,726百万,,,,irbank_cf=726,https://irbank.net/E01912/results,,2026-08-31T01:24:49.228521+09:00
FY2016-03,6647,interest_bearing_debt,,JPY_million,10,SINGLE_SOURCE,irbank_bs,2350,23.5億,,,,irbank_bs=2350,https://irbank.net/E01912/results,,2026-08-31T01:24:49.228521+09:00
FY2016-03,6647,interest_bearing_debt_ratio,,x,0.0001,SINGLE_SOURCE|UNIT_CONVERTED,irbank_bs,0.6717,67.17,,,,irbank_bs=0.6717,https://irbank.net/E01912/results,,2026-08-31T01:24:49.228521+09:00
FY2016-03,6647,investing_cf,,JPY_million,1,SINGLE_SOURCE,irbank_cf,-121,-1.21億,,,,irbank_cf=-121,https://irbank.net/E01912/results,,2026-08-31T01:24:49.228521+09:00
FY2016-03,6647,net_assets,,JPY_million,100,SINGLE_SOURCE,irbank_bs,3500,35億,,,,irbank_bs=3500,https://irbank.net/E01912/results,,2026-08-31T01:24:49.228521+09:00
FY2016-03,6647,net_income,,JPY_million,1,SINGLE_SOURCE,irbank_pl_consolidated,133,133百万,,,,irbank_pl_consolidated=133,https://irbank.net/E01912/results,,2026-08-31T01:24:49.228521+09:00
FY2016-03,6647,operating_cf,,JPY_million,1,SINGLE_SOURCE,irbank_cf,847,8.47億,,,,irbank_cf=847,https://irbank.net/E01912/results,,2026-08-31T01:24:49.228521+09:00
FY2016-03,6647,operating_income,,JPY_million,1,SINGLE_SOURCE,irbank_pl_consolidated,277,277百万,,,,irbank_pl_consolidated=277,https://irbank.net/E01912/results,,2026-08-31T01:24:49.228521+09:00
FY2016-03,6647,operating_margin,,pct,0.01,SINGLE_SOURCE,irbank_pl_consolidated,3.68,3.68,,,,irbank_pl_consolidated=3.68,https://irbank.net/E01912/results,,2026-08-31T01:24:49.228521+09:00
FY2016-03,6647,ordinary_income,,JPY_million,1,SINGLE_SOURCE,irbank_pl_consolidated,262,262百万,,,,irbank_pl_consolidated=262,https://irbank.net/E01912/results,,2026-08-31T01:24:49.228521+09:00
FY2016-03,6647,retained_earnings,,JPY_million,10,SINGLE_SOURCE,irbank_bs,1080,10.8億,,,,irbank_bs=1080,https://irbank.net/E01912/results,,2026-08-31T01:24:49.228521+09:00
FY2016-03,6647,revenue,7531,JPY_million,10,OK|ROUNDING,kabutan_fy10,7531,"7,531",irbank_pl_consolidated,7530,75.3億,kabutan_fy10=7531|irbank_pl_consolidated=7530,https://kabutan.jp/stock/finance?code=6647,https://irbank.net/E01912/results,2026-08-31T01:24:49.228521+09:00
FY2016-03,6647,roa,,pct,0.01,SINGLE_SOURCE,irbank_pl_consolidated,1.66,1.66,,,,irbank_pl_consolidated=1.66,https://irbank.net/E01912/results,,2026-08-31T01:24:49.228521+09:00
FY2016-03,6647,roe,,pct,0.01,SINGLE_SOURCE,irbank_pl_consolidated,3.81,3.81,,,,irbank_pl_consolidated=3.81,https://irbank.net/E01912/results,,2026-08-31T01:24:49.228521+09:00
FY2016-03,6647,sga_ratio,,pct,0.01,SINGLE_SOURCE,irbank_pl_consolidated,13.21,13.21,,,,irbank_pl_consolidated=13.21,https://irbank.net/E01912/results,,2026-08-31T01:24:49.228521+09:00
FY2016-03,6647,shareholders_equity,,JPY_million,10,SINGLE_SOURCE,irbank_bs,2960,29.6億,,,,irbank_bs=2960,https://irbank.net/E01912/results,,2026-08-31T01:24:49.228521+09:00
FY2016-03,6647,total_assets,,JPY_million,10,SINGLE_SOURCE,irbank_bs,8020,80.2億,,,,irbank_bs=8020,https://irbank.net/E01912/results,,2026-08-31T01:24:49.228521+09:00
FY2017-03,6647,bps,,JPY,0.01,SINGLE_SOURCE,irbank_bs,2594.34,2594.34,,,,irbank_bs=2594.34,https://irbank.net/E01912/results,,2026-08-31T01:24:49.228521+09:00
FY2017-03,6647,capex,,JPY_million,1,SINGLE_SOURCE,irbank_cf,-243,-2.43億,,,,irbank_cf=-243,https://irbank.net/E01912/results,,2026-08-31T01:24:49.228521+09:00
FY2017-03,6647,cash_equivalents,,JPY_million,1,SINGLE_SOURCE,irbank_cf,725,7.25億,,,,irbank_cf=725,https://irbank.net/E01912/results,,2026-08-31T01:24:49.228521+09:00
FY2017-03,6647,cost_ratio,,pct,0.01,SINGLE_SOURCE,irbank_pl_consolidated,82.43,82.43,,,,irbank_pl_consolidated=82.43,https://irbank.net/E01912/results,,2026-08-31T01:24:49.228521+09:00
FY2017-03,6647,eps,,JPY,0.01,SINGLE_SOURCE,irbank_pl_consolidated,110.35,110.35,,,,irbank_pl_consolidated=110.35,https://irbank.net/E01912/results,,2026-08-31T01:24:49.228521+09:00
FY2017-03,6647,equity_ratio,,pct,0.1,SINGLE_SOURCE,irbank_bs,43.7,43.7,,,,irbank_bs=43.7,https://irbank.net/E01912/results,,2026-08-31T01:24:49.228521+09:00
FY2017-03,6647,financing_cf,,JPY_million,0.01,SINGLE_SOURCE,irbank_cf,0.41,0.41百万,,,,irbank_cf=0.41,https://irbank.net/E01912/results,,2026-08-31T01:24:49.228521+09:00
FY2017-03,6647,free_cf,,JPY_million,1,SINGLE_SOURCE,irbank_cf,-372,-372百万,,,,irbank_cf=-372,https://irbank.net/E01912/results,,2026-08-31T01:24:49.228521+09:00
FY2017-03,6647,interest_bearing_debt,,JPY_million,10,SINGLE_SOURCE,irbank_bs,2440,24.4億,,,,irbank_bs=2440,https://irbank.net/E01912/results,,2026-08-31T01:24:49.228521+09:00
FY2017-03,6647,interest_bearing_debt_ratio,,x,0.0001,SINGLE_SOURCE|UNIT_CONVERTED,irbank_bs,0.6827,68.27,,,,irbank_bs=0.6827,https://irbank.net/E01912/results,,2026-08-31T01:24:49.228521+09:00
FY2017-03,6647,investing_cf,,JPY_million,1,SINGLE_SOURCE,irbank_cf,-234,-2.34億,,,,irbank_cf=-234,https://irbank.net/E01912/results,,2026-08-31T01:24:49.228521+09:00
FY2017-03,6647,net_assets,,JPY_million,10,SINGLE_SOURCE,irbank_bs,3570,35.7億,,,,irbank_bs=3570,https://irbank.net/E01912/results,,2026-08-31T01:24:49.228521+09:00
FY2017-03,6647,net_income,,JPY_million,1,SINGLE_SOURCE,irbank_pl_consolidated,152,152百万,,,,irbank_pl_consolidated=152,https://irbank.net/E01912/results,,2026-08-31T01:24:49.228521+09:00
FY2017-03,6647,operating_cf,,JPY_million,1,SINGLE_SOURCE,irbank_cf,-138,-1.38億,,,,irbank_cf=-138,https://irbank.net/E01912/results,,2026-08-31T01:24:49.228521+09:00
FY2017-03,6647,operating_income,,JPY_million,1,SINGLE_SOURCE,irbank_pl_consolidated,266,266百万,,,,irbank_pl_consolidated=266,https://irbank.net/E01912/results,,2026-08-31T01:24:49.228521+09:00
FY2017-03,6647,operating_margin,,pct,0.1,SINGLE_SOURCE,irbank_pl_consolidated,3.8,3.8,,,,irbank_pl_consolidated=3.8,https://irbank.net/E01912/results,,2026-08-31T01:24:49.228521+09:00
FY2017-03,6647,ordinary_income,,JPY_million,1,SINGLE_SOURCE,irbank_pl_consolidated,261,261百万,,,,irbank_pl_consolidated=261,https://irbank.net/E01912/results,,2026-08-31T01:24:49.228521+09:00
FY2017-03,6647,retained_earnings,,JPY_million,10,SINGLE_SOURCE,irbank_bs,1190,11.9億,,,,irbank_bs=1190,https://irbank.net/E01912/results,,2026-08-31T01:24:49.228521+09:00
FY2017-03,6647,revenue,6986,JPY_million,10,OK|ROUNDING,kabutan_fy10,6986,"6,986",irbank_pl_consolidated,6990,69.9億,kabutan_fy10=6986|irbank_pl_consolidated=6990,https://kabutan.jp/stock/finance?code=6647,https://irbank.net/E01912/results,2026-08-31T01:24:49.228521+09:00
FY2017-03,6647,roa,,pct,0.01,SINGLE_SOURCE,irbank_pl_consolidated,1.86,1.86,,,,irbank_pl_consolidated=1.86,https://irbank.net/E01912/results,,2026-08-31T01:24:49.228521+09:00
FY2017-03,6647,roe,,pct,0.01,SINGLE_SOURCE,irbank_pl_consolidated,4.25,4.25,,,,irbank_pl_consolidated=4.25,https://irbank.net/E01912/results,,2026-08-31T01:24:49.228521+09:00
FY2017-03,6647,sga_ratio,,pct,0.01,SINGLE_SOURCE,irbank_pl_consolidated,13.77,13.77,,,,irbank_pl_consolidated=13.77,https://irbank.net/E01912/results,,2026-08-31T01:24:49.228521+09:00
FY2017-03,6647,shareholders_equity,,JPY_million,10,SINGLE_SOURCE,irbank_bs,3070,30.7億,,,,irbank_bs=3070,https://irbank.net/E01912/results,,2026-08-31T01:24:49.228521+09:00
FY2017-03,6647,total_assets,,JPY_million,10,SINGLE_SOURCE,irbank_bs,8160,81.6億,,,,irbank_bs=8160,https://irbank.net/E01912/results,,2026-08-31T01:24:49.228521+09:00
FY2018-03,6647,bps,,JPY,0.01,SINGLE_SOURCE,irbank_bs,2763.42,2763.42,,,,irbank_bs=2763.42,https://irbank.net/E01912/results,,2026-08-31T01:24:49.228521+09:00
FY2018-03,6647,capex,,JPY_million,1,SINGLE_SOURCE,irbank_cf,-121,-1.21億,,,,irbank_cf=-121,https://irbank.net/E01912/results,,2026-08-31T01:24:49.228521+09:00
FY2018-03,6647,cash_equivalents,,JPY_million,1,SINGLE_SOURCE,irbank_cf,875,8.75億,,,,irbank_cf=875,https://irbank.net/E01912/results,,2026-08-31T01:24:49.228521+09:00
FY2018-03,6647,cost_ratio,,pct,0.01,SINGLE_SOURCE,irbank_pl_consolidated,84.23,84.23,,,,irbank_pl_consolidated=84.23,https://irbank.net/E01912/results,,2026-08-31T01:24:49.228521+09:00
FY2018-03,6647,eps,,JPY,0.01,SINGLE_SOURCE,irbank_pl_consolidated,152.61,152.61,,,,irbank_pl_consolidated=152.61,https://irbank.net/E01912/results,,2026-08-31T01:24:49.228521+09:00
FY2018-03,6647,equity_ratio,,pct,0.1,SINGLE_SOURCE,irbank_bs,41.4,41.4,,,,irbank_bs=41.4,https://irbank.net/E01912/results,,2026-08-31T01:24:49.228521+09:00
FY2018-03,6647,financing_cf,,JPY_million,1,SINGLE_SOURCE,irbank_cf,-56,-0.56億,,,,irbank_cf=-56,https://irbank.net/E01912/results,,2026-08-31T01:24:49.228521+09:00
FY2018-03,6647,free_cf,,JPY_million,1,SINGLE_SOURCE,irbank_cf,210,210百万,,,,irbank_cf=210,https://irbank.net/E01912/results,,2026-08-31T01:24:49.228521+09:00
FY2018-03,6647,interest_bearing_debt,,JPY_million,10,SINGLE_SOURCE,irbank_bs,2190,21.9億,,,,irbank_bs=2190,https://irbank.net/E01912/results,,2026-08-31T01:24:49.228521+09:00
FY2018-03,6647,interest_bearing_debt_ratio,,x,0.0001,SINGLE_SOURCE|UNIT_CONVERTED,irbank_bs,0.5767,57.67,,,,irbank_bs=0.5767,https://irbank.net/E01912/results,,2026-08-31T01:24:49.228521+09:00
FY2018-03,6647,investing_cf,,JPY_million,1,SINGLE_SOURCE,irbank_cf,-125,-1.25億,,,,irbank_cf=-125,https://irbank.net/E01912/results,,2026-08-31T01:24:49.228521+09:00
FY2018-03,6647,net_assets,,JPY_million,100,SINGLE_SOURCE,irbank_bs,3800,38億,,,,irbank_bs=3800,https://irbank.net/E01912/results,,2026-08-31T01:24:49.228521+09:00
FY2018-03,6647,net_income,,JPY_million,1,SINGLE_SOURCE,irbank_pl_consolidated,210,210百万,,,,irbank_pl_consolidated=210,https://irbank.net/E01912/results,,2026-08-31T01:24:49.228521+09:00
FY2018-03,6647,operating_cf,,JPY_million,1,SINGLE_SOURCE,irbank_cf,334,3.34億,,,,irbank_cf=334,https://irbank.net/E01912/results,,2026-08-31T01:24:49.228521+09:00
FY2018-03,6647,operating_income,,JPY_million,1,SINGLE_SOURCE,irbank_pl_consolidated,290,290百万,,,,irbank_pl_consolidated=290,https://irbank.net/E01912/results,,2026-08-31T01:24:49.228521+09:00
FY2018-03,6647,operating_margin,,pct,0.01,SINGLE_SOURCE,irbank_pl_consolidated,3.41,3.41,,,,irbank_pl_consolidated=3.41,https://irbank.net/E01912/results,,2026-08-31T01:24:49.228521+09:00
FY2018-03,6647,ordinary_income,,JPY_million,1,SINGLE_SOURCE,irbank_pl_consolidated,281,281百万,,,,irbank_pl_consolidated=281,https://irbank.net/E01912/results,,2026-08-31T01:24:49.228521+09:00
FY2018-03,6647,retained_earnings,,JPY_million,10,SINGLE_SOURCE,irbank_bs,1360,13.6億,,,,irbank_bs=1360,https://irbank.net/E01912/results,,2026-08-31T01:24:49.228521+09:00
FY2018-03,6647,revenue,8499,JPY_million,100,OK|ROUNDING,kabutan_fy10,8499,"8,499",irbank_pl_consolidated,8500,85億,kabutan_fy10=8499|irbank_pl_consolidated=8500,https://kabutan.jp/stock/finance?code=6647,https://irbank.net/E01912/results,2026-08-31T01:24:49.228521+09:00
FY2018-03,6647,roa,,pct,0.01,SINGLE_SOURCE,irbank_pl_consolidated,2.28,2.28,,,,irbank_pl_consolidated=2.28,https://irbank.net/E01912/results,,2026-08-31T01:24:49.228521+09:00
FY2018-03,6647,roe,,pct,0.01,SINGLE_SOURCE,irbank_pl_consolidated,5.52,5.52,,,,irbank_pl_consolidated=5.52,https://irbank.net/E01912/results,,2026-08-31T01:24:49.228521+09:00
FY2018-03,6647,sga_ratio,,pct,0.01,SINGLE_SOURCE,irbank_pl_consolidated,12.36,12.36,,,,irbank_pl_consolidated=12.36,https://irbank.net/E01912/results,,2026-08-31T01:24:49.228521+09:00
FY2018-03,6647,shareholders_equity,,JPY_million,10,SINGLE_SOURCE,irbank_bs,3240,32.4億,,,,irbank_bs=3240,https://irbank.net/E01912/results,,2026-08-31T01:24:49.228521+09:00
FY2018-03,6647,total_assets,,JPY_million,10,SINGLE_SOURCE,irbank_bs,9190,91.9億,,,,irbank_bs=9190,https://irbank.net/E01912/results,,2026-08-31T01:24:49.228521+09:00
FY2019-03,6647,bps,,JPY,0.01,SINGLE_SOURCE,irbank_bs,2950.58,2950.58,,,,irbank_bs=2950.58,https://irbank.net/E01912/results,,2026-08-31T01:24:49.228521+09:00
FY2019-03,6647,capex,,JPY_million,1,SINGLE_SOURCE,irbank_cf,-252,-2.52億,,,,irbank_cf=-252,https://irbank.net/E01912/results,,2026-08-31T01:24:49.228521+09:00
FY2019-03,6647,cash_equivalents,,JPY_million,10,SINGLE_SOURCE,irbank_cf,1410,14.1億,,,,irbank_cf=1410,https://irbank.net/E01912/results,,2026-08-31T01:24:49.228521+09:00
FY2019-03,6647,cost_ratio,,pct,0.01,SINGLE_SOURCE,irbank_pl_consolidated,86.01,86.01,,,,irbank_pl_consolidated=86.01,https://irbank.net/E01912/results,,2026-08-31T01:24:49.228521+09:00
FY2019-03,6647,eps,,JPY,0.01,SINGLE_SOURCE,irbank_pl_consolidated,105.16,105.16,,,,irbank_pl_consolidated=105.16,https://irbank.net/E01912/results,,2026-08-31T01:24:49.228521+09:00
FY2019-03,6647,equity_ratio,,pct,0.1,SINGLE_SOURCE,irbank_bs,41.9,41.9,,,,irbank_bs=41.9,https://irbank.net/E01912/results,,2026-08-31T01:24:49.228521+09:00
FY2019-03,6647,financing_cf,,JPY_million,1,SINGLE_SOURCE,irbank_cf,285,2.85億,,,,irbank_cf=285,https://irbank.net/E01912/results,,2026-08-31T01:24:49.228521+09:00
FY2019-03,6647,free_cf,,JPY_million,1,SINGLE_SOURCE,irbank_cf,247,247百万,,,,irbank_cf=247,https://irbank.net/E01912/results,,2026-08-31T01:24:49.228521+09:00
FY2019-03,6647,interest_bearing_debt,,JPY_million,100,SINGLE_SOURCE,irbank_bs,2600,26億,,,,irbank_bs=2600,https://irbank.net/E01912/results,,2026-08-31T01:24:49.228521+09:00
FY2019-03,6647,interest_bearing_debt_ratio,,x,0.0001,SINGLE_SOURCE|UNIT_CONVERTED,irbank_bs,0.6395,63.95,,,,irbank_bs=0.6395,https://irbank.net/E01912/results,,2026-08-31T01:24:49.228521+09:00
FY2019-03,6647,investing_cf,,JPY_million,1,SINGLE_SOURCE,irbank_cf,-195,-1.95億,,,,irbank_cf=-195,https://irbank.net/E01912/results,,2026-08-31T01:24:49.228521+09:00
FY2019-03,6647,net_assets,,JPY_million,10,SINGLE_SOURCE,irbank_bs,4060,40.6億,,,,irbank_bs=4060,https://irbank.net/E01912/results,,2026-08-31T01:24:49.228521+09:00
FY2019-03,6647,net_income,,JPY_million,1,SINGLE_SOURCE,irbank_pl_consolidated,145,145百万,,,,irbank_pl_consolidated=145,https://irbank.net/E01912/results,,2026-08-31T01:24:49.228521+09:00
FY2019-03,6647,operating_cf,,JPY_million,1,SINGLE_SOURCE,irbank_cf,442,4.42億,,,,irbank_cf=442,https://irbank.net/E01912/results,,2026-08-31T01:24:49.228521+09:00
FY2019-03,6647,operating_income,,JPY_million,1,SINGLE_SOURCE,irbank_pl_consolidated,202,202百万,,,,irbank_pl_consolidated=202,https://irbank.net/E01912/results,,2026-08-31T01:24:49.228521+09:00
FY2019-03,6647,operating_margin,,pct,0.01,SINGLE_SOURCE,irbank_pl_consolidated,2.16,2.16,,,,irbank_pl_consolidated=2.16,https://irbank.net/E01912/results,,2026-08-31T01:24:49.228521+09:00
FY2019-03,6647,ordinary_income,,JPY_million,1,SINGLE_SOURCE,irbank_pl_consolidated,198,198百万,,,,irbank_pl_consolidated=198,https://irbank.net/E01912/results,,2026-08-31T01:24:49.228521+09:00
FY2019-03,6647,retained_earnings,,JPY_million,10,SINGLE_SOURCE,irbank_bs,1450,14.5億,,,,irbank_bs=1450,https://irbank.net/E01912/results,,2026-08-31T01:24:49.228521+09:00
FY2019-03,6647,revenue,9323,JPY_million,10,OK|ROUNDING,kabutan_fy10,9323,"9,323",irbank_pl_consolidated,9320,93.2億,kabutan_fy10=9323|irbank_pl_consolidated=9320,https://kabutan.jp/stock/finance?code=6647,https://irbank.net/E01912/results,2026-08-31T01:24:49.228521+09:00
FY2019-03,6647,roa,,pct,0.01,SINGLE_SOURCE,irbank_pl_consolidated,1.49,1.49,,,,irbank_pl_consolidated=1.49,https://irbank.net/E01912/results,,2026-08-31T01:24:49.228521+09:00
FY2019-03,6647,roe,,pct,0.01,SINGLE_SOURCE,irbank_pl_consolidated,3.56,3.56,,,,irbank_pl_consolidated=3.56,https://irbank.net/E01912/results,,2026-08-31T01:24:49.228521+09:00
FY2019-03,6647,sga_ratio,,pct,0.01,SINGLE_SOURCE,irbank_pl_consolidated,11.83,11.83,,,,irbank_pl_consolidated=11.83,https://irbank.net/E01912/results,,2026-08-31T01:24:49.228521+09:00
FY2019-03,6647,shareholders_equity,,JPY_million,10,SINGLE_SOURCE,irbank_bs,3330,33.3億,,,,irbank_bs=3330,https://irbank.net/E01912/results,,2026-08-31T01:24:49.228521+09:00
FY2019-03,6647,total_assets,,JPY_million,10,SINGLE_SOURCE,irbank_bs,9690,96.9億,,,,irbank_bs=9690,https://irbank.net/E01912/results,,2026-08-31T01:24:49.228521+09:00
FY2020-03,6647,bps,,JPY,0.01,SINGLE_SOURCE,irbank_bs,2933.88,2933.88,,,,irbank_bs=2933.88,https://irbank.net/E01912/results,,2026-08-31T01:24:49.228521+09:00
FY2020-03,6647,capex,,JPY_million,1,SINGLE_SOURCE,irbank_cf,-234,-2.34億,,,,irbank_cf=-234,https://irbank.net/E01912/results,,2026-08-31T01:24:49.228521+09:00
FY2020-03,6647,cash_equivalents,,JPY_million,1,SINGLE_SOURCE,irbank_cf,915,9.15億,,,,irbank_cf=915,https://irbank.net/E01912/results,,2026-08-31T01:24:49.228521+09:00
FY2020-03,6647,cost_ratio,,pct,0.01,SINGLE_SOURCE,irbank_pl_consolidated,83.42,83.42,,,,irbank_pl_consolidated=83.42,https://irbank.net/E01912/results,,2026-08-31T01:24:49.228521+09:00
FY2020-03,6647,eps,,JPY,0.01,SINGLE_SOURCE,irbank_pl_consolidated,204.35,204.35,,,,irbank_pl_consolidated=204.35,https://irbank.net/E01912/results,,2026-08-31T01:24:49.228521+09:00
FY2020-03,6647,equity_ratio,,pct,0.1,SINGLE_SOURCE,irbank_bs,40.8,40.8,,,,irbank_bs=40.8,https://irbank.net/E01912/results,,2026-08-31T01:24:49.228521+09:00
FY2020-03,6647,financing_cf,,JPY_million,1,SINGLE_SOURCE,irbank_cf,94,0.94億,,,,irbank_cf=94,https://irbank.net/E01912/results,,2026-08-31T01:24:49.228521+09:00
FY2020-03,6647,free_cf,,JPY_million,1,SINGLE_SOURCE,irbank_cf,-589,-589百万,,,,irbank_cf=-589,https://irbank.net/E01912/results,,2026-08-31T01:24:49.228521+09:00
FY2020-03,6647,interest_bearing_debt,,JPY_million,10,SINGLE_SOURCE,irbank_bs,2780,27.8億,,,,irbank_bs=2780,https://irbank.net/E01912/results,,2026-08-31T01:24:49.228521+09:00
FY2020-03,6647,interest_bearing_debt_ratio,,x,0.0001,SINGLE_SOURCE|UNIT_CONVERTED,irbank_bs,0.6878,68.78,,,,irbank_bs=0.6878,https://irbank.net/E01912/results,,2026-08-31T01:24:49.228521+09:00
FY2020-03,6647,investing_cf,,JPY_million,1,SINGLE_SOURCE,irbank_cf,-236,-2.36億,,,,irbank_cf=-236,https://irbank.net/E01912/results,,2026-08-31T01:24:49.228521+09:00
FY2020-03,6647,net_assets,,JPY_million,10,SINGLE_SOURCE,irbank_bs,4040,40.4億,,,,irbank_bs=4040,https://irbank.net/E01912/results,,2026-08-31T01:24:49.228521+09:00
FY2020-03,6647,net_income,,JPY_million,1,SINGLE_SOURCE,irbank_pl_consolidated,281,281百万,,,,irbank_pl_consolidated=281,https://irbank.net/E01912/results,,2026-08-31T01:24:49.228521+09:00
FY2020-03,6647,operating_cf,,JPY_million,1,SINGLE_SOURCE,irbank_cf,-353,-3.53億,,,,irbank_cf=-353,https://irbank.net/E01912/results,,2026-08-31T01:24:49.228521+09:00
FY2020-03,6647,operating_income,,JPY_million,1,SINGLE_SOURCE,irbank_pl_consolidated,528,528百万,,,,irbank_pl_consolidated=528,https://irbank.net/E01912/results,,2026-08-31T01:24:49.228521+09:00
FY2020-03,6647,operating_margin,,pct,0.01,SINGLE_SOURCE,irbank_pl_consolidated,5.35,5.35,,,,irbank_pl_consolidated=5.35,https://irbank.net/E01912/results,,2026-08-31T01:24:49.228521+09:00
FY2020-03,6647,ordinary_income,,JPY_million,1,SINGLE_SOURCE,irbank_pl_consolidated,532,532百万,,,,irbank_pl_consolidated=532,https://irbank.net/E01912/results,,2026-08-31T01:24:49.228521+09:00
FY2020-03,6647,retained_earnings,,JPY_million,10,SINGLE_SOURCE,irbank_bs,1690,16.9億,,,,irbank_bs=1690,https://irbank.net/E01912/results,,2026-08-31T01:24:49.228521+09:00
FY2020-03,6647,revenue,9866,JPY_million,10,OK|ROUNDING,kabutan_fy10,9866,"9,866",kabutan_record_fy,9866,"9,866",kabutan_fy10=9866|kabutan_record_fy=9866|irbank_pl_consolidated=9870,https://kabutan.jp/stock/finance?code=6647,https://kabutan.jp/stock/finance?code=6647,2026-08-31T01:24:49.228521+09:00
FY2020-03,6647,roa,,pct,0.01,SINGLE_SOURCE,irbank_pl_consolidated,2.84,2.84,,,,irbank_pl_consolidated=2.84,https://irbank.net/E01912/results,,2026-08-31T01:24:49.228521+09:00
FY2020-03,6647,roe,,pct,0.01,SINGLE_SOURCE,irbank_pl_consolidated,6.97,6.97,,,,irbank_pl_consolidated=6.97,https://irbank.net/E01912/results,,2026-08-31T01:24:49.228521+09:00
FY2020-03,6647,sga_ratio,,pct,0.01,SINGLE_SOURCE,irbank_pl_consolidated,11.23,11.23,,,,irbank_pl_consolidated=11.23,https://irbank.net/E01912/results,,2026-08-31T01:24:49.228521+09:00
FY2020-03,6647,shareholders_equity,,JPY_million,10,SINGLE_SOURCE,irbank_bs,3570,35.7億,,,,irbank_bs=3570,https://irbank.net/E01912/results,,2026-08-31T01:24:49.228521+09:00
FY2020-03,6647,total_assets,,JPY_million,100,SINGLE_SOURCE,irbank_bs,9900,99億,,,,irbank_bs=9900,https://irbank.net/E01912/results,,2026-08-31T01:24:49.228521+09:00
FY2021-03,6647,bps,,JPY,0.01,SINGLE_SOURCE,irbank_bs,3025.72,3025.72,,,,irbank_bs=3025.72,https://irbank.net/E01912/results,,2026-08-31T01:24:49.228521+09:00
FY2021-03,6647,capex,,JPY_million,1,SINGLE_SOURCE,irbank_cf,-237,-2.37億,,,,irbank_cf=-237,https://irbank.net/E01912/results,,2026-08-31T01:24:49.228521+09:00
FY2021-03,6647,cash_equivalents,,JPY_million,1,SINGLE_SOURCE,irbank_cf,905,9.05億,,,,irbank_cf=905,https://irbank.net/E01912/results,,2026-08-31T01:24:49.228521+09:00
FY2021-03,6647,cost_ratio,,pct,0.1,SINGLE_SOURCE,irbank_pl_consolidated,85.2,85.2,,,,irbank_pl_consolidated=85.2,https://irbank.net/E01912/results,,2026-08-31T01:24:49.228521+09:00
FY2021-03,6647,eps,,JPY,0.1,SINGLE_SOURCE,irbank_pl_consolidated,148.7,148.7,,,,irbank_pl_consolidated=148.7,https://irbank.net/E01912/results,,2026-08-31T01:24:49.228521+09:00
FY2021-03,6647,equity_ratio,,pct,0.1,SINGLE_SOURCE,irbank_bs,46.8,46.8,,,,irbank_bs=46.8,https://irbank.net/E01912/results,,2026-08-31T01:24:49.228521+09:00
FY2021-03,6647,financing_cf,,JPY_million,10,SINGLE_SOURCE,irbank_cf,-1010,-10.1億,,,,irbank_cf=-1010,https://irbank.net/E01912/results,,2026-08-31T01:24:49.228521+09:00
FY2021-03,6647,free_cf,,JPY_million,1,SINGLE_SOURCE,irbank_cf,997,997百万,,,,irbank_cf=997,https://irbank.net/E01912/results,,2026-08-31T01:24:49.228521+09:00
FY2021-03,6647,interest_bearing_debt,,JPY_million,100,SINGLE_SOURCE,irbank_bs,1900,19億,,,,irbank_bs=1900,https://irbank.net/E01912/results,,2026-08-31T01:24:49.228521+09:00
FY2021-03,6647,interest_bearing_debt_ratio,,x,0.0001,SINGLE_SOURCE|UNIT_CONVERTED,irbank_bs,0.4569,45.69,,,,irbank_bs=0.4569,https://irbank.net/E01912/results,,2026-08-31T01:24:49.228521+09:00
FY2021-03,6647,investing_cf,,JPY_million,1,SINGLE_SOURCE,irbank_cf,-181,-1.81億,,,,irbank_cf=-181,https://irbank.net/E01912/results,,2026-08-31T01:24:49.228521+09:00
FY2021-03,6647,net_assets,,JPY_million,10,SINGLE_SOURCE,irbank_bs,4160,41.6億,,,,irbank_bs=4160,https://irbank.net/E01912/results,,2026-08-31T01:24:49.228521+09:00
FY2021-03,6647,net_income,,JPY_million,1,SINGLE_SOURCE,irbank_pl_consolidated,205,205百万,,,,irbank_pl_consolidated=205,https://irbank.net/E01912/results,,2026-08-31T01:24:49.228521+09:00
FY2021-03,6647,operating_cf,,JPY_million,10,SINGLE_SOURCE,irbank_cf,1180,11.8億,,,,irbank_cf=1180,https://irbank.net/E01912/results,,2026-08-31T01:24:49.228521+09:00
FY2021-03,6647,operating_income,,JPY_million,1,SINGLE_SOURCE,irbank_pl_consolidated,329,329百万,,,,irbank_pl_consolidated=329,https://irbank.net/E01912/results,,2026-08-31T01:24:49.228521+09:00
FY2021-03,6647,operating_margin,,pct,0.01,SINGLE_SOURCE,irbank_pl_consolidated,3.43,3.43,,,,irbank_pl_consolidated=3.43,https://irbank.net/E01912/results,,2026-08-31T01:24:49.228521+09:00
FY2021-03,6647,ordinary_income,,JPY_million,1,SINGLE_SOURCE,irbank_pl_consolidated,340,340百万,,,,irbank_pl_consolidated=340,https://irbank.net/E01912/results,,2026-08-31T01:24:49.228521+09:00
FY2021-03,6647,retained_earnings,,JPY_million,10,SINGLE_SOURCE,irbank_bs,1830,18.3億,,,,irbank_bs=1830,https://irbank.net/E01912/results,,2026-08-31T01:24:49.228521+09:00
FY2021-03,6647,revenue,9591,JPY_million,10,OK|ROUNDING,kabutan_fy10,9591,"9,591",irbank_pl_consolidated,9590,95.9億,kabutan_fy10=9591|irbank_pl_consolidated=9590,https://kabutan.jp/stock/finance?code=6647,https://irbank.net/E01912/results,2026-08-31T01:24:49.228521+09:00
FY2021-03,6647,roa,,pct,0.1,SINGLE_SOURCE,irbank_pl_consolidated,2.3,2.3,,,,irbank_pl_consolidated=2.3,https://irbank.net/E01912/results,,2026-08-31T01:24:49.228521+09:00
FY2021-03,6647,roe,,pct,0.01,SINGLE_SOURCE,irbank_pl_consolidated,4.91,4.91,,,,irbank_pl_consolidated=4.91,https://irbank.net/E01912/results,,2026-08-31T01:24:49.228521+09:00
FY2021-03,6647,sga_ratio,,pct,0.01,SINGLE_SOURCE,irbank_pl_consolidated,11.37,11.37,,,,irbank_pl_consolidated=11.37,https://irbank.net/E01912/results,,2026-08-31T01:24:49.228521+09:00
FY2021-03,6647,shareholders_equity,,JPY_million,100,SINGLE_SOURCE,irbank_bs,3700,37億,,,,irbank_bs=3700,https://irbank.net/E01912/results,,2026-08-31T01:24:49.228521+09:00
FY2021-03,6647,total_assets,,JPY_million,10,SINGLE_SOURCE,irbank_bs,8880,88.8億,,,,irbank_bs=8880,https://irbank.net/E01912/results,,2026-08-31T01:24:49.228521+09:00
FY2022-03,6647,bps,,JPY,0.01,SINGLE_SOURCE,irbank_bs,3061.44,3061.44,,,,irbank_bs=3061.44,https://irbank.net/E01912/results,,2026-08-31T01:24:49.228521+09:00
FY2022-03,6647,capex,,JPY_million,1,SINGLE_SOURCE,irbank_cf,-139,-1.39億,,,,irbank_cf=-139,https://irbank.net/E01912/results,,2026-08-31T01:24:49.228521+09:00
FY2022-03,6647,cash_equivalents,,JPY_million,10,SINGLE_SOURCE,irbank_cf,590,5.9億,,,,irbank_cf=590,https://irbank.net/E01912/results,,2026-08-31T01:24:49.228521+09:00
FY2022-03,6647,cost_ratio,,pct,0.01,SINGLE_SOURCE,irbank_pl_consolidated,81.72,81.72,,,,irbank_pl_consolidated=81.72,https://irbank.net/E01912/results,,2026-08-31T01:24:49.228521+09:00
FY2022-03,6647,eps,,JPY,0.1,SINGLE_SOURCE,irbank_pl_consolidated,196.6,196.6,,,,irbank_pl_consolidated=196.6,https://irbank.net/E01912/results,,2026-08-31T01:24:49.228521+09:00
FY2022-03,6647,equity_ratio,,pct,1,SINGLE_SOURCE,irbank_bs,53,53,,,,irbank_bs=53,https://irbank.net/E01912/results,,2026-08-31T01:24:49.228521+09:00
FY2022-03,6647,financing_cf,,JPY_million,1,SINGLE_SOURCE,irbank_cf,-914,-9.14億,,,,irbank_cf=-914,https://irbank.net/E01912/results,,2026-08-31T01:24:49.228521+09:00
FY2022-03,6647,free_cf,,JPY_million,1,SINGLE_SOURCE,irbank_cf,593,593百万,,,,irbank_cf=593,https://irbank.net/E01912/results,,2026-08-31T01:24:49.228521+09:00
FY2022-03,6647,interest_bearing_debt,,JPY_million,10,SINGLE_SOURCE,irbank_bs,1040,10.4億,,,,irbank_bs=1040,https://irbank.net/E01912/results,,2026-08-31T01:24:49.228521+09:00
FY2022-03,6647,interest_bearing_debt_ratio,,x,0.0001,SINGLE_SOURCE|UNIT_CONVERTED,irbank_bs,0.2479,24.79,,,,irbank_bs=0.2479,https://irbank.net/E01912/results,,2026-08-31T01:24:49.228521+09:00
FY2022-03,6647,investing_cf,,JPY_million,1,SINGLE_SOURCE,irbank_cf,-138,-1.38億,,,,irbank_cf=-138,https://irbank.net/E01912/results,,2026-08-31T01:24:49.228521+09:00
FY2022-03,6647,net_assets,,JPY_million,10,SINGLE_SOURCE,irbank_bs,4210,42.1億,,,,irbank_bs=4210,https://irbank.net/E01912/results,,2026-08-31T01:24:49.228521+09:00
FY2022-03,6647,net_income,,JPY_million,1,SINGLE_SOURCE,irbank_pl_consolidated,270,270百万,,,,irbank_pl_consolidated=270,https://irbank.net/E01912/results,,2026-08-31T01:24:49.228521+09:00
FY2022-03,6647,operating_cf,,JPY_million,1,SINGLE_SOURCE,irbank_cf,731,7.31億,,,,irbank_cf=731,https://irbank.net/E01912/results,,2026-08-31T01:24:49.228521+09:00
FY2022-03,6647,operating_income,,JPY_million,1,SINGLE_SOURCE,irbank_pl_consolidated,452,452百万,,,,irbank_pl_consolidated=452,https://irbank.net/E01912/results,,2026-08-31T01:24:49.228521+09:00
FY2022-03,6647,operating_margin,,pct,0.01,SINGLE_SOURCE,irbank_pl_consolidated,5.32,5.32,,,,irbank_pl_consolidated=5.32,https://irbank.net/E01912/results,,2026-08-31T01:24:49.228521+09:00
FY2022-03,6647,ordinary_income,,JPY_million,1,SINGLE_SOURCE,irbank_pl_consolidated,459,459百万,,,,irbank_pl_consolidated=459,https://irbank.net/E01912/results,,2026-08-31T01:24:49.228521+09:00
FY2022-03,6647,retained_earnings,,JPY_million,10,SINGLE_SOURCE,irbank_bs,1920,19.2億,,,,irbank_bs=1920,https://irbank.net/E01912/results,,2026-08-31T01:24:49.228521+09:00
FY2022-03,6647,revenue,8506,JPY_million,10,OK|ROUNDING,kabutan_fy10,8506,"8,506",irbank_pl_consolidated,8510,85.1億,kabutan_fy10=8506|irbank_pl_consolidated=8510,https://kabutan.jp/stock/finance?code=6647,https://irbank.net/E01912/results,2026-08-31T01:24:49.228521+09:00
FY2022-03,6647,roa,,pct,0.1,SINGLE_SOURCE,irbank_pl_consolidated,3.4,3.4,,,,irbank_pl_consolidated=3.4,https://irbank.net/E01912/results,,2026-08-31T01:24:49.228521+09:00
FY2022-03,6647,roe,,pct,0.01,SINGLE_SOURCE,irbank_pl_consolidated,6.42,6.42,,,,irbank_pl_consolidated=6.42,https://irbank.net/E01912/results,,2026-08-31T01:24:49.228521+09:00
FY2022-03,6647,sga_ratio,,pct,0.01,SINGLE_SOURCE,irbank_pl_consolidated,12.96,12.96,,,,irbank_pl_consolidated=12.96,https://irbank.net/E01912/results,,2026-08-31T01:24:49.228521+09:00
FY2022-03,6647,shareholders_equity,,JPY_million,100,SINGLE_SOURCE,irbank_bs,3800,38億,,,,irbank_bs=3800,https://irbank.net/E01912/results,,2026-08-31T01:24:49.228521+09:00
FY2022-03,6647,total_assets,,JPY_million,10,SINGLE_SOURCE,irbank_bs,7950,79.5億,,,,irbank_bs=7950,https://irbank.net/E01912/results,,2026-08-31T01:24:49.228521+09:00
FY2023-03,6647,bps,,JPY,0.01,SINGLE_SOURCE,irbank_bs,3164.39,3164.39,,,,irbank_bs=3164.39,https://irbank.net/E01912/results,,2026-08-31T01:24:49.228521+09:00
FY2023-03,6647,capex,,JPY_million,1,SINGLE_SOURCE,irbank_cf,-147,-1.47億,,,,irbank_cf=-147,https://irbank.net/E01912/results,,2026-08-31T01:24:49.228521+09:00
FY2023-03,6647,cash_equivalents,,JPY_million,1,SINGLE_SOURCE,irbank_cf,666,6.66億,,,,irbank_cf=666,https://irbank.net/E01912/results,,2026-08-31T01:24:49.228521+09:00
FY2023-03,6647,cost_ratio,,pct,0.1,SINGLE_SOURCE,irbank_pl_consolidated,83.3,83.3,irbank_q,83.3,83.3%,irbank_pl_consolidated=83.3|irbank_q=83.3,https://irbank.net/E01912/results,https://irbank.net/E01912/quarter,2026-08-31T01:24:49.228521+09:00
FY2023-03,6647,eps,108.28,JPY,0.1,OK|ROUNDING,kabutan_fy,108.3,108.3,irbank_pl_consolidated,108.28,108.28,kabutan_fy=108.3|irbank_pl_consolidated=108.28,https://kabutan.jp/stock/finance?code=6647,https://irbank.net/E01912/results,2026-08-31T01:24:49.228521+09:00
FY2023-03,6647,equity_ratio,,pct,1,SINGLE_SOURCE,irbank_bs,56,56,,,,irbank_bs=56,https://irbank.net/E01912/results,,2026-08-31T01:24:49.228521+09:00
FY2023-03,6647,financing_cf,,JPY_million,1,SINGLE_SOURCE,irbank_cf,-87,-0.87億,,,,irbank_cf=-87,https://irbank.net/E01912/results,,2026-08-31T01:24:49.228521+09:00
FY2023-03,6647,free_cf,,JPY_million,1,SINGLE_SOURCE,irbank_cf,158,158百万,,,,irbank_cf=158,https://irbank.net/E01912/results,,2026-08-31T01:24:49.228521+09:00
FY2023-03,6647,interest_bearing_debt,,JPY_million,10,SINGLE_SOURCE,irbank_bs,1130,11.3億,,,,irbank_bs=1130,https://irbank.net/E01912/results,,2026-08-31T01:24:49.228521+09:00
FY2023-03,6647,interest_bearing_debt_ratio,,x,0.0001,SINGLE_SOURCE|UNIT_CONVERTED,irbank_bs,0.2588,25.88,,,,irbank_bs=0.2588,https://irbank.net/E01912/results,,2026-08-31T01:24:49.228521+09:00
FY2023-03,6647,investing_cf,,JPY_million,1,SINGLE_SOURCE,irbank_cf,-86,-0.86億,,,,irbank_cf=-86,https://irbank.net/E01912/results,,2026-08-31T01:24:49.228521+09:00
FY2023-03,6647,net_assets,,JPY_million,10,SINGLE_SOURCE,irbank_bs,4350,43.5億,,,,irbank_bs=4350,https://irbank.net/E01912/results,,2026-08-31T01:24:49.228521+09:00
FY2023-03,6647,net_income,148,JPY_million,1,OK|ROUNDING,kabutan_fy,148,148,irbank_pl_consolidated,149,149百万,kabutan_fy=148|irbank_pl_consolidated=149,https://kabutan.jp/stock/finance?code=6647,https://irbank.net/E01912/results,2026-08-31T01:24:49.228521+09:00
FY2023-03,6647,operating_cf,,JPY_million,1,SINGLE_SOURCE,irbank_cf,244,2.44億,,,,irbank_cf=244,https://irbank.net/E01912/results,,2026-08-31T01:24:49.228521+09:00
FY2023-03,6647,operating_income,274,JPY_million,1,OK|ROUNDING,kabutan_fy,274,274,irbank_pl_consolidated,275,275百万,kabutan_fy=274|irbank_pl_consolidated=275|irbank_q=275,https://kabutan.jp/stock/finance?code=6647,https://irbank.net/E01912/results,2026-08-31T01:24:49.228521+09:00
FY2023-03,6647,operating_margin,,pct,0.01,SINGLE_SOURCE,irbank_pl_consolidated,3.48,3.48,irbank_q,3.48,3.48%,irbank_pl_consolidated=3.48|irbank_q=3.48,https://irbank.net/E01912/results,https://irbank.net/E01912/quarter,2026-08-31T01:24:49.228521+09:00
FY2023-03,6647,ordinary_income,284,JPY_million,1,OK,kabutan_fy,284,284,irbank_pl_consolidated,284,284百万,kabutan_fy=284|irbank_pl_consolidated=284|irbank_q=284,https://kabutan.jp/stock/finance?code=6647,https://irbank.net/E01912/results,2026-08-31T01:24:49.228521+09:00
FY2023-03,6647,retained_earnings,,JPY_million,100,SINGLE_SOURCE,irbank_bs,2000,20億,,,,irbank_bs=2000,https://irbank.net/E01912/results,,2026-08-31T01:24:49.228521+09:00
FY2023-03,6647,revenue,7899,JPY_million,100,OK|ROUNDING,kabutan_fy,7899,"7,899",kabutan_fy10,7899,"7,899",kabutan_fy=7899|kabutan_fy10=7899|irbank_pl_consolidated=7900|irbank_q=7900,https://kabutan.jp/stock/finance?code=6647,https://kabutan.jp/stock/finance?code=6647,2026-08-31T01:24:49.228521+09:00
FY2023-03,6647,roa,,pct,0.01,SINGLE_SOURCE,irbank_pl_consolidated,1.92,1.92,,,,irbank_pl_consolidated=1.92,https://irbank.net/E01912/results,,2026-08-31T01:24:49.228521+09:00
FY2023-03,6647,roe,,pct,0.01,SINGLE_SOURCE,irbank_pl_consolidated,3.42,3.42,,,,irbank_pl_consolidated=3.42,https://irbank.net/E01912/results,,2026-08-31T01:24:49.228521+09:00
FY2023-03,6647,sga_ratio,,pct,0.01,SINGLE_SOURCE,irbank_pl_consolidated,13.22,13.22,irbank_q,13.22,13.22%,irbank_pl_consolidated=13.22|irbank_q=13.22,https://irbank.net/E01912/results,https://irbank.net/E01912/quarter,2026-08-31T01:24:49.228521+09:00
FY2023-03,6647,shareholders_equity,,JPY_million,10,SINGLE_SOURCE,irbank_bs,3880,38.8億,,,,irbank_bs=3880,https://irbank.net/E01912/results,,2026-08-31T01:24:49.228521+09:00
FY2023-03,6647,total_assets,,JPY_million,10,SINGLE_SOURCE,irbank_bs,7770,77.7億,,,,irbank_bs=7770,https://irbank.net/E01912/results,,2026-08-31T01:24:49.228521+09:00
FY2024-03,6647,bps,3441.34,JPY,0.01,OK,kabutan_bs,3441.34,"3,441.34",irbank_bs,3441.34,3441.34,kabutan_bs=3441.34|irbank_bs=3441.34,https://kabutan.jp/stock/finance?code=6647,https://irbank.net/E01912/results,2026-08-31T01:24:49.228521+09:00
FY2024-03,6647,capex,,JPY_million,1,SINGLE_SOURCE,irbank_cf,-297,-2.97億,,,,irbank_cf=-297,https://irbank.net/E01912/results,,2026-08-31T01:24:49.228521+09:00
FY2024-03,6647,cash_equivalents,739,JPY_million,1,OK,kabutan_cf,739,739,irbank_cf,739,7.39億,kabutan_cf=739|irbank_cf=739,https://kabutan.jp/stock/finance?code=6647,https://irbank.net/E01912/results,2026-08-31T01:24:49.228521+09:00
FY2024-03,6647,cost_ratio,,pct,0.01,SINGLE_SOURCE,irbank_pl_consolidated,81.43,81.43,irbank_q,81.43,81.43%-1.87%,irbank_pl_consolidated=81.43|irbank_q=81.43,https://irbank.net/E01912/results,https://irbank.net/E01912/quarter,2026-08-31T01:24:49.228521+09:00
FY2024-03,6647,eps,154.03,JPY,0.1,OK|ROUNDING,kabutan_fy,154,154.0,irbank_pl_consolidated,154.03,154.03,kabutan_fy=154|irbank_pl_consolidated=154.03,https://kabutan.jp/stock/finance?code=6647,https://irbank.net/E01912/results,2026-08-31T01:24:49.228521+09:00
FY2024-03,6647,equity,,JPY_million,1,SINGLE_SOURCE,kabutan_bs,4732,"4,732",,,,kabutan_bs=4732,https://kabutan.jp/stock/finance?code=6647,,2026-08-31T01:24:49.228521+09:00
FY2024-03,6647,equity_ratio,57.6,pct,0.1,OK,kabutan_bs,57.6,57.6,irbank_bs,57.6,57.6,kabutan_bs=57.6|irbank_bs=57.6,https://kabutan.jp/stock/finance?code=6647,https://irbank.net/E01912/results,2026-08-31T01:24:49.228521+09:00
FY2024-03,6647,financing_cf,-312,JPY_million,1,OK,kabutan_cf,-312,-312,irbank_cf,-312,-3.12億,kabutan_cf=-312|irbank_cf=-312,https://kabutan.jp/stock/finance?code=6647,https://irbank.net/E01912/results,2026-08-31T01:24:49.228521+09:00
FY2024-03,6647,free_cf,378,JPY_million,1,OK,kabutan_cf,378,378,irbank_cf,378,378百万,kabutan_cf=378|irbank_cf=378,https://kabutan.jp/stock/finance?code=6647,https://irbank.net/E01912/results,2026-08-31T01:24:49.228521+09:00
FY2024-03,6647,interest_bearing_debt,,JPY_million,1,SINGLE_SOURCE,irbank_bs,961,9.61億,,,,irbank_bs=961,https://irbank.net/E01912/results,,2026-08-31T01:24:49.228521+09:00
FY2024-03,6647,interest_bearing_debt_ratio,,x,0.01,MISMATCH|UNIT_CONVERTED,kabutan_bs,0.24,0.24,irbank_bs,0.203,20.3,kabutan_bs=0.24|irbank_bs=0.203,https://kabutan.jp/stock/finance?code=6647,https://irbank.net/E01912/results,2026-08-31T01:24:49.228521+09:00
FY2024-03,6647,investing_cf,-226,JPY_million,1,OK,kabutan_cf,-226,-226,irbank_cf,-226,-2.26億,kabutan_cf=-226|irbank_cf=-226,https://kabutan.jp/stock/finance?code=6647,https://irbank.net/E01912/results,2026-08-31T01:24:49.228521+09:00
FY2024-03,6647,net_assets,,JPY_million,10,SINGLE_SOURCE,irbank_bs,4730,47.3億,,,,irbank_bs=4730,https://irbank.net/E01912/results,,2026-08-31T01:24:49.228521+09:00
FY2024-03,6647,net_income,211,JPY_million,1,OK|ROUNDING,kabutan_fy,211,211,irbank_pl_consolidated,212,212百万,kabutan_fy=211|irbank_pl_consolidated=212,https://kabutan.jp/stock/finance?code=6647,https://irbank.net/E01912/results,2026-08-31T01:24:49.228521+09:00
FY2024-03,6647,operating_cf,604,JPY_million,1,OK,kabutan_cf,604,604,irbank_cf,604,6.04億,kabutan_cf=604|irbank_cf=604,https://kabutan.jp/stock/finance?code=6647,https://irbank.net/E01912/results,2026-08-31T01:24:49.228521+09:00
FY2024-03,6647,operating_income,342,JPY_million,1,OK,kabutan_fy,342,342,kabutan_cf,342,342,kabutan_fy=342|kabutan_cf=342|irbank_pl_consolidated=342|irbank_q=342,https://kabutan.jp/stock/finance?code=6647,https://kabutan.jp/stock/finance?code=6647,2026-08-31T01:24:49.228521+09:00
FY2024-03,6647,operating_margin,,pct,0.1,SINGLE_SOURCE,irbank_pl_consolidated,4.6,4.6,irbank_q,4.6,4.6%+1.12%,irbank_pl_consolidated=4.6|irbank_q=4.6,https://irbank.net/E01912/results,https://irbank.net/E01912/quarter,2026-08-31T01:24:49.228521+09:00
FY2024-03,6647,ordinary_income,342,JPY_million,1,OK|ROUNDING,kabutan_fy,342,342,irbank_pl_consolidated,343,343百万,kabutan_fy=342|irbank_pl_consolidated=343|irbank_q=343,https://kabutan.jp/stock/finance?code=6647,https://irbank.net/E01912/results,2026-08-31T01:24:49.228521+09:00
FY2024-03,6647,retained_earnings,2172,JPY_million,10,OK|ROUNDING,kabutan_bs,2172,"2,172",irbank_bs,2170,21.7億,kabutan_bs=2172|irbank_bs=2170,https://kabutan.jp/stock/finance?code=6647,https://irbank.net/E01912/results,2026-08-31T01:24:49.228521+09:00
FY2024-03,6647,revenue,7448,JPY_million,10,OK|ROUNDING,kabutan_fy,7448,"7,448",kabutan_fy10,7448,"7,448",kabutan_fy=7448|kabutan_fy10=7448|irbank_pl_consolidated=7450|irbank_q=7450,https://kabutan.jp/stock/finance?code=6647,https://kabutan.jp/stock/finance?code=6647,2026-08-31T01:24:49.228521+09:00
FY2024-03,6647,roa,,pct,0.01,SINGLE_SOURCE,irbank_pl_consolidated,2.58,2.58,,,,irbank_pl_consolidated=2.58,https://irbank.net/E01912/results,,2026-08-31T01:24:49.228521+09:00
FY2024-03,6647,roe,,pct,0.01,SINGLE_SOURCE,irbank_pl_consolidated,4.48,4.48,,,,irbank_pl_consolidated=4.48,https://irbank.net/E01912/results,,2026-08-31T01:24:49.228521+09:00
FY2024-03,6647,sga_ratio,,pct,0.01,SINGLE_SOURCE,irbank_pl_consolidated,13.98,13.98,irbank_q,13.98,13.98%+0.76%,irbank_pl_consolidated=13.98|irbank_q=13.98,https://irbank.net/E01912/results,https://irbank.net/E01912/quarter,2026-08-31T01:24:49.228521+09:00
FY2024-03,6647,shareholders_equity,,JPY_million,10,SINGLE_SOURCE,irbank_bs,4050,40.5億,,,,irbank_bs=4050,https://irbank.net/E01912/results,,2026-08-31T01:24:49.228521+09:00
FY2024-03,6647,total_assets,8220,JPY_million,10,OK,kabutan_bs,8220,"8,220",irbank_bs,8220,82.2億,kabutan_bs=8220|irbank_bs=8220,https://kabutan.jp/stock/finance?code=6647,https://irbank.net/E01912/results,2026-08-31T01:24:49.228521+09:00
FY2025-03,6647,bps,3836.97,JPY,0.01,OK,kabutan_bs,3836.97,"3,836.97",irbank_bs,3836.97,3836.97,kabutan_bs=3836.97|irbank_bs=3836.97,https://kabutan.jp/stock/finance?code=6647,https://irbank.net/E01912/results,2026-08-31T01:24:49.228521+09:00
FY2025-03,6647,capex,,JPY_million,1,SINGLE_SOURCE,irbank_cf,-151,-1.51億,,,,irbank_cf=-151,https://irbank.net/E01912/results,,2026-08-31T01:24:49.228521+09:00
FY2025-03,6647,cash_equivalents,693,JPY_million,1,OK|ROUNDING,kabutan_cf,693,693,irbank_cf,694,6.94億,kabutan_cf=693|irbank_cf=694,https://kabutan.jp/stock/finance?code=6647,https://irbank.net/E01912/results,2026-08-31T01:24:49.228521+09:00
FY2025-03,6647,cost_ratio,,pct,0.01,SINGLE_SOURCE,irbank_pl_consolidated,79.76,79.76,irbank_q,79.76,79.76%-1.67%,irbank_pl_consolidated=79.76|irbank_q=79.76,https://irbank.net/E01912/results,https://irbank.net/E01912/quarter,2026-08-31T01:24:49.228521+09:00
FY2025-03,6647,eps,417.11,JPY,0.1,OK|ROUNDING,kabutan_fy,417.1,417.1,kabutan_fy_profit,417.1,417.1,kabutan_fy=417.1|kabutan_fy_profit=417.1|irbank_pl_consolidated=417.11,https://kabutan.jp/stock/finance?code=6647,https://kabutan.jp/stock/finance?code=6647,2026-08-31T01:24:49.228521+09:00
FY2025-03,6647,equity,,JPY_million,1,SINGLE_SOURCE,kabutan_bs,5158,"5,158",,,,kabutan_bs=5158,https://kabutan.jp/stock/finance?code=6647,,2026-08-31T01:24:49.228521+09:00
FY2025-03,6647,equity_ratio,57.9,pct,0.1,OK,kabutan_bs,57.9,57.9,irbank_bs,57.9,57.9,kabutan_bs=57.9|irbank_bs=57.9,https://kabutan.jp/stock/finance?code=6647,https://irbank.net/E01912/results,2026-08-31T01:24:49.228521+09:00
FY2025-03,6647,financing_cf,144,JPY_million,1,OK,kabutan_cf,144,144,irbank_cf,144,1.44億,kabutan_cf=144|irbank_cf=144,https://kabutan.jp/stock/finance?code=6647,https://irbank.net/E01912/results,2026-08-31T01:24:49.228521+09:00
FY2025-03,6647,free_cf,-187,JPY_million,1,OK|ROUNDING,kabutan_cf,-187,-187,irbank_cf,-188,-188百万,kabutan_cf=-187|irbank_cf=-188,https://kabutan.jp/stock/finance?code=6647,https://irbank.net/E01912/results,2026-08-31T01:24:49.228521+09:00
FY2025-03,6647,interest_bearing_debt,,JPY_million,10,SINGLE_SOURCE,irbank_bs,1290,12.9億,,,,irbank_bs=1290,https://irbank.net/E01912/results,,2026-08-31T01:24:49.228521+09:00
FY2025-03,6647,interest_bearing_debt_ratio,,x,0.01,MISMATCH|UNIT_CONVERTED,kabutan_bs,0.27,0.27,irbank_bs,0.2509,25.09,kabutan_bs=0.27|irbank_bs=0.2509,https://kabutan.jp/stock/finance?code=6647,https://irbank.net/E01912/results,2026-08-31T01:24:49.228521+09:00
FY2025-03,6647,investing_cf,-96,JPY_million,1,OK,kabutan_cf,-96,-96,irbank_cf,-96,-0.96億,kabutan_cf=-96|irbank_cf=-96,https://kabutan.jp/stock/finance?code=6647,https://irbank.net/E01912/results,2026-08-31T01:24:49.228521+09:00
FY2025-03,6647,net_assets,,JPY_million,10,SINGLE_SOURCE,irbank_bs,5160,51.6億,,,,irbank_bs=5160,https://irbank.net/E01912/results,,2026-08-31T01:24:49.228521+09:00
FY2025-03,6647,net_income,568,JPY_million,1,OK|ROUNDING,kabutan_fy,568,568,irbank_pl_consolidated,569,569百万,kabutan_fy=568|irbank_pl_consolidated=569,https://kabutan.jp/stock/finance?code=6647,https://irbank.net/E01912/results,2026-08-31T01:24:49.228521+09:00
FY2025-03,6647,operating_cf,-91,JPY_million,1,OK|ROUNDING,kabutan_cf,-91,-91,irbank_cf,-92,-0.92億,kabutan_cf=-91|irbank_cf=-92,https://kabutan.jp/stock/finance?code=6647,https://irbank.net/E01912/results,2026-08-31T01:24:49.228521+09:00
FY2025-03,6647,operating_income,735,JPY_million,1,OK|ROUNDING,kabutan_fy,735,735,kabutan_fy_profit,735,735,kabutan_fy=735|kabutan_fy_profit=735|kabutan_cf=735|irbank_pl_consolidated=736|irbank_q=736,https://kabutan.jp/stock/finance?code=6647,https://kabutan.jp/stock/finance?code=6647,2026-08-31T01:24:49.228521+09:00
FY2025-03,6647,operating_margin,7.98,pct,0.01,OK,kabutan_fy_profit,7.98,7.98,irbank_pl_consolidated,7.98,7.98,kabutan_fy_profit=7.98|irbank_pl_consolidated=7.98|irbank_q=7.98,https://kabutan.jp/stock/finance?code=6647,https://irbank.net/E01912/results,2026-08-31T01:24:49.228521+09:00
FY2025-03,6647,ordinary_income,744,JPY_million,1,OK|ROUNDING,kabutan_fy,744,744,irbank_pl_consolidated,745,745百万,kabutan_fy=744|irbank_pl_consolidated=745|irbank_q=745,https://kabutan.jp/stock/finance?code=6647,https://irbank.net/E01912/results,2026-08-31T01:24:49.228521+09:00
FY2025-03,6647,retained_earnings,2672,JPY_million,10,OK|ROUNDING,kabutan_bs,2672,"2,672",irbank_bs,2670,26.7億,kabutan_bs=2672|irbank_bs=2670,https://kabutan.jp/stock/finance?code=6647,https://irbank.net/E01912/results,2026-08-31T01:24:49.228521+09:00
FY2025-03,6647,revenue,9212,JPY_million,10,OK|ROUNDING,kabutan_fy,9212,"9,212",kabutan_fy10,9212,"9,212",kabutan_fy=9212|kabutan_fy10=9212|kabutan_fy_profit=9212|irbank_pl_consolidated=9210|irbank_q=9210,https://kabutan.jp/stock/finance?code=6647,https://kabutan.jp/stock/finance?code=6647,2026-08-31T01:24:49.228521+09:00
FY2025-03,6647,roa,,pct,0.01,MISMATCH,kabutan_fy_profit,6.63,6.63,irbank_pl_consolidated,6.39,6.39,kabutan_fy_profit=6.63|irbank_pl_consolidated=6.39,https://kabutan.jp/stock/finance?code=6647,https://irbank.net/E01912/results,2026-08-31T01:24:49.228521+09:00
FY2025-03,6647,roe,,pct,0.01,MISMATCH,kabutan_fy_profit,11.49,11.49,irbank_pl_consolidated,11.02,11.02,kabutan_fy_profit=11.49|irbank_pl_consolidated=11.02,https://kabutan.jp/stock/finance?code=6647,https://irbank.net/E01912/results,2026-08-31T01:24:49.228521+09:00
FY2025-03,6647,sga_ratio,,pct,0.01,SINGLE_SOURCE,irbank_pl_consolidated,12.26,12.26,irbank_q,12.26,12.26%-1.72%,irbank_pl_consolidated=12.26|irbank_q=12.26,https://irbank.net/E01912/results,https://irbank.net/E01912/quarter,2026-08-31T01:24:49.228521+09:00
FY2025-03,6647,shareholders_equity,,JPY_million,100,SINGLE_SOURCE,irbank_bs,4500,45億,,,,irbank_bs=4500,https://irbank.net/E01912/results,,2026-08-31T01:24:49.228521+09:00
FY2025-03,6647,total_assets,8905,JPY_million,10,OK|ROUNDING,kabutan_bs,8905,"8,905",irbank_bs,8910,89.1億,kabutan_bs=8905|irbank_bs=8910,https://kabutan.jp/stock/finance?code=6647,https://irbank.net/E01912/results,2026-08-31T01:24:49.228521+09:00
FY2026-03,6647,bps,4579.03,JPY,0.01,OK,kabutan_bs,4579.03,"4,579.03",irbank_bs,4579.03,4579.03,kabutan_bs=4579.03|irbank_bs=4579.03,https://kabutan.jp/stock/finance?code=6647,https://irbank.net/E01912/results,2026-08-31T01:24:49.228521+09:00
FY2026-03,6647,capex,,JPY_million,1,SINGLE_SOURCE,irbank_cf,-158,-1.58億,,,,irbank_cf=-158,https://irbank.net/E01912/results,,2026-08-31T01:24:49.228521+09:00
FY2026-03,6647,cash_equivalents,660,JPY_million,1,OK|ROUNDING,kabutan_cf,660,660,irbank_cf,661,6.61億,kabutan_cf=660|irbank_cf=661,https://kabutan.jp/stock/finance?code=6647,https://irbank.net/E01912/results,2026-08-31T01:24:49.228521+09:00
FY2026-03,6647,cost_ratio,,pct,0.01,SINGLE_SOURCE,irbank_pl_consolidated,76.75,76.75,irbank_q,76.75,76.75%-3.01%,irbank_pl_consolidated=76.75|irbank_q=76.75,https://irbank.net/E01912/results,https://irbank.net/E01912/quarter,2026-08-31T01:24:49.228521+09:00
FY2026-03,6647,eps,487.05,JPY,0.1,OK|ROUNDING,kabutan_fy,487.1,487.1,kabutan_fy_profit,487.1,487.1,kabutan_fy=487.1|kabutan_fy_profit=487.1|kabutan_record_fy=487.1|irbank_pl_consolidated=487.05,https://kabutan.jp/stock/finance?code=6647,https://kabutan.jp/stock/finance?code=6647,2026-08-31T01:24:49.228521+09:00
FY2026-03,6647,equity,,JPY_million,1,SINGLE_SOURCE,kabutan_bs,6059,"6,059",,,,kabutan_bs=6059,https://kabutan.jp/stock/finance?code=6647,,2026-08-31T01:24:49.228521+09:00
FY2026-03,6647,equity_ratio,63.5,pct,0.1,OK,kabutan_bs,63.5,63.5,irbank_bs,63.5,63.5,kabutan_bs=63.5|irbank_bs=63.5,https://kabutan.jp/stock/finance?code=6647,https://irbank.net/E01912/results,2026-08-31T01:24:49.228521+09:00
FY2026-03,6647,financing_cf,145,JPY_million,1,OK|ROUNDING,kabutan_cf,145,145,irbank_cf,146,1.46億,kabutan_cf=145|irbank_cf=146,https://kabutan.jp/stock/finance?code=6647,https://irbank.net/E01912/results,2026-08-31T01:24:49.228521+09:00
FY2026-03,6647,free_cf,-184,JPY_million,1,OK,kabutan_cf,-184,-184,irbank_cf,-184,-184百万,kabutan_cf=-184|irbank_cf=-184,https://kabutan.jp/stock/finance?code=6647,https://irbank.net/E01912/results,2026-08-31T01:24:49.228521+09:00
FY2026-03,6647,interest_bearing_debt,,JPY_million,10,SINGLE_SOURCE,irbank_bs,1630,16.3億,,,,irbank_bs=1630,https://irbank.net/E01912/results,,2026-08-31T01:24:49.228521+09:00
FY2026-03,6647,interest_bearing_debt_ratio,0.2693,x,0.01,OK|ROUNDING|UNIT_CONVERTED,kabutan_bs,0.27,0.27,irbank_bs,0.2693,26.93,kabutan_bs=0.27|irbank_bs=0.2693,https://kabutan.jp/stock/finance?code=6647,https://irbank.net/E01912/results,2026-08-31T01:24:49.228521+09:00
FY2026-03,6647,investing_cf,-229,JPY_million,1,OK,kabutan_cf,-229,-229,irbank_cf,-229,-2.29億,kabutan_cf=-229|irbank_cf=-229,https://kabutan.jp/stock/finance?code=6647,https://irbank.net/E01912/results,2026-08-31T01:24:49.228521+09:00
FY2026-03,6647,net_assets,,JPY_million,10,SINGLE_SOURCE,irbank_bs,6060,60.6億,,,,irbank_bs=6060,https://irbank.net/E01912/results,,2026-08-31T01:24:49.228521+09:00
FY2026-03,6647,net_income,648,JPY_million,1,OK|ROUNDING,kabutan_fy,648,648,kabutan_record_fy,648,648,kabutan_fy=648|kabutan_record_fy=648|irbank_pl_consolidated=649,https://kabutan.jp/stock/finance?code=6647,https://kabutan.jp/stock/finance?code=6647,2026-08-31T01:24:49.228521+09:00
FY2026-03,6647,operating_cf,45,JPY_million,1,OK|ROUNDING,kabutan_cf,45,45,irbank_cf,46,0.46億,kabutan_cf=45|irbank_cf=46,https://kabutan.jp/stock/finance?code=6647,https://irbank.net/E01912/results,2026-08-31T01:24:49.228521+09:00
FY2026-03,6647,operating_income,856,JPY_million,1,OK,kabutan_fy,856,856,kabutan_fy_profit,856,856,kabutan_fy=856|kabutan_fy_profit=856|kabutan_cf=856|kabutan_record_fy=856|irbank_pl_consolidated=856|irbank_q=856,https://kabutan.jp/stock/finance?code=6647,https://kabutan.jp/stock/finance?code=6647,2026-08-31T01:24:49.228521+09:00
FY2026-03,6647,operating_margin,9.91,pct,0.01,OK,kabutan_fy_profit,9.91,9.91,irbank_pl_consolidated,9.91,9.91,kabutan_fy_profit=9.91|irbank_pl_consolidated=9.91|irbank_q=9.91,https://kabutan.jp/stock/finance?code=6647,https://irbank.net/E01912/results,2026-08-31T01:24:49.228521+09:00
FY2026-03,6647,ordinary_income,871,JPY_million,1,OK|ROUNDING,kabutan_fy,871,871,kabutan_record_fy,871,871,kabutan_fy=871|kabutan_record_fy=871|irbank_pl_consolidated=872|irbank_q=872,https://kabutan.jp/stock/finance?code=6647,https://kabutan.jp/stock/finance?code=6647,2026-08-31T01:24:49.228521+09:00
FY2026-03,6647,retained_earnings,3240,JPY_million,10,OK,kabutan_bs,3240,"3,240",irbank_bs,3240,32.4億,kabutan_bs=3240|irbank_bs=3240,https://kabutan.jp/stock/finance?code=6647,https://irbank.net/E01912/results,2026-08-31T01:24:49.228521+09:00
FY2026-03,6647,revenue,8638,JPY_million,10,OK|ROUNDING,kabutan_fy,8638,"8,638",kabutan_fy10,8638,"8,638",kabutan_fy=8638|kabutan_fy10=8638|kabutan_fy_profit=8638|irbank_pl_consolidated=8640|irbank_q=8640,https://kabutan.jp/stock/finance?code=6647,https://kabutan.jp/stock/finance?code=6647,2026-08-31T01:24:49.228521+09:00
FY2026-03,6647,roa,,pct,0.01,MISMATCH,kabutan_fy_profit,7.02,7.02,irbank_pl_consolidated,6.79,6.79,kabutan_fy_profit=7.02|irbank_pl_consolidated=6.79,https://kabutan.jp/stock/finance?code=6647,https://irbank.net/E01912/results,2026-08-31T01:24:49.228521+09:00
FY2026-03,6647,roe,,pct,0.1,MISMATCH,kabutan_fy_profit,11.55,11.55,irbank_pl_consolidated,10.7,10.7,kabutan_fy_profit=11.55|irbank_pl_consolidated=10.7,https://kabutan.jp/stock/finance?code=6647,https://irbank.net/E01912/results,2026-08-31T01:24:49.228521+09:00
FY2026-03,6647,sga_ratio,,pct,0.01,SINGLE_SOURCE,irbank_pl_consolidated,13.34,13.34,irbank_q,13.34,13.34%+1.08%,irbank_pl_consolidated=13.34|irbank_q=13.34,https://irbank.net/E01912/results,https://irbank.net/E01912/quarter,2026-08-31T01:24:49.228521+09:00
FY2026-03,6647,shareholders_equity,,JPY_million,10,SINGLE_SOURCE,irbank_bs,5020,50.2億,,,,irbank_bs=5020,https://irbank.net/E01912/results,,2026-08-31T01:24:49.228521+09:00
FY2026-03,6647,total_assets,9548,JPY_million,10,OK|ROUNDING,kabutan_bs,9548,"9,548",irbank_bs,9550,95.5億,kabutan_bs=9548|irbank_bs=9550,https://kabutan.jp/stock/finance?code=6647,https://irbank.net/E01912/results,2026-08-31T01:24:49.228521+09:00
FY2027-03,6647,eps_plan,226.69,JPY,0.1,OK|ROUNDING,kabutan_fy,226.7,226.7,kabutan_fy10,226.7,226.7,kabutan_fy=226.7|kabutan_fy10=226.7|kabutan_fy_profit=226.7|irbank_pl_consolidated=226.69,https://kabutan.jp/stock/finance?code=6647,https://kabutan.jp/stock/finance?code=6647,2026-08-31T01:24:49.228521+09:00
FY2027-03,6647,net_income_plan,300,JPY_million,1,OK,kabutan_fy,300,300,irbank_pl_consolidated,300,300百万,kabutan_fy=300|irbank_pl_consolidated=300,https://kabutan.jp/stock/finance?code=6647,https://irbank.net/E01912/results,2026-08-31T01:24:49.228521+09:00
FY2027-03,6647,operating_income_plan,450,JPY_million,1,OK,kabutan_fy,450,450,kabutan_fy10,450,450,kabutan_fy=450|kabutan_fy10=450|kabutan_fy_profit=450|irbank_pl_consolidated=450,https://kabutan.jp/stock/finance?code=6647,https://kabutan.jp/stock/finance?code=6647,2026-08-31T01:24:49.228521+09:00
FY2027-03,6647,operating_margin_plan,4.5,pct,0.1,OK,kabutan_fy_profit,4.5,4.50,irbank_pl_consolidated,4.5,4.5,kabutan_fy_profit=4.5|irbank_pl_consolidated=4.5,https://kabutan.jp/stock/finance?code=6647,https://irbank.net/E01912/results,2026-08-31T01:24:49.228521+09:00
FY2027-03,6647,ordinary_income_plan,450,JPY_million,1,OK,kabutan_fy,450,450,kabutan_fy10,450,450,kabutan_fy=450|kabutan_fy10=450|irbank_pl_consolidated=450,https://kabutan.jp/stock/finance?code=6647,https://kabutan.jp/stock/finance?code=6647,2026-08-31T01:24:49.228521+09:00
FY2027-03,6647,revenue_plan,10000,JPY_million,100,OK,kabutan_fy,10000,"10,000",kabutan_fy10,10000,"10,000",kabutan_fy=10000|kabutan_fy10=10000|kabutan_fy_profit=10000|irbank_pl_consolidated=10000,https://kabutan.jp/stock/finance?code=6647,https://kabutan.jp/stock/finance?code=6647,2026-08-31T01:24:49.228521+09:00
FY2027-03,6647,roa_plan,3.19,pct,0.01,OK,kabutan_fy_profit,3.19,3.19,irbank_pl_consolidated,3.19,3.19,kabutan_fy_profit=3.19|irbank_pl_consolidated=3.19,https://kabutan.jp/stock/finance?code=6647,https://irbank.net/E01912/results,2026-08-31T01:24:49.228521+09:00
FY2027-03,6647,roe_plan,4.86,pct,0.01,OK,kabutan_fy_profit,4.86,4.86,irbank_pl_consolidated,4.86,4.86,kabutan_fy_profit=4.86|irbank_pl_consolidated=4.86,https://kabutan.jp/stock/finance?code=6647,https://irbank.net/E01912/results,2026-08-31T01:24:49.228521+09:00
H2023-04_2023-09,6647,eps,,JPY,0.1,SINGLE_SOURCE,kabutan_half,99.7,99.7,,,,kabutan_half=99.7,https://kabutan.jp/stock/finance?code=6647,,2026-08-31T01:24:49.228521+09:00
H2023-04_2023-09,6647,net_income,,JPY_million,1,SINGLE_SOURCE,kabutan_half,137,137,,,,kabutan_half=137,https://kabutan.jp/stock/finance?code=6647,,2026-08-31T01:24:49.228521+09:00
H2023-04_2023-09,6647,operating_income,,JPY_million,1,SINGLE_SOURCE,kabutan_half,209,209,,,,kabutan_half=209,https://kabutan.jp/stock/finance?code=6647,,2026-08-31T01:24:49.228521+09:00
H2023-04_2023-09,6647,ordinary_income,,JPY_million,1,SINGLE_SOURCE,kabutan_half,209,209,,,,kabutan_half=209,https://kabutan.jp/stock/finance?code=6647,,2026-08-31T01:24:49.228521+09:00
H2023-04_2023-09,6647,revenue,,JPY_million,1,SINGLE_SOURCE,kabutan_half,3771,"3,771",,,,kabutan_half=3771,https://kabutan.jp/stock/finance?code=6647,,2026-08-31T01:24:49.228521+09:00
H2024-04_2024-09,6647,eps,,JPY,0.1,SINGLE_SOURCE,kabutan_half,55.2,55.2,,,,kabutan_half=55.2,https://kabutan.jp/stock/finance?code=6647,,2026-08-31T01:24:49.228521+09:00
H2024-04_2024-09,6647,net_income,,JPY_million,1,SINGLE_SOURCE,kabutan_half,75,75,,,,kabutan_half=75,https://kabutan.jp/stock/finance?code=6647,,2026-08-31T01:24:49.228521+09:00
H2024-04_2024-09,6647,operating_income,,JPY_million,1,SINGLE_SOURCE,kabutan_half,112,112,,,,kabutan_half=112,https://kabutan.jp/stock/finance?code=6647,,2026-08-31T01:24:49.228521+09:00
H2024-04_2024-09,6647,ordinary_income,,JPY_million,1,SINGLE_SOURCE,kabutan_half,111,111,,,,kabutan_half=111,https://kabutan.jp/stock/finance?code=6647,,2026-08-31T01:24:49.228521+09:00
H2024-04_2024-09,6647,revenue,,JPY_million,1,SINGLE_SOURCE,kabutan_half,4044,"4,044",,,,kabutan_half=4044,https://kabutan.jp/stock/finance?code=6647,,2026-08-31T01:24:49.228521+09:00
H2025-04_2025-09,6647,eps,,JPY,0.1,SINGLE_SOURCE,kabutan_half,51.5,51.5,,,,kabutan_half=51.5,https://kabutan.jp/stock/finance?code=6647,,2026-08-31T01:24:49.228521+09:00
H2025-04_2025-09,6647,net_income,,JPY_million,1,SINGLE_SOURCE,kabutan_half,68,68,,,,kabutan_half=68,https://kabutan.jp/stock/finance?code=6647,,2026-08-31T01:24:49.228521+09:00
H2025-04_2025-09,6647,operating_income,,JPY_million,1,SINGLE_SOURCE,kabutan_half,86,86,,,,kabutan_half=86,https://kabutan.jp/stock/finance?code=6647,,2026-08-31T01:24:49.228521+09:00
H2025-04_2025-09,6647,ordinary_income,,JPY_million,1,SINGLE_SOURCE,kabutan_half,94,94,,,,kabutan_half=94,https://kabutan.jp/stock/finance?code=6647,,2026-08-31T01:24:49.228521+09:00
H2025-04_2025-09,6647,revenue,,JPY_million,1,SINGLE_SOURCE,kabutan_half,3654,"3,654",,,,kabutan_half=3654,https://kabutan.jp/stock/finance?code=6647,,2026-08-31T01:24:49.228521+09:00
Q2020-01_2020-03,6647,revenue,,JPY_million,1,SINGLE_SOURCE,kabutan_record_q,3052,"3,052",,,,kabutan_record_q=3052,https://kabutan.jp/stock/finance?code=6647,,2026-08-31T01:24:49.228521+09:00
Q2021-07_2021-09,6647,revenue,,JPY_million,1,SINGLE_SOURCE,kabutan_q10,1840,"1,840",,,,kabutan_q10=1840,https://kabutan.jp/stock/finance?code=6647,,2026-08-31T01:24:49.228521+09:00
Q2021-10_2021-12,6647,revenue,,JPY_million,1,SINGLE_SOURCE,kabutan_q10,2556,"2,556",,,,kabutan_q10=2556,https://kabutan.jp/stock/finance?code=6647,,2026-08-31T01:24:49.228521+09:00
Q2022-01_2022-03,6647,revenue,,JPY_million,1,SINGLE_SOURCE,kabutan_q10,1970,"1,970",,,,kabutan_q10=1970,https://kabutan.jp/stock/finance?code=6647,,2026-08-31T01:24:49.228521+09:00
Q2022-04_2022-06,6647,cost_ratio,,pct,0.1,SINGLE_SOURCE,irbank_q,81.2,81.2%,,,,irbank_q=81.2,https://irbank.net/E01912/quarter,,2026-08-31T01:24:49.228521+09:00
Q2022-04_2022-06,6647,operating_income,,JPY_million,1,SINGLE_SOURCE,irbank_q,188,188百万,,,,irbank_q=188,https://irbank.net/E01912/quarter,,2026-08-31T01:24:49.228521+09:00
Q2022-04_2022-06,6647,operating_margin,,pct,0.01,SINGLE_SOURCE,irbank_q,7.74,7.74%,,,,irbank_q=7.74,https://irbank.net/E01912/quarter,,2026-08-31T01:24:49.228521+09:00
Q2022-04_2022-06,6647,ordinary_income,,JPY_million,1,SINGLE_SOURCE,irbank_q,196,196百万,,,,irbank_q=196,https://irbank.net/E01912/quarter,,2026-08-31T01:24:49.228521+09:00
Q2022-04_2022-06,6647,revenue,2429,JPY_million,10,OK|ROUNDING,kabutan_q10,2429,"2,429",irbank_q,2430,24.3億,kabutan_q10=2429|irbank_q=2430,https://kabutan.jp/stock/finance?code=6647,https://irbank.net/E01912/quarter,2026-08-31T01:24:49.228521+09:00
Q2022-04_2022-06,6647,sga_ratio,,pct,0.01,SINGLE_SOURCE,irbank_q,11.06,11.06%,,,,irbank_q=11.06,https://irbank.net/E01912/quarter,,2026-08-31T01:24:49.228521+09:00
Q2022-07_2022-09,6647,cost_ratio,,pct,0.01,SINGLE_SOURCE,irbank_q,88.93,88.93%,,,,irbank_q=88.93,https://irbank.net/E01912/quarter,,2026-08-31T01:24:49.228521+09:00
Q2022-07_2022-09,6647,operating_income,,JPY_million,1,SINGLE_SOURCE,irbank_q,-69,-69百万,,,,irbank_q=-69,https://irbank.net/E01912/quarter,,2026-08-31T01:24:49.228521+09:00
Q2022-07_2022-09,6647,operating_margin,,pct,0.01,SINGLE_SOURCE,irbank_q,-4.49,-4.49%,,,,irbank_q=-4.49,https://irbank.net/E01912/quarter,,2026-08-31T01:24:49.228521+09:00
Q2022-07_2022-09,6647,ordinary_income,,JPY_million,1,SINGLE_SOURCE,irbank_q,-70,-70百万,,,,irbank_q=-70,https://irbank.net/E01912/quarter,,2026-08-31T01:24:49.228521+09:00
Q2022-07_2022-09,6647,revenue,1544,JPY_million,10,OK|ROUNDING,kabutan_q10,1544,"1,544",irbank_q,1540,15.4億,kabutan_q10=1544|irbank_q=1540,https://kabutan.jp/stock/finance?code=6647,https://irbank.net/E01912/quarter,2026-08-31T01:24:49.228521+09:00
Q2022-07_2022-09,6647,sga_ratio,,pct,0.01,SINGLE_SOURCE,irbank_q,15.57,15.57%,,,,irbank_q=15.57,https://irbank.net/E01912/quarter,,2026-08-31T01:24:49.228521+09:00
Q2022-10_2022-12,6647,cost_ratio,,pct,0.01,SINGLE_SOURCE,irbank_q,84.99,84.99%,,,,irbank_q=84.99,https://irbank.net/E01912/quarter,,2026-08-31T01:24:49.228521+09:00
Q2022-10_2022-12,6647,operating_income,,JPY_million,1,SINGLE_SOURCE,irbank_q,-13,-13百万,,,,irbank_q=-13,https://irbank.net/E01912/quarter,,2026-08-31T01:24:49.228521+09:00
Q2022-10_2022-12,6647,operating_margin,,pct,0.01,SINGLE_SOURCE,irbank_q,-0.78,-0.78%,,,,irbank_q=-0.78,https://irbank.net/E01912/quarter,,2026-08-31T01:24:49.228521+09:00
Q2022-10_2022-12,6647,ordinary_income,,JPY_million,1,SINGLE_SOURCE,irbank_q,-8,-8百万,,,,irbank_q=-8,https://irbank.net/E01912/quarter,,2026-08-31T01:24:49.228521+09:00
Q2022-10_2022-12,6647,revenue,1624,JPY_million,10,OK|ROUNDING,kabutan_q10,1624,"1,624",irbank_q,1620,16.2億,kabutan_q10=1624|irbank_q=1620,https://kabutan.jp/stock/finance?code=6647,https://irbank.net/E01912/quarter,2026-08-31T01:24:49.228521+09:00
Q2022-10_2022-12,6647,sga_ratio,,pct,0.01,SINGLE_SOURCE,irbank_q,15.79,15.79%,,,,irbank_q=15.79,https://irbank.net/E01912/quarter,,2026-08-31T01:24:49.228521+09:00
Q2023-01_2023-03,6647,cost_ratio,,pct,0.01,SINGLE_SOURCE,irbank_q,80.56,80.56%,,,,irbank_q=80.56,https://irbank.net/E01912/quarter,,2026-08-31T01:24:49.228521+09:00
Q2023-01_2023-03,6647,operating_income,,JPY_million,1,SINGLE_SOURCE,irbank_q,169,169百万,,,,irbank_q=169,https://irbank.net/E01912/quarter,,2026-08-31T01:24:49.228521+09:00
Q2023-01_2023-03,6647,operating_margin,,pct,0.01,SINGLE_SOURCE,irbank_q,7.34,7.34%,,,,irbank_q=7.34,https://irbank.net/E01912/quarter,,2026-08-31T01:24:49.228521+09:00
Q2023-01_2023-03,6647,ordinary_income,,JPY_million,1,SINGLE_SOURCE,irbank_q,165,165百万,,,,irbank_q=165,https://irbank.net/E01912/quarter,,2026-08-31T01:24:49.228521+09:00
Q2023-01_2023-03,6647,revenue,2302,JPY_million,100,OK|ROUNDING,kabutan_q10,2302,"2,302",irbank_q,2300,23億,kabutan_q10=2302|irbank_q=2300,https://kabutan.jp/stock/finance?code=6647,https://irbank.net/E01912/quarter,2026-08-31T01:24:49.228521+09:00
Q2023-01_2023-03,6647,sga_ratio,,pct,0.1,SINGLE_SOURCE,irbank_q,12.1,12.1%,,,,irbank_q=12.1,https://irbank.net/E01912/quarter,,2026-08-31T01:24:49.228521+09:00
Q2023-04_2023-06,6647,cost_ratio,,pct,0.01,SINGLE_SOURCE,irbank_q,80.71,80.71%-0.49%,,,,irbank_q=80.71,https://irbank.net/E01912/quarter,,2026-08-31T01:24:49.228521+09:00
Q2023-04_2023-06,6647,operating_income,,JPY_million,1,SINGLE_SOURCE,irbank_q,88,88百万-53.4%,,,,irbank_q=88,https://irbank.net/E01912/quarter,,2026-08-31T01:24:49.228521+09:00
Q2023-04_2023-06,6647,operating_margin,,pct,0.01,SINGLE_SOURCE,irbank_q,4.79,4.79%-2.95%,,,,irbank_q=4.79,https://irbank.net/E01912/quarter,,2026-08-31T01:24:49.228521+09:00
Q2023-04_2023-06,6647,ordinary_income,,JPY_million,1,SINGLE_SOURCE,irbank_q,96,96百万-51.3%,,,,irbank_q=96,https://irbank.net/E01912/quarter,,2026-08-31T01:24:49.228521+09:00
Q2023-04_2023-06,6647,revenue,1830,JPY_million,10,OK,kabutan_q10,1830,"1,830",irbank_q,1830,18.3億-24.7%,kabutan_q10=1830|irbank_q=1830,https://kabutan.jp/stock/finance?code=6647,https://irbank.net/E01912/quarter,2026-08-31T01:24:49.228521+09:00
Q2023-04_2023-06,6647,sga_ratio,,pct,0.1,SINGLE_SOURCE,irbank_q,14.5,14.5%+3.44%,,,,irbank_q=14.5,https://irbank.net/E01912/quarter,,2026-08-31T01:24:49.228521+09:00
Q2023-07_2023-09,6647,cost_ratio,,pct,0.01,SINGLE_SOURCE,irbank_q,81.08,81.08%-7.85%,,,,irbank_q=81.08,https://irbank.net/E01912/quarter,,2026-08-31T01:24:49.228521+09:00
Q2023-07_2023-09,6647,operating_income,,JPY_million,1,SINGLE_SOURCE,irbank_q,122,122百万,,,,irbank_q=122,https://irbank.net/E01912/quarter,,2026-08-31T01:24:49.228521+09:00
Q2023-07_2023-09,6647,operating_margin,,pct,0.01,SINGLE_SOURCE,irbank_q,6.28,6.28%,,,,irbank_q=6.28,https://irbank.net/E01912/quarter,,2026-08-31T01:24:49.228521+09:00
Q2023-07_2023-09,6647,ordinary_income,,JPY_million,1,SINGLE_SOURCE,irbank_q,114,114百万,,,,irbank_q=114,https://irbank.net/E01912/quarter,,2026-08-31T01:24:49.228521+09:00
Q2023-07_2023-09,6647,revenue,1941,JPY_million,10,OK|ROUNDING,kabutan_q10,1941,"1,941",irbank_q,1940,19.4億+25.7%,kabutan_q10=1941|irbank_q=1940,https://kabutan.jp/stock/finance?code=6647,https://irbank.net/E01912/quarter,2026-08-31T01:24:49.228521+09:00
Q2023-07_2023-09,6647,sga_ratio,,pct,0.01,SINGLE_SOURCE,irbank_q,12.64,12.64%-2.93%,,,,irbank_q=12.64,https://irbank.net/E01912/quarter,,2026-08-31T01:24:49.228521+09:00
Q2023-10_2023-12,6647,cost_ratio,,pct,0.01,SINGLE_SOURCE,irbank_q,85.67,85.67%+0.68%,,,,irbank_q=85.67,https://irbank.net/E01912/quarter,,2026-08-31T01:24:49.228521+09:00
Q2023-10_2023-12,6647,operating_income,,JPY_million,1,SINGLE_SOURCE,irbank_q,-16,-16百万,,,,irbank_q=-16,https://irbank.net/E01912/quarter,,2026-08-31T01:24:49.228521+09:00
Q2023-10_2023-12,6647,operating_margin,,pct,0.01,SINGLE_SOURCE,irbank_q,-0.97,-0.97%,,,,irbank_q=-0.97,https://irbank.net/E01912/quarter,,2026-08-31T01:24:49.228521+09:00
Q2023-10_2023-12,6647,ordinary_income,,JPY_million,1,SINGLE_SOURCE,irbank_q,-11,-11百万,,,,irbank_q=-11,https://irbank.net/E01912/quarter,,2026-08-31T01:24:49.228521+09:00
Q2023-10_2023-12,6647,revenue,1632,JPY_million,10,OK|ROUNDING,kabutan_q10,1632,"1,632",irbank_q,1630,16.3億+0.5%,kabutan_q10=1632|irbank_q=1630,https://kabutan.jp/stock/finance?code=6647,https://irbank.net/E01912/quarter,2026-08-31T01:24:49.228521+09:00
Q2023-10_2023-12,6647,sga_ratio,,pct,0.1,SINGLE_SOURCE,irbank_q,15.3,15.3%-0.49%,,,,irbank_q=15.3,https://irbank.net/E01912/quarter,,2026-08-31T01:24:49.228521+09:00
Q2024-01_2024-03,6647,cost_ratio,,pct,1,SINGLE_SOURCE,irbank_q,79,79%-1.56%,,,,irbank_q=79,https://irbank.net/E01912/quarter,,2026-08-31T01:24:49.228521+09:00
Q2024-01_2024-03,6647,operating_income,,JPY_million,1,SINGLE_SOURCE,irbank_q,149,149百万-12%,,,,irbank_q=149,https://irbank.net/E01912/quarter,,2026-08-31T01:24:49.228521+09:00
Q2024-01_2024-03,6647,operating_margin,,pct,0.01,SINGLE_SOURCE,irbank_q,7.28,7.28%-0.06%,,,,irbank_q=7.28,https://irbank.net/E01912/quarter,,2026-08-31T01:24:49.228521+09:00
Q2024-01_2024-03,6647,ordinary_income,,JPY_million,1,SINGLE_SOURCE,irbank_q,144,144百万-12.8%,,,,irbank_q=144,https://irbank.net/E01912/quarter,,2026-08-31T01:24:49.228521+09:00
Q2024-01_2024-03,6647,revenue,2045,JPY_million,10,OK|ROUNDING,kabutan_q10,2045,"2,045",irbank_q,2040,20.4億-11.2%,kabutan_q10=2045|irbank_q=2040,https://kabutan.jp/stock/finance?code=6647,https://irbank.net/E01912/quarter,2026-08-31T01:24:49.228521+09:00
Q2024-01_2024-03,6647,sga_ratio,,pct,0.01,SINGLE_SOURCE,irbank_q,13.72,13.72%+1.62%,,,,irbank_q=13.72,https://irbank.net/E01912/quarter,,2026-08-31T01:24:49.228521+09:00
Q2024-04_2024-06,6647,cost_ratio,,pct,0.01,SINGLE_SOURCE,irbank_q,84.24,84.24%+3.53%,,,,irbank_q=84.24,https://irbank.net/E01912/quarter,,2026-08-31T01:24:49.228521+09:00
Q2024-04_2024-06,6647,eps,,JPY,0.1,SINGLE_SOURCE,kabutan_ytd_h1,20.1,20.1,,,,kabutan_ytd_h1=20.1,https://kabutan.jp/stock/finance?code=6647,,2026-08-31T01:24:49.228521+09:00
Q2024-04_2024-06,6647,net_income,,JPY_million,1,SINGLE_SOURCE,kabutan_ytd_h1,27,27,,,,kabutan_ytd_h1=27,https://kabutan.jp/stock/finance?code=6647,,2026-08-31T01:24:49.228521+09:00
Q2024-04_2024-06,6647,operating_income,28,JPY_million,1,OK,kabutan_ytd_h1,28,28,irbank_q,28,28百万-68%,kabutan_ytd_h1=28|irbank_q=28,https://kabutan.jp/stock/finance?code=6647,https://irbank.net/E01912/quarter,2026-08-31T01:24:49.228521+09:00
Q2024-04_2024-06,6647,operating_margin,,pct,0.01,SINGLE_SOURCE,irbank_q,1.45,1.45%-3.34%,,,,irbank_q=1.45,https://irbank.net/E01912/quarter,,2026-08-31T01:24:49.228521+09:00
Q2024-04_2024-06,6647,ordinary_income,35,JPY_million,1,OK,kabutan_ytd_h1,35,35,irbank_q,35,35百万-63.4%,kabutan_ytd_h1=35|irbank_q=35,https://kabutan.jp/stock/finance?code=6647,https://irbank.net/E01912/quarter,2026-08-31T01:24:49.228521+09:00
Q2024-04_2024-06,6647,revenue,1933,JPY_million,10,OK|ROUNDING,kabutan_ytd_h1,1933,"1,933",kabutan_q10,1933,"1,933",kabutan_ytd_h1=1933|kabutan_q10=1933|irbank_q=1930,https://kabutan.jp/stock/finance?code=6647,https://kabutan.jp/stock/finance?code=6647,2026-08-31T01:24:49.228521+09:00
Q2024-04_2024-06,6647,sga_ratio,,pct,0.01,SINGLE_SOURCE,irbank_q,14.31,14.31%-0.19%,,,,irbank_q=14.31,https://irbank.net/E01912/quarter,,2026-08-31T01:24:49.228521+09:00
Q2024-07_2024-09,6647,cost_ratio,,pct,0.01,SINGLE_SOURCE,irbank_q,83.32,83.32%+2.24%,,,,irbank_q=83.32,https://irbank.net/E01912/quarter,,2026-08-31T01:24:49.228521+09:00
Q2024-07_2024-09,6647,eps,,JPY,0.1,SINGLE_SOURCE,kabutan_q,35.3,35.3,,,,kabutan_q=35.3,https://kabutan.jp/stock/finance?code=6647,,2026-08-31T01:24:49.228521+09:00
Q2024-07_2024-09,6647,net_income,,JPY_million,1,SINGLE_SOURCE,kabutan_q,48,48,,,,kabutan_q=48,https://kabutan.jp/stock/finance?code=6647,,2026-08-31T01:24:49.228521+09:00
Q2024-07_2024-09,6647,operating_income,84,JPY_million,1,OK,kabutan_q,84,84,irbank_q,84,84百万-30.9%,kabutan_q=84|irbank_q=84,https://kabutan.jp/stock/finance?code=6647,https://irbank.net/E01912/quarter,2026-08-31T01:24:49.228521+09:00
Q2024-07_2024-09,6647,operating_margin,3.99,pct,0.1,OK|ROUNDING,kabutan_q,4,4.0,irbank_q,3.99,3.99%-2.29%,kabutan_q=4|irbank_q=3.99,https://kabutan.jp/stock/finance?code=6647,https://irbank.net/E01912/quarter,2026-08-31T01:24:49.228521+09:00
Q2024-07_2024-09,6647,ordinary_income,76,JPY_million,1,OK|ROUNDING,kabutan_q,76,76,irbank_q,77,77百万-32.9%,kabutan_q=76|irbank_q=77,https://kabutan.jp/stock/finance?code=6647,https://irbank.net/E01912/quarter,2026-08-31T01:24:49.228521+09:00
Q2024-07_2024-09,6647,revenue,2111,JPY_million,10,OK|ROUNDING,kabutan_q,2111,"2,111",kabutan_q10,2111,"2,111",kabutan_q=2111|kabutan_q10=2111|irbank_q=2110,https://kabutan.jp/stock/finance?code=6647,https://kabutan.jp/stock/finance?code=6647,2026-08-31T01:24:49.228521+09:00
Q2024-07_2024-09,6647,sga_ratio,,pct,0.01,SINGLE_SOURCE,irbank_q,12.69,12.69%+0.05%,,,,irbank_q=12.69,https://irbank.net/E01912/quarter,,2026-08-31T01:24:49.228521+09:00
Q2024-10_2024-12,6647,cost_ratio,,pct,0.01,SINGLE_SOURCE,irbank_q,81.64,81.64%-4.03%,,,,irbank_q=81.64,https://irbank.net/E01912/quarter,,2026-08-31T01:24:49.228521+09:00
Q2024-10_2024-12,6647,eps,,JPY,0.1,SINGLE_SOURCE,kabutan_q,62.2,62.2,,,,kabutan_q=62.2,https://kabutan.jp/stock/finance?code=6647,,2026-08-31T01:24:49.228521+09:00
Q2024-10_2024-12,6647,net_income,,JPY_million,1,SINGLE_SOURCE,kabutan_q,85,85,,,,kabutan_q=85,https://kabutan.jp/stock/finance?code=6647,,2026-08-31T01:24:49.228521+09:00
Q2024-10_2024-12,6647,operating_income,128,JPY_million,1,OK|ROUNDING,kabutan_q,128,128,irbank_q,129,129百万,kabutan_q=128|irbank_q=129,https://kabutan.jp/stock/finance?code=6647,https://irbank.net/E01912/quarter,2026-08-31T01:24:49.228521+09:00
Q2024-10_2024-12,6647,operating_margin,5.79,pct,0.1,OK|ROUNDING,kabutan_q,5.8,5.8,irbank_q,5.79,5.79%,kabutan_q=5.8|irbank_q=5.79,https://kabutan.jp/stock/finance?code=6647,https://irbank.net/E01912/quarter,2026-08-31T01:24:49.228521+09:00
Q2024-10_2024-12,6647,ordinary_income,136,JPY_million,1,OK,kabutan_q,136,136,irbank_q,136,136百万,kabutan_q=136|irbank_q=136,https://kabutan.jp/stock/finance?code=6647,https://irbank.net/E01912/quarter,2026-08-31T01:24:49.228521+09:00
Q2024-10_2024-12,6647,revenue,2218,JPY_million,10,OK|ROUNDING,kabutan_q,2218,"2,218",kabutan_q10,2218,"2,218",kabutan_q=2218|kabutan_q10=2218|irbank_q=2220,https://kabutan.jp/stock/finance?code=6647,https://kabutan.jp/stock/finance?code=6647,2026-08-31T01:24:49.228521+09:00
Q2024-10_2024-12,6647,sga_ratio,,pct,0.01,SINGLE_SOURCE,irbank_q,12.57,12.57%-2.73%,,,,irbank_q=12.57,https://irbank.net/E01912/quarter,,2026-08-31T01:24:49.228521+09:00
Q2025-01_2025-03,6647,cost_ratio,,pct,0.01,SINGLE_SOURCE,irbank_q,72.86,72.86%-6.14%,,,,irbank_q=72.86,https://irbank.net/E01912/quarter,,2026-08-31T01:24:49.228521+09:00
Q2025-01_2025-03,6647,eps,,JPY,0.1,SINGLE_SOURCE,kabutan_q,299.6,299.6,kabutan_record_q,299.6,299.6,kabutan_q=299.6|kabutan_record_q=299.6,https://kabutan.jp/stock/finance?code=6647,https://kabutan.jp/stock/finance?code=6647,2026-08-31T01:24:49.228521+09:00
Q2025-01_2025-03,6647,net_income,,JPY_million,1,SINGLE_SOURCE,kabutan_q,408,408,kabutan_record_q,408,408,kabutan_q=408|kabutan_record_q=408,https://kabutan.jp/stock/finance?code=6647,https://kabutan.jp/stock/finance?code=6647,2026-08-31T01:24:49.228521+09:00
Q2025-01_2025-03,6647,operating_income,495,JPY_million,1,OK,kabutan_q,495,495,kabutan_record_q,495,495,kabutan_q=495|kabutan_record_q=495|irbank_q=495,https://kabutan.jp/stock/finance?code=6647,https://kabutan.jp/stock/finance?code=6647,2026-08-31T01:24:49.228521+09:00
Q2025-01_2025-03,6647,operating_margin,16.78,pct,0.1,OK|ROUNDING,kabutan_q,16.8,16.8,irbank_q,16.78,16.78%+9.5%,kabutan_q=16.8|irbank_q=16.78,https://kabutan.jp/stock/finance?code=6647,https://irbank.net/E01912/quarter,2026-08-31T01:24:49.228521+09:00
Q2025-01_2025-03,6647,ordinary_income,497,JPY_million,1,OK,kabutan_q,497,497,kabutan_record_q,497,497,kabutan_q=497|kabutan_record_q=497|irbank_q=497,https://kabutan.jp/stock/finance?code=6647,https://kabutan.jp/stock/finance?code=6647,2026-08-31T01:24:49.228521+09:00
Q2025-01_2025-03,6647,revenue,2950,JPY_million,10,OK,kabutan_q,2950,"2,950",kabutan_q10,2950,"2,950",kabutan_q=2950|kabutan_q10=2950|irbank_q=2950,https://kabutan.jp/stock/finance?code=6647,https://kabutan.jp/stock/finance?code=6647,2026-08-31T01:24:49.228521+09:00
Q2025-01_2025-03,6647,sga_ratio,,pct,0.01,SINGLE_SOURCE,irbank_q,10.36,10.36%-3.36%,,,,irbank_q=10.36,https://irbank.net/E01912/quarter,,2026-08-31T01:24:49.228521+09:00
Q2025-04_2025-06,6647,cost_ratio,,pct,0.01,SINGLE_SOURCE,irbank_q,79.85,79.85%-4.39%,,,,irbank_q=79.85,https://irbank.net/E01912/quarter,,2026-08-31T01:24:49.228521+09:00
Q2025-04_2025-06,6647,eps,,JPY,0.1,SINGLE_SOURCE,kabutan_ytd_h1,71.4,71.4,kabutan_q,71.4,71.4,kabutan_ytd_h1=71.4|kabutan_q=71.4,https://kabutan.jp/stock/finance?code=6647,https://kabutan.jp/stock/finance?code=6647,2026-08-31T01:24:49.228521+09:00
Q2025-04_2025-06,6647,net_income,,JPY_million,1,SINGLE_SOURCE,kabutan_ytd_h1,95,95,kabutan_q,95,95,kabutan_ytd_h1=95|kabutan_q=95,https://kabutan.jp/stock/finance?code=6647,https://kabutan.jp/stock/finance?code=6647,2026-08-31T01:24:49.228521+09:00
Q2025-04_2025-06,6647,operating_income,127,JPY_million,1,OK|ROUNDING,kabutan_ytd_h1,127,127,kabutan_q,127,127,kabutan_ytd_h1=127|kabutan_q=127|irbank_q=128,https://kabutan.jp/stock/finance?code=6647,https://kabutan.jp/stock/finance?code=6647,2026-08-31T01:24:49.228521+09:00
Q2025-04_2025-06,6647,operating_margin,6.35,pct,0.1,OK|ROUNDING,kabutan_q,6.3,6.3,irbank_q,6.35,6.35%+4.9%,kabutan_q=6.3|irbank_q=6.35,https://kabutan.jp/stock/finance?code=6647,https://irbank.net/E01912/quarter,2026-08-31T01:24:49.228521+09:00
Q2025-04_2025-06,6647,ordinary_income,134,JPY_million,1,OK,kabutan_ytd_h1,134,134,kabutan_q,134,134,kabutan_ytd_h1=134|kabutan_q=134|irbank_q=134,https://kabutan.jp/stock/finance?code=6647,https://kabutan.jp/stock/finance?code=6647,2026-08-31T01:24:49.228521+09:00
Q2025-04_2025-06,6647,revenue,2010,JPY_million,10,OK,kabutan_ytd_h1,2010,"2,010",kabutan_q,2010,"2,010",kabutan_ytd_h1=2010|kabutan_q=2010|kabutan_q10=2010|irbank_q=2010,https://kabutan.jp/stock/finance?code=6647,https://kabutan.jp/stock/finance?code=6647,2026-08-31T01:24:49.228521+09:00
Q2025-04_2025-06,6647,sga_ratio,,pct,0.01,SINGLE_SOURCE,irbank_q,13.79,13.79%-0.52%,,,,irbank_q=13.79,https://irbank.net/E01912/quarter,,2026-08-31T01:24:49.228521+09:00
Q2025-07_2025-09,6647,cost_ratio,,pct,0.01,SINGLE_SOURCE,irbank_q,85.56,85.56%+2.24%,,,,irbank_q=85.56,https://irbank.net/E01912/quarter,,2026-08-31T01:24:49.228521+09:00
Q2025-07_2025-09,6647,eps,,JPY,0.1,SINGLE_SOURCE,kabutan_q,-20.5,-20.5,,,,kabutan_q=-20.5,https://kabutan.jp/stock/finance?code=6647,,2026-08-31T01:24:49.228521+09:00
Q2025-07_2025-09,6647,net_income,,JPY_million,1,SINGLE_SOURCE,kabutan_q,-27,-27,,,,kabutan_q=-27,https://kabutan.jp/stock/finance?code=6647,,2026-08-31T01:24:49.228521+09:00
Q2025-07_2025-09,6647,operating_income,-41,JPY_million,1,OK,kabutan_q,-41,-41,irbank_q,-41,-41百万,kabutan_q=-41|irbank_q=-41,https://kabutan.jp/stock/finance?code=6647,https://irbank.net/E01912/quarter,2026-08-31T01:24:49.228521+09:00
Q2025-07_2025-09,6647,operating_margin,-2.48,pct,0.1,OK|ROUNDING,kabutan_q,-2.5,-2.5,irbank_q,-2.48,-2.48%,kabutan_q=-2.5|irbank_q=-2.48,https://kabutan.jp/stock/finance?code=6647,https://irbank.net/E01912/quarter,2026-08-31T01:24:49.228521+09:00
Q2025-07_2025-09,6647,ordinary_income,-40,JPY_million,1,OK|ROUNDING,kabutan_q,-40,-40,irbank_q,-39,-39百万,kabutan_q=-40|irbank_q=-39,https://kabutan.jp/stock/finance?code=6647,https://irbank.net/E01912/quarter,2026-08-31T01:24:49.228521+09:00
Q2025-07_2025-09,6647,revenue,1644,JPY_million,10,OK|ROUNDING,kabutan_q,1644,"1,644",kabutan_q10,1644,"1,644",kabutan_q=1644|kabutan_q10=1644|irbank_q=1640,https://kabutan.jp/stock/finance?code=6647,https://kabutan.jp/stock/finance?code=6647,2026-08-31T01:24:49.228521+09:00
Q2025-07_2025-09,6647,sga_ratio,,pct,0.01,SINGLE_SOURCE,irbank_q,16.92,16.92%+4.23%,,,,irbank_q=16.92,https://irbank.net/E01912/quarter,,2026-08-31T01:24:49.228521+09:00
Q2025-10_2025-12,6647,cost_ratio,,pct,0.01,SINGLE_SOURCE,irbank_q,72.94,72.94%-8.7%,,,,irbank_q=72.94,https://irbank.net/E01912/quarter,,2026-08-31T01:24:49.228521+09:00
Q2025-10_2025-12,6647,eps,,JPY,0.1,SINGLE_SOURCE,kabutan_q,177.9,177.9,,,,kabutan_q=177.9,https://kabutan.jp/stock/finance?code=6647,,2026-08-31T01:24:49.228521+09:00
Q2025-10_2025-12,6647,net_income,,JPY_million,1,SINGLE_SOURCE,kabutan_q,237,237,,,,kabutan_q=237,https://kabutan.jp/stock/finance?code=6647,,2026-08-31T01:24:49.228521+09:00
Q2025-10_2025-12,6647,operating_income,328,JPY_million,1,OK|ROUNDING,kabutan_q,328,328,irbank_q,327,327百万+154.5%,kabutan_q=328|irbank_q=327,https://kabutan.jp/stock/finance?code=6647,https://irbank.net/E01912/quarter,2026-08-31T01:24:49.228521+09:00
Q2025-10_2025-12,6647,operating_margin,14.99,pct,0.1,OK|ROUNDING,kabutan_q,15,15.0,irbank_q,14.99,14.99%+9.2%,kabutan_q=15|irbank_q=14.99,https://kabutan.jp/stock/finance?code=6647,https://irbank.net/E01912/quarter,2026-08-31T01:24:49.228521+09:00
Q2025-10_2025-12,6647,ordinary_income,339,JPY_million,1,OK|ROUNDING,kabutan_q,339,339,irbank_q,338,338百万+148.6%,kabutan_q=339|irbank_q=338,https://kabutan.jp/stock/finance?code=6647,https://irbank.net/E01912/quarter,2026-08-31T01:24:49.228521+09:00
Q2025-10_2025-12,6647,revenue,2182,JPY_million,10,OK|ROUNDING,kabutan_q,2182,"2,182",kabutan_q10,2182,"2,182",kabutan_q=2182|kabutan_q10=2182|irbank_q=2180,https://kabutan.jp/stock/finance?code=6647,https://kabutan.jp/stock/finance?code=6647,2026-08-31T01:24:49.228521+09:00
Q2025-10_2025-12,6647,sga_ratio,,pct,0.01,SINGLE_SOURCE,irbank_q,12.09,12.09%-0.48%,,,,irbank_q=12.09,https://irbank.net/E01912/quarter,,2026-08-31T01:24:49.228521+09:00
Q2026-01_2026-03,6647,cost_ratio,,pct,0.01,SINGLE_SOURCE,irbank_q,72.31,72.31%-0.55%,,,,irbank_q=72.31,https://irbank.net/E01912/quarter,,2026-08-31T01:24:49.228521+09:00
Q2026-01_2026-03,6647,eps,,JPY,0.1,SINGLE_SOURCE,kabutan_q,257.8,257.8,,,,kabutan_q=257.8,https://kabutan.jp/stock/finance?code=6647,,2026-08-31T01:24:49.228521+09:00
Q2026-01_2026-03,6647,net_income,,JPY_million,1,SINGLE_SOURCE,kabutan_q,343,343,,,,kabutan_q=343,https://kabutan.jp/stock/finance?code=6647,,2026-08-31T01:24:49.228521+09:00
Q2026-01_2026-03,6647,operating_income,442,JPY_million,1,OK,kabutan_q,442,442,irbank_q,442,442百万-10.6%,kabutan_q=442|irbank_q=442,https://kabutan.jp/stock/finance?code=6647,https://irbank.net/E01912/quarter,2026-08-31T01:24:49.228521+09:00
Q2026-01_2026-03,6647,operating_margin,15.78,pct,0.1,OK|ROUNDING,kabutan_q,15.8,15.8,irbank_q,15.78,15.78%-1%,kabutan_q=15.8|irbank_q=15.78,https://kabutan.jp/stock/finance?code=6647,https://irbank.net/E01912/quarter,2026-08-31T01:24:49.228521+09:00
Q2026-01_2026-03,6647,ordinary_income,438,JPY_million,1,OK|ROUNDING,kabutan_q,438,438,irbank_q,439,439百万-11.8%,kabutan_q=438|irbank_q=439,https://kabutan.jp/stock/finance?code=6647,https://irbank.net/E01912/quarter,2026-08-31T01:24:49.228521+09:00
Q2026-01_2026-03,6647,revenue,2802,JPY_million,100,OK|ROUNDING,kabutan_q,2802,"2,802",kabutan_q10,2802,"2,802",kabutan_q=2802|kabutan_q10=2802|irbank_q=2800,https://kabutan.jp/stock/finance?code=6647,https://kabutan.jp/stock/finance?code=6647,2026-08-31T01:24:49.228521+09:00
Q2026-01_2026-03,6647,sga_ratio,,pct,0.1,SINGLE_SOURCE,irbank_q,11.9,11.9%+1.54%,,,,irbank_q=11.9,https://irbank.net/E01912/quarter,,2026-08-31T01:24:49.228521+09:00
Q2026-04_2026-06,6647,cost_ratio,,pct,0.01,SINGLE_SOURCE,irbank_q,75.56,75.56%-4.29%,,,,irbank_q=75.56,https://irbank.net/E01912/quarter,,2026-08-31T01:24:49.228521+09:00
Q2026-04_2026-06,6647,eps,,JPY,0.1,SINGLE_SOURCE,kabutan_ytd_h1,151,151.0,kabutan_q,151,151.0,kabutan_ytd_h1=151|kabutan_q=151|kabutan_q10=151,https://kabutan.jp/stock/finance?code=6647,https://kabutan.jp/stock/finance?code=6647,2026-08-31T01:24:49.228521+09:00
Q2026-04_2026-06,6647,equity,,JPY_million,1,SINGLE_SOURCE,kabutan_bs,6171,"6,171",,,,kabutan_bs=6171,https://kabutan.jp/stock/finance?code=6647,,2026-08-31T01:24:49.228521+09:00
Q2026-04_2026-06,6647,equity_ratio,,pct,0.1,SINGLE_SOURCE,kabutan_bs,65.6,65.6,,,,kabutan_bs=65.6,https://kabutan.jp/stock/finance?code=6647,,2026-08-31T01:24:49.228521+09:00
Q2026-04_2026-06,6647,interest_bearing_debt_ratio,,x,0.01,SINGLE_SOURCE,kabutan_bs,0.21,0.21,,,,kabutan_bs=0.21,https://kabutan.jp/stock/finance?code=6647,,2026-08-31T01:24:49.228521+09:00
Q2026-04_2026-06,6647,net_income,,JPY_million,1,SINGLE_SOURCE,kabutan_ytd_h1,199,199,kabutan_q,199,199,kabutan_ytd_h1=199|kabutan_q=199,https://kabutan.jp/stock/finance?code=6647,https://kabutan.jp/stock/finance?code=6647,2026-08-31T01:24:49.228521+09:00
Q2026-04_2026-06,6647,operating_income,280,JPY_million,1,OK,kabutan_ytd_h1,280,280,kabutan_q,280,280,kabutan_ytd_h1=280|kabutan_q=280|kabutan_q10=280|irbank_q=280,https://kabutan.jp/stock/finance?code=6647,https://kabutan.jp/stock/finance?code=6647,2026-08-31T01:24:49.228521+09:00
Q2026-04_2026-06,6647,operating_margin,11.81,pct,0.1,OK|ROUNDING,kabutan_q,11.8,11.8,irbank_q,11.81,11.81%+5.46%,kabutan_q=11.8|irbank_q=11.81,https://kabutan.jp/stock/finance?code=6647,https://irbank.net/E01912/quarter,2026-08-31T01:24:49.228521+09:00
Q2026-04_2026-06,6647,ordinary_income,292,JPY_million,1,OK,kabutan_ytd_h1,292,292,kabutan_q,292,292,kabutan_ytd_h1=292|kabutan_q=292|kabutan_q10=292|irbank_q=292,https://kabutan.jp/stock/finance?code=6647,https://kabutan.jp/stock/finance?code=6647,2026-08-31T01:24:49.228521+09:00
Q2026-04_2026-06,6647,retained_earnings,,JPY_million,1,SINGLE_SOURCE,kabutan_bs,3354,"3,354",,,,kabutan_bs=3354,https://kabutan.jp/stock/finance?code=6647,,2026-08-31T01:24:49.228521+09:00
Q2026-04_2026-06,6647,revenue,2371,JPY_million,10,OK|ROUNDING,kabutan_ytd_h1,2371,"2,371",kabutan_q,2371,"2,371",kabutan_ytd_h1=2371|kabutan_q=2371|kabutan_q10=2371|irbank_q=2370,https://kabutan.jp/stock/finance?code=6647,https://kabutan.jp/stock/finance?code=6647,2026-08-31T01:24:49.228521+09:00
Q2026-04_2026-06,6647,sga_ratio,,pct,0.01,SINGLE_SOURCE,irbank_q,12.65,12.65%-1.14%,,,,irbank_q=12.65,https://irbank.net/E01912/quarter,,2026-08-31T01:24:49.228521+09:00
Q2026-04_2026-06,6647,total_assets,,JPY_million,1,SINGLE_SOURCE,kabutan_bs,9410,"9,410",,,,kabutan_bs=9410,https://kabutan.jp/stock/finance?code=6647,,2026-08-31T01:24:49.228521+09:00
