period,code,metric,value,unit,tolerance,status,source_primary,value_primary,raw_primary,source_secondary,value_secondary,raw_secondary,sources_all,source_url_primary,source_url_secondary,fetched_at
FY2002-07,6888,revenue,,JPY_million,1,SINGLE_SOURCE,kabutan_fy10,1511,"1,511",,,,kabutan_fy10=1511,https://kabutan.jp/stock/finance?code=6888,,2026-10-09T22:21:14.745823+09:00
FY2003-06,6888,revenue,,JPY_million,1,SINGLE_SOURCE|PERIOD_CHANGED,kabutan_fy10,1306,"1,306",,,,kabutan_fy10=1306,https://kabutan.jp/stock/finance?code=6888,,2026-10-09T22:21:14.745823+09:00
FY2004-06,6888,revenue,,JPY_million,1,SINGLE_SOURCE,kabutan_fy10,1446,"1,446",,,,kabutan_fy10=1446,https://kabutan.jp/stock/finance?code=6888,,2026-10-09T22:21:14.745823+09:00
FY2005-06,6888,revenue,,JPY_million,1,SINGLE_SOURCE,kabutan_fy10,2064,"2,064",,,,kabutan_fy10=2064,https://kabutan.jp/stock/finance?code=6888,,2026-10-09T22:21:14.745823+09:00
FY2006-06,6888,revenue,,JPY_million,1,SINGLE_SOURCE,kabutan_fy10,3438,"3,438",,,,kabutan_fy10=3438,https://kabutan.jp/stock/finance?code=6888,,2026-10-09T22:21:14.745823+09:00
FY2007-06,6888,revenue,,JPY_million,1,SINGLE_SOURCE,kabutan_fy10,5706,"5,706",,,,kabutan_fy10=5706,https://kabutan.jp/stock/finance?code=6888,,2026-10-09T22:21:14.745823+09:00
FY2008-06,6888,capex,,JPY_million,1,SINGLE_SOURCE,irbank_cf,-37,-37百万,,,,irbank_cf=-37,https://irbank.net/E02324/results,,2026-10-09T22:21:14.745823+09:00
FY2008-06,6888,cash_equivalents,,JPY_million,10,SINGLE_SOURCE,irbank_cf,1360,13.6億,,,,irbank_cf=1360,https://irbank.net/E02324/results,,2026-10-09T22:21:14.745823+09:00
FY2008-06,6888,cost_ratio,,pct,0.01,SINGLE_SOURCE,irbank_pl_consolidated,65.63,65.63,,,,irbank_pl_consolidated=65.63,https://irbank.net/E02324/results,,2026-10-09T22:21:14.745823+09:00
FY2008-06,6888,equity_ratio,,pct,0.01,SINGLE_SOURCE,irbank_bs,50.56,50.56,,,,irbank_bs=50.56,https://irbank.net/E02324/results,,2026-10-09T22:21:14.745823+09:00
FY2008-06,6888,financing_cf,,JPY_million,1,SINGLE_SOURCE,irbank_cf,79,79百万,,,,irbank_cf=79,https://irbank.net/E02324/results,,2026-10-09T22:21:14.745823+09:00
FY2008-06,6888,free_cf,,JPY_million,1,SINGLE_SOURCE,irbank_cf,-47,-47百万,,,,irbank_cf=-47,https://irbank.net/E02324/results,,2026-10-09T22:21:14.745823+09:00
FY2008-06,6888,interest_bearing_debt,,JPY_million,10,SINGLE_SOURCE,irbank_bs,1040,10.4億,,,,irbank_bs=1040,https://irbank.net/E02324/results,,2026-10-09T22:21:14.745823+09:00
FY2008-06,6888,interest_bearing_debt_ratio,,x,0.0001,SINGLE_SOURCE|UNIT_CONVERTED,irbank_bs,0.5267,52.67,,,,irbank_bs=0.5267,https://irbank.net/E02324/results,,2026-10-09T22:21:14.745823+09:00
FY2008-06,6888,investing_cf,,JPY_million,1,SINGLE_SOURCE,irbank_cf,-32,-32百万,,,,irbank_cf=-32,https://irbank.net/E02324/results,,2026-10-09T22:21:14.745823+09:00
FY2008-06,6888,net_assets,,JPY_million,10,SINGLE_SOURCE,irbank_bs,2180,21.8億,,,,irbank_bs=2180,https://irbank.net/E02324/results,,2026-10-09T22:21:14.745823+09:00
FY2008-06,6888,net_income,,JPY_million,1,SINGLE_SOURCE,irbank_pl_consolidated,-117,-117百万,,,,irbank_pl_consolidated=-117,https://irbank.net/E02324/results,,2026-10-09T22:21:14.745823+09:00
FY2008-06,6888,operating_cf,,JPY_million,1,SINGLE_SOURCE,irbank_cf,-15,-15百万,,,,irbank_cf=-15,https://irbank.net/E02324/results,,2026-10-09T22:21:14.745823+09:00
FY2008-06,6888,operating_income,,JPY_million,1,SINGLE_SOURCE,irbank_pl_consolidated,160,160百万,,,,irbank_pl_consolidated=160,https://irbank.net/E02324/results,,2026-10-09T22:21:14.745823+09:00
FY2008-06,6888,operating_margin,,pct,0.01,SINGLE_SOURCE,irbank_pl_consolidated,2.16,2.16,,,,irbank_pl_consolidated=2.16,https://irbank.net/E02324/results,,2026-10-09T22:21:14.745823+09:00
FY2008-06,6888,ordinary_income,,JPY_million,1,SINGLE_SOURCE,irbank_pl_consolidated,142,142百万,,,,irbank_pl_consolidated=142,https://irbank.net/E02324/results,,2026-10-09T22:21:14.745823+09:00
FY2008-06,6888,retained_earnings,,JPY_million,1,SINGLE_SOURCE,irbank_bs,46,0.46億,,,,irbank_bs=46,https://irbank.net/E02324/results,,2026-10-09T22:21:14.745823+09:00
FY2008-06,6888,revenue,7376,JPY_million,10,OK|ROUNDING,kabutan_fy10,7376,"7,376",irbank_pl_consolidated,7380,73.8億,kabutan_fy10=7376|irbank_pl_consolidated=7380,https://kabutan.jp/stock/finance?code=6888,https://irbank.net/E02324/results,2026-10-09T22:21:14.745823+09:00
FY2008-06,6888,sga_ratio,,pct,0.1,SINGLE_SOURCE,irbank_pl_consolidated,32.2,32.2,,,,irbank_pl_consolidated=32.2,https://irbank.net/E02324/results,,2026-10-09T22:21:14.745823+09:00
FY2008-06,6888,shareholders_equity,,JPY_million,10,SINGLE_SOURCE,irbank_bs,1970,19.7億,,,,irbank_bs=1970,https://irbank.net/E02324/results,,2026-10-09T22:21:14.745823+09:00
FY2008-06,6888,total_assets,,JPY_million,10,SINGLE_SOURCE,irbank_bs,3910,39.1億,,,,irbank_bs=3910,https://irbank.net/E02324/results,,2026-10-09T22:21:14.745823+09:00
FY2009-06,6888,capex,,JPY_million,1,SINGLE_SOURCE,irbank_cf,-55,-55百万,,,,irbank_cf=-55,https://irbank.net/E02324/results,,2026-10-09T22:21:14.745823+09:00
FY2009-06,6888,cash_equivalents,,JPY_million,100,SINGLE_SOURCE,irbank_cf,1500,15億,,,,irbank_cf=1500,https://irbank.net/E02324/results,,2026-10-09T22:21:14.745823+09:00
FY2009-06,6888,cost_ratio,,pct,0.1,SINGLE_SOURCE,irbank_pl_consolidated,64.6,64.6,,,,irbank_pl_consolidated=64.6,https://irbank.net/E02324/results,,2026-10-09T22:21:14.745823+09:00
FY2009-06,6888,equity_ratio,,pct,0.01,SINGLE_SOURCE,irbank_bs,41.48,41.48,,,,irbank_bs=41.48,https://irbank.net/E02324/results,,2026-10-09T22:21:14.745823+09:00
FY2009-06,6888,financing_cf,,JPY_million,1,SINGLE_SOURCE,irbank_cf,173,173百万,,,,irbank_cf=173,https://irbank.net/E02324/results,,2026-10-09T22:21:14.745823+09:00
FY2009-06,6888,free_cf,,JPY_million,1,SINGLE_SOURCE,irbank_cf,22,22百万,,,,irbank_cf=22,https://irbank.net/E02324/results,,2026-10-09T22:21:14.745823+09:00
FY2009-06,6888,interest_bearing_debt,,JPY_million,10,SINGLE_SOURCE,irbank_bs,1320,13.2億,,,,irbank_bs=1320,https://irbank.net/E02324/results,,2026-10-09T22:21:14.745823+09:00
FY2009-06,6888,interest_bearing_debt_ratio,,x,0.0001,SINGLE_SOURCE|UNIT_CONVERTED,irbank_bs,0.9188,91.88,,,,irbank_bs=0.9188,https://irbank.net/E02324/results,,2026-10-09T22:21:14.745823+09:00
FY2009-06,6888,investing_cf,,JPY_million,1,SINGLE_SOURCE,irbank_cf,-16,-16百万,,,,irbank_cf=-16,https://irbank.net/E02324/results,,2026-10-09T22:21:14.745823+09:00
FY2009-06,6888,net_assets,,JPY_million,100,SINGLE_SOURCE,irbank_bs,1600,16億,,,,irbank_bs=1600,https://irbank.net/E02324/results,,2026-10-09T22:21:14.745823+09:00
FY2009-06,6888,net_income,,JPY_million,1,SINGLE_SOURCE,irbank_pl_consolidated,-469,-469百万,,,,irbank_pl_consolidated=-469,https://irbank.net/E02324/results,,2026-10-09T22:21:14.745823+09:00
FY2009-06,6888,operating_cf,,JPY_million,1,SINGLE_SOURCE,irbank_cf,37,37百万,,,,irbank_cf=37,https://irbank.net/E02324/results,,2026-10-09T22:21:14.745823+09:00
FY2009-06,6888,operating_income,,JPY_million,1,SINGLE_SOURCE,irbank_pl_consolidated,-108,-108百万,,,,irbank_pl_consolidated=-108,https://irbank.net/E02324/results,,2026-10-09T22:21:14.745823+09:00
FY2009-06,6888,operating_margin,,pct,0.01,SINGLE_SOURCE,irbank_pl_consolidated,-1.91,-1.91,,,,irbank_pl_consolidated=-1.91,https://irbank.net/E02324/results,,2026-10-09T22:21:14.745823+09:00
FY2009-06,6888,ordinary_income,,JPY_million,1,SINGLE_SOURCE,irbank_pl_consolidated,-123,-123百万,,,,irbank_pl_consolidated=-123,https://irbank.net/E02324/results,,2026-10-09T22:21:14.745823+09:00
FY2009-06,6888,retained_earnings,,JPY_million,1,SINGLE_SOURCE,irbank_bs,-453,-4.53億,,,,irbank_bs=-453,https://irbank.net/E02324/results,,2026-10-09T22:21:14.745823+09:00
FY2009-06,6888,revenue,5651,JPY_million,10,OK|ROUNDING,kabutan_fy10,5651,"5,651",irbank_pl_consolidated,5650,56.5億,kabutan_fy10=5651|irbank_pl_consolidated=5650,https://kabutan.jp/stock/finance?code=6888,https://irbank.net/E02324/results,2026-10-09T22:21:14.745823+09:00
FY2009-06,6888,sga_ratio,,pct,0.01,SINGLE_SOURCE,irbank_pl_consolidated,37.31,37.31,,,,irbank_pl_consolidated=37.31,https://irbank.net/E02324/results,,2026-10-09T22:21:14.745823+09:00
FY2009-06,6888,shareholders_equity,,JPY_million,10,SINGLE_SOURCE,irbank_bs,1440,14.4億,,,,irbank_bs=1440,https://irbank.net/E02324/results,,2026-10-09T22:21:14.745823+09:00
FY2009-06,6888,total_assets,,JPY_million,10,SINGLE_SOURCE,irbank_bs,3470,34.7億,,,,irbank_bs=3470,https://irbank.net/E02324/results,,2026-10-09T22:21:14.745823+09:00
FY2010-06,6888,bps,,JPY,0.1,SINGLE_SOURCE,irbank_bs,144.6,144.6,,,,irbank_bs=144.6,https://irbank.net/E02324/results,,2026-10-09T22:21:14.745823+09:00
FY2010-06,6888,capex,,JPY_million,0.1,SINGLE_SOURCE,irbank_cf,-3.7,-3.7百万,,,,irbank_cf=-3.7,https://irbank.net/E02324/results,,2026-10-09T22:21:14.745823+09:00
FY2010-06,6888,cash_equivalents,,JPY_million,10,SINGLE_SOURCE,irbank_cf,1010,10.1億,,,,irbank_cf=1010,https://irbank.net/E02324/results,,2026-10-09T22:21:14.745823+09:00
FY2010-06,6888,cost_ratio,,pct,0.01,SINGLE_SOURCE,irbank_pl_consolidated,67.51,67.51,,,,irbank_pl_consolidated=67.51,https://irbank.net/E02324/results,,2026-10-09T22:21:14.745823+09:00
FY2010-06,6888,eps,,JPY,0.01,SINGLE_SOURCE,irbank_pl_consolidated,4.01,4.01,,,,irbank_pl_consolidated=4.01,https://irbank.net/E02324/results,,2026-10-09T22:21:14.745823+09:00
FY2010-06,6888,equity_ratio,,pct,0.1,SINGLE_SOURCE,irbank_bs,64.2,64.2,,,,irbank_bs=64.2,https://irbank.net/E02324/results,,2026-10-09T22:21:14.745823+09:00
FY2010-06,6888,financing_cf,,JPY_million,1,SINGLE_SOURCE,irbank_cf,-467,-467百万,,,,irbank_cf=-467,https://irbank.net/E02324/results,,2026-10-09T22:21:14.745823+09:00
FY2010-06,6888,free_cf,,JPY_million,1,SINGLE_SOURCE,irbank_cf,-22,-22百万,,,,irbank_cf=-22,https://irbank.net/E02324/results,,2026-10-09T22:21:14.745823+09:00
FY2010-06,6888,interest_bearing_debt,,JPY_million,1,SINGLE_SOURCE,irbank_bs,314,3.14億,,,,irbank_bs=314,https://irbank.net/E02324/results,,2026-10-09T22:21:14.745823+09:00
FY2010-06,6888,interest_bearing_debt_ratio,,x,0.0001,SINGLE_SOURCE|UNIT_CONVERTED,irbank_bs,0.2123,21.23,,,,irbank_bs=0.2123,https://irbank.net/E02324/results,,2026-10-09T22:21:14.745823+09:00
FY2010-06,6888,investing_cf,,JPY_million,1,SINGLE_SOURCE,irbank_cf,-190,-190百万,,,,irbank_cf=-190,https://irbank.net/E02324/results,,2026-10-09T22:21:14.745823+09:00
FY2010-06,6888,net_assets,,JPY_million,10,SINGLE_SOURCE,irbank_bs,1570,15.7億,,,,irbank_bs=1570,https://irbank.net/E02324/results,,2026-10-09T22:21:14.745823+09:00
FY2010-06,6888,net_income,,JPY_million,1,SINGLE_SOURCE,irbank_pl_consolidated,41,41百万,,,,irbank_pl_consolidated=41,https://irbank.net/E02324/results,,2026-10-09T22:21:14.745823+09:00
FY2010-06,6888,operating_cf,,JPY_million,1,SINGLE_SOURCE,irbank_cf,168,168百万,,,,irbank_cf=168,https://irbank.net/E02324/results,,2026-10-09T22:21:14.745823+09:00
FY2010-06,6888,operating_income,,JPY_million,1,SINGLE_SOURCE,irbank_pl_consolidated,-106,-106百万,,,,irbank_pl_consolidated=-106,https://irbank.net/E02324/results,,2026-10-09T22:21:14.745823+09:00
FY2010-06,6888,operating_margin,,pct,0.1,SINGLE_SOURCE,irbank_pl_consolidated,-2.7,-2.7,,,,irbank_pl_consolidated=-2.7,https://irbank.net/E02324/results,,2026-10-09T22:21:14.745823+09:00
FY2010-06,6888,ordinary_income,,JPY_million,1,SINGLE_SOURCE,irbank_pl_consolidated,-66,-66百万,,,,irbank_pl_consolidated=-66,https://irbank.net/E02324/results,,2026-10-09T22:21:14.745823+09:00
FY2010-06,6888,retained_earnings,,JPY_million,1,SINGLE_SOURCE,irbank_bs,-339,-3.39億,,,,irbank_bs=-339,https://irbank.net/E02324/results,,2026-10-09T22:21:14.745823+09:00
FY2010-06,6888,revenue,3911,JPY_million,10,OK|ROUNDING,kabutan_fy10,3911,"3,911",irbank_pl_consolidated,3910,39.1億,kabutan_fy10=3911|irbank_pl_consolidated=3910,https://kabutan.jp/stock/finance?code=6888,https://irbank.net/E02324/results,2026-10-09T22:21:14.745823+09:00
FY2010-06,6888,roa,,pct,0.01,SINGLE_SOURCE,irbank_pl_consolidated,1.78,1.78,,,,irbank_pl_consolidated=1.78,https://irbank.net/E02324/results,,2026-10-09T22:21:14.745823+09:00
FY2010-06,6888,roe,,pct,0.01,SINGLE_SOURCE,irbank_pl_consolidated,2.78,2.78,,,,irbank_pl_consolidated=2.78,https://irbank.net/E02324/results,,2026-10-09T22:21:14.745823+09:00
FY2010-06,6888,sga_ratio,,pct,0.1,SINGLE_SOURCE,irbank_pl_consolidated,35.2,35.2,,,,irbank_pl_consolidated=35.2,https://irbank.net/E02324/results,,2026-10-09T22:21:14.745823+09:00
FY2010-06,6888,shareholders_equity,,JPY_million,10,SINGLE_SOURCE,irbank_bs,1480,14.8億,,,,irbank_bs=1480,https://irbank.net/E02324/results,,2026-10-09T22:21:14.745823+09:00
FY2010-06,6888,total_assets,,JPY_million,100,SINGLE_SOURCE,irbank_bs,2300,23億,,,,irbank_bs=2300,https://irbank.net/E02324/results,,2026-10-09T22:21:14.745823+09:00
FY2011-06,6888,bps,,JPY,0.01,SINGLE_SOURCE,irbank_bs,149.06,149.06,,,,irbank_bs=149.06,https://irbank.net/E02324/results,,2026-10-09T22:21:14.745823+09:00
FY2011-06,6888,capex,,JPY_million,1,SINGLE_SOURCE,irbank_cf,-42,-42百万,,,,irbank_cf=-42,https://irbank.net/E02324/results,,2026-10-09T22:21:14.745823+09:00
FY2011-06,6888,cash_equivalents,,JPY_million,10,SINGLE_SOURCE,irbank_cf,1080,10.8億,,,,irbank_cf=1080,https://irbank.net/E02324/results,,2026-10-09T22:21:14.745823+09:00
FY2011-06,6888,cost_ratio,,pct,0.01,SINGLE_SOURCE,irbank_pl_consolidated,67.93,67.93,,,,irbank_pl_consolidated=67.93,https://irbank.net/E02324/results,,2026-10-09T22:21:14.745823+09:00
FY2011-06,6888,eps,,JPY,0.01,SINGLE_SOURCE,irbank_pl_consolidated,4.11,4.11,,,,irbank_pl_consolidated=4.11,https://irbank.net/E02324/results,,2026-10-09T22:21:14.745823+09:00
FY2011-06,6888,equity_ratio,,pct,0.1,SINGLE_SOURCE,irbank_bs,64.7,64.7,,,,irbank_bs=64.7,https://irbank.net/E02324/results,,2026-10-09T22:21:14.745823+09:00
FY2011-06,6888,financing_cf,,JPY_million,1,SINGLE_SOURCE,irbank_cf,-58,-58百万,,,,irbank_cf=-58,https://irbank.net/E02324/results,,2026-10-09T22:21:14.745823+09:00
FY2011-06,6888,free_cf,,JPY_million,1,SINGLE_SOURCE,irbank_cf,99,99百万,,,,irbank_cf=99,https://irbank.net/E02324/results,,2026-10-09T22:21:14.745823+09:00
FY2011-06,6888,interest_bearing_debt,,JPY_million,1,SINGLE_SOURCE,irbank_bs,255,2.55億,,,,irbank_bs=255,https://irbank.net/E02324/results,,2026-10-09T22:21:14.745823+09:00
FY2011-06,6888,interest_bearing_debt_ratio,,x,0.0001,SINGLE_SOURCE|UNIT_CONVERTED,irbank_bs,0.1676,16.76,,,,irbank_bs=0.1676,https://irbank.net/E02324/results,,2026-10-09T22:21:14.745823+09:00
FY2011-06,6888,investing_cf,,JPY_million,1,SINGLE_SOURCE,irbank_cf,-14,-14百万,,,,irbank_cf=-14,https://irbank.net/E02324/results,,2026-10-09T22:21:14.745823+09:00
FY2011-06,6888,net_assets,,JPY_million,10,SINGLE_SOURCE,irbank_bs,1620,16.2億,,,,irbank_bs=1620,https://irbank.net/E02324/results,,2026-10-09T22:21:14.745823+09:00
FY2011-06,6888,net_income,,JPY_million,1,SINGLE_SOURCE,irbank_pl_consolidated,42,42百万,,,,irbank_pl_consolidated=42,https://irbank.net/E02324/results,,2026-10-09T22:21:14.745823+09:00
FY2011-06,6888,operating_cf,,JPY_million,1,SINGLE_SOURCE,irbank_cf,113,113百万,,,,irbank_cf=113,https://irbank.net/E02324/results,,2026-10-09T22:21:14.745823+09:00
FY2011-06,6888,operating_income,,JPY_million,1,SINGLE_SOURCE,irbank_pl_consolidated,121,121百万,,,,irbank_pl_consolidated=121,https://irbank.net/E02324/results,,2026-10-09T22:21:14.745823+09:00
FY2011-06,6888,operating_margin,,pct,0.01,SINGLE_SOURCE,irbank_pl_consolidated,3.64,3.64,,,,irbank_pl_consolidated=3.64,https://irbank.net/E02324/results,,2026-10-09T22:21:14.745823+09:00
FY2011-06,6888,ordinary_income,,JPY_million,1,SINGLE_SOURCE,irbank_pl_consolidated,125,125百万,,,,irbank_pl_consolidated=125,https://irbank.net/E02324/results,,2026-10-09T22:21:14.745823+09:00
FY2011-06,6888,retained_earnings,,JPY_million,1,SINGLE_SOURCE,irbank_bs,-295,-2.95億,,,,irbank_bs=-295,https://irbank.net/E02324/results,,2026-10-09T22:21:14.745823+09:00
FY2011-06,6888,revenue,3320,JPY_million,10,OK,kabutan_fy10,3320,"3,320",irbank_pl_consolidated,3320,33.2億,kabutan_fy10=3320|irbank_pl_consolidated=3320,https://kabutan.jp/stock/finance?code=6888,https://irbank.net/E02324/results,2026-10-09T22:21:14.745823+09:00
FY2011-06,6888,roa,,pct,0.01,SINGLE_SOURCE,irbank_pl_consolidated,1.79,1.79,,,,irbank_pl_consolidated=1.79,https://irbank.net/E02324/results,,2026-10-09T22:21:14.745823+09:00
FY2011-06,6888,roe,,pct,0.01,SINGLE_SOURCE,irbank_pl_consolidated,2.76,2.76,,,,irbank_pl_consolidated=2.76,https://irbank.net/E02324/results,,2026-10-09T22:21:14.745823+09:00
FY2011-06,6888,sga_ratio,,pct,0.01,SINGLE_SOURCE,irbank_pl_consolidated,28.45,28.45,,,,irbank_pl_consolidated=28.45,https://irbank.net/E02324/results,,2026-10-09T22:21:14.745823+09:00
FY2011-06,6888,shareholders_equity,,JPY_million,10,SINGLE_SOURCE,irbank_bs,1520,15.2億,,,,irbank_bs=1520,https://irbank.net/E02324/results,,2026-10-09T22:21:14.745823+09:00
FY2011-06,6888,total_assets,,JPY_million,10,SINGLE_SOURCE,irbank_bs,2350,23.5億,,,,irbank_bs=2350,https://irbank.net/E02324/results,,2026-10-09T22:21:14.745823+09:00
FY2012-06,6888,bps,,JPY,0.01,SINGLE_SOURCE,irbank_bs,147.84,147.84,,,,irbank_bs=147.84,https://irbank.net/E02324/results,,2026-10-09T22:21:14.745823+09:00
FY2012-06,6888,capex,,JPY_million,1,SINGLE_SOURCE,irbank_cf,-28,-28百万,,,,irbank_cf=-28,https://irbank.net/E02324/results,,2026-10-09T22:21:14.745823+09:00
FY2012-06,6888,cash_equivalents,,JPY_million,10,SINGLE_SOURCE,irbank_cf,1050,10.5億,,,,irbank_cf=1050,https://irbank.net/E02324/results,,2026-10-09T22:21:14.745823+09:00
FY2012-06,6888,cost_ratio,,pct,0.01,SINGLE_SOURCE,irbank_pl_consolidated,67.52,67.52,,,,irbank_pl_consolidated=67.52,https://irbank.net/E02324/results,,2026-10-09T22:21:14.745823+09:00
FY2012-06,6888,eps,,JPY,0.01,SINGLE_SOURCE,irbank_pl_consolidated,1.57,1.57,,,,irbank_pl_consolidated=1.57,https://irbank.net/E02324/results,,2026-10-09T22:21:14.745823+09:00
FY2012-06,6888,equity_ratio,,pct,0.1,SINGLE_SOURCE,irbank_bs,68.1,68.1,,,,irbank_bs=68.1,https://irbank.net/E02324/results,,2026-10-09T22:21:14.745823+09:00
FY2012-06,6888,financing_cf,,JPY_million,1,SINGLE_SOURCE,irbank_cf,-39,-39百万,,,,irbank_cf=-39,https://irbank.net/E02324/results,,2026-10-09T22:21:14.745823+09:00
FY2012-06,6888,free_cf,,JPY_million,1,SINGLE_SOURCE,irbank_cf,14,14百万,,,,irbank_cf=14,https://irbank.net/E02324/results,,2026-10-09T22:21:14.745823+09:00
FY2012-06,6888,interest_bearing_debt,,JPY_million,1,SINGLE_SOURCE,irbank_bs,244,2.44億,,,,irbank_bs=244,https://irbank.net/E02324/results,,2026-10-09T22:21:14.745823+09:00
FY2012-06,6888,interest_bearing_debt_ratio,,x,0.0001,SINGLE_SOURCE|UNIT_CONVERTED,irbank_bs,0.1614,16.14,,,,irbank_bs=0.1614,https://irbank.net/E02324/results,,2026-10-09T22:21:14.745823+09:00
FY2012-06,6888,investing_cf,,JPY_million,1,SINGLE_SOURCE,irbank_cf,-43,-43百万,,,,irbank_cf=-43,https://irbank.net/E02324/results,,2026-10-09T22:21:14.745823+09:00
FY2012-06,6888,net_assets,,JPY_million,10,SINGLE_SOURCE,irbank_bs,1580,15.8億,,,,irbank_bs=1580,https://irbank.net/E02324/results,,2026-10-09T22:21:14.745823+09:00
FY2012-06,6888,net_income,,JPY_million,1,SINGLE_SOURCE,irbank_pl_consolidated,16,16百万,,,,irbank_pl_consolidated=16,https://irbank.net/E02324/results,,2026-10-09T22:21:14.745823+09:00
FY2012-06,6888,operating_cf,,JPY_million,1,SINGLE_SOURCE,irbank_cf,57,57百万,,,,irbank_cf=57,https://irbank.net/E02324/results,,2026-10-09T22:21:14.745823+09:00
FY2012-06,6888,operating_income,,JPY_million,1,SINGLE_SOURCE,irbank_pl_consolidated,10,10百万,,,,irbank_pl_consolidated=10,https://irbank.net/E02324/results,,2026-10-09T22:21:14.745823+09:00
FY2012-06,6888,operating_margin,,pct,0.01,SINGLE_SOURCE,irbank_pl_consolidated,0.33,0.33,,,,irbank_pl_consolidated=0.33,https://irbank.net/E02324/results,,2026-10-09T22:21:14.745823+09:00
FY2012-06,6888,ordinary_income,,JPY_million,1,SINGLE_SOURCE,irbank_pl_consolidated,31,31百万,,,,irbank_pl_consolidated=31,https://irbank.net/E02324/results,,2026-10-09T22:21:14.745823+09:00
FY2012-06,6888,retained_earnings,,JPY_million,1,SINGLE_SOURCE,irbank_bs,-308,-3.08億,,,,irbank_bs=-308,https://irbank.net/E02324/results,,2026-10-09T22:21:14.745823+09:00
FY2012-06,6888,revenue,3033,JPY_million,10,OK|ROUNDING,kabutan_fy10,3033,"3,033",irbank_pl_consolidated,3030,30.3億,kabutan_fy10=3033|irbank_pl_consolidated=3030,https://kabutan.jp/stock/finance?code=6888,https://irbank.net/E02324/results,2026-10-09T22:21:14.745823+09:00
FY2012-06,6888,roa,,pct,0.01,SINGLE_SOURCE,irbank_pl_consolidated,0.72,0.72,,,,irbank_pl_consolidated=0.72,https://irbank.net/E02324/results,,2026-10-09T22:21:14.745823+09:00
FY2012-06,6888,roe,,pct,0.01,SINGLE_SOURCE,irbank_pl_consolidated,1.06,1.06,,,,irbank_pl_consolidated=1.06,https://irbank.net/E02324/results,,2026-10-09T22:21:14.745823+09:00
FY2012-06,6888,sga_ratio,,pct,0.01,SINGLE_SOURCE,irbank_pl_consolidated,32.16,32.16,,,,irbank_pl_consolidated=32.16,https://irbank.net/E02324/results,,2026-10-09T22:21:14.745823+09:00
FY2012-06,6888,shareholders_equity,,JPY_million,10,SINGLE_SOURCE,irbank_bs,1510,15.1億,,,,irbank_bs=1510,https://irbank.net/E02324/results,,2026-10-09T22:21:14.745823+09:00
FY2012-06,6888,total_assets,,JPY_million,10,SINGLE_SOURCE,irbank_bs,2220,22.2億,,,,irbank_bs=2220,https://irbank.net/E02324/results,,2026-10-09T22:21:14.745823+09:00
FY2013-06,6888,bps,,JPY,0.01,SINGLE_SOURCE,irbank_bs,146.05,146.05,,,,irbank_bs=146.05,https://irbank.net/E02324/results,,2026-10-09T22:21:14.745823+09:00
FY2013-06,6888,capex,,JPY_million,1,SINGLE_SOURCE,irbank_cf,-16,-16百万,,,,irbank_cf=-16,https://irbank.net/E02324/results,,2026-10-09T22:21:14.745823+09:00
FY2013-06,6888,cash_equivalents,,JPY_million,1,SINGLE_SOURCE,irbank_cf,996,9.96億,,,,irbank_cf=996,https://irbank.net/E02324/results,,2026-10-09T22:21:14.745823+09:00
FY2013-06,6888,cost_ratio,,pct,0.01,SINGLE_SOURCE,irbank_pl_consolidated,72.53,72.53,,,,irbank_pl_consolidated=72.53,https://irbank.net/E02324/results,,2026-10-09T22:21:14.745823+09:00
FY2013-06,6888,eps,,JPY,0.01,SINGLE_SOURCE,irbank_pl_consolidated,-1.17,-1.17,,,,irbank_pl_consolidated=-1.17,https://irbank.net/E02324/results,,2026-10-09T22:21:14.745823+09:00
FY2013-06,6888,equity_ratio,,pct,0.1,SINGLE_SOURCE,irbank_bs,64.4,64.4,,,,irbank_bs=64.4,https://irbank.net/E02324/results,,2026-10-09T22:21:14.745823+09:00
FY2013-06,6888,financing_cf,,JPY_million,1,SINGLE_SOURCE,irbank_cf,-56,-56百万,,,,irbank_cf=-56,https://irbank.net/E02324/results,,2026-10-09T22:21:14.745823+09:00
FY2013-06,6888,free_cf,,JPY_million,1,SINGLE_SOURCE,irbank_cf,19,19百万,,,,irbank_cf=19,https://irbank.net/E02324/results,,2026-10-09T22:21:14.745823+09:00
FY2013-06,6888,interest_bearing_debt,,JPY_million,1,SINGLE_SOURCE,irbank_bs,199,1.99億,,,,irbank_bs=199,https://irbank.net/E02324/results,,2026-10-09T22:21:14.745823+09:00
FY2013-06,6888,interest_bearing_debt_ratio,,x,0.0001,SINGLE_SOURCE|UNIT_CONVERTED,irbank_bs,0.1332,13.32,,,,irbank_bs=0.1332,https://irbank.net/E02324/results,,2026-10-09T22:21:14.745823+09:00
FY2013-06,6888,investing_cf,,JPY_million,1,SINGLE_SOURCE,irbank_cf,-83,-83百万,,,,irbank_cf=-83,https://irbank.net/E02324/results,,2026-10-09T22:21:14.745823+09:00
FY2013-06,6888,net_assets,,JPY_million,10,SINGLE_SOURCE,irbank_bs,1490,14.9億,,,,irbank_bs=1490,https://irbank.net/E02324/results,,2026-10-09T22:21:14.745823+09:00
FY2013-06,6888,net_income,,JPY_million,1,SINGLE_SOURCE,irbank_pl_consolidated,-12,-12百万,,,,irbank_pl_consolidated=-12,https://irbank.net/E02324/results,,2026-10-09T22:21:14.745823+09:00
FY2013-06,6888,operating_cf,,JPY_million,1,SINGLE_SOURCE,irbank_cf,102,102百万,,,,irbank_cf=102,https://irbank.net/E02324/results,,2026-10-09T22:21:14.745823+09:00
FY2013-06,6888,operating_income,,JPY_million,1,SINGLE_SOURCE,irbank_pl_consolidated,-18,-18百万,,,,irbank_pl_consolidated=-18,https://irbank.net/E02324/results,,2026-10-09T22:21:14.745823+09:00
FY2013-06,6888,operating_margin,,pct,0.01,SINGLE_SOURCE,irbank_pl_consolidated,-0.68,-0.68,,,,irbank_pl_consolidated=-0.68,https://irbank.net/E02324/results,,2026-10-09T22:21:14.745823+09:00
FY2013-06,6888,ordinary_income,,JPY_million,1,SINGLE_SOURCE,irbank_pl_consolidated,-24,-24百万,,,,irbank_pl_consolidated=-24,https://irbank.net/E02324/results,,2026-10-09T22:21:14.745823+09:00
FY2013-06,6888,retained_earnings,,JPY_million,10,SINGLE_SOURCE,irbank_bs,-330,-3.3億,,,,irbank_bs=-330,https://irbank.net/E02324/results,,2026-10-09T22:21:14.745823+09:00
FY2013-06,6888,revenue,2657,JPY_million,10,OK|ROUNDING,kabutan_fy10,2657,"2,657",irbank_pl_consolidated,2660,26.6億,kabutan_fy10=2657|irbank_pl_consolidated=2660,https://kabutan.jp/stock/finance?code=6888,https://irbank.net/E02324/results,2026-10-09T22:21:14.745823+09:00
FY2013-06,6888,sga_ratio,,pct,0.01,SINGLE_SOURCE,irbank_pl_consolidated,28.15,28.15,,,,irbank_pl_consolidated=28.15,https://irbank.net/E02324/results,,2026-10-09T22:21:14.745823+09:00
FY2013-06,6888,shareholders_equity,,JPY_million,10,SINGLE_SOURCE,irbank_bs,1490,14.9億,,,,irbank_bs=1490,https://irbank.net/E02324/results,,2026-10-09T22:21:14.745823+09:00
FY2013-06,6888,total_assets,,JPY_million,10,SINGLE_SOURCE,irbank_bs,2320,23.2億,,,,irbank_bs=2320,https://irbank.net/E02324/results,,2026-10-09T22:21:14.745823+09:00
FY2014-06,6888,bps,,JPY,0.01,SINGLE_SOURCE,irbank_bs,152.08,152.08,,,,irbank_bs=152.08,https://irbank.net/E02324/results,,2026-10-09T22:21:14.745823+09:00
FY2014-06,6888,capex,,JPY_million,1,SINGLE_SOURCE,irbank_cf,-104,-104百万,,,,irbank_cf=-104,https://irbank.net/E02324/results,,2026-10-09T22:21:14.745823+09:00
FY2014-06,6888,cash_equivalents,,JPY_million,10,SINGLE_SOURCE,irbank_cf,1080,10.8億,,,,irbank_cf=1080,https://irbank.net/E02324/results,,2026-10-09T22:21:14.745823+09:00
FY2014-06,6888,cost_ratio,,pct,0.01,SINGLE_SOURCE,irbank_pl_consolidated,73.09,73.09,,,,irbank_pl_consolidated=73.09,https://irbank.net/E02324/results,,2026-10-09T22:21:14.745823+09:00
FY2014-06,6888,eps,,JPY,0.01,SINGLE_SOURCE,irbank_pl_consolidated,-0.93,-0.93,,,,irbank_pl_consolidated=-0.93,https://irbank.net/E02324/results,,2026-10-09T22:21:14.745823+09:00
FY2014-06,6888,equity_ratio,,pct,0.1,SINGLE_SOURCE,irbank_bs,58.9,58.9,,,,irbank_bs=58.9,https://irbank.net/E02324/results,,2026-10-09T22:21:14.745823+09:00
FY2014-06,6888,financing_cf,,JPY_million,1,SINGLE_SOURCE,irbank_cf,-5,-5百万,,,,irbank_cf=-5,https://irbank.net/E02324/results,,2026-10-09T22:21:14.745823+09:00
FY2014-06,6888,free_cf,,JPY_million,1,SINGLE_SOURCE,irbank_cf,87,87百万,,,,irbank_cf=87,https://irbank.net/E02324/results,,2026-10-09T22:21:14.745823+09:00
FY2014-06,6888,interest_bearing_debt,,JPY_million,1,SINGLE_SOURCE,irbank_bs,211,2.11億,,,,irbank_bs=211,https://irbank.net/E02324/results,,2026-10-09T22:21:14.745823+09:00
FY2014-06,6888,interest_bearing_debt_ratio,,x,0.0001,SINGLE_SOURCE|UNIT_CONVERTED,irbank_bs,0.1431,14.31,,,,irbank_bs=0.1431,https://irbank.net/E02324/results,,2026-10-09T22:21:14.745823+09:00
FY2014-06,6888,investing_cf,,JPY_million,1,SINGLE_SOURCE,irbank_cf,-63,-63百万,,,,irbank_cf=-63,https://irbank.net/E02324/results,,2026-10-09T22:21:14.745823+09:00
FY2014-06,6888,net_assets,,JPY_million,10,SINGLE_SOURCE,irbank_bs,1510,15.1億,,,,irbank_bs=1510,https://irbank.net/E02324/results,,2026-10-09T22:21:14.745823+09:00
FY2014-06,6888,net_income,,JPY_million,1,SINGLE_SOURCE,irbank_pl_consolidated,-9,-9百万,,,,irbank_pl_consolidated=-9,https://irbank.net/E02324/results,,2026-10-09T22:21:14.745823+09:00
FY2014-06,6888,operating_cf,,JPY_million,1,SINGLE_SOURCE,irbank_cf,150,150百万,,,,irbank_cf=150,https://irbank.net/E02324/results,,2026-10-09T22:21:14.745823+09:00
FY2014-06,6888,operating_income,,JPY_million,1,SINGLE_SOURCE,irbank_pl_consolidated,20,20百万,,,,irbank_pl_consolidated=20,https://irbank.net/E02324/results,,2026-10-09T22:21:14.745823+09:00
FY2014-06,6888,operating_margin,,pct,0.01,SINGLE_SOURCE,irbank_pl_consolidated,0.57,0.57,,,,irbank_pl_consolidated=0.57,https://irbank.net/E02324/results,,2026-10-09T22:21:14.745823+09:00
FY2014-06,6888,ordinary_income,,JPY_million,1,SINGLE_SOURCE,irbank_pl_consolidated,23,23百万,,,,irbank_pl_consolidated=23,https://irbank.net/E02324/results,,2026-10-09T22:21:14.745823+09:00
FY2014-06,6888,retained_earnings,,JPY_million,1,SINGLE_SOURCE,irbank_bs,-349,-3.49億,,,,irbank_bs=-349,https://irbank.net/E02324/results,,2026-10-09T22:21:14.745823+09:00
FY2014-06,6888,revenue,3578,JPY_million,10,OK|ROUNDING,kabutan_fy10,3578,"3,578",irbank_pl_consolidated,3580,35.8億,kabutan_fy10=3578|irbank_pl_consolidated=3580,https://kabutan.jp/stock/finance?code=6888,https://irbank.net/E02324/results,2026-10-09T22:21:14.745823+09:00
FY2014-06,6888,sga_ratio,,pct,0.01,SINGLE_SOURCE,irbank_pl_consolidated,26.35,26.35,,,,irbank_pl_consolidated=26.35,https://irbank.net/E02324/results,,2026-10-09T22:21:14.745823+09:00
FY2014-06,6888,shareholders_equity,,JPY_million,10,SINGLE_SOURCE,irbank_bs,1470,14.7億,,,,irbank_bs=1470,https://irbank.net/E02324/results,,2026-10-09T22:21:14.745823+09:00
FY2014-06,6888,total_assets,,JPY_million,100,SINGLE_SOURCE,irbank_bs,2500,25億,,,,irbank_bs=2500,https://irbank.net/E02324/results,,2026-10-09T22:21:14.745823+09:00
FY2015-06,6888,bps,,JPY,0.01,SINGLE_SOURCE,irbank_bs,120.53,120.53,,,,irbank_bs=120.53,https://irbank.net/E02324/results,,2026-10-09T22:21:14.745823+09:00
FY2015-06,6888,capex,,JPY_million,1,SINGLE_SOURCE,irbank_cf,-87,-87百万,,,,irbank_cf=-87,https://irbank.net/E02324/results,,2026-10-09T22:21:14.745823+09:00
FY2015-06,6888,cash_equivalents,,JPY_million,10,SINGLE_SOURCE,irbank_cf,1480,14.8億,,,,irbank_cf=1480,https://irbank.net/E02324/results,,2026-10-09T22:21:14.745823+09:00
FY2015-06,6888,cost_ratio,,pct,0.01,SINGLE_SOURCE,irbank_pl_consolidated,77.13,77.13,,,,irbank_pl_consolidated=77.13,https://irbank.net/E02324/results,,2026-10-09T22:21:14.745823+09:00
FY2015-06,6888,eps,,JPY,0.01,SINGLE_SOURCE,irbank_pl_consolidated,-30.72,-30.72,,,,irbank_pl_consolidated=-30.72,https://irbank.net/E02324/results,,2026-10-09T22:21:14.745823+09:00
FY2015-06,6888,equity_ratio,,pct,0.1,SINGLE_SOURCE,irbank_bs,44.2,44.2,,,,irbank_bs=44.2,https://irbank.net/E02324/results,,2026-10-09T22:21:14.745823+09:00
FY2015-06,6888,financing_cf,,JPY_million,1,SINGLE_SOURCE,irbank_cf,256,256百万,,,,irbank_cf=256,https://irbank.net/E02324/results,,2026-10-09T22:21:14.745823+09:00
FY2015-06,6888,free_cf,,JPY_million,1,SINGLE_SOURCE,irbank_cf,143,143百万,,,,irbank_cf=143,https://irbank.net/E02324/results,,2026-10-09T22:21:14.745823+09:00
FY2015-06,6888,interest_bearing_debt,,JPY_million,1,SINGLE_SOURCE,irbank_bs,486,4.86億,,,,irbank_bs=486,https://irbank.net/E02324/results,,2026-10-09T22:21:14.745823+09:00
FY2015-06,6888,interest_bearing_debt_ratio,,x,0.0001,SINGLE_SOURCE|UNIT_CONVERTED,irbank_bs,0.4158,41.58,,,,irbank_bs=0.4158,https://irbank.net/E02324/results,,2026-10-09T22:21:14.745823+09:00
FY2015-06,6888,investing_cf,,JPY_million,1,SINGLE_SOURCE,irbank_cf,4,4百万,,,,irbank_cf=4,https://irbank.net/E02324/results,,2026-10-09T22:21:14.745823+09:00
FY2015-06,6888,net_assets,,JPY_million,10,SINGLE_SOURCE,irbank_bs,1210,12.1億,,,,irbank_bs=1210,https://irbank.net/E02324/results,,2026-10-09T22:21:14.745823+09:00
FY2015-06,6888,net_income,,JPY_million,1,SINGLE_SOURCE,irbank_pl_consolidated,-298,-298百万,,,,irbank_pl_consolidated=-298,https://irbank.net/E02324/results,,2026-10-09T22:21:14.745823+09:00
FY2015-06,6888,operating_cf,,JPY_million,1,SINGLE_SOURCE,irbank_cf,139,139百万,,,,irbank_cf=139,https://irbank.net/E02324/results,,2026-10-09T22:21:14.745823+09:00
FY2015-06,6888,operating_income,,JPY_million,1,SINGLE_SOURCE,irbank_pl_consolidated,-131,-131百万,,,,irbank_pl_consolidated=-131,https://irbank.net/E02324/results,,2026-10-09T22:21:14.745823+09:00
FY2015-06,6888,operating_margin,,pct,0.01,SINGLE_SOURCE,irbank_pl_consolidated,-3.28,-3.28,,,,irbank_pl_consolidated=-3.28,https://irbank.net/E02324/results,,2026-10-09T22:21:14.745823+09:00
FY2015-06,6888,ordinary_income,,JPY_million,1,SINGLE_SOURCE,irbank_pl_consolidated,-128,-128百万,,,,irbank_pl_consolidated=-128,https://irbank.net/E02324/results,,2026-10-09T22:21:14.745823+09:00
FY2015-06,6888,retained_earnings,,JPY_million,1,SINGLE_SOURCE,irbank_bs,-658,-6.58億,,,,irbank_bs=-658,https://irbank.net/E02324/results,,2026-10-09T22:21:14.745823+09:00
FY2015-06,6888,revenue,4003,JPY_million,100,OK|ROUNDING,kabutan_fy10,4003,"4,003",irbank_pl_consolidated,4000,40億,kabutan_fy10=4003|irbank_pl_consolidated=4000,https://kabutan.jp/stock/finance?code=6888,https://irbank.net/E02324/results,2026-10-09T22:21:14.745823+09:00
FY2015-06,6888,sga_ratio,,pct,0.01,SINGLE_SOURCE,irbank_pl_consolidated,26.15,26.15,,,,irbank_pl_consolidated=26.15,https://irbank.net/E02324/results,,2026-10-09T22:21:14.745823+09:00
FY2015-06,6888,shareholders_equity,,JPY_million,10,SINGLE_SOURCE,irbank_bs,1160,11.6億,,,,irbank_bs=1160,https://irbank.net/E02324/results,,2026-10-09T22:21:14.745823+09:00
FY2015-06,6888,total_assets,,JPY_million,10,SINGLE_SOURCE,irbank_bs,2650,26.5億,,,,irbank_bs=2650,https://irbank.net/E02324/results,,2026-10-09T22:21:14.745823+09:00
FY2016-06,6888,bps,,JPY,0.01,SINGLE_SOURCE,irbank_bs,130.19,130.19,,,,irbank_bs=130.19,https://irbank.net/E02324/results,,2026-10-09T22:21:14.745823+09:00
FY2016-06,6888,capex,,JPY_million,1,SINGLE_SOURCE,irbank_cf,-79,-79百万,,,,irbank_cf=-79,https://irbank.net/E02324/results,,2026-10-09T22:21:14.745823+09:00
FY2016-06,6888,cash_equivalents,,JPY_million,100,SINGLE_SOURCE,irbank_cf,1200,12億,,,,irbank_cf=1200,https://irbank.net/E02324/results,,2026-10-09T22:21:14.745823+09:00
FY2016-06,6888,cost_ratio,,pct,0.01,SINGLE_SOURCE,irbank_pl_consolidated,71.07,71.07,,,,irbank_pl_consolidated=71.07,https://irbank.net/E02324/results,,2026-10-09T22:21:14.745823+09:00
FY2016-06,6888,eps,,JPY,0.01,SINGLE_SOURCE,irbank_pl_consolidated,11.65,11.65,,,,irbank_pl_consolidated=11.65,https://irbank.net/E02324/results,,2026-10-09T22:21:14.745823+09:00
FY2016-06,6888,equity_ratio,,pct,0.1,SINGLE_SOURCE,irbank_bs,55.8,55.8,,,,irbank_bs=55.8,https://irbank.net/E02324/results,,2026-10-09T22:21:14.745823+09:00
FY2016-06,6888,financing_cf,,JPY_million,1,SINGLE_SOURCE,irbank_cf,-153,-153百万,,,,irbank_cf=-153,https://irbank.net/E02324/results,,2026-10-09T22:21:14.745823+09:00
FY2016-06,6888,free_cf,,JPY_million,1,SINGLE_SOURCE,irbank_cf,-55,-55百万,,,,irbank_cf=-55,https://irbank.net/E02324/results,,2026-10-09T22:21:14.745823+09:00
FY2016-06,6888,interest_bearing_debt,,JPY_million,1,SINGLE_SOURCE,irbank_bs,338,3.38億,,,,irbank_bs=338,https://irbank.net/E02324/results,,2026-10-09T22:21:14.745823+09:00
FY2016-06,6888,interest_bearing_debt_ratio,,x,0.0001,SINGLE_SOURCE|UNIT_CONVERTED,irbank_bs,0.2675,26.75,,,,irbank_bs=0.2675,https://irbank.net/E02324/results,,2026-10-09T22:21:14.745823+09:00
FY2016-06,6888,investing_cf,,JPY_million,1,SINGLE_SOURCE,irbank_cf,-53,-53百万,,,,irbank_cf=-53,https://irbank.net/E02324/results,,2026-10-09T22:21:14.745823+09:00
FY2016-06,6888,net_assets,,JPY_million,100,SINGLE_SOURCE,irbank_bs,1300,13億,,,,irbank_bs=1300,https://irbank.net/E02324/results,,2026-10-09T22:21:14.745823+09:00
FY2016-06,6888,net_income,,JPY_million,1,SINGLE_SOURCE,irbank_pl_consolidated,113,113百万,,,,irbank_pl_consolidated=113,https://irbank.net/E02324/results,,2026-10-09T22:21:14.745823+09:00
FY2016-06,6888,operating_cf,,JPY_million,1,SINGLE_SOURCE,irbank_cf,-2,-2百万,,,,irbank_cf=-2,https://irbank.net/E02324/results,,2026-10-09T22:21:14.745823+09:00
FY2016-06,6888,operating_income,,JPY_million,1,SINGLE_SOURCE,irbank_pl_consolidated,112,112百万,,,,irbank_pl_consolidated=112,https://irbank.net/E02324/results,,2026-10-09T22:21:14.745823+09:00
FY2016-06,6888,operating_margin,,pct,0.01,SINGLE_SOURCE,irbank_pl_consolidated,2.87,2.87,,,,irbank_pl_consolidated=2.87,https://irbank.net/E02324/results,,2026-10-09T22:21:14.745823+09:00
FY2016-06,6888,ordinary_income,,JPY_million,1,SINGLE_SOURCE,irbank_pl_consolidated,121,121百万,,,,irbank_pl_consolidated=121,https://irbank.net/E02324/results,,2026-10-09T22:21:14.745823+09:00
FY2016-06,6888,retained_earnings,,JPY_million,1,SINGLE_SOURCE,irbank_bs,-553,-5.53億,,,,irbank_bs=-553,https://irbank.net/E02324/results,,2026-10-09T22:21:14.745823+09:00
FY2016-06,6888,revenue,3898,JPY_million,100,OK|ROUNDING,kabutan_fy10,3898,"3,898",irbank_pl_consolidated,3900,39億,kabutan_fy10=3898|irbank_pl_consolidated=3900,https://kabutan.jp/stock/finance?code=6888,https://irbank.net/E02324/results,2026-10-09T22:21:14.745823+09:00
FY2016-06,6888,roa,,pct,0.01,SINGLE_SOURCE,irbank_pl_consolidated,4.99,4.99,,,,irbank_pl_consolidated=4.99,https://irbank.net/E02324/results,,2026-10-09T22:21:14.745823+09:00
FY2016-06,6888,roe,,pct,0.01,SINGLE_SOURCE,irbank_pl_consolidated,8.95,8.95,,,,irbank_pl_consolidated=8.95,https://irbank.net/E02324/results,,2026-10-09T22:21:14.745823+09:00
FY2016-06,6888,sga_ratio,,pct,0.01,SINGLE_SOURCE,irbank_pl_consolidated,26.07,26.07,,,,irbank_pl_consolidated=26.07,https://irbank.net/E02324/results,,2026-10-09T22:21:14.745823+09:00
FY2016-06,6888,shareholders_equity,,JPY_million,10,SINGLE_SOURCE,irbank_bs,1260,12.6億,,,,irbank_bs=1260,https://irbank.net/E02324/results,,2026-10-09T22:21:14.745823+09:00
FY2016-06,6888,total_assets,,JPY_million,10,SINGLE_SOURCE,irbank_bs,2260,22.6億,,,,irbank_bs=2260,https://irbank.net/E02324/results,,2026-10-09T22:21:14.745823+09:00
FY2017-06,6888,bps,,JPY,0.01,SINGLE_SOURCE,irbank_bs,145.83,145.83,,,,irbank_bs=145.83,https://irbank.net/E02324/results,,2026-10-09T22:21:14.745823+09:00
FY2017-06,6888,capex,,JPY_million,1,SINGLE_SOURCE,irbank_cf,-47,-47百万,,,,irbank_cf=-47,https://irbank.net/E02324/results,,2026-10-09T22:21:14.745823+09:00
FY2017-06,6888,cash_equivalents,,JPY_million,10,SINGLE_SOURCE,irbank_cf,1380,13.8億,,,,irbank_cf=1380,https://irbank.net/E02324/results,,2026-10-09T22:21:14.745823+09:00
FY2017-06,6888,cost_ratio,,pct,0.01,SINGLE_SOURCE,irbank_pl_consolidated,70.51,70.51,,,,irbank_pl_consolidated=70.51,https://irbank.net/E02324/results,,2026-10-09T22:21:14.745823+09:00
FY2017-06,6888,eps,,JPY,0.01,SINGLE_SOURCE,irbank_pl_consolidated,14.74,14.74,,,,irbank_pl_consolidated=14.74,https://irbank.net/E02324/results,,2026-10-09T22:21:14.745823+09:00
FY2017-06,6888,equity_ratio,,pct,0.1,SINGLE_SOURCE,irbank_bs,55.5,55.5,,,,irbank_bs=55.5,https://irbank.net/E02324/results,,2026-10-09T22:21:14.745823+09:00
FY2017-06,6888,financing_cf,,JPY_million,1,SINGLE_SOURCE,irbank_cf,45,45百万,,,,irbank_cf=45,https://irbank.net/E02324/results,,2026-10-09T22:21:14.745823+09:00
FY2017-06,6888,free_cf,,JPY_million,1,SINGLE_SOURCE,irbank_cf,130,130百万,,,,irbank_cf=130,https://irbank.net/E02324/results,,2026-10-09T22:21:14.745823+09:00
FY2017-06,6888,interest_bearing_debt,,JPY_million,1,SINGLE_SOURCE,irbank_bs,384,3.84億,,,,irbank_bs=384,https://irbank.net/E02324/results,,2026-10-09T22:21:14.745823+09:00
FY2017-06,6888,interest_bearing_debt_ratio,,x,0.0001,SINGLE_SOURCE|UNIT_CONVERTED,irbank_bs,0.2714,27.14,,,,irbank_bs=0.2714,https://irbank.net/E02324/results,,2026-10-09T22:21:14.745823+09:00
FY2017-06,6888,investing_cf,,JPY_million,1,SINGLE_SOURCE,irbank_cf,-41,-41百万,,,,irbank_cf=-41,https://irbank.net/E02324/results,,2026-10-09T22:21:14.745823+09:00
FY2017-06,6888,net_assets,,JPY_million,10,SINGLE_SOURCE,irbank_bs,1460,14.6億,,,,irbank_bs=1460,https://irbank.net/E02324/results,,2026-10-09T22:21:14.745823+09:00
FY2017-06,6888,net_income,,JPY_million,1,SINGLE_SOURCE,irbank_pl_consolidated,143,143百万,,,,irbank_pl_consolidated=143,https://irbank.net/E02324/results,,2026-10-09T22:21:14.745823+09:00
FY2017-06,6888,operating_cf,,JPY_million,1,SINGLE_SOURCE,irbank_cf,171,171百万,,,,irbank_cf=171,https://irbank.net/E02324/results,,2026-10-09T22:21:14.745823+09:00
FY2017-06,6888,operating_income,,JPY_million,1,SINGLE_SOURCE,irbank_pl_consolidated,147,147百万,,,,irbank_pl_consolidated=147,https://irbank.net/E02324/results,,2026-10-09T22:21:14.745823+09:00
FY2017-06,6888,operating_margin,,pct,0.01,SINGLE_SOURCE,irbank_pl_consolidated,3.61,3.61,,,,irbank_pl_consolidated=3.61,https://irbank.net/E02324/results,,2026-10-09T22:21:14.745823+09:00
FY2017-06,6888,ordinary_income,,JPY_million,1,SINGLE_SOURCE,irbank_pl_consolidated,158,158百万,,,,irbank_pl_consolidated=158,https://irbank.net/E02324/results,,2026-10-09T22:21:14.745823+09:00
FY2017-06,6888,retained_earnings,,JPY_million,10,SINGLE_SOURCE,irbank_bs,-410,-4.1億,,,,irbank_bs=-410,https://irbank.net/E02324/results,,2026-10-09T22:21:14.745823+09:00
FY2017-06,6888,revenue,4062,JPY_million,10,OK|ROUNDING,kabutan_fy10,4062,"4,062",irbank_pl_consolidated,4060,40.6億,kabutan_fy10=4062|irbank_pl_consolidated=4060,https://kabutan.jp/stock/finance?code=6888,https://irbank.net/E02324/results,2026-10-09T22:21:14.745823+09:00
FY2017-06,6888,roa,,pct,0.01,SINGLE_SOURCE,irbank_pl_consolidated,5.61,5.61,,,,irbank_pl_consolidated=5.61,https://irbank.net/E02324/results,,2026-10-09T22:21:14.745823+09:00
FY2017-06,6888,roe,,pct,0.01,SINGLE_SOURCE,irbank_pl_consolidated,10.11,10.11,,,,irbank_pl_consolidated=10.11,https://irbank.net/E02324/results,,2026-10-09T22:21:14.745823+09:00
FY2017-06,6888,sga_ratio,,pct,0.01,SINGLE_SOURCE,irbank_pl_consolidated,25.89,25.89,,,,irbank_pl_consolidated=25.89,https://irbank.net/E02324/results,,2026-10-09T22:21:14.745823+09:00
FY2017-06,6888,shareholders_equity,,JPY_million,10,SINGLE_SOURCE,irbank_bs,1410,14.1億,,,,irbank_bs=1410,https://irbank.net/E02324/results,,2026-10-09T22:21:14.745823+09:00
FY2017-06,6888,total_assets,,JPY_million,10,SINGLE_SOURCE,irbank_bs,2550,25.5億,,,,irbank_bs=2550,https://irbank.net/E02324/results,,2026-10-09T22:21:14.745823+09:00
FY2018-06,6888,bps,,JPY,0.01,SINGLE_SOURCE,irbank_bs,161.34,161.34,,,,irbank_bs=161.34,https://irbank.net/E02324/results,,2026-10-09T22:21:14.745823+09:00
FY2018-06,6888,capex,,JPY_million,1,SINGLE_SOURCE,irbank_cf,-19,-19百万,,,,irbank_cf=-19,https://irbank.net/E02324/results,,2026-10-09T22:21:14.745823+09:00
FY2018-06,6888,cash_equivalents,,JPY_million,10,SINGLE_SOURCE,irbank_cf,1570,15.7億,,,,irbank_cf=1570,https://irbank.net/E02324/results,,2026-10-09T22:21:14.745823+09:00
FY2018-06,6888,cost_ratio,,pct,0.01,SINGLE_SOURCE,irbank_pl_consolidated,69.67,69.67,,,,irbank_pl_consolidated=69.67,https://irbank.net/E02324/results,,2026-10-09T22:21:14.745823+09:00
FY2018-06,6888,eps,,JPY,0.01,SINGLE_SOURCE,irbank_pl_consolidated,17.22,17.22,,,,irbank_pl_consolidated=17.22,https://irbank.net/E02324/results,,2026-10-09T22:21:14.745823+09:00
FY2018-06,6888,equity_ratio,,pct,0.1,SINGLE_SOURCE,irbank_bs,57.4,57.4,,,,irbank_bs=57.4,https://irbank.net/E02324/results,,2026-10-09T22:21:14.745823+09:00
FY2018-06,6888,financing_cf,,JPY_million,1,SINGLE_SOURCE,irbank_cf,-79,-79百万,,,,irbank_cf=-79,https://irbank.net/E02324/results,,2026-10-09T22:21:14.745823+09:00
FY2018-06,6888,free_cf,,JPY_million,1,SINGLE_SOURCE,irbank_cf,272,272百万,,,,irbank_cf=272,https://irbank.net/E02324/results,,2026-10-09T22:21:14.745823+09:00
FY2018-06,6888,interest_bearing_debt,,JPY_million,1,SINGLE_SOURCE,irbank_bs,324,3.24億,,,,irbank_bs=324,https://irbank.net/E02324/results,,2026-10-09T22:21:14.745823+09:00
FY2018-06,6888,interest_bearing_debt_ratio,,x,0.001,SINGLE_SOURCE|UNIT_CONVERTED,irbank_bs,0.207,20.7,,,,irbank_bs=0.207,https://irbank.net/E02324/results,,2026-10-09T22:21:14.745823+09:00
FY2018-06,6888,investing_cf,,JPY_million,1,SINGLE_SOURCE,irbank_cf,-18,-18百万,,,,irbank_cf=-18,https://irbank.net/E02324/results,,2026-10-09T22:21:14.745823+09:00
FY2018-06,6888,net_assets,,JPY_million,10,SINGLE_SOURCE,irbank_bs,1610,16.1億,,,,irbank_bs=1610,https://irbank.net/E02324/results,,2026-10-09T22:21:14.745823+09:00
FY2018-06,6888,net_income,,JPY_million,1,SINGLE_SOURCE,irbank_pl_consolidated,167,167百万,,,,irbank_pl_consolidated=167,https://irbank.net/E02324/results,,2026-10-09T22:21:14.745823+09:00
FY2018-06,6888,operating_cf,,JPY_million,1,SINGLE_SOURCE,irbank_cf,290,290百万,,,,irbank_cf=290,https://irbank.net/E02324/results,,2026-10-09T22:21:14.745823+09:00
FY2018-06,6888,operating_income,,JPY_million,1,SINGLE_SOURCE,irbank_pl_consolidated,213,213百万,,,,irbank_pl_consolidated=213,https://irbank.net/E02324/results,,2026-10-09T22:21:14.745823+09:00
FY2018-06,6888,operating_margin,,pct,0.01,SINGLE_SOURCE,irbank_pl_consolidated,5.07,5.07,,,,irbank_pl_consolidated=5.07,https://irbank.net/E02324/results,,2026-10-09T22:21:14.745823+09:00
FY2018-06,6888,ordinary_income,,JPY_million,1,SINGLE_SOURCE,irbank_pl_consolidated,218,218百万,,,,irbank_pl_consolidated=218,https://irbank.net/E02324/results,,2026-10-09T22:21:14.745823+09:00
FY2018-06,6888,retained_earnings,,JPY_million,1,SINGLE_SOURCE,irbank_bs,-262,-2.62億,,,,irbank_bs=-262,https://irbank.net/E02324/results,,2026-10-09T22:21:14.745823+09:00
FY2018-06,6888,revenue,4200,JPY_million,100,OK,kabutan_fy10,4200,"4,200",irbank_pl_consolidated,4200,42億,kabutan_fy10=4200|irbank_pl_consolidated=4200,https://kabutan.jp/stock/finance?code=6888,https://irbank.net/E02324/results,2026-10-09T22:21:14.745823+09:00
FY2018-06,6888,roa,,pct,0.01,SINGLE_SOURCE,irbank_pl_consolidated,6.13,6.13,,,,irbank_pl_consolidated=6.13,https://irbank.net/E02324/results,,2026-10-09T22:21:14.745823+09:00
FY2018-06,6888,roe,,pct,0.01,SINGLE_SOURCE,irbank_pl_consolidated,10.67,10.67,,,,irbank_pl_consolidated=10.67,https://irbank.net/E02324/results,,2026-10-09T22:21:14.745823+09:00
FY2018-06,6888,sga_ratio,,pct,0.01,SINGLE_SOURCE,irbank_pl_consolidated,25.28,25.28,,,,irbank_pl_consolidated=25.28,https://irbank.net/E02324/results,,2026-10-09T22:21:14.745823+09:00
FY2018-06,6888,shareholders_equity,,JPY_million,10,SINGLE_SOURCE,irbank_bs,1550,15.5億,,,,irbank_bs=1550,https://irbank.net/E02324/results,,2026-10-09T22:21:14.745823+09:00
FY2018-06,6888,total_assets,,JPY_million,10,SINGLE_SOURCE,irbank_bs,2720,27.2億,,,,irbank_bs=2720,https://irbank.net/E02324/results,,2026-10-09T22:21:14.745823+09:00
FY2019-06,6888,bps,,JPY,0.1,SINGLE_SOURCE,irbank_bs,184.2,184.2,,,,irbank_bs=184.2,https://irbank.net/E02324/results,,2026-10-09T22:21:14.745823+09:00
FY2019-06,6888,capex,,JPY_million,1,SINGLE_SOURCE,irbank_cf,-51,-51百万,,,,irbank_cf=-51,https://irbank.net/E02324/results,,2026-10-09T22:21:14.745823+09:00
FY2019-06,6888,cash_equivalents,,JPY_million,10,SINGLE_SOURCE,irbank_cf,1970,19.7億,,,,irbank_cf=1970,https://irbank.net/E02324/results,,2026-10-09T22:21:14.745823+09:00
FY2019-06,6888,cost_ratio,,pct,0.01,SINGLE_SOURCE,irbank_pl_consolidated,68.52,68.52,,,,irbank_pl_consolidated=68.52,https://irbank.net/E02324/results,,2026-10-09T22:21:14.745823+09:00
FY2019-06,6888,eps,,JPY,0.01,SINGLE_SOURCE,irbank_pl_consolidated,25.77,25.77,,,,irbank_pl_consolidated=25.77,https://irbank.net/E02324/results,,2026-10-09T22:21:14.745823+09:00
FY2019-06,6888,equity_ratio,,pct,0.1,SINGLE_SOURCE,irbank_bs,57.4,57.4,,,,irbank_bs=57.4,https://irbank.net/E02324/results,,2026-10-09T22:21:14.745823+09:00
FY2019-06,6888,financing_cf,,JPY_million,1,SINGLE_SOURCE,irbank_cf,-99,-99百万,,,,irbank_cf=-99,https://irbank.net/E02324/results,,2026-10-09T22:21:14.745823+09:00
FY2019-06,6888,free_cf,,JPY_million,1,SINGLE_SOURCE,irbank_cf,430,430百万,,,,irbank_cf=430,https://irbank.net/E02324/results,,2026-10-09T22:21:14.745823+09:00
FY2019-06,6888,interest_bearing_debt,,JPY_million,1,SINGLE_SOURCE,irbank_bs,254,2.54億,,,,irbank_bs=254,https://irbank.net/E02324/results,,2026-10-09T22:21:14.745823+09:00
FY2019-06,6888,interest_bearing_debt_ratio,,x,0.0001,SINGLE_SOURCE|UNIT_CONVERTED,irbank_bs,0.1421,14.21,,,,irbank_bs=0.1421,https://irbank.net/E02324/results,,2026-10-09T22:21:14.745823+09:00
FY2019-06,6888,investing_cf,,JPY_million,1,SINGLE_SOURCE,irbank_cf,-57,-57百万,,,,irbank_cf=-57,https://irbank.net/E02324/results,,2026-10-09T22:21:14.745823+09:00
FY2019-06,6888,net_assets,,JPY_million,10,SINGLE_SOURCE,irbank_bs,1840,18.4億,,,,irbank_bs=1840,https://irbank.net/E02324/results,,2026-10-09T22:21:14.745823+09:00
FY2019-06,6888,net_income,,JPY_million,1,SINGLE_SOURCE,irbank_pl_consolidated,250,250百万,,,,irbank_pl_consolidated=250,https://irbank.net/E02324/results,,2026-10-09T22:21:14.745823+09:00
FY2019-06,6888,operating_cf,,JPY_million,1,SINGLE_SOURCE,irbank_cf,487,487百万,,,,irbank_cf=487,https://irbank.net/E02324/results,,2026-10-09T22:21:14.745823+09:00
FY2019-06,6888,operating_income,,JPY_million,1,SINGLE_SOURCE,irbank_pl_consolidated,354,354百万,,,,irbank_pl_consolidated=354,https://irbank.net/E02324/results,,2026-10-09T22:21:14.745823+09:00
FY2019-06,6888,operating_margin,,pct,0.01,SINGLE_SOURCE,irbank_pl_consolidated,7.53,7.53,,,,irbank_pl_consolidated=7.53,https://irbank.net/E02324/results,,2026-10-09T22:21:14.745823+09:00
FY2019-06,6888,ordinary_income,,JPY_million,1,SINGLE_SOURCE,irbank_pl_consolidated,354,354百万,,,,irbank_pl_consolidated=354,https://irbank.net/E02324/results,,2026-10-09T22:21:14.745823+09:00
FY2019-06,6888,retained_earnings,,JPY_million,10,SINGLE_SOURCE,irbank_bs,-40,-0.4億,,,,irbank_bs=-40,https://irbank.net/E02324/results,,2026-10-09T22:21:14.745823+09:00
FY2019-06,6888,revenue,4698,JPY_million,100,OK|ROUNDING,kabutan_fy10,4698,"4,698",irbank_pl_consolidated,4700,47億,kabutan_fy10=4698|irbank_pl_consolidated=4700,https://kabutan.jp/stock/finance?code=6888,https://irbank.net/E02324/results,2026-10-09T22:21:14.745823+09:00
FY2019-06,6888,roa,,pct,0.01,SINGLE_SOURCE,irbank_pl_consolidated,8.03,8.03,,,,irbank_pl_consolidated=8.03,https://irbank.net/E02324/results,,2026-10-09T22:21:14.745823+09:00
FY2019-06,6888,roe,,pct,0.01,SINGLE_SOURCE,irbank_pl_consolidated,13.99,13.99,,,,irbank_pl_consolidated=13.99,https://irbank.net/E02324/results,,2026-10-09T22:21:14.745823+09:00
FY2019-06,6888,sga_ratio,,pct,0.01,SINGLE_SOURCE,irbank_pl_consolidated,23.96,23.96,,,,irbank_pl_consolidated=23.96,https://irbank.net/E02324/results,,2026-10-09T22:21:14.745823+09:00
FY2019-06,6888,shareholders_equity,,JPY_million,10,SINGLE_SOURCE,irbank_bs,1780,17.8億,,,,irbank_bs=1780,https://irbank.net/E02324/results,,2026-10-09T22:21:14.745823+09:00
FY2019-06,6888,total_assets,,JPY_million,10,SINGLE_SOURCE,irbank_bs,3120,31.2億,,,,irbank_bs=3120,https://irbank.net/E02324/results,,2026-10-09T22:21:14.745823+09:00
FY2020-06,6888,bps,,JPY,0.01,SINGLE_SOURCE,irbank_bs,213.77,213.77,,,,irbank_bs=213.77,https://irbank.net/E02324/results,,2026-10-09T22:21:14.745823+09:00
FY2020-06,6888,capex,,JPY_million,1,SINGLE_SOURCE,irbank_cf,-74,-74百万,,,,irbank_cf=-74,https://irbank.net/E02324/results,,2026-10-09T22:21:14.745823+09:00
FY2020-06,6888,cash_equivalents,,JPY_million,10,SINGLE_SOURCE,irbank_cf,2240,22.4億,,,,irbank_cf=2240,https://irbank.net/E02324/results,,2026-10-09T22:21:14.745823+09:00
FY2020-06,6888,cost_ratio,,pct,0.01,SINGLE_SOURCE,irbank_pl_consolidated,65.03,65.03,,,,irbank_pl_consolidated=65.03,https://irbank.net/E02324/results,,2026-10-09T22:21:14.745823+09:00
FY2020-06,6888,eps,,JPY,0.01,SINGLE_SOURCE,irbank_pl_consolidated,34.54,34.54,,,,irbank_pl_consolidated=34.54,https://irbank.net/E02324/results,,2026-10-09T22:21:14.745823+09:00
FY2020-06,6888,equity_ratio,,pct,0.1,SINGLE_SOURCE,irbank_bs,59.7,59.7,,,,irbank_bs=59.7,https://irbank.net/E02324/results,,2026-10-09T22:21:14.745823+09:00
FY2020-06,6888,financing_cf,,JPY_million,1,SINGLE_SOURCE,irbank_cf,-85,-85百万,,,,irbank_cf=-85,https://irbank.net/E02324/results,,2026-10-09T22:21:14.745823+09:00
FY2020-06,6888,free_cf,,JPY_million,1,SINGLE_SOURCE,irbank_cf,350,350百万,,,,irbank_cf=350,https://irbank.net/E02324/results,,2026-10-09T22:21:14.745823+09:00
FY2020-06,6888,interest_bearing_debt,,JPY_million,1,SINGLE_SOURCE,irbank_bs,218,2.18億,,,,irbank_bs=218,https://irbank.net/E02324/results,,2026-10-09T22:21:14.745823+09:00
FY2020-06,6888,interest_bearing_debt_ratio,,x,0.0001,SINGLE_SOURCE|UNIT_CONVERTED,irbank_bs,0.1054,10.54,,,,irbank_bs=0.1054,https://irbank.net/E02324/results,,2026-10-09T22:21:14.745823+09:00
FY2020-06,6888,investing_cf,,JPY_million,1,SINGLE_SOURCE,irbank_cf,-102,-102百万,,,,irbank_cf=-102,https://irbank.net/E02324/results,,2026-10-09T22:21:14.745823+09:00
FY2020-06,6888,net_assets,,JPY_million,10,SINGLE_SOURCE,irbank_bs,2130,21.3億,,,,irbank_bs=2130,https://irbank.net/E02324/results,,2026-10-09T22:21:14.745823+09:00
FY2020-06,6888,net_income,,JPY_million,1,SINGLE_SOURCE,irbank_pl_consolidated,335,335百万,,,,irbank_pl_consolidated=335,https://irbank.net/E02324/results,,2026-10-09T22:21:14.745823+09:00
FY2020-06,6888,operating_cf,,JPY_million,1,SINGLE_SOURCE,irbank_cf,452,452百万,,,,irbank_cf=452,https://irbank.net/E02324/results,,2026-10-09T22:21:14.745823+09:00
FY2020-06,6888,operating_income,,JPY_million,1,SINGLE_SOURCE,irbank_pl_consolidated,517,517百万,,,,irbank_pl_consolidated=517,https://irbank.net/E02324/results,,2026-10-09T22:21:14.745823+09:00
FY2020-06,6888,operating_margin,,pct,0.1,SINGLE_SOURCE,irbank_pl_consolidated,10.6,10.6,,,,irbank_pl_consolidated=10.6,https://irbank.net/E02324/results,,2026-10-09T22:21:14.745823+09:00
FY2020-06,6888,ordinary_income,,JPY_million,1,SINGLE_SOURCE,irbank_pl_consolidated,527,527百万,,,,irbank_pl_consolidated=527,https://irbank.net/E02324/results,,2026-10-09T22:21:14.745823+09:00
FY2020-06,6888,retained_earnings,,JPY_million,1,SINGLE_SOURCE,irbank_bs,251,2.51億,,,,irbank_bs=251,https://irbank.net/E02324/results,,2026-10-09T22:21:14.745823+09:00
FY2020-06,6888,revenue,4881,JPY_million,10,OK|ROUNDING,kabutan_fy10,4881,"4,881",irbank_pl_consolidated,4880,48.8億,kabutan_fy10=4881|irbank_pl_consolidated=4880,https://kabutan.jp/stock/finance?code=6888,https://irbank.net/E02324/results,2026-10-09T22:21:14.745823+09:00
FY2020-06,6888,roa,,pct,0.01,SINGLE_SOURCE,irbank_pl_consolidated,9.65,9.65,,,,irbank_pl_consolidated=9.65,https://irbank.net/E02324/results,,2026-10-09T22:21:14.745823+09:00
FY2020-06,6888,roe,,pct,0.01,SINGLE_SOURCE,irbank_pl_consolidated,16.16,16.16,,,,irbank_pl_consolidated=16.16,https://irbank.net/E02324/results,,2026-10-09T22:21:14.745823+09:00
FY2020-06,6888,sga_ratio,,pct,0.01,SINGLE_SOURCE,irbank_pl_consolidated,24.38,24.38,,,,irbank_pl_consolidated=24.38,https://irbank.net/E02324/results,,2026-10-09T22:21:14.745823+09:00
FY2020-06,6888,shareholders_equity,,JPY_million,10,SINGLE_SOURCE,irbank_bs,2070,20.7億,,,,irbank_bs=2070,https://irbank.net/E02324/results,,2026-10-09T22:21:14.745823+09:00
FY2020-06,6888,total_assets,,JPY_million,10,SINGLE_SOURCE,irbank_bs,3470,34.7億,,,,irbank_bs=3470,https://irbank.net/E02324/results,,2026-10-09T22:21:14.745823+09:00
FY2021-06,6888,bps,,JPY,0.01,SINGLE_SOURCE,irbank_bs,243.76,243.76,,,,irbank_bs=243.76,https://irbank.net/E02324/results,,2026-10-09T22:21:14.745823+09:00
FY2021-06,6888,capex,,JPY_million,1,SINGLE_SOURCE,irbank_cf,-26,-26百万,,,,irbank_cf=-26,https://irbank.net/E02324/results,,2026-10-09T22:21:14.745823+09:00
FY2021-06,6888,cash_equivalents,,JPY_million,100,SINGLE_SOURCE,irbank_cf,2300,23億,,,,irbank_cf=2300,https://irbank.net/E02324/results,,2026-10-09T22:21:14.745823+09:00
FY2021-06,6888,cost_ratio,,pct,0.01,SINGLE_SOURCE,irbank_pl_consolidated,63.34,63.34,,,,irbank_pl_consolidated=63.34,https://irbank.net/E02324/results,,2026-10-09T22:21:14.745823+09:00
FY2021-06,6888,eps,,JPY,0.01,SINGLE_SOURCE,irbank_pl_consolidated,36.79,36.79,,,,irbank_pl_consolidated=36.79,https://irbank.net/E02324/results,,2026-10-09T22:21:14.745823+09:00
FY2021-06,6888,equity_ratio,,pct,1,SINGLE_SOURCE,irbank_bs,68,68,,,,irbank_bs=68,https://irbank.net/E02324/results,,2026-10-09T22:21:14.745823+09:00
FY2021-06,6888,financing_cf,,JPY_million,1,SINGLE_SOURCE,irbank_cf,-203,-203百万,,,,irbank_cf=-203,https://irbank.net/E02324/results,,2026-10-09T22:21:14.745823+09:00
FY2021-06,6888,free_cf,,JPY_million,1,SINGLE_SOURCE,irbank_cf,264,264百万,,,,irbank_cf=264,https://irbank.net/E02324/results,,2026-10-09T22:21:14.745823+09:00
FY2021-06,6888,interest_bearing_debt,,JPY_million,1,SINGLE_SOURCE,irbank_bs,124,1.24億,,,,irbank_bs=124,https://irbank.net/E02324/results,,2026-10-09T22:21:14.745823+09:00
FY2021-06,6888,interest_bearing_debt_ratio,,x,0.001,SINGLE_SOURCE|UNIT_CONVERTED,irbank_bs,0.052,5.2,,,,irbank_bs=0.052,https://irbank.net/E02324/results,,2026-10-09T22:21:14.745823+09:00
FY2021-06,6888,investing_cf,,JPY_million,1,SINGLE_SOURCE,irbank_cf,-26,-26百万,,,,irbank_cf=-26,https://irbank.net/E02324/results,,2026-10-09T22:21:14.745823+09:00
FY2021-06,6888,net_assets,,JPY_million,10,SINGLE_SOURCE,irbank_bs,2440,24.4億,,,,irbank_bs=2440,https://irbank.net/E02324/results,,2026-10-09T22:21:14.745823+09:00
FY2021-06,6888,net_income,,JPY_million,1,SINGLE_SOURCE,irbank_pl_consolidated,358,358百万,,,,irbank_pl_consolidated=358,https://irbank.net/E02324/results,,2026-10-09T22:21:14.745823+09:00
FY2021-06,6888,operating_cf,,JPY_million,1,SINGLE_SOURCE,irbank_cf,290,290百万,,,,irbank_cf=290,https://irbank.net/E02324/results,,2026-10-09T22:21:14.745823+09:00
FY2021-06,6888,operating_income,,JPY_million,1,SINGLE_SOURCE,irbank_pl_consolidated,500,500百万,,,,irbank_pl_consolidated=500,https://irbank.net/E02324/results,,2026-10-09T22:21:14.745823+09:00
FY2021-06,6888,operating_margin,,pct,0.01,SINGLE_SOURCE,irbank_pl_consolidated,11.06,11.06,,,,irbank_pl_consolidated=11.06,https://irbank.net/E02324/results,,2026-10-09T22:21:14.745823+09:00
FY2021-06,6888,ordinary_income,,JPY_million,1,SINGLE_SOURCE,irbank_pl_consolidated,502,502百万,,,,irbank_pl_consolidated=502,https://irbank.net/E02324/results,,2026-10-09T22:21:14.745823+09:00
FY2021-06,6888,retained_earnings,,JPY_million,1,SINGLE_SOURCE,irbank_bs,503,5.03億,,,,irbank_bs=503,https://irbank.net/E02324/results,,2026-10-09T22:21:14.745823+09:00
FY2021-06,6888,revenue,4526,JPY_million,10,OK|ROUNDING,kabutan_fy10,4526,"4,526",irbank_pl_consolidated,4530,45.3億,kabutan_fy10=4526|irbank_pl_consolidated=4530,https://kabutan.jp/stock/finance?code=6888,https://irbank.net/E02324/results,2026-10-09T22:21:14.745823+09:00
FY2021-06,6888,roa,,pct,0.01,SINGLE_SOURCE,irbank_pl_consolidated,10.23,10.23,,,,irbank_pl_consolidated=10.23,https://irbank.net/E02324/results,,2026-10-09T22:21:14.745823+09:00
FY2021-06,6888,roe,,pct,0.01,SINGLE_SOURCE,irbank_pl_consolidated,15.06,15.06,,,,irbank_pl_consolidated=15.06,https://irbank.net/E02324/results,,2026-10-09T22:21:14.745823+09:00
FY2021-06,6888,sga_ratio,,pct,0.01,SINGLE_SOURCE,irbank_pl_consolidated,25.61,25.61,,,,irbank_pl_consolidated=25.61,https://irbank.net/E02324/results,,2026-10-09T22:21:14.745823+09:00
FY2021-06,6888,shareholders_equity,,JPY_million,10,SINGLE_SOURCE,irbank_bs,2350,23.5億,,,,irbank_bs=2350,https://irbank.net/E02324/results,,2026-10-09T22:21:14.745823+09:00
FY2021-06,6888,total_assets,,JPY_million,100,SINGLE_SOURCE,irbank_bs,3500,35億,,,,irbank_bs=3500,https://irbank.net/E02324/results,,2026-10-09T22:21:14.745823+09:00
FY2022-06,6888,bps,,JPY,0.01,SINGLE_SOURCE,irbank_bs,261.32,261.32,,,,irbank_bs=261.32,https://irbank.net/E02324/results,,2026-10-09T22:21:14.745823+09:00
FY2022-06,6888,capex,,JPY_million,1,SINGLE_SOURCE,irbank_cf,-30,-30百万,,,,irbank_cf=-30,https://irbank.net/E02324/results,,2026-10-09T22:21:14.745823+09:00
FY2022-06,6888,cash_equivalents,,JPY_million,10,SINGLE_SOURCE,irbank_cf,2720,27.2億,,,,irbank_cf=2720,https://irbank.net/E02324/results,,2026-10-09T22:21:14.745823+09:00
FY2022-06,6888,cost_ratio,,pct,0.01,SINGLE_SOURCE,irbank_pl_consolidated,61.93,61.93,irbank_q,61.92,61.92%,irbank_pl_consolidated=61.93|irbank_q=61.92,https://irbank.net/E02324/results,https://irbank.net/E02324/quarter,2026-10-09T22:21:14.745823+09:00
FY2022-06,6888,eps,,JPY,0.01,SINGLE_SOURCE,irbank_pl_consolidated,31.02,31.02,,,,irbank_pl_consolidated=31.02,https://irbank.net/E02324/results,,2026-10-09T22:21:14.745823+09:00
FY2022-06,6888,equity_ratio,,pct,0.1,SINGLE_SOURCE,irbank_bs,55.6,55.6,,,,irbank_bs=55.6,https://irbank.net/E02324/results,,2026-10-09T22:21:14.745823+09:00
FY2022-06,6888,financing_cf,,JPY_million,1,SINGLE_SOURCE,irbank_cf,402,402百万,,,,irbank_cf=402,https://irbank.net/E02324/results,,2026-10-09T22:21:14.745823+09:00
FY2022-06,6888,free_cf,,JPY_million,1,SINGLE_SOURCE,irbank_cf,17,17百万,,,,irbank_cf=17,https://irbank.net/E02324/results,,2026-10-09T22:21:14.745823+09:00
FY2022-06,6888,interest_bearing_debt,,JPY_million,1,SINGLE_SOURCE,irbank_bs,635,6.35億,,,,irbank_bs=635,https://irbank.net/E02324/results,,2026-10-09T22:21:14.745823+09:00
FY2022-06,6888,interest_bearing_debt_ratio,,x,0.0001,SINGLE_SOURCE|UNIT_CONVERTED,irbank_bs,0.2486,24.86,,,,irbank_bs=0.2486,https://irbank.net/E02324/results,,2026-10-09T22:21:14.745823+09:00
FY2022-06,6888,investing_cf,,JPY_million,1,SINGLE_SOURCE,irbank_cf,-341,-341百万,,,,irbank_cf=-341,https://irbank.net/E02324/results,,2026-10-09T22:21:14.745823+09:00
FY2022-06,6888,net_assets,,JPY_million,100,SINGLE_SOURCE,irbank_bs,2800,28億,,,,irbank_bs=2800,https://irbank.net/E02324/results,,2026-10-09T22:21:14.745823+09:00
FY2022-06,6888,net_income,,JPY_million,1,SINGLE_SOURCE,irbank_pl_consolidated,303,303百万,,,,irbank_pl_consolidated=303,https://irbank.net/E02324/results,,2026-10-09T22:21:14.745823+09:00
FY2022-06,6888,operating_cf,,JPY_million,1,SINGLE_SOURCE,irbank_cf,358,358百万,,,,irbank_cf=358,https://irbank.net/E02324/results,,2026-10-09T22:21:14.745823+09:00
FY2022-06,6888,operating_income,,JPY_million,1,SINGLE_SOURCE,irbank_pl_consolidated,473,473百万,irbank_q,473,473百万,irbank_pl_consolidated=473|irbank_q=473,https://irbank.net/E02324/results,https://irbank.net/E02324/quarter,2026-10-09T22:21:14.745823+09:00
FY2022-06,6888,operating_margin,,pct,0.01,SINGLE_SOURCE,irbank_pl_consolidated,10.25,10.25,irbank_q,10.25,10.25%,irbank_pl_consolidated=10.25|irbank_q=10.25,https://irbank.net/E02324/results,https://irbank.net/E02324/quarter,2026-10-09T22:21:14.745823+09:00
FY2022-06,6888,ordinary_income,,JPY_million,1,SINGLE_SOURCE,irbank_pl_consolidated,474,474百万,irbank_q,474,474百万,irbank_pl_consolidated=474|irbank_q=474,https://irbank.net/E02324/results,https://irbank.net/E02324/quarter,2026-10-09T22:21:14.745823+09:00
FY2022-06,6888,retained_earnings,,JPY_million,1,SINGLE_SOURCE,irbank_bs,699,6.99億,,,,irbank_bs=699,https://irbank.net/E02324/results,,2026-10-09T22:21:14.745823+09:00
FY2022-06,6888,revenue,4614,JPY_million,10,OK|ROUNDING,kabutan_fy10,4614,"4,614",irbank_pl_consolidated,4610,46.1億,kabutan_fy10=4614|irbank_pl_consolidated=4610|irbank_q=4610,https://kabutan.jp/stock/finance?code=6888,https://irbank.net/E02324/results,2026-10-09T22:21:14.745823+09:00
FY2022-06,6888,roa,,pct,0.1,SINGLE_SOURCE,irbank_pl_consolidated,6.6,6.6,,,,irbank_pl_consolidated=6.6,https://irbank.net/E02324/results,,2026-10-09T22:21:14.745823+09:00
FY2022-06,6888,roe,,pct,0.01,SINGLE_SOURCE,irbank_pl_consolidated,11.86,11.86,,,,irbank_pl_consolidated=11.86,https://irbank.net/E02324/results,,2026-10-09T22:21:14.745823+09:00
FY2022-06,6888,sga_ratio,,pct,0.01,SINGLE_SOURCE,irbank_pl_consolidated,27.84,27.84,irbank_q,27.84,27.84%,irbank_pl_consolidated=27.84|irbank_q=27.84,https://irbank.net/E02324/results,https://irbank.net/E02324/quarter,2026-10-09T22:21:14.745823+09:00
FY2022-06,6888,shareholders_equity,,JPY_million,10,SINGLE_SOURCE,irbank_bs,2550,25.5億,,,,irbank_bs=2550,https://irbank.net/E02324/results,,2026-10-09T22:21:14.745823+09:00
FY2022-06,6888,total_assets,,JPY_million,10,SINGLE_SOURCE,irbank_bs,4590,45.9億,,,,irbank_bs=4590,https://irbank.net/E02324/results,,2026-10-09T22:21:14.745823+09:00
FY2023-06,6888,bps,,JPY,0.01,SINGLE_SOURCE,irbank_bs,289.75,289.75,,,,irbank_bs=289.75,https://irbank.net/E02324/results,,2026-10-09T22:21:14.745823+09:00
FY2023-06,6888,capex,,JPY_million,1,SINGLE_SOURCE,irbank_cf,-131,-131百万,,,,irbank_cf=-131,https://irbank.net/E02324/results,,2026-10-09T22:21:14.745823+09:00
FY2023-06,6888,cash_equivalents,,JPY_million,10,SINGLE_SOURCE,irbank_cf,3020,30.2億,,,,irbank_cf=3020,https://irbank.net/E02324/results,,2026-10-09T22:21:14.745823+09:00
FY2023-06,6888,cost_ratio,,pct,0.01,SINGLE_SOURCE,irbank_pl_consolidated,61.41,61.41,irbank_q,61.41,61.41%-0.51%,irbank_pl_consolidated=61.41|irbank_q=61.41,https://irbank.net/E02324/results,https://irbank.net/E02324/quarter,2026-10-09T22:21:14.745823+09:00
FY2023-06,6888,eps,42.82,JPY,0.1,OK|ROUNDING,kabutan_fy,42.9,42.9,irbank_pl_consolidated,42.82,42.82,kabutan_fy=42.9|irbank_pl_consolidated=42.82,https://kabutan.jp/stock/finance?code=6888,https://irbank.net/E02324/results,2026-10-09T22:21:14.745823+09:00
FY2023-06,6888,equity_ratio,,pct,0.1,SINGLE_SOURCE,irbank_bs,55.5,55.5,,,,irbank_bs=55.5,https://irbank.net/E02324/results,,2026-10-09T22:21:14.745823+09:00
FY2023-06,6888,financing_cf,,JPY_million,1,SINGLE_SOURCE,irbank_cf,-212,-212百万,,,,irbank_cf=-212,https://irbank.net/E02324/results,,2026-10-09T22:21:14.745823+09:00
FY2023-06,6888,free_cf,,JPY_million,1,SINGLE_SOURCE,irbank_cf,508,508百万,,,,irbank_cf=508,https://irbank.net/E02324/results,,2026-10-09T22:21:14.745823+09:00
FY2023-06,6888,interest_bearing_debt,,JPY_million,1,SINGLE_SOURCE,irbank_bs,573,5.73億,,,,irbank_bs=573,https://irbank.net/E02324/results,,2026-10-09T22:21:14.745823+09:00
FY2023-06,6888,interest_bearing_debt_ratio,,x,0.0001,SINGLE_SOURCE|UNIT_CONVERTED,irbank_bs,0.2019,20.19,,,,irbank_bs=0.2019,https://irbank.net/E02324/results,,2026-10-09T22:21:14.745823+09:00
FY2023-06,6888,investing_cf,,JPY_million,1,SINGLE_SOURCE,irbank_cf,-118,-118百万,,,,irbank_cf=-118,https://irbank.net/E02324/results,,2026-10-09T22:21:14.745823+09:00
FY2023-06,6888,net_assets,,JPY_million,10,SINGLE_SOURCE,irbank_bs,3090,30.9億,,,,irbank_bs=3090,https://irbank.net/E02324/results,,2026-10-09T22:21:14.745823+09:00
FY2023-06,6888,net_income,419,JPY_million,1,OK,kabutan_fy,419,419,irbank_pl_consolidated,419,419百万,kabutan_fy=419|irbank_pl_consolidated=419,https://kabutan.jp/stock/finance?code=6888,https://irbank.net/E02324/results,2026-10-09T22:21:14.745823+09:00
FY2023-06,6888,operating_cf,,JPY_million,1,SINGLE_SOURCE,irbank_cf,626,626百万,,,,irbank_cf=626,https://irbank.net/E02324/results,,2026-10-09T22:21:14.745823+09:00
FY2023-06,6888,operating_income,649,JPY_million,1,OK|ROUNDING,kabutan_fy,649,649,irbank_pl_consolidated,650,650百万,kabutan_fy=649|irbank_pl_consolidated=650|irbank_q=650,https://kabutan.jp/stock/finance?code=6888,https://irbank.net/E02324/results,2026-10-09T22:21:14.745823+09:00
FY2023-06,6888,operating_margin,,pct,0.01,SINGLE_SOURCE,irbank_pl_consolidated,11.08,11.08,irbank_q,11.08,11.08%+0.83%,irbank_pl_consolidated=11.08|irbank_q=11.08,https://irbank.net/E02324/results,https://irbank.net/E02324/quarter,2026-10-09T22:21:14.745823+09:00
FY2023-06,6888,ordinary_income,677,JPY_million,1,OK|ROUNDING,kabutan_fy,677,677,kabutan_record_fy,677,677,kabutan_fy=677|kabutan_record_fy=677|irbank_pl_consolidated=677|irbank_q=678,https://kabutan.jp/stock/finance?code=6888,https://kabutan.jp/stock/finance?code=6888,2026-10-09T22:21:14.745823+09:00
FY2023-06,6888,retained_earnings,,JPY_million,1,SINGLE_SOURCE,irbank_bs,992,9.92億,,,,irbank_bs=992,https://irbank.net/E02324/results,,2026-10-09T22:21:14.745823+09:00
FY2023-06,6888,revenue,5867,JPY_million,10,OK|ROUNDING,kabutan_fy,5867,"5,867",kabutan_fy10,5867,"5,867",kabutan_fy=5867|kabutan_fy10=5867|irbank_pl_consolidated=5870|irbank_q=5870,https://kabutan.jp/stock/finance?code=6888,https://kabutan.jp/stock/finance?code=6888,2026-10-09T22:21:14.745823+09:00
FY2023-06,6888,roa,,pct,0.01,SINGLE_SOURCE,irbank_pl_consolidated,8.19,8.19,,,,irbank_pl_consolidated=8.19,https://irbank.net/E02324/results,,2026-10-09T22:21:14.745823+09:00
FY2023-06,6888,roe,,pct,0.01,SINGLE_SOURCE,irbank_pl_consolidated,14.77,14.77,,,,irbank_pl_consolidated=14.77,https://irbank.net/E02324/results,,2026-10-09T22:21:14.745823+09:00
FY2023-06,6888,sga_ratio,,pct,0.01,SINGLE_SOURCE,irbank_pl_consolidated,27.52,27.52,irbank_q,27.52,27.52%-0.32%,irbank_pl_consolidated=27.52|irbank_q=27.52,https://irbank.net/E02324/results,https://irbank.net/E02324/quarter,2026-10-09T22:21:14.745823+09:00
FY2023-06,6888,shareholders_equity,,JPY_million,10,SINGLE_SOURCE,irbank_bs,2840,28.4億,,,,irbank_bs=2840,https://irbank.net/E02324/results,,2026-10-09T22:21:14.745823+09:00
FY2023-06,6888,total_assets,,JPY_million,10,SINGLE_SOURCE,irbank_bs,5110,51.1億,,,,irbank_bs=5110,https://irbank.net/E02324/results,,2026-10-09T22:21:14.745823+09:00
FY2024-06,6888,bps,320.97,JPY,0.01,OK,kabutan_bs,320.97,320.97,irbank_bs,320.97,320.97,kabutan_bs=320.97|irbank_bs=320.97,https://kabutan.jp/stock/finance?code=6888,https://irbank.net/E02324/results,2026-10-09T22:21:14.745823+09:00
FY2024-06,6888,capex,,JPY_million,1,SINGLE_SOURCE,irbank_cf,-110,-110百万,,,,irbank_cf=-110,https://irbank.net/E02324/results,,2026-10-09T22:21:14.745823+09:00
FY2024-06,6888,cash_equivalents,2934,JPY_million,10,OK|ROUNDING,kabutan_cf,2934,"2,934",irbank_cf,2930,29.3億,kabutan_cf=2934|irbank_cf=2930,https://kabutan.jp/stock/finance?code=6888,https://irbank.net/E02324/results,2026-10-09T22:21:14.745823+09:00
FY2024-06,6888,cost_ratio,,pct,0.01,SINGLE_SOURCE,irbank_pl_consolidated,64.14,64.14,irbank_q,64.14,64.14%+2.73%,irbank_pl_consolidated=64.14|irbank_q=64.14,https://irbank.net/E02324/results,https://irbank.net/E02324/quarter,2026-10-09T22:21:14.745823+09:00
FY2024-06,6888,eps,42.92,JPY,0.1,OK|ROUNDING,kabutan_fy,43,43.0,kabutan_record_fy,43,43.0,kabutan_fy=43|kabutan_record_fy=43|irbank_pl_consolidated=42.92,https://kabutan.jp/stock/finance?code=6888,https://kabutan.jp/stock/finance?code=6888,2026-10-09T22:21:14.745823+09:00
FY2024-06,6888,equity,,JPY_million,1,SINGLE_SOURCE,kabutan_bs,3165,"3,165",,,,kabutan_bs=3165,https://kabutan.jp/stock/finance?code=6888,,2026-10-09T22:21:14.745823+09:00
FY2024-06,6888,equity_ratio,60.2,pct,0.1,OK,kabutan_bs,60.2,60.2,irbank_bs,60.2,60.2,kabutan_bs=60.2|irbank_bs=60.2,https://kabutan.jp/stock/finance?code=6888,https://irbank.net/E02324/results,2026-10-09T22:21:14.745823+09:00
FY2024-06,6888,financing_cf,-199,JPY_million,1,OK,kabutan_cf,-199,-199,irbank_cf,-199,-199百万,kabutan_cf=-199|irbank_cf=-199,https://kabutan.jp/stock/finance?code=6888,https://irbank.net/E02324/results,2026-10-09T22:21:14.745823+09:00
FY2024-06,6888,free_cf,117,JPY_million,1,OK,kabutan_cf,117,117,irbank_cf,117,117百万,kabutan_cf=117|irbank_cf=117,https://kabutan.jp/stock/finance?code=6888,https://irbank.net/E02324/results,2026-10-09T22:21:14.745823+09:00
FY2024-06,6888,interest_bearing_debt,,JPY_million,1,SINGLE_SOURCE,irbank_bs,537,5.37億,,,,irbank_bs=537,https://irbank.net/E02324/results,,2026-10-09T22:21:14.745823+09:00
FY2024-06,6888,interest_bearing_debt_ratio,0.1696,x,0.01,OK|ROUNDING|UNIT_CONVERTED,kabutan_bs,0.17,0.17,irbank_bs,0.1696,16.96,kabutan_bs=0.17|irbank_bs=0.1696,https://kabutan.jp/stock/finance?code=6888,https://irbank.net/E02324/results,2026-10-09T22:21:14.745823+09:00
FY2024-06,6888,investing_cf,-230,JPY_million,1,OK,kabutan_cf,-230,-230,irbank_cf,-230,-230百万,kabutan_cf=-230|irbank_cf=-230,https://kabutan.jp/stock/finance?code=6888,https://irbank.net/E02324/results,2026-10-09T22:21:14.745823+09:00
FY2024-06,6888,net_assets,,JPY_million,10,SINGLE_SOURCE,irbank_bs,3460,34.6億,,,,irbank_bs=3460,https://irbank.net/E02324/results,,2026-10-09T22:21:14.745823+09:00
FY2024-06,6888,net_income,422,JPY_million,1,OK,kabutan_fy,422,422,kabutan_record_fy,422,422,kabutan_fy=422|kabutan_record_fy=422|irbank_pl_consolidated=422,https://kabutan.jp/stock/finance?code=6888,https://kabutan.jp/stock/finance?code=6888,2026-10-09T22:21:14.745823+09:00
FY2024-06,6888,operating_cf,347,JPY_million,1,OK,kabutan_cf,347,347,irbank_cf,347,347百万,kabutan_cf=347|irbank_cf=347,https://kabutan.jp/stock/finance?code=6888,https://irbank.net/E02324/results,2026-10-09T22:21:14.745823+09:00
FY2024-06,6888,operating_income,660,JPY_million,1,OK,kabutan_fy,660,660,kabutan_cf,660,660,kabutan_fy=660|kabutan_cf=660|kabutan_record_fy=660|irbank_pl_consolidated=660|irbank_q=660,https://kabutan.jp/stock/finance?code=6888,https://kabutan.jp/stock/finance?code=6888,2026-10-09T22:21:14.745823+09:00
FY2024-06,6888,operating_margin,,pct,0.1,SINGLE_SOURCE,irbank_pl_consolidated,10.6,10.6,irbank_q,10.6,10.6%-0.48%,irbank_pl_consolidated=10.6|irbank_q=10.6,https://irbank.net/E02324/results,https://irbank.net/E02324/quarter,2026-10-09T22:21:14.745823+09:00
FY2024-06,6888,ordinary_income,660,JPY_million,1,OK,kabutan_fy,660,660,irbank_pl_consolidated,660,660百万,kabutan_fy=660|irbank_pl_consolidated=660|irbank_q=660,https://kabutan.jp/stock/finance?code=6888,https://irbank.net/E02324/results,2026-10-09T22:21:14.745823+09:00
FY2024-06,6888,retained_earnings,1287,JPY_million,10,OK|ROUNDING,kabutan_bs,1287,"1,287",irbank_bs,1290,12.9億,kabutan_bs=1287|irbank_bs=1290,https://kabutan.jp/stock/finance?code=6888,https://irbank.net/E02324/results,2026-10-09T22:21:14.745823+09:00
FY2024-06,6888,revenue,6230,JPY_million,10,OK,kabutan_fy,6230,"6,230",kabutan_fy10,6230,"6,230",kabutan_fy=6230|kabutan_fy10=6230|irbank_pl_consolidated=6230|irbank_q=6230,https://kabutan.jp/stock/finance?code=6888,https://kabutan.jp/stock/finance?code=6888,2026-10-09T22:21:14.745823+09:00
FY2024-06,6888,roa,,pct,0.01,SINGLE_SOURCE,irbank_pl_consolidated,8.02,8.02,,,,irbank_pl_consolidated=8.02,https://irbank.net/E02324/results,,2026-10-09T22:21:14.745823+09:00
FY2024-06,6888,roe,,pct,0.01,SINGLE_SOURCE,irbank_pl_consolidated,13.33,13.33,,,,irbank_pl_consolidated=13.33,https://irbank.net/E02324/results,,2026-10-09T22:21:14.745823+09:00
FY2024-06,6888,sga_ratio,,pct,0.01,SINGLE_SOURCE,irbank_pl_consolidated,25.26,25.26,irbank_q,25.26,25.26%-2.26%,irbank_pl_consolidated=25.26|irbank_q=25.26,https://irbank.net/E02324/results,https://irbank.net/E02324/quarter,2026-10-09T22:21:14.745823+09:00
FY2024-06,6888,shareholders_equity,,JPY_million,10,SINGLE_SOURCE,irbank_bs,3160,31.6億,,,,irbank_bs=3160,https://irbank.net/E02324/results,,2026-10-09T22:21:14.745823+09:00
FY2024-06,6888,total_assets,5261,JPY_million,10,OK|ROUNDING,kabutan_bs,5261,"5,261",irbank_bs,5260,52.6億,kabutan_bs=5261|irbank_bs=5260,https://kabutan.jp/stock/finance?code=6888,https://irbank.net/E02324/results,2026-10-09T22:21:14.745823+09:00
FY2025-06,6888,bps,338.08,JPY,0.01,OK,kabutan_bs,338.08,338.08,irbank_bs,338.08,338.08,kabutan_bs=338.08|irbank_bs=338.08,https://kabutan.jp/stock/finance?code=6888,https://irbank.net/E02324/results,2026-10-09T22:21:14.745823+09:00
FY2025-06,6888,capex,,JPY_million,1,SINGLE_SOURCE,irbank_cf,-38,-38百万,,,,irbank_cf=-38,https://irbank.net/E02324/results,,2026-10-09T22:21:14.745823+09:00
FY2025-06,6888,cash_equivalents,2795,JPY_million,100,OK|ROUNDING,kabutan_cf,2795,"2,795",irbank_cf,2800,28億,kabutan_cf=2795|irbank_cf=2800,https://kabutan.jp/stock/finance?code=6888,https://irbank.net/E02324/results,2026-10-09T22:21:14.745823+09:00
FY2025-06,6888,cost_ratio,,pct,0.01,SINGLE_SOURCE,irbank_pl_consolidated,64.05,64.05,irbank_q,64.05,64.05%-0.09%,irbank_pl_consolidated=64.05|irbank_q=64.05,https://irbank.net/E02324/results,https://irbank.net/E02324/quarter,2026-10-09T22:21:14.745823+09:00
FY2025-06,6888,eps,38.94,JPY,0.1,OK|ROUNDING,kabutan_fy,38.9,38.9,kabutan_fy_profit,38.9,38.9,kabutan_fy=38.9|kabutan_fy_profit=38.9|irbank_pl_consolidated=38.94,https://kabutan.jp/stock/finance?code=6888,https://kabutan.jp/stock/finance?code=6888,2026-10-09T22:21:14.745823+09:00
FY2025-06,6888,equity,,JPY_million,1,SINGLE_SOURCE,kabutan_bs,3363,"3,363",,,,kabutan_bs=3363,https://kabutan.jp/stock/finance?code=6888,,2026-10-09T22:21:14.745823+09:00
FY2025-06,6888,equity_ratio,62.5,pct,0.1,OK,kabutan_bs,62.5,62.5,irbank_bs,62.5,62.5,kabutan_bs=62.5|irbank_bs=62.5,https://kabutan.jp/stock/finance?code=6888,https://irbank.net/E02324/results,2026-10-09T22:21:14.745823+09:00
FY2025-06,6888,financing_cf,-382,JPY_million,1,OK,kabutan_cf,-382,-382,irbank_cf,-382,-382百万,kabutan_cf=-382|irbank_cf=-382,https://kabutan.jp/stock/finance?code=6888,https://irbank.net/E02324/results,2026-10-09T22:21:14.745823+09:00
FY2025-06,6888,free_cf,243,JPY_million,1,OK|ROUNDING,kabutan_cf,243,243,irbank_cf,244,244百万,kabutan_cf=243|irbank_cf=244,https://kabutan.jp/stock/finance?code=6888,https://irbank.net/E02324/results,2026-10-09T22:21:14.745823+09:00
FY2025-06,6888,interest_bearing_debt,,JPY_million,1,SINGLE_SOURCE,irbank_bs,401,4.01億,,,,irbank_bs=401,https://irbank.net/E02324/results,,2026-10-09T22:21:14.745823+09:00
FY2025-06,6888,interest_bearing_debt_ratio,0.1191,x,0.01,OK|ROUNDING|UNIT_CONVERTED,kabutan_bs,0.12,0.12,irbank_bs,0.1191,11.91,kabutan_bs=0.12|irbank_bs=0.1191,https://kabutan.jp/stock/finance?code=6888,https://irbank.net/E02324/results,2026-10-09T22:21:14.745823+09:00
FY2025-06,6888,investing_cf,-13,JPY_million,1,OK,kabutan_cf,-13,-13,irbank_cf,-13,-13百万,kabutan_cf=-13|irbank_cf=-13,https://kabutan.jp/stock/finance?code=6888,https://irbank.net/E02324/results,2026-10-09T22:21:14.745823+09:00
FY2025-06,6888,net_assets,,JPY_million,10,SINGLE_SOURCE,irbank_bs,3670,36.7億,,,,irbank_bs=3670,https://irbank.net/E02324/results,,2026-10-09T22:21:14.745823+09:00
FY2025-06,6888,net_income,386,JPY_million,1,OK,kabutan_fy,386,386,irbank_pl_consolidated,386,386百万,kabutan_fy=386|irbank_pl_consolidated=386,https://kabutan.jp/stock/finance?code=6888,https://irbank.net/E02324/results,2026-10-09T22:21:14.745823+09:00
FY2025-06,6888,operating_cf,256,JPY_million,1,OK|ROUNDING,kabutan_cf,256,256,irbank_cf,257,257百万,kabutan_cf=256|irbank_cf=257,https://kabutan.jp/stock/finance?code=6888,https://irbank.net/E02324/results,2026-10-09T22:21:14.745823+09:00
FY2025-06,6888,operating_income,583,JPY_million,1,OK|ROUNDING,kabutan_fy,583,583,kabutan_fy_profit,583,583,kabutan_fy=583|kabutan_fy_profit=583|kabutan_cf=583|irbank_pl_consolidated=584|irbank_q=584,https://kabutan.jp/stock/finance?code=6888,https://kabutan.jp/stock/finance?code=6888,2026-10-09T22:21:14.745823+09:00
FY2025-06,6888,operating_margin,9.08,pct,0.01,OK|ROUNDING,kabutan_fy_profit,9.08,9.08,irbank_pl_consolidated,9.09,9.09,kabutan_fy_profit=9.08|irbank_pl_consolidated=9.09|irbank_q=9.09,https://kabutan.jp/stock/finance?code=6888,https://irbank.net/E02324/results,2026-10-09T22:21:14.745823+09:00
FY2025-06,6888,ordinary_income,584,JPY_million,1,OK|ROUNDING,kabutan_fy,584,584,irbank_pl_consolidated,585,585百万,kabutan_fy=584|irbank_pl_consolidated=585|irbank_q=585,https://kabutan.jp/stock/finance?code=6888,https://irbank.net/E02324/results,2026-10-09T22:21:14.745823+09:00
FY2025-06,6888,retained_earnings,1436,JPY_million,10,OK|ROUNDING,kabutan_bs,1436,"1,436",irbank_bs,1440,14.4億,kabutan_bs=1436|irbank_bs=1440,https://kabutan.jp/stock/finance?code=6888,https://irbank.net/E02324/results,2026-10-09T22:21:14.745823+09:00
FY2025-06,6888,revenue,6421,JPY_million,10,OK|ROUNDING,kabutan_fy,6421,"6,421",kabutan_fy10,6421,"6,421",kabutan_fy=6421|kabutan_fy10=6421|kabutan_fy_profit=6421|irbank_pl_consolidated=6420|irbank_q=6420,https://kabutan.jp/stock/finance?code=6888,https://kabutan.jp/stock/finance?code=6888,2026-10-09T22:21:14.745823+09:00
FY2025-06,6888,roa,,pct,0.01,MISMATCH,kabutan_fy_profit,7.26,7.26,irbank_pl_consolidated,7.18,7.18,kabutan_fy_profit=7.26|irbank_pl_consolidated=7.18,https://kabutan.jp/stock/finance?code=6888,https://irbank.net/E02324/results,2026-10-09T22:21:14.745823+09:00
FY2025-06,6888,roe,,pct,0.01,MISMATCH,kabutan_fy_profit,11.83,11.83,irbank_pl_consolidated,11.48,11.48,kabutan_fy_profit=11.83|irbank_pl_consolidated=11.48,https://kabutan.jp/stock/finance?code=6888,https://irbank.net/E02324/results,2026-10-09T22:21:14.745823+09:00
FY2025-06,6888,sga_ratio,,pct,0.01,SINGLE_SOURCE,irbank_pl_consolidated,26.85,26.85,irbank_q,26.85,26.85%+1.59%,irbank_pl_consolidated=26.85|irbank_q=26.85,https://irbank.net/E02324/results,https://irbank.net/E02324/quarter,2026-10-09T22:21:14.745823+09:00
FY2025-06,6888,shareholders_equity,,JPY_million,10,SINGLE_SOURCE,irbank_bs,3360,33.6億,,,,irbank_bs=3360,https://irbank.net/E02324/results,,2026-10-09T22:21:14.745823+09:00
FY2025-06,6888,total_assets,5378,JPY_million,10,OK|ROUNDING,kabutan_bs,5378,"5,378",irbank_bs,5380,53.8億,kabutan_bs=5378|irbank_bs=5380,https://kabutan.jp/stock/finance?code=6888,https://irbank.net/E02324/results,2026-10-09T22:21:14.745823+09:00
FY2026-06,6888,bps,345.6,JPY,0.1,OK,kabutan_bs,345.6,345.60,irbank_bs,345.6,345.6,kabutan_bs=345.6|irbank_bs=345.6,https://kabutan.jp/stock/finance?code=6888,https://irbank.net/E02324/results,2026-10-09T22:21:14.745823+09:00
FY2026-06,6888,capex,,JPY_million,1,SINGLE_SOURCE,irbank_cf,-70,-70百万,,,,irbank_cf=-70,https://irbank.net/E02324/results,,2026-10-09T22:21:14.745823+09:00
FY2026-06,6888,cash_equivalents,2929,JPY_million,10,OK|ROUNDING,kabutan_cf,2929,"2,929",irbank_cf,2930,29.3億,kabutan_cf=2929|irbank_cf=2930,https://kabutan.jp/stock/finance?code=6888,https://irbank.net/E02324/results,2026-10-09T22:21:14.745823+09:00
FY2026-06,6888,cost_ratio,,pct,0.01,SINGLE_SOURCE,irbank_pl_consolidated,67.92,67.92,irbank_q,67.92,67.92%+3.87%,irbank_pl_consolidated=67.92|irbank_q=67.92,https://irbank.net/E02324/results,https://irbank.net/E02324/quarter,2026-10-09T22:21:14.745823+09:00
FY2026-06,6888,eps,31.81,JPY,0.1,OK|ROUNDING,kabutan_fy,31.8,31.8,kabutan_fy_profit,31.8,31.8,kabutan_fy=31.8|kabutan_fy_profit=31.8|irbank_pl_consolidated=31.81,https://kabutan.jp/stock/finance?code=6888,https://kabutan.jp/stock/finance?code=6888,2026-10-09T22:21:14.745823+09:00
FY2026-06,6888,equity,,JPY_million,1,SINGLE_SOURCE,kabutan_bs,3438,"3,438",,,,kabutan_bs=3438,https://kabutan.jp/stock/finance?code=6888,,2026-10-09T22:21:14.745823+09:00
FY2026-06,6888,equity_ratio,59,pct,1,OK,kabutan_bs,59,59.0,irbank_bs,59,59,kabutan_bs=59|irbank_bs=59,https://kabutan.jp/stock/finance?code=6888,https://irbank.net/E02324/results,2026-10-09T22:21:14.745823+09:00
FY2026-06,6888,financing_cf,-72,JPY_million,1,OK|ROUNDING,kabutan_cf,-72,-72,irbank_cf,-73,-73百万,kabutan_cf=-72|irbank_cf=-73,https://kabutan.jp/stock/finance?code=6888,https://irbank.net/E02324/results,2026-10-09T22:21:14.745823+09:00
FY2026-06,6888,free_cf,207,JPY_million,1,OK,kabutan_cf,207,207,irbank_cf,207,207百万,kabutan_cf=207|irbank_cf=207,https://kabutan.jp/stock/finance?code=6888,https://irbank.net/E02324/results,2026-10-09T22:21:14.745823+09:00
FY2026-06,6888,interest_bearing_debt,,JPY_million,1,SINGLE_SOURCE,irbank_bs,643,6.43億,,,,irbank_bs=643,https://irbank.net/E02324/results,,2026-10-09T22:21:14.745823+09:00
FY2026-06,6888,interest_bearing_debt_ratio,0.1871,x,0.01,OK|ROUNDING|UNIT_CONVERTED,kabutan_bs,0.19,0.19,irbank_bs,0.1871,18.71,kabutan_bs=0.19|irbank_bs=0.1871,https://kabutan.jp/stock/finance?code=6888,https://irbank.net/E02324/results,2026-10-09T22:21:14.745823+09:00
FY2026-06,6888,investing_cf,-199,JPY_million,1,OK,kabutan_cf,-199,-199,irbank_cf,-199,-199百万,kabutan_cf=-199|irbank_cf=-199,https://kabutan.jp/stock/finance?code=6888,https://irbank.net/E02324/results,2026-10-09T22:21:14.745823+09:00
FY2026-06,6888,net_assets,,JPY_million,10,SINGLE_SOURCE,irbank_bs,3710,37.1億,,,,irbank_bs=3710,https://irbank.net/E02324/results,,2026-10-09T22:21:14.745823+09:00
FY2026-06,6888,net_income,316,JPY_million,1,OK,kabutan_fy,316,316,irbank_pl_consolidated,316,316百万,kabutan_fy=316|irbank_pl_consolidated=316,https://kabutan.jp/stock/finance?code=6888,https://irbank.net/E02324/results,2026-10-09T22:21:14.745823+09:00
FY2026-06,6888,operating_cf,406,JPY_million,1,OK,kabutan_cf,406,406,irbank_cf,406,406百万,kabutan_cf=406|irbank_cf=406,https://kabutan.jp/stock/finance?code=6888,https://irbank.net/E02324/results,2026-10-09T22:21:14.745823+09:00
FY2026-06,6888,operating_income,524,JPY_million,1,OK,kabutan_fy,524,524,kabutan_fy_profit,524,524,kabutan_fy=524|kabutan_fy_profit=524|kabutan_cf=524|irbank_pl_consolidated=524|irbank_q=524,https://kabutan.jp/stock/finance?code=6888,https://kabutan.jp/stock/finance?code=6888,2026-10-09T22:21:14.745823+09:00
FY2026-06,6888,operating_margin,6.99,pct,0.01,OK,kabutan_fy_profit,6.99,6.99,irbank_pl_consolidated,6.99,6.99,kabutan_fy_profit=6.99|irbank_pl_consolidated=6.99|irbank_q=6.99,https://kabutan.jp/stock/finance?code=6888,https://irbank.net/E02324/results,2026-10-09T22:21:14.745823+09:00
FY2026-06,6888,ordinary_income,529,JPY_million,1,OK,kabutan_fy,529,529,irbank_pl_consolidated,529,529百万,kabutan_fy=529|irbank_pl_consolidated=529|irbank_q=529,https://kabutan.jp/stock/finance?code=6888,https://irbank.net/E02324/results,2026-10-09T22:21:14.745823+09:00
FY2026-06,6888,retained_earnings,1504,JPY_million,100,OK|ROUNDING,kabutan_bs,1504,"1,504",irbank_bs,1500,15億,kabutan_bs=1504|irbank_bs=1500,https://kabutan.jp/stock/finance?code=6888,https://irbank.net/E02324/results,2026-10-09T22:21:14.745823+09:00
FY2026-06,6888,revenue,7499,JPY_million,100,OK|ROUNDING,kabutan_fy,7499,"7,499",kabutan_fy10,7499,"7,499",kabutan_fy=7499|kabutan_fy10=7499|kabutan_fy_profit=7499|kabutan_record_fy=7499|irbank_pl_consolidated=7500|irbank_q=7500,https://kabutan.jp/stock/finance?code=6888,https://kabutan.jp/stock/finance?code=6888,2026-10-09T22:21:14.745823+09:00
FY2026-06,6888,roa,,pct,0.01,MISMATCH,kabutan_fy_profit,5.64,5.64,irbank_pl_consolidated,5.43,5.43,kabutan_fy_profit=5.64|irbank_pl_consolidated=5.43,https://kabutan.jp/stock/finance?code=6888,https://irbank.net/E02324/results,2026-10-09T22:21:14.745823+09:00
FY2026-06,6888,roe,9.29,pct,0.1,OK|ROUNDING,kabutan_fy_profit,9.29,9.29,irbank_pl_consolidated,9.2,9.2,kabutan_fy_profit=9.29|irbank_pl_consolidated=9.2,https://kabutan.jp/stock/finance?code=6888,https://irbank.net/E02324/results,2026-10-09T22:21:14.745823+09:00
FY2026-06,6888,sga_ratio,,pct,0.01,SINGLE_SOURCE,irbank_pl_consolidated,25.09,25.09,irbank_q,25.09,25.09%-1.76%,irbank_pl_consolidated=25.09|irbank_q=25.09,https://irbank.net/E02324/results,https://irbank.net/E02324/quarter,2026-10-09T22:21:14.745823+09:00
FY2026-06,6888,shareholders_equity,,JPY_million,10,SINGLE_SOURCE,irbank_bs,3430,34.3億,,,,irbank_bs=3430,https://irbank.net/E02324/results,,2026-10-09T22:21:14.745823+09:00
FY2026-06,6888,total_assets,5824,JPY_million,10,OK|ROUNDING,kabutan_bs,5824,"5,824",irbank_bs,5820,58.2億,kabutan_bs=5824|irbank_bs=5820,https://kabutan.jp/stock/finance?code=6888,https://irbank.net/E02324/results,2026-10-09T22:21:14.745823+09:00
FY2027-06,6888,eps_plan,,JPY,0.1,SINGLE_SOURCE,kabutan_fy,43.2,43.2,kabutan_fy10,43.2,43.2,kabutan_fy=43.2|kabutan_fy10=43.2|kabutan_fy_profit=43.2,https://kabutan.jp/stock/finance?code=6888,https://kabutan.jp/stock/finance?code=6888,2026-10-09T22:21:14.745823+09:00
FY2027-06,6888,net_income_plan,430,JPY_million,1,OK,kabutan_fy,430,430,irbank_pl_consolidated,430,430百万,kabutan_fy=430|irbank_pl_consolidated=430,https://kabutan.jp/stock/finance?code=6888,https://irbank.net/E02324/results,2026-10-09T22:21:14.745823+09:00
FY2027-06,6888,operating_income_plan,700,JPY_million,1,OK,kabutan_fy,700,700,kabutan_fy10,700,700,kabutan_fy=700|kabutan_fy10=700|kabutan_fy_profit=700|irbank_pl_consolidated=700,https://kabutan.jp/stock/finance?code=6888,https://kabutan.jp/stock/finance?code=6888,2026-10-09T22:21:14.745823+09:00
FY2027-06,6888,operating_margin_plan,8.75,pct,0.01,OK,kabutan_fy_profit,8.75,8.75,irbank_pl_consolidated,8.75,8.75,kabutan_fy_profit=8.75|irbank_pl_consolidated=8.75,https://kabutan.jp/stock/finance?code=6888,https://irbank.net/E02324/results,2026-10-09T22:21:14.745823+09:00
FY2027-06,6888,ordinary_income_plan,700,JPY_million,1,OK,kabutan_fy,700,700,kabutan_fy10,700,700,kabutan_fy=700|kabutan_fy10=700|irbank_pl_consolidated=700,https://kabutan.jp/stock/finance?code=6888,https://kabutan.jp/stock/finance?code=6888,2026-10-09T22:21:14.745823+09:00
FY2027-06,6888,revenue_plan,8000,JPY_million,100,OK,kabutan_fy,8000,"8,000",kabutan_fy10,8000,"8,000",kabutan_fy=8000|kabutan_fy10=8000|kabutan_fy_profit=8000|irbank_pl_consolidated=8000,https://kabutan.jp/stock/finance?code=6888,https://kabutan.jp/stock/finance?code=6888,2026-10-09T22:21:14.745823+09:00
FY2027-06,6888,roa_plan,7.38,pct,0.01,OK,kabutan_fy_profit,7.38,7.38,irbank_pl_consolidated,7.38,7.38,kabutan_fy_profit=7.38|irbank_pl_consolidated=7.38,https://kabutan.jp/stock/finance?code=6888,https://irbank.net/E02324/results,2026-10-09T22:21:14.745823+09:00
FY2027-06,6888,roe_plan,12.51,pct,0.01,OK,kabutan_fy_profit,12.51,12.51,irbank_pl_consolidated,12.51,12.51,kabutan_fy_profit=12.51|irbank_pl_consolidated=12.51,https://kabutan.jp/stock/finance?code=6888,https://irbank.net/E02324/results,2026-10-09T22:21:14.745823+09:00
H2023-07_2023-12,6888,eps,,JPY,0.1,SINGLE_SOURCE,kabutan_half,11.6,11.6,,,,kabutan_half=11.6,https://kabutan.jp/stock/finance?code=6888,,2026-10-09T22:21:14.745823+09:00
H2023-07_2023-12,6888,net_income,,JPY_million,1,SINGLE_SOURCE,kabutan_half,113,113,,,,kabutan_half=113,https://kabutan.jp/stock/finance?code=6888,,2026-10-09T22:21:14.745823+09:00
H2023-07_2023-12,6888,operating_income,,JPY_million,1,SINGLE_SOURCE,kabutan_half,180,180,,,,kabutan_half=180,https://kabutan.jp/stock/finance?code=6888,,2026-10-09T22:21:14.745823+09:00
H2023-07_2023-12,6888,ordinary_income,,JPY_million,1,SINGLE_SOURCE,kabutan_half,181,181,,,,kabutan_half=181,https://kabutan.jp/stock/finance?code=6888,,2026-10-09T22:21:14.745823+09:00
H2023-07_2023-12,6888,revenue,,JPY_million,1,SINGLE_SOURCE,kabutan_half,2638,"2,638",,,,kabutan_half=2638,https://kabutan.jp/stock/finance?code=6888,,2026-10-09T22:21:14.745823+09:00
H2024-07_2024-12,6888,eps,,JPY,0.1,SINGLE_SOURCE,kabutan_half,0.9,0.9,,,,kabutan_half=0.9,https://kabutan.jp/stock/finance?code=6888,,2026-10-09T22:21:14.745823+09:00
H2024-07_2024-12,6888,net_income,,JPY_million,1,SINGLE_SOURCE,kabutan_half,8,8,,,,kabutan_half=8,https://kabutan.jp/stock/finance?code=6888,,2026-10-09T22:21:14.745823+09:00
H2024-07_2024-12,6888,operating_income,,JPY_million,1,SINGLE_SOURCE,kabutan_half,33,33,,,,kabutan_half=33,https://kabutan.jp/stock/finance?code=6888,,2026-10-09T22:21:14.745823+09:00
H2024-07_2024-12,6888,ordinary_income,,JPY_million,1,SINGLE_SOURCE,kabutan_half,33,33,,,,kabutan_half=33,https://kabutan.jp/stock/finance?code=6888,,2026-10-09T22:21:14.745823+09:00
H2024-07_2024-12,6888,revenue,,JPY_million,1,SINGLE_SOURCE,kabutan_half,2730,"2,730",,,,kabutan_half=2730,https://kabutan.jp/stock/finance?code=6888,,2026-10-09T22:21:14.745823+09:00
H2025-07_2025-12,6888,eps,,JPY,0.1,SINGLE_SOURCE,kabutan_half,-2.6,-2.6,,,,kabutan_half=-2.6,https://kabutan.jp/stock/finance?code=6888,,2026-10-09T22:21:14.745823+09:00
H2025-07_2025-12,6888,net_income,,JPY_million,1,SINGLE_SOURCE,kabutan_half,-25,-25,,,,kabutan_half=-25,https://kabutan.jp/stock/finance?code=6888,,2026-10-09T22:21:14.745823+09:00
H2025-07_2025-12,6888,operating_income,,JPY_million,1,SINGLE_SOURCE,kabutan_half,16,16,,,,kabutan_half=16,https://kabutan.jp/stock/finance?code=6888,,2026-10-09T22:21:14.745823+09:00
H2025-07_2025-12,6888,ordinary_income,,JPY_million,1,SINGLE_SOURCE,kabutan_half,16,16,,,,kabutan_half=16,https://kabutan.jp/stock/finance?code=6888,,2026-10-09T22:21:14.745823+09:00
H2025-07_2025-12,6888,revenue,,JPY_million,1,SINGLE_SOURCE,kabutan_half,2861,"2,861",,,,kabutan_half=2861,https://kabutan.jp/stock/finance?code=6888,,2026-10-09T22:21:14.745823+09:00
Q2021-07_2021-09,6888,cost_ratio,,pct,0.01,SINGLE_SOURCE,irbank_q,68.67,68.67%,,,,irbank_q=68.67,https://irbank.net/E02324/quarter,,2026-10-09T22:21:14.745823+09:00
Q2021-07_2021-09,6888,operating_income,,JPY_million,1,SINGLE_SOURCE,irbank_q,-15,-15百万,,,,irbank_q=-15,https://irbank.net/E02324/quarter,,2026-10-09T22:21:14.745823+09:00
Q2021-07_2021-09,6888,operating_margin,,pct,0.01,SINGLE_SOURCE,irbank_q,-1.68,-1.68%,,,,irbank_q=-1.68,https://irbank.net/E02324/quarter,,2026-10-09T22:21:14.745823+09:00
Q2021-07_2021-09,6888,ordinary_income,,JPY_million,1,SINGLE_SOURCE,irbank_q,-16,-16百万,,,,irbank_q=-16,https://irbank.net/E02324/quarter,,2026-10-09T22:21:14.745823+09:00
Q2021-07_2021-09,6888,revenue,919,JPY_million,10,OK|ROUNDING,kabutan_q10,919,919,irbank_q,920,9.2億,kabutan_q10=919|irbank_q=920,https://kabutan.jp/stock/finance?code=6888,https://irbank.net/E02324/quarter,2026-10-09T22:21:14.745823+09:00
Q2021-07_2021-09,6888,sga_ratio,,pct,0.01,SINGLE_SOURCE,irbank_q,33.01,33.01%,,,,irbank_q=33.01,https://irbank.net/E02324/quarter,,2026-10-09T22:21:14.745823+09:00
Q2021-10_2021-12,6888,cost_ratio,,pct,0.1,SINGLE_SOURCE,irbank_q,63.1,63.1%,,,,irbank_q=63.1,https://irbank.net/E02324/quarter,,2026-10-09T22:21:14.745823+09:00
Q2021-10_2021-12,6888,operating_income,,JPY_million,1,SINGLE_SOURCE,irbank_q,90,90百万,,,,irbank_q=90,https://irbank.net/E02324/quarter,,2026-10-09T22:21:14.745823+09:00
Q2021-10_2021-12,6888,operating_margin,,pct,0.01,SINGLE_SOURCE,irbank_q,8.56,8.56%,,,,irbank_q=8.56,https://irbank.net/E02324/quarter,,2026-10-09T22:21:14.745823+09:00
Q2021-10_2021-12,6888,ordinary_income,,JPY_million,1,SINGLE_SOURCE,irbank_q,92,92百万,,,,irbank_q=92,https://irbank.net/E02324/quarter,,2026-10-09T22:21:14.745823+09:00
Q2021-10_2021-12,6888,revenue,1056,JPY_million,10,OK|ROUNDING,kabutan_q10,1056,"1,056",irbank_q,1060,10.6億,kabutan_q10=1056|irbank_q=1060,https://kabutan.jp/stock/finance?code=6888,https://irbank.net/E02324/quarter,2026-10-09T22:21:14.745823+09:00
Q2021-10_2021-12,6888,sga_ratio,,pct,0.01,SINGLE_SOURCE,irbank_q,28.33,28.33%,,,,irbank_q=28.33,https://irbank.net/E02324/quarter,,2026-10-09T22:21:14.745823+09:00
Q2022-01_2022-03,6888,cost_ratio,,pct,0.01,SINGLE_SOURCE,irbank_q,58.93,58.93%,,,,irbank_q=58.93,https://irbank.net/E02324/quarter,,2026-10-09T22:21:14.745823+09:00
Q2022-01_2022-03,6888,operating_income,,JPY_million,1,SINGLE_SOURCE,irbank_q,295,295百万,,,,irbank_q=295,https://irbank.net/E02324/quarter,,2026-10-09T22:21:14.745823+09:00
Q2022-01_2022-03,6888,operating_margin,,pct,0.1,SINGLE_SOURCE,irbank_q,20.3,20.3%,,,,irbank_q=20.3,https://irbank.net/E02324/quarter,,2026-10-09T22:21:14.745823+09:00
Q2022-01_2022-03,6888,ordinary_income,,JPY_million,1,SINGLE_SOURCE,irbank_q,295,295百万,,,,irbank_q=295,https://irbank.net/E02324/quarter,,2026-10-09T22:21:14.745823+09:00
Q2022-01_2022-03,6888,revenue,1454,JPY_million,10,OK|ROUNDING,kabutan_q10,1454,"1,454",irbank_q,1450,14.5億,kabutan_q10=1454|irbank_q=1450,https://kabutan.jp/stock/finance?code=6888,https://irbank.net/E02324/quarter,2026-10-09T22:21:14.745823+09:00
Q2022-01_2022-03,6888,sga_ratio,,pct,0.01,SINGLE_SOURCE,irbank_q,20.77,20.77%,,,,irbank_q=20.77,https://irbank.net/E02324/quarter,,2026-10-09T22:21:14.745823+09:00
Q2022-04_2022-06,6888,cost_ratio,,pct,0.1,SINGLE_SOURCE,irbank_q,59.3,59.3%,,,,irbank_q=59.3,https://irbank.net/E02324/quarter,,2026-10-09T22:21:14.745823+09:00
Q2022-04_2022-06,6888,operating_income,,JPY_million,1,SINGLE_SOURCE,irbank_q,103,103百万,,,,irbank_q=103,https://irbank.net/E02324/quarter,,2026-10-09T22:21:14.745823+09:00
Q2022-04_2022-06,6888,operating_margin,,pct,0.01,SINGLE_SOURCE,irbank_q,8.66,8.66%,,,,irbank_q=8.66,https://irbank.net/E02324/quarter,,2026-10-09T22:21:14.745823+09:00
Q2022-04_2022-06,6888,ordinary_income,,JPY_million,1,SINGLE_SOURCE,irbank_q,103,103百万,,,,irbank_q=103,https://irbank.net/E02324/quarter,,2026-10-09T22:21:14.745823+09:00
Q2022-04_2022-06,6888,revenue,1185,JPY_million,10,OK|ROUNDING,kabutan_q10,1185,"1,185",irbank_q,1190,11.9億,kabutan_q10=1185|irbank_q=1190,https://kabutan.jp/stock/finance?code=6888,https://irbank.net/E02324/quarter,2026-10-09T22:21:14.745823+09:00
Q2022-04_2022-06,6888,sga_ratio,,pct,0.01,SINGLE_SOURCE,irbank_q,32.04,32.04%,,,,irbank_q=32.04,https://irbank.net/E02324/quarter,,2026-10-09T22:21:14.745823+09:00
Q2022-07_2022-09,6888,cost_ratio,,pct,0.01,SINGLE_SOURCE,irbank_q,61.95,61.95%-6.72%,,,,irbank_q=61.95,https://irbank.net/E02324/quarter,,2026-10-09T22:21:14.745823+09:00
Q2022-07_2022-09,6888,operating_income,,JPY_million,1,SINGLE_SOURCE,irbank_q,108,108百万,,,,irbank_q=108,https://irbank.net/E02324/quarter,,2026-10-09T22:21:14.745823+09:00
Q2022-07_2022-09,6888,operating_margin,,pct,0.01,SINGLE_SOURCE,irbank_q,8.62,8.62%,,,,irbank_q=8.62,https://irbank.net/E02324/quarter,,2026-10-09T22:21:14.745823+09:00
Q2022-07_2022-09,6888,ordinary_income,,JPY_million,1,SINGLE_SOURCE,irbank_q,115,115百万,,,,irbank_q=115,https://irbank.net/E02324/quarter,,2026-10-09T22:21:14.745823+09:00
Q2022-07_2022-09,6888,revenue,1252,JPY_million,10,OK|ROUNDING,kabutan_q10,1252,"1,252",irbank_q,1250,12.5億+36.2%,kabutan_q10=1252|irbank_q=1250,https://kabutan.jp/stock/finance?code=6888,https://irbank.net/E02324/quarter,2026-10-09T22:21:14.745823+09:00
Q2022-07_2022-09,6888,sga_ratio,,pct,0.01,SINGLE_SOURCE,irbank_q,29.43,29.43%-3.58%,,,,irbank_q=29.43,https://irbank.net/E02324/quarter,,2026-10-09T22:21:14.745823+09:00
Q2022-10_2022-12,6888,cost_ratio,,pct,0.01,SINGLE_SOURCE,irbank_q,63.77,63.77%+0.67%,,,,irbank_q=63.77,https://irbank.net/E02324/quarter,,2026-10-09T22:21:14.745823+09:00
Q2022-10_2022-12,6888,operating_income,,JPY_million,1,SINGLE_SOURCE,irbank_q,110,110百万+22.3%,,,,irbank_q=110,https://irbank.net/E02324/quarter,,2026-10-09T22:21:14.745823+09:00
Q2022-10_2022-12,6888,operating_margin,,pct,0.01,SINGLE_SOURCE,irbank_q,8.57,8.57%+0.01%,,,,irbank_q=8.57,https://irbank.net/E02324/quarter,,2026-10-09T22:21:14.745823+09:00
Q2022-10_2022-12,6888,ordinary_income,,JPY_million,1,SINGLE_SOURCE,irbank_q,111,111百万+20.6%,,,,irbank_q=111,https://irbank.net/E02324/quarter,,2026-10-09T22:21:14.745823+09:00
Q2022-10_2022-12,6888,revenue,1289,JPY_million,10,OK|ROUNDING,kabutan_q10,1289,"1,289",irbank_q,1290,12.9億+22.1%,kabutan_q10=1289|irbank_q=1290,https://kabutan.jp/stock/finance?code=6888,https://irbank.net/E02324/quarter,2026-10-09T22:21:14.745823+09:00
Q2022-10_2022-12,6888,sga_ratio,,pct,0.01,SINGLE_SOURCE,irbank_q,27.66,27.66%-0.67%,,,,irbank_q=27.66,https://irbank.net/E02324/quarter,,2026-10-09T22:21:14.745823+09:00
Q2023-01_2023-03,6888,cost_ratio,,pct,0.01,SINGLE_SOURCE,irbank_q,59.92,59.92%+0.99%,,,,irbank_q=59.92,https://irbank.net/E02324/quarter,,2026-10-09T22:21:14.745823+09:00
Q2023-01_2023-03,6888,operating_income,,JPY_million,1,SINGLE_SOURCE,irbank_q,325,325百万+10.1%,,,,irbank_q=325,https://irbank.net/E02324/quarter,,2026-10-09T22:21:14.745823+09:00
Q2023-01_2023-03,6888,operating_margin,,pct,0.01,SINGLE_SOURCE,irbank_q,18.77,18.77%-1.53%,,,,irbank_q=18.77,https://irbank.net/E02324/quarter,,2026-10-09T22:21:14.745823+09:00
Q2023-01_2023-03,6888,ordinary_income,,JPY_million,1,SINGLE_SOURCE,irbank_q,346,346百万+17.3%,,,,irbank_q=346,https://irbank.net/E02324/quarter,,2026-10-09T22:21:14.745823+09:00
Q2023-01_2023-03,6888,revenue,1731,JPY_million,10,OK|ROUNDING,kabutan_q10,1731,"1,731",irbank_q,1730,17.3億+19%,kabutan_q10=1731|irbank_q=1730,https://kabutan.jp/stock/finance?code=6888,https://irbank.net/E02324/quarter,2026-10-09T22:21:14.745823+09:00
Q2023-01_2023-03,6888,sga_ratio,,pct,0.01,SINGLE_SOURCE,irbank_q,21.31,21.31%+0.54%,,,,irbank_q=21.31,https://irbank.net/E02324/quarter,,2026-10-09T22:21:14.745823+09:00
Q2023-04_2023-06,6888,cost_ratio,,pct,0.01,SINGLE_SOURCE,irbank_q,60.68,60.68%+1.38%,,,,irbank_q=60.68,https://irbank.net/E02324/quarter,,2026-10-09T22:21:14.745823+09:00
Q2023-04_2023-06,6888,operating_income,,JPY_million,1,SINGLE_SOURCE,irbank_q,106,106百万+3.7%,,,,irbank_q=106,https://irbank.net/E02324/quarter,,2026-10-09T22:21:14.745823+09:00
Q2023-04_2023-06,6888,operating_margin,,pct,0.01,SINGLE_SOURCE,irbank_q,6.67,6.67%-1.99%,,,,irbank_q=6.67,https://irbank.net/E02324/quarter,,2026-10-09T22:21:14.745823+09:00
Q2023-04_2023-06,6888,ordinary_income,,JPY_million,1,SINGLE_SOURCE,irbank_q,106,106百万+2.3%,,,,irbank_q=106,https://irbank.net/E02324/quarter,,2026-10-09T22:21:14.745823+09:00
Q2023-04_2023-06,6888,revenue,1595,JPY_million,100,OK|ROUNDING,kabutan_q10,1595,"1,595",irbank_q,1600,16億+34.5%,kabutan_q10=1595|irbank_q=1600,https://kabutan.jp/stock/finance?code=6888,https://irbank.net/E02324/quarter,2026-10-09T22:21:14.745823+09:00
Q2023-04_2023-06,6888,sga_ratio,,pct,0.01,SINGLE_SOURCE,irbank_q,32.64,32.64%+0.6%,,,,irbank_q=32.64,https://irbank.net/E02324/quarter,,2026-10-09T22:21:14.745823+09:00
Q2023-07_2023-09,6888,cost_ratio,,pct,0.01,SINGLE_SOURCE,irbank_q,64.19,64.19%+2.24%,,,,irbank_q=64.19,https://irbank.net/E02324/quarter,,2026-10-09T22:21:14.745823+09:00
Q2023-07_2023-09,6888,operating_income,,JPY_million,1,SINGLE_SOURCE,irbank_q,64,64百万-40.7%,,,,irbank_q=64,https://irbank.net/E02324/quarter,,2026-10-09T22:21:14.745823+09:00
Q2023-07_2023-09,6888,operating_margin,,pct,0.01,SINGLE_SOURCE,irbank_q,5.17,5.17%-3.45%,,,,irbank_q=5.17,https://irbank.net/E02324/quarter,,2026-10-09T22:21:14.745823+09:00
Q2023-07_2023-09,6888,ordinary_income,,JPY_million,1,SINGLE_SOURCE,irbank_q,65,65百万-43.8%,,,,irbank_q=65,https://irbank.net/E02324/quarter,,2026-10-09T22:21:14.745823+09:00
Q2023-07_2023-09,6888,revenue,1237,JPY_million,10,OK|ROUNDING,kabutan_q10,1237,"1,237",irbank_q,1240,12.4億-1.2%,kabutan_q10=1237|irbank_q=1240,https://kabutan.jp/stock/finance?code=6888,https://irbank.net/E02324/quarter,2026-10-09T22:21:14.745823+09:00
Q2023-07_2023-09,6888,sga_ratio,,pct,0.01,SINGLE_SOURCE,irbank_q,30.65,30.65%+1.22%,,,,irbank_q=30.65,https://irbank.net/E02324/quarter,,2026-10-09T22:21:14.745823+09:00
Q2023-10_2023-12,6888,cost_ratio,,pct,0.1,SINGLE_SOURCE,irbank_q,64.6,64.6%+0.83%,,,,irbank_q=64.6,https://irbank.net/E02324/quarter,,2026-10-09T22:21:14.745823+09:00
Q2023-10_2023-12,6888,operating_income,,JPY_million,1,SINGLE_SOURCE,irbank_q,116,116百万+5.3%,,,,irbank_q=116,https://irbank.net/E02324/quarter,,2026-10-09T22:21:14.745823+09:00
Q2023-10_2023-12,6888,operating_margin,,pct,0.1,SINGLE_SOURCE,irbank_q,8.3,8.3%-0.27%,,,,irbank_q=8.3,https://irbank.net/E02324/quarter,,2026-10-09T22:21:14.745823+09:00
Q2023-10_2023-12,6888,ordinary_income,,JPY_million,1,SINGLE_SOURCE,irbank_q,117,117百万+5.6%,,,,irbank_q=117,https://irbank.net/E02324/quarter,,2026-10-09T22:21:14.745823+09:00
Q2023-10_2023-12,6888,revenue,1401,JPY_million,100,OK|ROUNDING,kabutan_q10,1401,"1,401",irbank_q,1400,14億+8.7%,kabutan_q10=1401|irbank_q=1400,https://kabutan.jp/stock/finance?code=6888,https://irbank.net/E02324/quarter,2026-10-09T22:21:14.745823+09:00
Q2023-10_2023-12,6888,sga_ratio,,pct,0.1,SINGLE_SOURCE,irbank_q,27.1,27.1%-0.56%,,,,irbank_q=27.1,https://irbank.net/E02324/quarter,,2026-10-09T22:21:14.745823+09:00
Q2024-01_2024-03,6888,cost_ratio,,pct,0.01,SINGLE_SOURCE,irbank_q,62.13,62.13%+2.21%,,,,irbank_q=62.13,https://irbank.net/E02324/quarter,,2026-10-09T22:21:14.745823+09:00
Q2024-01_2024-03,6888,operating_income,,JPY_million,1,SINGLE_SOURCE,irbank_q,437,437百万+34.5%,,,,irbank_q=437,https://irbank.net/E02324/quarter,,2026-10-09T22:21:14.745823+09:00
Q2024-01_2024-03,6888,operating_margin,,pct,0.01,SINGLE_SOURCE,irbank_q,20.47,20.47%+1.7%,,,,irbank_q=20.47,https://irbank.net/E02324/quarter,,2026-10-09T22:21:14.745823+09:00
Q2024-01_2024-03,6888,ordinary_income,,JPY_million,1,SINGLE_SOURCE,irbank_q,435,435百万+25.6%,,,,irbank_q=435,https://irbank.net/E02324/quarter,,2026-10-09T22:21:14.745823+09:00
Q2024-01_2024-03,6888,revenue,2135,JPY_million,10,OK|ROUNDING,kabutan_q10,2135,"2,135",irbank_q,2140,21.4億+23.3%,kabutan_q10=2135|irbank_q=2140,https://kabutan.jp/stock/finance?code=6888,https://irbank.net/E02324/quarter,2026-10-09T22:21:14.745823+09:00
Q2024-01_2024-03,6888,sga_ratio,,pct,0.1,SINGLE_SOURCE,irbank_q,17.4,17.4%-3.91%,,,,irbank_q=17.4,https://irbank.net/E02324/quarter,,2026-10-09T22:21:14.745823+09:00
Q2024-04_2024-06,6888,cost_ratio,,pct,0.1,SINGLE_SOURCE,irbank_q,66.6,66.6%+5.92%,,,,irbank_q=66.6,https://irbank.net/E02324/quarter,,2026-10-09T22:21:14.745823+09:00
Q2024-04_2024-06,6888,operating_income,,JPY_million,1,SINGLE_SOURCE,irbank_q,43,43百万-59.5%,,,,irbank_q=43,https://irbank.net/E02324/quarter,,2026-10-09T22:21:14.745823+09:00
Q2024-04_2024-06,6888,operating_margin,,pct,0.01,SINGLE_SOURCE,irbank_q,2.96,2.96%-3.71%,,,,irbank_q=2.96,https://irbank.net/E02324/quarter,,2026-10-09T22:21:14.745823+09:00
Q2024-04_2024-06,6888,ordinary_income,,JPY_million,1,SINGLE_SOURCE,irbank_q,44,44百万-58.4%,,,,irbank_q=44,https://irbank.net/E02324/quarter,,2026-10-09T22:21:14.745823+09:00
Q2024-04_2024-06,6888,revenue,1457,JPY_million,10,OK|ROUNDING,kabutan_q10,1457,"1,457",irbank_q,1460,14.6億-8.7%,kabutan_q10=1457|irbank_q=1460,https://kabutan.jp/stock/finance?code=6888,https://irbank.net/E02324/quarter,2026-10-09T22:21:14.745823+09:00
Q2024-04_2024-06,6888,sga_ratio,,pct,0.01,SINGLE_SOURCE,irbank_q,30.44,30.44%-2.2%,,,,irbank_q=30.44,https://irbank.net/E02324/quarter,,2026-10-09T22:21:14.745823+09:00
Q2024-07_2024-09,6888,cost_ratio,,pct,0.01,SINGLE_SOURCE,irbank_q,67.56,67.56%+3.37%,,,,irbank_q=67.56,https://irbank.net/E02324/quarter,,2026-10-09T22:21:14.745823+09:00
Q2024-07_2024-09,6888,eps,,JPY,0.1,SINGLE_SOURCE,kabutan_q,-1,-1.0,,,,kabutan_q=-1,https://kabutan.jp/stock/finance?code=6888,,2026-10-09T22:21:14.745823+09:00
Q2024-07_2024-09,6888,net_income,,JPY_million,1,SINGLE_SOURCE,kabutan_q,-9,-9,,,,kabutan_q=-9,https://kabutan.jp/stock/finance?code=6888,,2026-10-09T22:21:14.745823+09:00
Q2024-07_2024-09,6888,operating_income,2.3,JPY_million,1,OK|ROUNDING,kabutan_q,2,2,irbank_q,2.3,2.3百万-96.4%,kabutan_q=2|irbank_q=2.3,https://kabutan.jp/stock/finance?code=6888,https://irbank.net/E02324/quarter,2026-10-09T22:21:14.745823+09:00
Q2024-07_2024-09,6888,operating_margin,0.17,pct,0.1,OK|ROUNDING,kabutan_q,0.1,0.1,irbank_q,0.17,0.17%-5%,kabutan_q=0.1|irbank_q=0.17,https://kabutan.jp/stock/finance?code=6888,https://irbank.net/E02324/quarter,2026-10-09T22:21:14.745823+09:00
Q2024-07_2024-09,6888,ordinary_income,4.1,JPY_million,1,OK|ROUNDING,kabutan_q,4,4,irbank_q,4.1,4.1百万-93.6%,kabutan_q=4|irbank_q=4.1,https://kabutan.jp/stock/finance?code=6888,https://irbank.net/E02324/quarter,2026-10-09T22:21:14.745823+09:00
Q2024-07_2024-09,6888,revenue,1352,JPY_million,10,OK|ROUNDING,kabutan_q,1352,"1,352",kabutan_q10,1352,"1,352",kabutan_q=1352|kabutan_q10=1352|irbank_q=1350,https://kabutan.jp/stock/finance?code=6888,https://kabutan.jp/stock/finance?code=6888,2026-10-09T22:21:14.745823+09:00
Q2024-07_2024-09,6888,sga_ratio,,pct,0.01,SINGLE_SOURCE,irbank_q,32.27,32.27%+1.62%,,,,irbank_q=32.27,https://irbank.net/E02324/quarter,,2026-10-09T22:21:14.745823+09:00
Q2024-10_2024-12,6888,cost_ratio,,pct,0.01,SINGLE_SOURCE,irbank_q,66.89,66.89%+2.29%,,,,irbank_q=66.89,https://irbank.net/E02324/quarter,,2026-10-09T22:21:14.745823+09:00
Q2024-10_2024-12,6888,eps,,JPY,0.1,SINGLE_SOURCE,kabutan_q,1.9,1.9,,,,kabutan_q=1.9,https://kabutan.jp/stock/finance?code=6888,,2026-10-09T22:21:14.745823+09:00
Q2024-10_2024-12,6888,net_income,,JPY_million,1,SINGLE_SOURCE,kabutan_q,17,17,,,,kabutan_q=17,https://kabutan.jp/stock/finance?code=6888,,2026-10-09T22:21:14.745823+09:00
Q2024-10_2024-12,6888,operating_income,31,JPY_million,1,OK|ROUNDING,kabutan_q,31,31,irbank_q,32,32百万-72.9%,kabutan_q=31|irbank_q=32,https://kabutan.jp/stock/finance?code=6888,https://irbank.net/E02324/quarter,2026-10-09T22:21:14.745823+09:00
Q2024-10_2024-12,6888,operating_margin,2.29,pct,0.1,OK|ROUNDING,kabutan_q,2.2,2.2,irbank_q,2.29,2.29%-6.01%,kabutan_q=2.2|irbank_q=2.29,https://kabutan.jp/stock/finance?code=6888,https://irbank.net/E02324/quarter,2026-10-09T22:21:14.745823+09:00
Q2024-10_2024-12,6888,ordinary_income,29,JPY_million,1,OK,kabutan_q,29,29,irbank_q,29,29百万-75.2%,kabutan_q=29|irbank_q=29,https://kabutan.jp/stock/finance?code=6888,https://irbank.net/E02324/quarter,2026-10-09T22:21:14.745823+09:00
Q2024-10_2024-12,6888,revenue,1378,JPY_million,10,OK|ROUNDING,kabutan_q,1378,"1,378",kabutan_q10,1378,"1,378",kabutan_q=1378|kabutan_q10=1378|irbank_q=1380,https://kabutan.jp/stock/finance?code=6888,https://kabutan.jp/stock/finance?code=6888,2026-10-09T22:21:14.745823+09:00
Q2024-10_2024-12,6888,sga_ratio,,pct,0.01,SINGLE_SOURCE,irbank_q,30.83,30.83%+3.73%,,,,irbank_q=30.83,https://irbank.net/E02324/quarter,,2026-10-09T22:21:14.745823+09:00
Q2025-01_2025-03,6888,cost_ratio,,pct,0.01,SINGLE_SOURCE,irbank_q,58.43,58.43%-3.7%,,,,irbank_q=58.43,https://irbank.net/E02324/quarter,,2026-10-09T22:21:14.745823+09:00
Q2025-01_2025-03,6888,eps,,JPY,0.1,SINGLE_SOURCE,kabutan_q,31.8,31.8,kabutan_record_q,31.8,31.8,kabutan_q=31.8|kabutan_record_q=31.8,https://kabutan.jp/stock/finance?code=6888,https://kabutan.jp/stock/finance?code=6888,2026-10-09T22:21:14.745823+09:00
Q2025-01_2025-03,6888,net_income,,JPY_million,1,SINGLE_SOURCE,kabutan_q,315,315,kabutan_record_q,315,315,kabutan_q=315|kabutan_record_q=315,https://kabutan.jp/stock/finance?code=6888,https://kabutan.jp/stock/finance?code=6888,2026-10-09T22:21:14.745823+09:00
Q2025-01_2025-03,6888,operating_income,461,JPY_million,1,OK|ROUNDING,kabutan_q,461,461,kabutan_record_q,461,461,kabutan_q=461|kabutan_record_q=461|irbank_q=460,https://kabutan.jp/stock/finance?code=6888,https://kabutan.jp/stock/finance?code=6888,2026-10-09T22:21:14.745823+09:00
Q2025-01_2025-03,6888,operating_margin,21.78,pct,0.1,OK|ROUNDING,kabutan_q,21.8,21.8,irbank_q,21.78,21.78%+1.31%,kabutan_q=21.8|irbank_q=21.78,https://kabutan.jp/stock/finance?code=6888,https://irbank.net/E02324/quarter,2026-10-09T22:21:14.745823+09:00
Q2025-01_2025-03,6888,ordinary_income,465,JPY_million,1,OK,kabutan_q,465,465,kabutan_record_q,465,465,kabutan_q=465|kabutan_record_q=465|irbank_q=465,https://kabutan.jp/stock/finance?code=6888,https://kabutan.jp/stock/finance?code=6888,2026-10-09T22:21:14.745823+09:00
Q2025-01_2025-03,6888,revenue,2113,JPY_million,10,OK|ROUNDING,kabutan_q,2113,"2,113",kabutan_q10,2113,"2,113",kabutan_q=2113|kabutan_q10=2113|irbank_q=2110,https://kabutan.jp/stock/finance?code=6888,https://kabutan.jp/stock/finance?code=6888,2026-10-09T22:21:14.745823+09:00
Q2025-01_2025-03,6888,sga_ratio,,pct,0.01,SINGLE_SOURCE,irbank_q,19.79,19.79%+2.39%,,,,irbank_q=19.79,https://irbank.net/E02324/quarter,,2026-10-09T22:21:14.745823+09:00
Q2025-04_2025-06,6888,cost_ratio,,pct,0.01,SINGLE_SOURCE,irbank_q,66.11,66.11%-0.49%,,,,irbank_q=66.11,https://irbank.net/E02324/quarter,,2026-10-09T22:21:14.745823+09:00
Q2025-04_2025-06,6888,eps,,JPY,0.1,SINGLE_SOURCE,kabutan_q,6.4,6.4,,,,kabutan_q=6.4,https://kabutan.jp/stock/finance?code=6888,,2026-10-09T22:21:14.745823+09:00
Q2025-04_2025-06,6888,net_income,,JPY_million,1,SINGLE_SOURCE,kabutan_q,63,63,,,,kabutan_q=63,https://kabutan.jp/stock/finance?code=6888,,2026-10-09T22:21:14.745823+09:00
Q2025-04_2025-06,6888,operating_income,89,JPY_million,1,OK|ROUNDING,kabutan_q,89,89,irbank_q,90,90百万+108.5%,kabutan_q=89|irbank_q=90,https://kabutan.jp/stock/finance?code=6888,https://irbank.net/E02324/quarter,2026-10-09T22:21:14.745823+09:00
Q2025-04_2025-06,6888,operating_margin,5.6,pct,0.1,OK|ROUNDING,kabutan_q,5.6,5.6,irbank_q,5.7,5.7%+2.74%,kabutan_q=5.6|irbank_q=5.7,https://kabutan.jp/stock/finance?code=6888,https://irbank.net/E02324/quarter,2026-10-09T22:21:14.745823+09:00
Q2025-04_2025-06,6888,ordinary_income,86,JPY_million,1,OK|ROUNDING,kabutan_q,86,86,irbank_q,87,87百万+97.4%,kabutan_q=86|irbank_q=87,https://kabutan.jp/stock/finance?code=6888,https://irbank.net/E02324/quarter,2026-10-09T22:21:14.745823+09:00
Q2025-04_2025-06,6888,revenue,1578,JPY_million,10,OK|ROUNDING,kabutan_q,1578,"1,578",kabutan_q10,1578,"1,578",kabutan_q=1578|kabutan_q10=1578|irbank_q=1580,https://kabutan.jp/stock/finance?code=6888,https://kabutan.jp/stock/finance?code=6888,2026-10-09T22:21:14.745823+09:00
Q2025-04_2025-06,6888,sga_ratio,,pct,0.01,SINGLE_SOURCE,irbank_q,28.19,28.19%-2.25%,,,,irbank_q=28.19,https://irbank.net/E02324/quarter,,2026-10-09T22:21:14.745823+09:00
Q2025-07_2025-09,6888,cost_ratio,,pct,0.01,SINGLE_SOURCE,irbank_q,68.51,68.51%+0.95%,,,,irbank_q=68.51,https://irbank.net/E02324/quarter,,2026-10-09T22:21:14.745823+09:00
Q2025-07_2025-09,6888,eps,,JPY,0.1,SINGLE_SOURCE,kabutan_q,-3.9,-3.9,,,,kabutan_q=-3.9,https://kabutan.jp/stock/finance?code=6888,,2026-10-09T22:21:14.745823+09:00
Q2025-07_2025-09,6888,net_income,,JPY_million,1,SINGLE_SOURCE,kabutan_q,-39,-39,,,,kabutan_q=-39,https://kabutan.jp/stock/finance?code=6888,,2026-10-09T22:21:14.745823+09:00
Q2025-07_2025-09,6888,operating_income,-30,JPY_million,1,OK,kabutan_q,-30,-30,irbank_q,-30,-30百万,kabutan_q=-30|irbank_q=-30,https://kabutan.jp/stock/finance?code=6888,https://irbank.net/E02324/quarter,2026-10-09T22:21:14.745823+09:00
Q2025-07_2025-09,6888,operating_margin,-2.25,pct,0.1,OK|ROUNDING,kabutan_q,-2.2,-2.2,irbank_q,-2.25,-2.25%,kabutan_q=-2.2|irbank_q=-2.25,https://kabutan.jp/stock/finance?code=6888,https://irbank.net/E02324/quarter,2026-10-09T22:21:14.745823+09:00
Q2025-07_2025-09,6888,ordinary_income,-32,JPY_million,1,OK,kabutan_q,-32,-32,irbank_q,-32,-32百万,kabutan_q=-32|irbank_q=-32,https://kabutan.jp/stock/finance?code=6888,https://irbank.net/E02324/quarter,2026-10-09T22:21:14.745823+09:00
Q2025-07_2025-09,6888,revenue,1335,JPY_million,10,OK|ROUNDING,kabutan_q,1335,"1,335",kabutan_q10,1335,"1,335",kabutan_q=1335|kabutan_q10=1335|irbank_q=1340,https://kabutan.jp/stock/finance?code=6888,https://kabutan.jp/stock/finance?code=6888,2026-10-09T22:21:14.745823+09:00
Q2025-07_2025-09,6888,sga_ratio,,pct,0.01,SINGLE_SOURCE,irbank_q,33.85,33.85%+1.58%,,,,irbank_q=33.85,https://irbank.net/E02324/quarter,,2026-10-09T22:21:14.745823+09:00
Q2025-10_2025-12,6888,cost_ratio,,pct,0.01,SINGLE_SOURCE,irbank_q,67.53,67.53%+0.64%,,,,irbank_q=67.53,https://irbank.net/E02324/quarter,,2026-10-09T22:21:14.745823+09:00
Q2025-10_2025-12,6888,eps,,JPY,0.1,SINGLE_SOURCE,kabutan_q,1.4,1.4,,,,kabutan_q=1.4,https://kabutan.jp/stock/finance?code=6888,,2026-10-09T22:21:14.745823+09:00
Q2025-10_2025-12,6888,net_income,,JPY_million,1,SINGLE_SOURCE,kabutan_q,14,14,,,,kabutan_q=14,https://kabutan.jp/stock/finance?code=6888,,2026-10-09T22:21:14.745823+09:00
Q2025-10_2025-12,6888,operating_income,46,JPY_million,1,OK|ROUNDING,kabutan_q,46,46,irbank_q,47,47百万+48.6%,kabutan_q=46|irbank_q=47,https://kabutan.jp/stock/finance?code=6888,https://irbank.net/E02324/quarter,2026-10-09T22:21:14.745823+09:00
Q2025-10_2025-12,6888,operating_margin,3.07,pct,0.1,OK|ROUNDING,kabutan_q,3,3.0,irbank_q,3.07,3.07%+0.78%,kabutan_q=3|irbank_q=3.07,https://kabutan.jp/stock/finance?code=6888,https://irbank.net/E02324/quarter,2026-10-09T22:21:14.745823+09:00
Q2025-10_2025-12,6888,ordinary_income,48,JPY_million,1,OK|ROUNDING,kabutan_q,48,48,irbank_q,49,49百万+67.9%,kabutan_q=48|irbank_q=49,https://kabutan.jp/stock/finance?code=6888,https://irbank.net/E02324/quarter,2026-10-09T22:21:14.745823+09:00
Q2025-10_2025-12,6888,revenue,1526,JPY_million,10,OK|ROUNDING,kabutan_q,1526,"1,526",kabutan_q10,1526,"1,526",kabutan_q=1526|kabutan_q10=1526|irbank_q=1530,https://kabutan.jp/stock/finance?code=6888,https://kabutan.jp/stock/finance?code=6888,2026-10-09T22:21:14.745823+09:00
Q2025-10_2025-12,6888,sga_ratio,,pct,0.1,SINGLE_SOURCE,irbank_q,29.3,29.3%-1.53%,,,,irbank_q=29.3,https://irbank.net/E02324/quarter,,2026-10-09T22:21:14.745823+09:00
Q2026-01_2026-03,6888,cost_ratio,,pct,0.01,SINGLE_SOURCE,irbank_q,68.55,68.55%+10.12%,,,,irbank_q=68.55,https://irbank.net/E02324/quarter,,2026-10-09T22:21:14.745823+09:00
Q2026-01_2026-03,6888,eps,,JPY,0.1,SINGLE_SOURCE,kabutan_q,27.7,27.7,,,,kabutan_q=27.7,https://kabutan.jp/stock/finance?code=6888,,2026-10-09T22:21:14.745823+09:00
Q2026-01_2026-03,6888,net_income,,JPY_million,1,SINGLE_SOURCE,kabutan_q,275,275,,,,kabutan_q=275,https://kabutan.jp/stock/finance?code=6888,,2026-10-09T22:21:14.745823+09:00
Q2026-01_2026-03,6888,operating_income,393,JPY_million,1,OK|ROUNDING,kabutan_q,393,393,irbank_q,392,392百万-14.8%,kabutan_q=393|irbank_q=392,https://kabutan.jp/stock/finance?code=6888,https://irbank.net/E02324/quarter,2026-10-09T22:21:14.745823+09:00
Q2026-01_2026-03,6888,operating_margin,13.83,pct,0.1,OK|ROUNDING,kabutan_q,13.9,13.9,irbank_q,13.83,13.83%-7.95%,kabutan_q=13.9|irbank_q=13.83,https://kabutan.jp/stock/finance?code=6888,https://irbank.net/E02324/quarter,2026-10-09T22:21:14.745823+09:00
Q2026-01_2026-03,6888,ordinary_income,396,JPY_million,1,OK|ROUNDING,kabutan_q,396,396,irbank_q,395,395百万-15%,kabutan_q=396|irbank_q=395,https://kabutan.jp/stock/finance?code=6888,https://irbank.net/E02324/quarter,2026-10-09T22:21:14.745823+09:00
Q2026-01_2026-03,6888,revenue,2837,JPY_million,10,OK|ROUNDING,kabutan_q,2837,"2,837",kabutan_q10,2837,"2,837",kabutan_q=2837|kabutan_q10=2837|kabutan_record_q=2837|irbank_q=2840,https://kabutan.jp/stock/finance?code=6888,https://kabutan.jp/stock/finance?code=6888,2026-10-09T22:21:14.745823+09:00
Q2026-01_2026-03,6888,sga_ratio,,pct,0.01,SINGLE_SOURCE,irbank_q,17.62,17.62%-2.17%,,,,irbank_q=17.62,https://irbank.net/E02324/quarter,,2026-10-09T22:21:14.745823+09:00
Q2026-04_2026-06,6888,cost_ratio,,pct,0.01,SINGLE_SOURCE,irbank_q,66.82,66.82%+0.71%,,,,irbank_q=66.82,https://irbank.net/E02324/quarter,,2026-10-09T22:21:14.745823+09:00
Q2026-04_2026-06,6888,eps,,JPY,0.1,SINGLE_SOURCE,kabutan_q,6.6,6.6,kabutan_q10,6.6,6.6,kabutan_q=6.6|kabutan_q10=6.6,https://kabutan.jp/stock/finance?code=6888,https://kabutan.jp/stock/finance?code=6888,2026-10-09T22:21:14.745823+09:00
Q2026-04_2026-06,6888,net_income,,JPY_million,1,SINGLE_SOURCE,kabutan_q,66,66,,,,kabutan_q=66,https://kabutan.jp/stock/finance?code=6888,,2026-10-09T22:21:14.745823+09:00
Q2026-04_2026-06,6888,operating_income,115,JPY_million,1,OK,kabutan_q,115,115,kabutan_q10,115,115,kabutan_q=115|kabutan_q10=115|irbank_q=115,https://kabutan.jp/stock/finance?code=6888,https://kabutan.jp/stock/finance?code=6888,2026-10-09T22:21:14.745823+09:00
Q2026-04_2026-06,6888,operating_margin,6.4,pct,0.1,OK,kabutan_q,6.4,6.4,irbank_q,6.4,6.4%+0.7%,kabutan_q=6.4|irbank_q=6.4,https://kabutan.jp/stock/finance?code=6888,https://irbank.net/E02324/quarter,2026-10-09T22:21:14.745823+09:00
Q2026-04_2026-06,6888,ordinary_income,117,JPY_million,1,OK,kabutan_q,117,117,kabutan_q10,117,117,kabutan_q=117|kabutan_q10=117|irbank_q=117,https://kabutan.jp/stock/finance?code=6888,https://kabutan.jp/stock/finance?code=6888,2026-10-09T22:21:14.745823+09:00
Q2026-04_2026-06,6888,revenue,1801,JPY_million,100,OK|ROUNDING,kabutan_q,1801,"1,801",kabutan_q10,1801,"1,801",kabutan_q=1801|kabutan_q10=1801|irbank_q=1800,https://kabutan.jp/stock/finance?code=6888,https://kabutan.jp/stock/finance?code=6888,2026-10-09T22:21:14.745823+09:00
Q2026-04_2026-06,6888,sga_ratio,,pct,0.01,SINGLE_SOURCE,irbank_q,26.79,26.79%-1.4%,,,,irbank_q=26.79,https://irbank.net/E02324/quarter,,2026-10-09T22:21:14.745823+09:00
