period,code,metric,value,unit,tolerance,status,source_primary,value_primary,raw_primary,source_secondary,value_secondary,raw_secondary,sources_all,source_url_primary,source_url_secondary,fetched_at
FY1998-03,6904,eps,,JPY,0.1,SINGLE_SOURCE,kabutan_record_fy,89.7,89.7,,,,kabutan_record_fy=89.7,https://kabutan.jp/stock/finance?code=6904,,2026-08-31T01:24:49.228521+09:00
FY1998-03,6904,net_income,,JPY_million,1,SINGLE_SOURCE,kabutan_record_fy,1770,"1,770",,,,kabutan_record_fy=1770,https://kabutan.jp/stock/finance?code=6904,,2026-08-31T01:24:49.228521+09:00
FY2002-03,6904,revenue,,JPY_million,1,SINGLE_SOURCE,kabutan_fy10,21616,"21,616",,,,kabutan_fy10=21616,https://kabutan.jp/stock/finance?code=6904,,2026-08-31T01:24:49.228521+09:00
FY2003-03,6904,ordinary_income,,JPY_million,1,SINGLE_SOURCE,kabutan_record_fy,2360,"2,360",,,,kabutan_record_fy=2360,https://kabutan.jp/stock/finance?code=6904,,2026-08-31T01:24:49.228521+09:00
FY2003-03,6904,revenue,,JPY_million,1,SINGLE_SOURCE,kabutan_fy10,23120,"23,120",,,,kabutan_fy10=23120,https://kabutan.jp/stock/finance?code=6904,,2026-08-31T01:24:49.228521+09:00
FY2004-03,6904,revenue,,JPY_million,1,SINGLE_SOURCE,kabutan_fy10,21768,"21,768",,,,kabutan_fy10=21768,https://kabutan.jp/stock/finance?code=6904,,2026-08-31T01:24:49.228521+09:00
FY2005-03,6904,revenue,,JPY_million,1,SINGLE_SOURCE,kabutan_fy10,20771,"20,771",,,,kabutan_fy10=20771,https://kabutan.jp/stock/finance?code=6904,,2026-08-31T01:24:49.228521+09:00
FY2006-03,6904,revenue,,JPY_million,1,SINGLE_SOURCE,kabutan_fy10,22470,"22,470",,,,kabutan_fy10=22470,https://kabutan.jp/stock/finance?code=6904,,2026-08-31T01:24:49.228521+09:00
FY2007-03,6904,revenue,,JPY_million,1,SINGLE_SOURCE,kabutan_fy10,23181,"23,181",,,,kabutan_fy10=23181,https://kabutan.jp/stock/finance?code=6904,,2026-08-31T01:24:49.228521+09:00
FY2008-03,6904,capex,,JPY_million,1,SINGLE_SOURCE,irbank_cf,-693,-6.93億,,,,irbank_cf=-693,https://irbank.net/E01857/results,,2026-08-31T01:24:49.228521+09:00
FY2008-03,6904,cash_equivalents,,JPY_million,10,SINGLE_SOURCE,irbank_cf,2430,24.3億,,,,irbank_cf=2430,https://irbank.net/E01857/results,,2026-08-31T01:24:49.228521+09:00
FY2008-03,6904,cost_ratio,,pct,0.01,SINGLE_SOURCE,irbank_pl_consolidated,72.47,72.47,,,,irbank_pl_consolidated=72.47,https://irbank.net/E01857/results,,2026-08-31T01:24:49.228521+09:00
FY2008-03,6904,equity_ratio,,pct,0.01,SINGLE_SOURCE,irbank_bs,45.24,45.24,,,,irbank_bs=45.24,https://irbank.net/E01857/results,,2026-08-31T01:24:49.228521+09:00
FY2008-03,6904,financing_cf,,JPY_million,1,SINGLE_SOURCE,irbank_cf,-588,-5.88億,,,,irbank_cf=-588,https://irbank.net/E01857/results,,2026-08-31T01:24:49.228521+09:00
FY2008-03,6904,free_cf,,JPY_million,1,SINGLE_SOURCE,irbank_cf,-209,-2.09億,,,,irbank_cf=-209,https://irbank.net/E01857/results,,2026-08-31T01:24:49.228521+09:00
FY2008-03,6904,interest_bearing_debt,,JPY_million,10,SINGLE_SOURCE,irbank_bs,6510,65.1億,,,,irbank_bs=6510,https://irbank.net/E01857/results,,2026-08-31T01:24:49.228521+09:00
FY2008-03,6904,interest_bearing_debt_ratio,,x,0.0001,SINGLE_SOURCE|UNIT_CONVERTED,irbank_bs,0.6594,65.94,,,,irbank_bs=0.6594,https://irbank.net/E01857/results,,2026-08-31T01:24:49.228521+09:00
FY2008-03,6904,investing_cf,,JPY_million,1,SINGLE_SOURCE,irbank_cf,-515,-5.15億,,,,irbank_cf=-515,https://irbank.net/E01857/results,,2026-08-31T01:24:49.228521+09:00
FY2008-03,6904,net_assets,,JPY_million,10,SINGLE_SOURCE,irbank_bs,9870,98.7億,,,,irbank_bs=9870,https://irbank.net/E01857/results,,2026-08-31T01:24:49.228521+09:00
FY2008-03,6904,net_income,,JPY_million,1,SINGLE_SOURCE,irbank_pl_consolidated,561,5.61億,,,,irbank_pl_consolidated=561,https://irbank.net/E01857/results,,2026-08-31T01:24:49.228521+09:00
FY2008-03,6904,operating_cf,,JPY_million,1,SINGLE_SOURCE,irbank_cf,306,3.06億,,,,irbank_cf=306,https://irbank.net/E01857/results,,2026-08-31T01:24:49.228521+09:00
FY2008-03,6904,operating_income,,JPY_million,100,SINGLE_SOURCE,irbank_pl_consolidated,1100,11億,,,,irbank_pl_consolidated=1100,https://irbank.net/E01857/results,,2026-08-31T01:24:49.228521+09:00
FY2008-03,6904,operating_margin,,pct,0.01,SINGLE_SOURCE,irbank_pl_consolidated,3.98,3.98,,,,irbank_pl_consolidated=3.98,https://irbank.net/E01857/results,,2026-08-31T01:24:49.228521+09:00
FY2008-03,6904,ordinary_income,,JPY_million,1,SINGLE_SOURCE,irbank_pl_consolidated,703,7.03億,,,,irbank_pl_consolidated=703,https://irbank.net/E01857/results,,2026-08-31T01:24:49.228521+09:00
FY2008-03,6904,retained_earnings,,JPY_million,10,SINGLE_SOURCE,irbank_bs,6090,60.9億,,,,irbank_bs=6090,https://irbank.net/E01857/results,,2026-08-31T01:24:49.228521+09:00
FY2008-03,6904,revenue,27733,JPY_million,100,OK|ROUNDING,kabutan_fy10,27733,"27,733",irbank_pl_consolidated,27700,277億,kabutan_fy10=27733|irbank_pl_consolidated=27700,https://kabutan.jp/stock/finance?code=6904,https://irbank.net/E01857/results,2026-08-31T01:24:49.228521+09:00
FY2008-03,6904,roa,,pct,0.01,SINGLE_SOURCE,irbank_pl_consolidated,2.57,2.57,,,,irbank_pl_consolidated=2.57,https://irbank.net/E01857/results,,2026-08-31T01:24:49.228521+09:00
FY2008-03,6904,roe,,pct,0.01,SINGLE_SOURCE,irbank_pl_consolidated,5.69,5.69,,,,irbank_pl_consolidated=5.69,https://irbank.net/E01857/results,,2026-08-31T01:24:49.228521+09:00
FY2008-03,6904,sga_ratio,,pct,0.01,SINGLE_SOURCE,irbank_pl_consolidated,23.55,23.55,,,,irbank_pl_consolidated=23.55,https://irbank.net/E01857/results,,2026-08-31T01:24:49.228521+09:00
FY2008-03,6904,shareholders_equity,,JPY_million,10,SINGLE_SOURCE,irbank_bs,9970,99.7億,,,,irbank_bs=9970,https://irbank.net/E01857/results,,2026-08-31T01:24:49.228521+09:00
FY2008-03,6904,total_assets,,JPY_million,100,SINGLE_SOURCE,irbank_bs,21800,218億,,,,irbank_bs=21800,https://irbank.net/E01857/results,,2026-08-31T01:24:49.228521+09:00
FY2009-03,6904,capex,,JPY_million,1,SINGLE_SOURCE,irbank_cf,-657,-6.57億,,,,irbank_cf=-657,https://irbank.net/E01857/results,,2026-08-31T01:24:49.228521+09:00
FY2009-03,6904,cash_equivalents,,JPY_million,10,SINGLE_SOURCE,irbank_cf,4940,49.4億,,,,irbank_cf=4940,https://irbank.net/E01857/results,,2026-08-31T01:24:49.228521+09:00
FY2009-03,6904,cost_ratio,,pct,0.01,SINGLE_SOURCE,irbank_pl_consolidated,74.13,74.13,,,,irbank_pl_consolidated=74.13,https://irbank.net/E01857/results,,2026-08-31T01:24:49.228521+09:00
FY2009-03,6904,equity_ratio,,pct,0.01,SINGLE_SOURCE,irbank_bs,37.25,37.25,,,,irbank_bs=37.25,https://irbank.net/E01857/results,,2026-08-31T01:24:49.228521+09:00
FY2009-03,6904,financing_cf,,JPY_million,10,SINGLE_SOURCE,irbank_cf,1670,16.7億,,,,irbank_cf=1670,https://irbank.net/E01857/results,,2026-08-31T01:24:49.228521+09:00
FY2009-03,6904,free_cf,,JPY_million,10,SINGLE_SOURCE,irbank_cf,1490,14.9億,,,,irbank_cf=1490,https://irbank.net/E01857/results,,2026-08-31T01:24:49.228521+09:00
FY2009-03,6904,interest_bearing_debt,,JPY_million,10,SINGLE_SOURCE,irbank_bs,8170,81.7億,,,,irbank_bs=8170,https://irbank.net/E01857/results,,2026-08-31T01:24:49.228521+09:00
FY2009-03,6904,interest_bearing_debt_ratio,,x,0.0001,SINGLE_SOURCE|UNIT_CONVERTED,irbank_bs,1.1672,116.72,,,,irbank_bs=1.1672,https://irbank.net/E01857/results,,2026-08-31T01:24:49.228521+09:00
FY2009-03,6904,investing_cf,,JPY_million,10,SINGLE_SOURCE,irbank_cf,-570,-5.7億,,,,irbank_cf=-570,https://irbank.net/E01857/results,,2026-08-31T01:24:49.228521+09:00
FY2009-03,6904,net_assets,,JPY_million,100,SINGLE_SOURCE,irbank_bs,7000,70億,,,,irbank_bs=7000,https://irbank.net/E01857/results,,2026-08-31T01:24:49.228521+09:00
FY2009-03,6904,net_income,,JPY_million,1,SINGLE_SOURCE,irbank_pl_consolidated,-766,-7.66億,,,,irbank_pl_consolidated=-766,https://irbank.net/E01857/results,,2026-08-31T01:24:49.228521+09:00
FY2009-03,6904,operating_cf,,JPY_million,10,SINGLE_SOURCE,irbank_cf,2060,20.6億,,,,irbank_cf=2060,https://irbank.net/E01857/results,,2026-08-31T01:24:49.228521+09:00
FY2009-03,6904,operating_income,,JPY_million,1,SINGLE_SOURCE,irbank_pl_consolidated,-101,-1.01億,,,,irbank_pl_consolidated=-101,https://irbank.net/E01857/results,,2026-08-31T01:24:49.228521+09:00
FY2009-03,6904,operating_margin,,pct,0.01,SINGLE_SOURCE,irbank_pl_consolidated,-0.47,-0.47,,,,irbank_pl_consolidated=-0.47,https://irbank.net/E01857/results,,2026-08-31T01:24:49.228521+09:00
FY2009-03,6904,ordinary_income,,JPY_million,1,SINGLE_SOURCE,irbank_pl_consolidated,-256,-2.56億,,,,irbank_pl_consolidated=-256,https://irbank.net/E01857/results,,2026-08-31T01:24:49.228521+09:00
FY2009-03,6904,retained_earnings,,JPY_million,10,SINGLE_SOURCE,irbank_bs,5050,50.5億,,,,irbank_bs=5050,https://irbank.net/E01857/results,,2026-08-31T01:24:49.228521+09:00
FY2009-03,6904,revenue,21752,JPY_million,100,OK|ROUNDING,kabutan_fy10,21752,"21,752",irbank_pl_consolidated,21800,218億,kabutan_fy10=21752|irbank_pl_consolidated=21800,https://kabutan.jp/stock/finance?code=6904,https://irbank.net/E01857/results,2026-08-31T01:24:49.228521+09:00
FY2009-03,6904,sga_ratio,,pct,0.01,SINGLE_SOURCE,irbank_pl_consolidated,26.33,26.33,,,,irbank_pl_consolidated=26.33,https://irbank.net/E01857/results,,2026-08-31T01:24:49.228521+09:00
FY2009-03,6904,shareholders_equity,,JPY_million,10,SINGLE_SOURCE,irbank_bs,8930,89.3億,,,,irbank_bs=8930,https://irbank.net/E01857/results,,2026-08-31T01:24:49.228521+09:00
FY2009-03,6904,total_assets,,JPY_million,100,SINGLE_SOURCE,irbank_bs,18800,188億,,,,irbank_bs=18800,https://irbank.net/E01857/results,,2026-08-31T01:24:49.228521+09:00
FY2010-03,6904,bps,,JPY,0.01,SINGLE_SOURCE,irbank_bs,327.84,327.84,,,,irbank_bs=327.84,https://irbank.net/E01857/results,,2026-08-31T01:24:49.228521+09:00
FY2010-03,6904,capex,,JPY_million,1,SINGLE_SOURCE,irbank_cf,-161,-1.61億,,,,irbank_cf=-161,https://irbank.net/E01857/results,,2026-08-31T01:24:49.228521+09:00
FY2010-03,6904,cash_equivalents,,JPY_million,10,SINGLE_SOURCE,irbank_cf,5780,57.8億,,,,irbank_cf=5780,https://irbank.net/E01857/results,,2026-08-31T01:24:49.228521+09:00
FY2010-03,6904,cost_ratio,,pct,0.01,SINGLE_SOURCE,irbank_pl_consolidated,72.68,72.68,,,,irbank_pl_consolidated=72.68,https://irbank.net/E01857/results,,2026-08-31T01:24:49.228521+09:00
FY2010-03,6904,eps,,JPY,0.01,SINGLE_SOURCE,irbank_pl_consolidated,-2.95,-2.95,,,,irbank_pl_consolidated=-2.95,https://irbank.net/E01857/results,,2026-08-31T01:24:49.228521+09:00
FY2010-03,6904,equity_ratio,,pct,0.1,SINGLE_SOURCE,irbank_bs,35.8,35.8,,,,irbank_bs=35.8,https://irbank.net/E01857/results,,2026-08-31T01:24:49.228521+09:00
FY2010-03,6904,financing_cf,,JPY_million,1,SINGLE_SOURCE,irbank_cf,415,4.15億,,,,irbank_cf=415,https://irbank.net/E01857/results,,2026-08-31T01:24:49.228521+09:00
FY2010-03,6904,free_cf,,JPY_million,1,SINGLE_SOURCE,irbank_cf,404,4.04億,,,,irbank_cf=404,https://irbank.net/E01857/results,,2026-08-31T01:24:49.228521+09:00
FY2010-03,6904,interest_bearing_debt,,JPY_million,10,SINGLE_SOURCE,irbank_bs,8550,85.5億,,,,irbank_bs=8550,https://irbank.net/E01857/results,,2026-08-31T01:24:49.228521+09:00
FY2010-03,6904,interest_bearing_debt_ratio,,x,0.0001,SINGLE_SOURCE|UNIT_CONVERTED,irbank_bs,1.1988,119.88,,,,irbank_bs=1.1988,https://irbank.net/E01857/results,,2026-08-31T01:24:49.228521+09:00
FY2010-03,6904,investing_cf,,JPY_million,1,SINGLE_SOURCE,irbank_cf,-459,-4.59億,,,,irbank_cf=-459,https://irbank.net/E01857/results,,2026-08-31T01:24:49.228521+09:00
FY2010-03,6904,net_assets,,JPY_million,10,SINGLE_SOURCE,irbank_bs,7130,71.3億,,,,irbank_bs=7130,https://irbank.net/E01857/results,,2026-08-31T01:24:49.228521+09:00
FY2010-03,6904,net_income,,JPY_million,1,SINGLE_SOURCE,irbank_pl_consolidated,-64,-0.64億,,,,irbank_pl_consolidated=-64,https://irbank.net/E01857/results,,2026-08-31T01:24:49.228521+09:00
FY2010-03,6904,operating_cf,,JPY_million,1,SINGLE_SOURCE,irbank_cf,863,8.63億,,,,irbank_cf=863,https://irbank.net/E01857/results,,2026-08-31T01:24:49.228521+09:00
FY2010-03,6904,operating_income,,JPY_million,1,SINGLE_SOURCE,irbank_pl_consolidated,346,3.46億,,,,irbank_pl_consolidated=346,https://irbank.net/E01857/results,,2026-08-31T01:24:49.228521+09:00
FY2010-03,6904,operating_margin,,pct,0.01,SINGLE_SOURCE,irbank_pl_consolidated,1.94,1.94,,,,irbank_pl_consolidated=1.94,https://irbank.net/E01857/results,,2026-08-31T01:24:49.228521+09:00
FY2010-03,6904,ordinary_income,,JPY_million,1,SINGLE_SOURCE,irbank_pl_consolidated,203,2.03億,,,,irbank_pl_consolidated=203,https://irbank.net/E01857/results,,2026-08-31T01:24:49.228521+09:00
FY2010-03,6904,retained_earnings,,JPY_million,10,SINGLE_SOURCE,irbank_bs,4880,48.8億,,,,irbank_bs=4880,https://irbank.net/E01857/results,,2026-08-31T01:24:49.228521+09:00
FY2010-03,6904,revenue,17802,JPY_million,100,OK|ROUNDING,kabutan_fy10,17802,"17,802",irbank_pl_consolidated,17800,178億,kabutan_fy10=17802|irbank_pl_consolidated=17800,https://kabutan.jp/stock/finance?code=6904,https://irbank.net/E01857/results,2026-08-31T01:24:49.228521+09:00
FY2010-03,6904,sga_ratio,,pct,0.01,SINGLE_SOURCE,irbank_pl_consolidated,25.37,25.37,,,,irbank_pl_consolidated=25.37,https://irbank.net/E01857/results,,2026-08-31T01:24:49.228521+09:00
FY2010-03,6904,shareholders_equity,,JPY_million,10,SINGLE_SOURCE,irbank_bs,8750,87.5億,,,,irbank_bs=8750,https://irbank.net/E01857/results,,2026-08-31T01:24:49.228521+09:00
FY2010-03,6904,total_assets,,JPY_million,100,SINGLE_SOURCE,irbank_bs,19900,199億,,,,irbank_bs=19900,https://irbank.net/E01857/results,,2026-08-31T01:24:49.228521+09:00
FY2011-03,6904,bps,,JPY,0.01,SINGLE_SOURCE,irbank_bs,336.31,336.31,,,,irbank_bs=336.31,https://irbank.net/E01857/results,,2026-08-31T01:24:49.228521+09:00
FY2011-03,6904,capex,,JPY_million,1,SINGLE_SOURCE,irbank_cf,-396,-3.96億,,,,irbank_cf=-396,https://irbank.net/E01857/results,,2026-08-31T01:24:49.228521+09:00
FY2011-03,6904,cash_equivalents,,JPY_million,10,SINGLE_SOURCE,irbank_cf,4530,45.3億,,,,irbank_cf=4530,https://irbank.net/E01857/results,,2026-08-31T01:24:49.228521+09:00
FY2011-03,6904,cost_ratio,,pct,0.01,SINGLE_SOURCE,irbank_pl_consolidated,70.21,70.21,,,,irbank_pl_consolidated=70.21,https://irbank.net/E01857/results,,2026-08-31T01:24:49.228521+09:00
FY2011-03,6904,eps,,JPY,0.01,SINGLE_SOURCE,irbank_pl_consolidated,38.95,38.95,,,,irbank_pl_consolidated=38.95,https://irbank.net/E01857/results,,2026-08-31T01:24:49.228521+09:00
FY2011-03,6904,equity_ratio,,pct,1,SINGLE_SOURCE,irbank_bs,39,39,,,,irbank_bs=39,https://irbank.net/E01857/results,,2026-08-31T01:24:49.228521+09:00
FY2011-03,6904,financing_cf,,JPY_million,10,SINGLE_SOURCE,irbank_cf,-1650,-16.5億,,,,irbank_cf=-1650,https://irbank.net/E01857/results,,2026-08-31T01:24:49.228521+09:00
FY2011-03,6904,free_cf,,JPY_million,1,SINGLE_SOURCE,irbank_cf,607,6.07億,,,,irbank_cf=607,https://irbank.net/E01857/results,,2026-08-31T01:24:49.228521+09:00
FY2011-03,6904,interest_bearing_debt,,JPY_million,10,SINGLE_SOURCE,irbank_bs,6640,66.4億,,,,irbank_bs=6640,https://irbank.net/E01857/results,,2026-08-31T01:24:49.228521+09:00
FY2011-03,6904,interest_bearing_debt_ratio,,x,0.0001,SINGLE_SOURCE|UNIT_CONVERTED,irbank_bs,0.9078,90.78,,,,irbank_bs=0.9078,https://irbank.net/E01857/results,,2026-08-31T01:24:49.228521+09:00
FY2011-03,6904,investing_cf,,JPY_million,1,SINGLE_SOURCE,irbank_cf,-412,-4.12億,,,,irbank_cf=-412,https://irbank.net/E01857/results,,2026-08-31T01:24:49.228521+09:00
FY2011-03,6904,net_assets,,JPY_million,10,SINGLE_SOURCE,irbank_bs,7320,73.2億,,,,irbank_bs=7320,https://irbank.net/E01857/results,,2026-08-31T01:24:49.228521+09:00
FY2011-03,6904,net_income,,JPY_million,1,SINGLE_SOURCE,irbank_pl_consolidated,848,8.48億,,,,irbank_pl_consolidated=848,https://irbank.net/E01857/results,,2026-08-31T01:24:49.228521+09:00
FY2011-03,6904,operating_cf,,JPY_million,10,SINGLE_SOURCE,irbank_cf,1020,10.2億,,,,irbank_cf=1020,https://irbank.net/E01857/results,,2026-08-31T01:24:49.228521+09:00
FY2011-03,6904,operating_income,,JPY_million,10,SINGLE_SOURCE,irbank_pl_consolidated,1480,14.8億,,,,irbank_pl_consolidated=1480,https://irbank.net/E01857/results,,2026-08-31T01:24:49.228521+09:00
FY2011-03,6904,operating_margin,,pct,0.01,SINGLE_SOURCE,irbank_pl_consolidated,6.91,6.91,,,,irbank_pl_consolidated=6.91,https://irbank.net/E01857/results,,2026-08-31T01:24:49.228521+09:00
FY2011-03,6904,ordinary_income,,JPY_million,10,SINGLE_SOURCE,irbank_pl_consolidated,1330,13.3億,,,,irbank_pl_consolidated=1330,https://irbank.net/E01857/results,,2026-08-31T01:24:49.228521+09:00
FY2011-03,6904,retained_earnings,,JPY_million,10,SINGLE_SOURCE,irbank_bs,5610,56.1億,,,,irbank_bs=5610,https://irbank.net/E01857/results,,2026-08-31T01:24:49.228521+09:00
FY2011-03,6904,revenue,21460,JPY_million,100,OK|ROUNDING,kabutan_fy10,21460,"21,460",irbank_pl_consolidated,21500,215億,kabutan_fy10=21460|irbank_pl_consolidated=21500,https://kabutan.jp/stock/finance?code=6904,https://irbank.net/E01857/results,2026-08-31T01:24:49.228521+09:00
FY2011-03,6904,roa,,pct,0.01,SINGLE_SOURCE,irbank_pl_consolidated,4.52,4.52,,,,irbank_pl_consolidated=4.52,https://irbank.net/E01857/results,,2026-08-31T01:24:49.228521+09:00
FY2011-03,6904,roe,,pct,0.01,SINGLE_SOURCE,irbank_pl_consolidated,11.58,11.58,,,,irbank_pl_consolidated=11.58,https://irbank.net/E01857/results,,2026-08-31T01:24:49.228521+09:00
FY2011-03,6904,sga_ratio,,pct,0.01,SINGLE_SOURCE,irbank_pl_consolidated,22.88,22.88,,,,irbank_pl_consolidated=22.88,https://irbank.net/E01857/results,,2026-08-31T01:24:49.228521+09:00
FY2011-03,6904,shareholders_equity,,JPY_million,10,SINGLE_SOURCE,irbank_bs,9490,94.9億,,,,irbank_bs=9490,https://irbank.net/E01857/results,,2026-08-31T01:24:49.228521+09:00
FY2011-03,6904,total_assets,,JPY_million,100,SINGLE_SOURCE,irbank_bs,18800,188億,,,,irbank_bs=18800,https://irbank.net/E01857/results,,2026-08-31T01:24:49.228521+09:00
FY2012-03,6904,bps,,JPY,0.01,SINGLE_SOURCE,irbank_bs,371.99,371.99,,,,irbank_bs=371.99,https://irbank.net/E01857/results,,2026-08-31T01:24:49.228521+09:00
FY2012-03,6904,capex,,JPY_million,1,SINGLE_SOURCE,irbank_cf,-537,-5.37億,,,,irbank_cf=-537,https://irbank.net/E01857/results,,2026-08-31T01:24:49.228521+09:00
FY2012-03,6904,cash_equivalents,,JPY_million,10,SINGLE_SOURCE,irbank_cf,3710,37.1億,,,,irbank_cf=3710,https://irbank.net/E01857/results,,2026-08-31T01:24:49.228521+09:00
FY2012-03,6904,cost_ratio,,pct,0.1,SINGLE_SOURCE,irbank_pl_consolidated,72.5,72.5,,,,irbank_pl_consolidated=72.5,https://irbank.net/E01857/results,,2026-08-31T01:24:49.228521+09:00
FY2012-03,6904,eps,,JPY,0.01,SINGLE_SOURCE,irbank_pl_consolidated,56.72,56.72,,,,irbank_pl_consolidated=56.72,https://irbank.net/E01857/results,,2026-08-31T01:24:49.228521+09:00
FY2012-03,6904,equity_ratio,,pct,0.1,SINGLE_SOURCE,irbank_bs,41.6,41.6,,,,irbank_bs=41.6,https://irbank.net/E01857/results,,2026-08-31T01:24:49.228521+09:00
FY2012-03,6904,financing_cf,,JPY_million,1,SINGLE_SOURCE,irbank_cf,24,0.24億,,,,irbank_cf=24,https://irbank.net/E01857/results,,2026-08-31T01:24:49.228521+09:00
FY2012-03,6904,free_cf,,JPY_million,1,SINGLE_SOURCE,irbank_cf,-751,-7.51億,,,,irbank_cf=-751,https://irbank.net/E01857/results,,2026-08-31T01:24:49.228521+09:00
FY2012-03,6904,interest_bearing_debt,,JPY_million,10,SINGLE_SOURCE,irbank_bs,6810,68.1億,,,,irbank_bs=6810,https://irbank.net/E01857/results,,2026-08-31T01:24:49.228521+09:00
FY2012-03,6904,interest_bearing_debt_ratio,,x,0.0001,SINGLE_SOURCE|UNIT_CONVERTED,irbank_bs,0.8415,84.15,,,,irbank_bs=0.8415,https://irbank.net/E01857/results,,2026-08-31T01:24:49.228521+09:00
FY2012-03,6904,investing_cf,,JPY_million,1,SINGLE_SOURCE,irbank_cf,-601,-6.01億,,,,irbank_cf=-601,https://irbank.net/E01857/results,,2026-08-31T01:24:49.228521+09:00
FY2012-03,6904,net_assets,,JPY_million,10,SINGLE_SOURCE,irbank_bs,8090,80.9億,,,,irbank_bs=8090,https://irbank.net/E01857/results,,2026-08-31T01:24:49.228521+09:00
FY2012-03,6904,net_income,,JPY_million,10,SINGLE_SOURCE,irbank_pl_consolidated,1230,12.3億,,,,irbank_pl_consolidated=1230,https://irbank.net/E01857/results,,2026-08-31T01:24:49.228521+09:00
FY2012-03,6904,operating_cf,,JPY_million,10,SINGLE_SOURCE,irbank_cf,-150,-1.5億,,,,irbank_cf=-150,https://irbank.net/E01857/results,,2026-08-31T01:24:49.228521+09:00
FY2012-03,6904,operating_income,,JPY_million,10,SINGLE_SOURCE,irbank_pl_consolidated,1070,10.7億,,,,irbank_pl_consolidated=1070,https://irbank.net/E01857/results,,2026-08-31T01:24:49.228521+09:00
FY2012-03,6904,operating_margin,,pct,0.01,SINGLE_SOURCE,irbank_pl_consolidated,4.93,4.93,,,,irbank_pl_consolidated=4.93,https://irbank.net/E01857/results,,2026-08-31T01:24:49.228521+09:00
FY2012-03,6904,ordinary_income,,JPY_million,10,SINGLE_SOURCE,irbank_pl_consolidated,1020,10.2億,,,,irbank_pl_consolidated=1020,https://irbank.net/E01857/results,,2026-08-31T01:24:49.228521+09:00
FY2012-03,6904,retained_earnings,,JPY_million,10,SINGLE_SOURCE,irbank_bs,6690,66.9億,,,,irbank_bs=6690,https://irbank.net/E01857/results,,2026-08-31T01:24:49.228521+09:00
FY2012-03,6904,revenue,21727,JPY_million,100,OK|ROUNDING,kabutan_fy10,21727,"21,727",irbank_pl_consolidated,21700,217億,kabutan_fy10=21727|irbank_pl_consolidated=21700,https://kabutan.jp/stock/finance?code=6904,https://irbank.net/E01857/results,2026-08-31T01:24:49.228521+09:00
FY2012-03,6904,roa,,pct,0.01,SINGLE_SOURCE,irbank_pl_consolidated,6.34,6.34,,,,irbank_pl_consolidated=6.34,https://irbank.net/E01857/results,,2026-08-31T01:24:49.228521+09:00
FY2012-03,6904,roe,,pct,0.01,SINGLE_SOURCE,irbank_pl_consolidated,15.25,15.25,,,,irbank_pl_consolidated=15.25,https://irbank.net/E01857/results,,2026-08-31T01:24:49.228521+09:00
FY2012-03,6904,sga_ratio,,pct,0.01,SINGLE_SOURCE,irbank_pl_consolidated,22.58,22.58,,,,irbank_pl_consolidated=22.58,https://irbank.net/E01857/results,,2026-08-31T01:24:49.228521+09:00
FY2012-03,6904,shareholders_equity,,JPY_million,100,SINGLE_SOURCE,irbank_bs,10600,106億,,,,irbank_bs=10600,https://irbank.net/E01857/results,,2026-08-31T01:24:49.228521+09:00
FY2012-03,6904,total_assets,,JPY_million,100,SINGLE_SOURCE,irbank_bs,19500,195億,,,,irbank_bs=19500,https://irbank.net/E01857/results,,2026-08-31T01:24:49.228521+09:00
FY2013-03,6904,bps,,JPY,0.01,SINGLE_SOURCE,irbank_bs,433.89,433.89,,,,irbank_bs=433.89,https://irbank.net/E01857/results,,2026-08-31T01:24:49.228521+09:00
FY2013-03,6904,capex,,JPY_million,10,SINGLE_SOURCE,irbank_cf,-670,-6.7億,,,,irbank_cf=-670,https://irbank.net/E01857/results,,2026-08-31T01:24:49.228521+09:00
FY2013-03,6904,cash_equivalents,,JPY_million,10,SINGLE_SOURCE,irbank_cf,5460,54.6億,,,,irbank_cf=5460,https://irbank.net/E01857/results,,2026-08-31T01:24:49.228521+09:00
FY2013-03,6904,cost_ratio,,pct,0.01,SINGLE_SOURCE,irbank_pl_consolidated,75.85,75.85,,,,irbank_pl_consolidated=75.85,https://irbank.net/E01857/results,,2026-08-31T01:24:49.228521+09:00
FY2013-03,6904,eps,,JPY,0.01,SINGLE_SOURCE,irbank_pl_consolidated,44.93,44.93,,,,irbank_pl_consolidated=44.93,https://irbank.net/E01857/results,,2026-08-31T01:24:49.228521+09:00
FY2013-03,6904,equity_ratio,,pct,0.1,SINGLE_SOURCE,irbank_bs,35.4,35.4,,,,irbank_bs=35.4,https://irbank.net/E01857/results,,2026-08-31T01:24:49.228521+09:00
FY2013-03,6904,financing_cf,,JPY_million,10,SINGLE_SOURCE,irbank_cf,3890,38.9億,,,,irbank_cf=3890,https://irbank.net/E01857/results,,2026-08-31T01:24:49.228521+09:00
FY2013-03,6904,free_cf,,JPY_million,10,SINGLE_SOURCE,irbank_cf,-2320,-23.2億,,,,irbank_cf=-2320,https://irbank.net/E01857/results,,2026-08-31T01:24:49.228521+09:00
FY2013-03,6904,interest_bearing_debt,,JPY_million,100,SINGLE_SOURCE,irbank_bs,11400,114億,,,,irbank_bs=11400,https://irbank.net/E01857/results,,2026-08-31T01:24:49.228521+09:00
FY2013-03,6904,interest_bearing_debt_ratio,,x,0.0001,SINGLE_SOURCE|UNIT_CONVERTED,irbank_bs,1.2124,121.24,,,,irbank_bs=1.2124,https://irbank.net/E01857/results,,2026-08-31T01:24:49.228521+09:00
FY2013-03,6904,investing_cf,,JPY_million,10,SINGLE_SOURCE,irbank_cf,-2410,-24.1億,,,,irbank_cf=-2410,https://irbank.net/E01857/results,,2026-08-31T01:24:49.228521+09:00
FY2013-03,6904,net_assets,,JPY_million,10,SINGLE_SOURCE,irbank_bs,9440,94.4億,,,,irbank_bs=9440,https://irbank.net/E01857/results,,2026-08-31T01:24:49.228521+09:00
FY2013-03,6904,net_income,,JPY_million,1,SINGLE_SOURCE,irbank_pl_consolidated,978,9.78億,,,,irbank_pl_consolidated=978,https://irbank.net/E01857/results,,2026-08-31T01:24:49.228521+09:00
FY2013-03,6904,operating_cf,,JPY_million,1,SINGLE_SOURCE,irbank_cf,85,0.85億,,,,irbank_cf=85,https://irbank.net/E01857/results,,2026-08-31T01:24:49.228521+09:00
FY2013-03,6904,operating_income,,JPY_million,1,SINGLE_SOURCE,irbank_pl_consolidated,343,3.43億,,,,irbank_pl_consolidated=343,https://irbank.net/E01857/results,,2026-08-31T01:24:49.228521+09:00
FY2013-03,6904,operating_margin,,pct,0.01,SINGLE_SOURCE,irbank_pl_consolidated,1.14,1.14,,,,irbank_pl_consolidated=1.14,https://irbank.net/E01857/results,,2026-08-31T01:24:49.228521+09:00
FY2013-03,6904,ordinary_income,,JPY_million,1,SINGLE_SOURCE,irbank_pl_consolidated,591,5.91億,,,,irbank_pl_consolidated=591,https://irbank.net/E01857/results,,2026-08-31T01:24:49.228521+09:00
FY2013-03,6904,retained_earnings,,JPY_million,100,SINGLE_SOURCE,irbank_bs,7500,75億,,,,irbank_bs=7500,https://irbank.net/E01857/results,,2026-08-31T01:24:49.228521+09:00
FY2013-03,6904,revenue,29935,JPY_million,100,OK|ROUNDING,kabutan_fy10,29935,"29,935",irbank_pl_consolidated,29900,299億,kabutan_fy10=29935|irbank_pl_consolidated=29900,https://kabutan.jp/stock/finance?code=6904,https://irbank.net/E01857/results,2026-08-31T01:24:49.228521+09:00
FY2013-03,6904,roa,,pct,0.01,SINGLE_SOURCE,irbank_pl_consolidated,3.67,3.67,,,,irbank_pl_consolidated=3.67,https://irbank.net/E01857/results,,2026-08-31T01:24:49.228521+09:00
FY2013-03,6904,roe,,pct,0.01,SINGLE_SOURCE,irbank_pl_consolidated,10.35,10.35,,,,irbank_pl_consolidated=10.35,https://irbank.net/E01857/results,,2026-08-31T01:24:49.228521+09:00
FY2013-03,6904,sga_ratio,,pct,0.01,SINGLE_SOURCE,irbank_pl_consolidated,23.01,23.01,,,,irbank_pl_consolidated=23.01,https://irbank.net/E01857/results,,2026-08-31T01:24:49.228521+09:00
FY2013-03,6904,shareholders_equity,,JPY_million,100,SINGLE_SOURCE,irbank_bs,11400,114億,,,,irbank_bs=11400,https://irbank.net/E01857/results,,2026-08-31T01:24:49.228521+09:00
FY2013-03,6904,total_assets,,JPY_million,100,SINGLE_SOURCE,irbank_bs,26600,266億,,,,irbank_bs=26600,https://irbank.net/E01857/results,,2026-08-31T01:24:49.228521+09:00
FY2014-03,6904,bps,,JPY,0.01,SINGLE_SOURCE,irbank_bs,564.59,564.59,,,,irbank_bs=564.59,https://irbank.net/E01857/results,,2026-08-31T01:24:49.228521+09:00
FY2014-03,6904,capex,,JPY_million,1,SINGLE_SOURCE,irbank_cf,-825,-8.25億,,,,irbank_cf=-825,https://irbank.net/E01857/results,,2026-08-31T01:24:49.228521+09:00
FY2014-03,6904,cash_equivalents,,JPY_million,10,SINGLE_SOURCE,irbank_cf,6020,60.2億,,,,irbank_cf=6020,https://irbank.net/E01857/results,,2026-08-31T01:24:49.228521+09:00
FY2014-03,6904,cost_ratio,,pct,0.01,SINGLE_SOURCE,irbank_pl_consolidated,75.95,75.95,,,,irbank_pl_consolidated=75.95,https://irbank.net/E01857/results,,2026-08-31T01:24:49.228521+09:00
FY2014-03,6904,eps,,JPY,0.01,SINGLE_SOURCE,irbank_pl_consolidated,57.76,57.76,,,,irbank_pl_consolidated=57.76,https://irbank.net/E01857/results,,2026-08-31T01:24:49.228521+09:00
FY2014-03,6904,equity_ratio,,pct,0.1,SINGLE_SOURCE,irbank_bs,37.9,37.9,,,,irbank_bs=37.9,https://irbank.net/E01857/results,,2026-08-31T01:24:49.228521+09:00
FY2014-03,6904,financing_cf,,JPY_million,1,SINGLE_SOURCE,irbank_cf,469,4.69億,,,,irbank_cf=469,https://irbank.net/E01857/results,,2026-08-31T01:24:49.228521+09:00
FY2014-03,6904,free_cf,,JPY_million,1,SINGLE_SOURCE,irbank_cf,-345,-3.45億,,,,irbank_cf=-345,https://irbank.net/E01857/results,,2026-08-31T01:24:49.228521+09:00
FY2014-03,6904,interest_bearing_debt,,JPY_million,100,SINGLE_SOURCE,irbank_bs,12700,127億,,,,irbank_bs=12700,https://irbank.net/E01857/results,,2026-08-31T01:24:49.228521+09:00
FY2014-03,6904,interest_bearing_debt_ratio,,x,0.0001,SINGLE_SOURCE|UNIT_CONVERTED,irbank_bs,1.0342,103.42,,,,irbank_bs=1.0342,https://irbank.net/E01857/results,,2026-08-31T01:24:49.228521+09:00
FY2014-03,6904,investing_cf,,JPY_million,1,SINGLE_SOURCE,irbank_cf,-815,-8.15億,,,,irbank_cf=-815,https://irbank.net/E01857/results,,2026-08-31T01:24:49.228521+09:00
FY2014-03,6904,net_assets,,JPY_million,100,SINGLE_SOURCE,irbank_bs,12300,123億,,,,irbank_bs=12300,https://irbank.net/E01857/results,,2026-08-31T01:24:49.228521+09:00
FY2014-03,6904,net_income,,JPY_million,10,SINGLE_SOURCE,irbank_pl_consolidated,1260,12.6億,,,,irbank_pl_consolidated=1260,https://irbank.net/E01857/results,,2026-08-31T01:24:49.228521+09:00
FY2014-03,6904,operating_cf,,JPY_million,10,SINGLE_SOURCE,irbank_cf,470,4.7億,,,,irbank_cf=470,https://irbank.net/E01857/results,,2026-08-31T01:24:49.228521+09:00
FY2014-03,6904,operating_income,,JPY_million,10,SINGLE_SOURCE,irbank_pl_consolidated,1340,13.4億,,,,irbank_pl_consolidated=1340,https://irbank.net/E01857/results,,2026-08-31T01:24:49.228521+09:00
FY2014-03,6904,operating_margin,,pct,0.01,SINGLE_SOURCE,irbank_pl_consolidated,3.67,3.67,,,,irbank_pl_consolidated=3.67,https://irbank.net/E01857/results,,2026-08-31T01:24:49.228521+09:00
FY2014-03,6904,ordinary_income,,JPY_million,10,SINGLE_SOURCE,irbank_pl_consolidated,1410,14.1億,,,,irbank_pl_consolidated=1410,https://irbank.net/E01857/results,,2026-08-31T01:24:49.228521+09:00
FY2014-03,6904,retained_earnings,,JPY_million,10,SINGLE_SOURCE,irbank_bs,8590,85.9億,,,,irbank_bs=8590,https://irbank.net/E01857/results,,2026-08-31T01:24:49.228521+09:00
FY2014-03,6904,revenue,36470,JPY_million,100,OK|ROUNDING,kabutan_fy10,36470,"36,470",irbank_pl_consolidated,36500,365億,kabutan_fy10=36470|irbank_pl_consolidated=36500,https://kabutan.jp/stock/finance?code=6904,https://irbank.net/E01857/results,2026-08-31T01:24:49.228521+09:00
FY2014-03,6904,roa,,pct,0.01,SINGLE_SOURCE,irbank_pl_consolidated,3.88,3.88,,,,irbank_pl_consolidated=3.88,https://irbank.net/E01857/results,,2026-08-31T01:24:49.228521+09:00
FY2014-03,6904,roe,,pct,0.01,SINGLE_SOURCE,irbank_pl_consolidated,10.23,10.23,,,,irbank_pl_consolidated=10.23,https://irbank.net/E01857/results,,2026-08-31T01:24:49.228521+09:00
FY2014-03,6904,sga_ratio,,pct,0.01,SINGLE_SOURCE,irbank_pl_consolidated,20.38,20.38,,,,irbank_pl_consolidated=20.38,https://irbank.net/E01857/results,,2026-08-31T01:24:49.228521+09:00
FY2014-03,6904,shareholders_equity,,JPY_million,100,SINGLE_SOURCE,irbank_bs,12500,125億,,,,irbank_bs=12500,https://irbank.net/E01857/results,,2026-08-31T01:24:49.228521+09:00
FY2014-03,6904,total_assets,,JPY_million,100,SINGLE_SOURCE,irbank_bs,32400,324億,,,,irbank_bs=32400,https://irbank.net/E01857/results,,2026-08-31T01:24:49.228521+09:00
FY2015-03,6904,bps,,JPY,0.01,SINGLE_SOURCE,irbank_bs,622.74,622.74,,,,irbank_bs=622.74,https://irbank.net/E01857/results,,2026-08-31T01:24:49.228521+09:00
FY2015-03,6904,capex,,JPY_million,10,SINGLE_SOURCE,irbank_cf,-1020,-10.2億,,,,irbank_cf=-1020,https://irbank.net/E01857/results,,2026-08-31T01:24:49.228521+09:00
FY2015-03,6904,cash_equivalents,,JPY_million,10,SINGLE_SOURCE,irbank_cf,5890,58.9億,,,,irbank_cf=5890,https://irbank.net/E01857/results,,2026-08-31T01:24:49.228521+09:00
FY2015-03,6904,cost_ratio,,pct,0.01,SINGLE_SOURCE,irbank_pl_consolidated,77.05,77.05,,,,irbank_pl_consolidated=77.05,https://irbank.net/E01857/results,,2026-08-31T01:24:49.228521+09:00
FY2015-03,6904,eps,,JPY,0.01,SINGLE_SOURCE,irbank_pl_consolidated,15.94,15.94,,,,irbank_pl_consolidated=15.94,https://irbank.net/E01857/results,,2026-08-31T01:24:49.228521+09:00
FY2015-03,6904,equity_ratio,,pct,0.1,SINGLE_SOURCE,irbank_bs,39.8,39.8,,,,irbank_bs=39.8,https://irbank.net/E01857/results,,2026-08-31T01:24:49.228521+09:00
FY2015-03,6904,financing_cf,,JPY_million,1,SINGLE_SOURCE,irbank_cf,63,0.63億,,,,irbank_cf=63,https://irbank.net/E01857/results,,2026-08-31T01:24:49.228521+09:00
FY2015-03,6904,free_cf,,JPY_million,1,SINGLE_SOURCE,irbank_cf,-671,-6.71億,,,,irbank_cf=-671,https://irbank.net/E01857/results,,2026-08-31T01:24:49.228521+09:00
FY2015-03,6904,interest_bearing_debt,,JPY_million,100,SINGLE_SOURCE,irbank_bs,13800,138億,,,,irbank_bs=13800,https://irbank.net/E01857/results,,2026-08-31T01:24:49.228521+09:00
FY2015-03,6904,interest_bearing_debt_ratio,,x,0.0001,SINGLE_SOURCE|UNIT_CONVERTED,irbank_bs,1.0179,101.79,,,,irbank_bs=1.0179,https://irbank.net/E01857/results,,2026-08-31T01:24:49.228521+09:00
FY2015-03,6904,investing_cf,,JPY_million,1,SINGLE_SOURCE,irbank_cf,-452,-4.52億,,,,irbank_cf=-452,https://irbank.net/E01857/results,,2026-08-31T01:24:49.228521+09:00
FY2015-03,6904,net_assets,,JPY_million,100,SINGLE_SOURCE,irbank_bs,13500,135億,,,,irbank_bs=13500,https://irbank.net/E01857/results,,2026-08-31T01:24:49.228521+09:00
FY2015-03,6904,net_income,,JPY_million,1,SINGLE_SOURCE,irbank_pl_consolidated,347,3.47億,,,,irbank_pl_consolidated=347,https://irbank.net/E01857/results,,2026-08-31T01:24:49.228521+09:00
FY2015-03,6904,operating_cf,,JPY_million,1,SINGLE_SOURCE,irbank_cf,-219,-2.19億,,,,irbank_cf=-219,https://irbank.net/E01857/results,,2026-08-31T01:24:49.228521+09:00
FY2015-03,6904,operating_income,,JPY_million,1,SINGLE_SOURCE,irbank_pl_consolidated,867,8.67億,,,,irbank_pl_consolidated=867,https://irbank.net/E01857/results,,2026-08-31T01:24:49.228521+09:00
FY2015-03,6904,operating_margin,,pct,0.01,SINGLE_SOURCE,irbank_pl_consolidated,2.18,2.18,,,,irbank_pl_consolidated=2.18,https://irbank.net/E01857/results,,2026-08-31T01:24:49.228521+09:00
FY2015-03,6904,ordinary_income,,JPY_million,1,SINGLE_SOURCE,irbank_pl_consolidated,981,9.81億,,,,irbank_pl_consolidated=981,https://irbank.net/E01857/results,,2026-08-31T01:24:49.228521+09:00
FY2015-03,6904,retained_earnings,,JPY_million,10,SINGLE_SOURCE,irbank_bs,8720,87.2億,,,,irbank_bs=8720,https://irbank.net/E01857/results,,2026-08-31T01:24:49.228521+09:00
FY2015-03,6904,revenue,39778,JPY_million,100,OK|ROUNDING,kabutan_fy10,39778,"39,778",irbank_pl_consolidated,39800,398億,kabutan_fy10=39778|irbank_pl_consolidated=39800,https://kabutan.jp/stock/finance?code=6904,https://irbank.net/E01857/results,2026-08-31T01:24:49.228521+09:00
FY2015-03,6904,roa,,pct,0.01,SINGLE_SOURCE,irbank_pl_consolidated,1.02,1.02,,,,irbank_pl_consolidated=1.02,https://irbank.net/E01857/results,,2026-08-31T01:24:49.228521+09:00
FY2015-03,6904,roe,,pct,0.01,SINGLE_SOURCE,irbank_pl_consolidated,2.56,2.56,,,,irbank_pl_consolidated=2.56,https://irbank.net/E01857/results,,2026-08-31T01:24:49.228521+09:00
FY2015-03,6904,sga_ratio,,pct,0.01,SINGLE_SOURCE,irbank_pl_consolidated,20.77,20.77,,,,irbank_pl_consolidated=20.77,https://irbank.net/E01857/results,,2026-08-31T01:24:49.228521+09:00
FY2015-03,6904,shareholders_equity,,JPY_million,100,SINGLE_SOURCE,irbank_bs,12600,126億,,,,irbank_bs=12600,https://irbank.net/E01857/results,,2026-08-31T01:24:49.228521+09:00
FY2015-03,6904,total_assets,,JPY_million,100,SINGLE_SOURCE,irbank_bs,34100,341億,,,,irbank_bs=34100,https://irbank.net/E01857/results,,2026-08-31T01:24:49.228521+09:00
FY2016-03,6904,bps,,JPY,0.01,SINGLE_SOURCE,irbank_bs,614.58,614.58,,,,irbank_bs=614.58,https://irbank.net/E01857/results,,2026-08-31T01:24:49.228521+09:00
FY2016-03,6904,capex,,JPY_million,100,SINGLE_SOURCE,irbank_cf,-1500,-15億,,,,irbank_cf=-1500,https://irbank.net/E01857/results,,2026-08-31T01:24:49.228521+09:00
FY2016-03,6904,cash_equivalents,,JPY_million,10,SINGLE_SOURCE,irbank_cf,5190,51.9億,,,,irbank_cf=5190,https://irbank.net/E01857/results,,2026-08-31T01:24:49.228521+09:00
FY2016-03,6904,cost_ratio,,pct,0.01,SINGLE_SOURCE,irbank_pl_consolidated,77.86,77.86,,,,irbank_pl_consolidated=77.86,https://irbank.net/E01857/results,,2026-08-31T01:24:49.228521+09:00
FY2016-03,6904,eps,,JPY,0.01,SINGLE_SOURCE,irbank_pl_consolidated,-4.35,-4.35,,,,irbank_pl_consolidated=-4.35,https://irbank.net/E01857/results,,2026-08-31T01:24:49.228521+09:00
FY2016-03,6904,equity_ratio,,pct,0.1,SINGLE_SOURCE,irbank_bs,39.9,39.9,,,,irbank_bs=39.9,https://irbank.net/E01857/results,,2026-08-31T01:24:49.228521+09:00
FY2016-03,6904,financing_cf,,JPY_million,100,SINGLE_SOURCE,irbank_cf,-1300,-13億,,,,irbank_cf=-1300,https://irbank.net/E01857/results,,2026-08-31T01:24:49.228521+09:00
FY2016-03,6904,free_cf,,JPY_million,1,SINGLE_SOURCE,irbank_cf,819,8.19億,,,,irbank_cf=819,https://irbank.net/E01857/results,,2026-08-31T01:24:49.228521+09:00
FY2016-03,6904,interest_bearing_debt,,JPY_million,100,SINGLE_SOURCE,irbank_bs,12600,126億,,,,irbank_bs=12600,https://irbank.net/E01857/results,,2026-08-31T01:24:49.228521+09:00
FY2016-03,6904,interest_bearing_debt_ratio,,x,0.0001,SINGLE_SOURCE|UNIT_CONVERTED,irbank_bs,0.9461,94.61,,,,irbank_bs=0.9461,https://irbank.net/E01857/results,,2026-08-31T01:24:49.228521+09:00
FY2016-03,6904,investing_cf,,JPY_million,10,SINGLE_SOURCE,irbank_cf,-1380,-13.8億,,,,irbank_cf=-1380,https://irbank.net/E01857/results,,2026-08-31T01:24:49.228521+09:00
FY2016-03,6904,net_assets,,JPY_million,100,SINGLE_SOURCE,irbank_bs,13400,134億,,,,irbank_bs=13400,https://irbank.net/E01857/results,,2026-08-31T01:24:49.228521+09:00
FY2016-03,6904,net_income,,JPY_million,1,SINGLE_SOURCE,irbank_pl_consolidated,-95,-0.95億,,,,irbank_pl_consolidated=-95,https://irbank.net/E01857/results,,2026-08-31T01:24:49.228521+09:00
FY2016-03,6904,operating_cf,,JPY_million,100,SINGLE_SOURCE,irbank_cf,2200,22億,,,,irbank_cf=2200,https://irbank.net/E01857/results,,2026-08-31T01:24:49.228521+09:00
FY2016-03,6904,operating_income,,JPY_million,10,SINGLE_SOURCE,irbank_pl_consolidated,1080,10.8億,,,,irbank_pl_consolidated=1080,https://irbank.net/E01857/results,,2026-08-31T01:24:49.228521+09:00
FY2016-03,6904,operating_margin,,pct,0.01,SINGLE_SOURCE,irbank_pl_consolidated,2.49,2.49,,,,irbank_pl_consolidated=2.49,https://irbank.net/E01857/results,,2026-08-31T01:24:49.228521+09:00
FY2016-03,6904,ordinary_income,,JPY_million,10,SINGLE_SOURCE,irbank_pl_consolidated,380,3.8億,,,,irbank_pl_consolidated=380,https://irbank.net/E01857/results,,2026-08-31T01:24:49.228521+09:00
FY2016-03,6904,retained_earnings,,JPY_million,10,SINGLE_SOURCE,irbank_bs,8460,84.6億,,,,irbank_bs=8460,https://irbank.net/E01857/results,,2026-08-31T01:24:49.228521+09:00
FY2016-03,6904,revenue,43215,JPY_million,100,OK|ROUNDING,kabutan_fy10,43215,"43,215",irbank_pl_consolidated,43200,432億,kabutan_fy10=43215|irbank_pl_consolidated=43200,https://kabutan.jp/stock/finance?code=6904,https://irbank.net/E01857/results,2026-08-31T01:24:49.228521+09:00
FY2016-03,6904,sga_ratio,,pct,0.01,SINGLE_SOURCE,irbank_pl_consolidated,19.65,19.65,,,,irbank_pl_consolidated=19.65,https://irbank.net/E01857/results,,2026-08-31T01:24:49.228521+09:00
FY2016-03,6904,shareholders_equity,,JPY_million,100,SINGLE_SOURCE,irbank_bs,12300,123億,,,,irbank_bs=12300,https://irbank.net/E01857/results,,2026-08-31T01:24:49.228521+09:00
FY2016-03,6904,total_assets,,JPY_million,100,SINGLE_SOURCE,irbank_bs,33500,335億,,,,irbank_bs=33500,https://irbank.net/E01857/results,,2026-08-31T01:24:49.228521+09:00
FY2017-03,6904,bps,,JPY,0.01,SINGLE_SOURCE,irbank_bs,604.61,604.61,,,,irbank_bs=604.61,https://irbank.net/E01857/results,,2026-08-31T01:24:49.228521+09:00
FY2017-03,6904,capex,,JPY_million,1,SINGLE_SOURCE,irbank_cf,-793,-7.93億,,,,irbank_cf=-793,https://irbank.net/E01857/results,,2026-08-31T01:24:49.228521+09:00
FY2017-03,6904,cash_equivalents,,JPY_million,10,SINGLE_SOURCE,irbank_cf,6310,63.1億,,,,irbank_cf=6310,https://irbank.net/E01857/results,,2026-08-31T01:24:49.228521+09:00
FY2017-03,6904,cost_ratio,,pct,0.01,SINGLE_SOURCE,irbank_pl_consolidated,73.91,73.91,,,,irbank_pl_consolidated=73.91,https://irbank.net/E01857/results,,2026-08-31T01:24:49.228521+09:00
FY2017-03,6904,eps,,JPY,0.01,SINGLE_SOURCE,irbank_pl_consolidated,27.73,27.73,,,,irbank_pl_consolidated=27.73,https://irbank.net/E01857/results,,2026-08-31T01:24:49.228521+09:00
FY2017-03,6904,equity_ratio,,pct,0.1,SINGLE_SOURCE,irbank_bs,39.8,39.8,,,,irbank_bs=39.8,https://irbank.net/E01857/results,,2026-08-31T01:24:49.228521+09:00
FY2017-03,6904,financing_cf,,JPY_million,1,SINGLE_SOURCE,irbank_cf,-846,-8.46億,,,,irbank_cf=-846,https://irbank.net/E01857/results,,2026-08-31T01:24:49.228521+09:00
FY2017-03,6904,free_cf,,JPY_million,10,SINGLE_SOURCE,irbank_cf,2070,20.7億,,,,irbank_cf=2070,https://irbank.net/E01857/results,,2026-08-31T01:24:49.228521+09:00
FY2017-03,6904,interest_bearing_debt,,JPY_million,100,SINGLE_SOURCE,irbank_bs,11900,119億,,,,irbank_bs=11900,https://irbank.net/E01857/results,,2026-08-31T01:24:49.228521+09:00
FY2017-03,6904,interest_bearing_debt_ratio,,x,0.0001,SINGLE_SOURCE|UNIT_CONVERTED,irbank_bs,0.9085,90.85,,,,irbank_bs=0.9085,https://irbank.net/E01857/results,,2026-08-31T01:24:49.228521+09:00
FY2017-03,6904,investing_cf,,JPY_million,1,SINGLE_SOURCE,irbank_cf,-625,-6.25億,,,,irbank_cf=-625,https://irbank.net/E01857/results,,2026-08-31T01:24:49.228521+09:00
FY2017-03,6904,net_assets,,JPY_million,100,SINGLE_SOURCE,irbank_bs,13200,132億,,,,irbank_bs=13200,https://irbank.net/E01857/results,,2026-08-31T01:24:49.228521+09:00
FY2017-03,6904,net_income,,JPY_million,1,SINGLE_SOURCE,irbank_pl_consolidated,603,6.03億,,,,irbank_pl_consolidated=603,https://irbank.net/E01857/results,,2026-08-31T01:24:49.228521+09:00
FY2017-03,6904,operating_cf,,JPY_million,100,SINGLE_SOURCE,irbank_cf,2700,27億,,,,irbank_cf=2700,https://irbank.net/E01857/results,,2026-08-31T01:24:49.228521+09:00
FY2017-03,6904,operating_income,2778,JPY_million,10,OK|ROUNDING,kabutan_record_fy,2778,"2,778",irbank_pl_consolidated,2780,27.8億,kabutan_record_fy=2778|irbank_pl_consolidated=2780,https://kabutan.jp/stock/finance?code=6904,https://irbank.net/E01857/results,2026-08-31T01:24:49.228521+09:00
FY2017-03,6904,operating_margin,,pct,0.1,SINGLE_SOURCE,irbank_pl_consolidated,6.8,6.8,,,,irbank_pl_consolidated=6.8,https://irbank.net/E01857/results,,2026-08-31T01:24:49.228521+09:00
FY2017-03,6904,ordinary_income,,JPY_million,100,SINGLE_SOURCE,irbank_pl_consolidated,2200,22億,,,,irbank_pl_consolidated=2200,https://irbank.net/E01857/results,,2026-08-31T01:24:49.228521+09:00
FY2017-03,6904,retained_earnings,,JPY_million,100,SINGLE_SOURCE,irbank_bs,8900,89億,,,,irbank_bs=8900,https://irbank.net/E01857/results,,2026-08-31T01:24:49.228521+09:00
FY2017-03,6904,revenue,40857,JPY_million,100,OK|ROUNDING,kabutan_fy10,40857,"40,857",irbank_pl_consolidated,40900,409億,kabutan_fy10=40857|irbank_pl_consolidated=40900,https://kabutan.jp/stock/finance?code=6904,https://irbank.net/E01857/results,2026-08-31T01:24:49.228521+09:00
FY2017-03,6904,roa,,pct,0.01,SINGLE_SOURCE,irbank_pl_consolidated,1.83,1.83,,,,irbank_pl_consolidated=1.83,https://irbank.net/E01857/results,,2026-08-31T01:24:49.228521+09:00
FY2017-03,6904,roe,,pct,0.01,SINGLE_SOURCE,irbank_pl_consolidated,4.59,4.59,,,,irbank_pl_consolidated=4.59,https://irbank.net/E01857/results,,2026-08-31T01:24:49.228521+09:00
FY2017-03,6904,sga_ratio,,pct,0.01,SINGLE_SOURCE,irbank_pl_consolidated,19.29,19.29,,,,irbank_pl_consolidated=19.29,https://irbank.net/E01857/results,,2026-08-31T01:24:49.228521+09:00
FY2017-03,6904,shareholders_equity,,JPY_million,100,SINGLE_SOURCE,irbank_bs,12800,128億,,,,irbank_bs=12800,https://irbank.net/E01857/results,,2026-08-31T01:24:49.228521+09:00
FY2017-03,6904,total_assets,,JPY_million,100,SINGLE_SOURCE,irbank_bs,33000,330億,,,,irbank_bs=33000,https://irbank.net/E01857/results,,2026-08-31T01:24:49.228521+09:00
FY2018-03,6904,bps,,JPY,0.01,SINGLE_SOURCE,irbank_bs,627.09,627.09,,,,irbank_bs=627.09,https://irbank.net/E01857/results,,2026-08-31T01:24:49.228521+09:00
FY2018-03,6904,capex,,JPY_million,1,SINGLE_SOURCE,irbank_cf,-991,-9.91億,,,,irbank_cf=-991,https://irbank.net/E01857/results,,2026-08-31T01:24:49.228521+09:00
FY2018-03,6904,cash_equivalents,,JPY_million,10,SINGLE_SOURCE,irbank_cf,7590,75.9億,,,,irbank_cf=7590,https://irbank.net/E01857/results,,2026-08-31T01:24:49.228521+09:00
FY2018-03,6904,cost_ratio,,pct,0.01,SINGLE_SOURCE,irbank_pl_consolidated,74.87,74.87,,,,irbank_pl_consolidated=74.87,https://irbank.net/E01857/results,,2026-08-31T01:24:49.228521+09:00
FY2018-03,6904,eps,,JPY,0.01,SINGLE_SOURCE,irbank_pl_consolidated,35.33,35.33,,,,irbank_pl_consolidated=35.33,https://irbank.net/E01857/results,,2026-08-31T01:24:49.228521+09:00
FY2018-03,6904,equity_ratio,,pct,0.1,SINGLE_SOURCE,irbank_bs,39.7,39.7,,,,irbank_bs=39.7,https://irbank.net/E01857/results,,2026-08-31T01:24:49.228521+09:00
FY2018-03,6904,financing_cf,,JPY_million,1,SINGLE_SOURCE,irbank_cf,-133,-1.33億,,,,irbank_cf=-133,https://irbank.net/E01857/results,,2026-08-31T01:24:49.228521+09:00
FY2018-03,6904,free_cf,,JPY_million,10,SINGLE_SOURCE,irbank_cf,1470,14.7億,,,,irbank_cf=1470,https://irbank.net/E01857/results,,2026-08-31T01:24:49.228521+09:00
FY2018-03,6904,interest_bearing_debt,,JPY_million,100,SINGLE_SOURCE,irbank_bs,12000,120億,,,,irbank_bs=12000,https://irbank.net/E01857/results,,2026-08-31T01:24:49.228521+09:00
FY2018-03,6904,interest_bearing_debt_ratio,,x,0.0001,SINGLE_SOURCE|UNIT_CONVERTED,irbank_bs,0.8822,88.22,,,,irbank_bs=0.8822,https://irbank.net/E01857/results,,2026-08-31T01:24:49.228521+09:00
FY2018-03,6904,investing_cf,,JPY_million,10,SINGLE_SOURCE,irbank_cf,-1060,-10.6億,,,,irbank_cf=-1060,https://irbank.net/E01857/results,,2026-08-31T01:24:49.228521+09:00
FY2018-03,6904,net_assets,,JPY_million,100,SINGLE_SOURCE,irbank_bs,13600,136億,,,,irbank_bs=13600,https://irbank.net/E01857/results,,2026-08-31T01:24:49.228521+09:00
FY2018-03,6904,net_income,,JPY_million,1,SINGLE_SOURCE,irbank_pl_consolidated,768,7.68億,,,,irbank_pl_consolidated=768,https://irbank.net/E01857/results,,2026-08-31T01:24:49.228521+09:00
FY2018-03,6904,operating_cf,,JPY_million,10,SINGLE_SOURCE,irbank_cf,2530,25.3億,,,,irbank_cf=2530,https://irbank.net/E01857/results,,2026-08-31T01:24:49.228521+09:00
FY2018-03,6904,operating_income,,JPY_million,10,SINGLE_SOURCE,irbank_pl_consolidated,2250,22.5億,,,,irbank_pl_consolidated=2250,https://irbank.net/E01857/results,,2026-08-31T01:24:49.228521+09:00
FY2018-03,6904,operating_margin,,pct,0.01,SINGLE_SOURCE,irbank_pl_consolidated,5.25,5.25,,,,irbank_pl_consolidated=5.25,https://irbank.net/E01857/results,,2026-08-31T01:24:49.228521+09:00
FY2018-03,6904,ordinary_income,,JPY_million,10,SINGLE_SOURCE,irbank_pl_consolidated,2350,23.5億,,,,irbank_pl_consolidated=2350,https://irbank.net/E01857/results,,2026-08-31T01:24:49.228521+09:00
FY2018-03,6904,retained_earnings,,JPY_million,10,SINGLE_SOURCE,irbank_bs,9460,94.6億,,,,irbank_bs=9460,https://irbank.net/E01857/results,,2026-08-31T01:24:49.228521+09:00
FY2018-03,6904,revenue,42936,JPY_million,100,OK|ROUNDING,kabutan_fy10,42936,"42,936",irbank_pl_consolidated,42900,429億,kabutan_fy10=42936|irbank_pl_consolidated=42900,https://kabutan.jp/stock/finance?code=6904,https://irbank.net/E01857/results,2026-08-31T01:24:49.228521+09:00
FY2018-03,6904,roa,,pct,0.01,SINGLE_SOURCE,irbank_pl_consolidated,2.24,2.24,,,,irbank_pl_consolidated=2.24,https://irbank.net/E01857/results,,2026-08-31T01:24:49.228521+09:00
FY2018-03,6904,roe,,pct,0.01,SINGLE_SOURCE,irbank_pl_consolidated,5.63,5.63,,,,irbank_pl_consolidated=5.63,https://irbank.net/E01857/results,,2026-08-31T01:24:49.228521+09:00
FY2018-03,6904,sga_ratio,,pct,0.01,SINGLE_SOURCE,irbank_pl_consolidated,19.88,19.88,,,,irbank_pl_consolidated=19.88,https://irbank.net/E01857/results,,2026-08-31T01:24:49.228521+09:00
FY2018-03,6904,shareholders_equity,,JPY_million,100,SINGLE_SOURCE,irbank_bs,13300,133億,,,,irbank_bs=13300,https://irbank.net/E01857/results,,2026-08-31T01:24:49.228521+09:00
FY2018-03,6904,total_assets,,JPY_million,100,SINGLE_SOURCE,irbank_bs,34300,343億,,,,irbank_bs=34300,https://irbank.net/E01857/results,,2026-08-31T01:24:49.228521+09:00
FY2019-03,6904,bps,,JPY,0.01,SINGLE_SOURCE,irbank_bs,634.61,634.61,,,,irbank_bs=634.61,https://irbank.net/E01857/results,,2026-08-31T01:24:49.228521+09:00
FY2019-03,6904,capex,,JPY_million,10,SINGLE_SOURCE,irbank_cf,-1250,-12.5億,,,,irbank_cf=-1250,https://irbank.net/E01857/results,,2026-08-31T01:24:49.228521+09:00
FY2019-03,6904,cash_equivalents,,JPY_million,10,SINGLE_SOURCE,irbank_cf,6870,68.7億,,,,irbank_cf=6870,https://irbank.net/E01857/results,,2026-08-31T01:24:49.228521+09:00
FY2019-03,6904,cost_ratio,,pct,0.01,SINGLE_SOURCE,irbank_pl_consolidated,76.71,76.71,,,,irbank_pl_consolidated=76.71,https://irbank.net/E01857/results,,2026-08-31T01:24:49.228521+09:00
FY2019-03,6904,eps,,JPY,0.01,SINGLE_SOURCE,irbank_pl_consolidated,43.07,43.07,,,,irbank_pl_consolidated=43.07,https://irbank.net/E01857/results,,2026-08-31T01:24:49.228521+09:00
FY2019-03,6904,equity_ratio,,pct,0.1,SINGLE_SOURCE,irbank_bs,39.2,39.2,,,,irbank_bs=39.2,https://irbank.net/E01857/results,,2026-08-31T01:24:49.228521+09:00
FY2019-03,6904,financing_cf,,JPY_million,10,SINGLE_SOURCE,irbank_cf,710,7.1億,,,,irbank_cf=710,https://irbank.net/E01857/results,,2026-08-31T01:24:49.228521+09:00
FY2019-03,6904,free_cf,,JPY_million,10,SINGLE_SOURCE,irbank_cf,-1150,-11.5億,,,,irbank_cf=-1150,https://irbank.net/E01857/results,,2026-08-31T01:24:49.228521+09:00
FY2019-03,6904,interest_bearing_debt,,JPY_million,100,SINGLE_SOURCE,irbank_bs,12900,129億,,,,irbank_bs=12900,https://irbank.net/E01857/results,,2026-08-31T01:24:49.228521+09:00
FY2019-03,6904,interest_bearing_debt_ratio,,x,0.0001,SINGLE_SOURCE|UNIT_CONVERTED,irbank_bs,0.9363,93.63,,,,irbank_bs=0.9363,https://irbank.net/E01857/results,,2026-08-31T01:24:49.228521+09:00
FY2019-03,6904,investing_cf,,JPY_million,10,SINGLE_SOURCE,irbank_cf,-1320,-13.2億,,,,irbank_cf=-1320,https://irbank.net/E01857/results,,2026-08-31T01:24:49.228521+09:00
FY2019-03,6904,net_assets,,JPY_million,100,SINGLE_SOURCE,irbank_bs,13800,138億,,,,irbank_bs=13800,https://irbank.net/E01857/results,,2026-08-31T01:24:49.228521+09:00
FY2019-03,6904,net_income,,JPY_million,1,SINGLE_SOURCE,irbank_pl_consolidated,937,9.37億,,,,irbank_pl_consolidated=937,https://irbank.net/E01857/results,,2026-08-31T01:24:49.228521+09:00
FY2019-03,6904,operating_cf,,JPY_million,1,SINGLE_SOURCE,irbank_cf,168,1.68億,,,,irbank_cf=168,https://irbank.net/E01857/results,,2026-08-31T01:24:49.228521+09:00
FY2019-03,6904,operating_income,,JPY_million,10,SINGLE_SOURCE,irbank_pl_consolidated,1740,17.4億,,,,irbank_pl_consolidated=1740,https://irbank.net/E01857/results,,2026-08-31T01:24:49.228521+09:00
FY2019-03,6904,operating_margin,,pct,0.01,SINGLE_SOURCE,irbank_pl_consolidated,4.03,4.03,,,,irbank_pl_consolidated=4.03,https://irbank.net/E01857/results,,2026-08-31T01:24:49.228521+09:00
FY2019-03,6904,ordinary_income,,JPY_million,10,SINGLE_SOURCE,irbank_pl_consolidated,1440,14.4億,,,,irbank_pl_consolidated=1440,https://irbank.net/E01857/results,,2026-08-31T01:24:49.228521+09:00
FY2019-03,6904,retained_earnings,,JPY_million,100,SINGLE_SOURCE,irbank_bs,10200,102億,,,,irbank_bs=10200,https://irbank.net/E01857/results,,2026-08-31T01:24:49.228521+09:00
FY2019-03,6904,revenue,43135,JPY_million,100,OK|ROUNDING,kabutan_fy10,43135,"43,135",irbank_pl_consolidated,43100,431億,kabutan_fy10=43135|irbank_pl_consolidated=43100,https://kabutan.jp/stock/finance?code=6904,https://irbank.net/E01857/results,2026-08-31T01:24:49.228521+09:00
FY2019-03,6904,roa,,pct,0.01,SINGLE_SOURCE,irbank_pl_consolidated,2.66,2.66,,,,irbank_pl_consolidated=2.66,https://irbank.net/E01857/results,,2026-08-31T01:24:49.228521+09:00
FY2019-03,6904,roe,,pct,0.01,SINGLE_SOURCE,irbank_pl_consolidated,6.79,6.79,,,,irbank_pl_consolidated=6.79,https://irbank.net/E01857/results,,2026-08-31T01:24:49.228521+09:00
FY2019-03,6904,sga_ratio,,pct,0.01,SINGLE_SOURCE,irbank_pl_consolidated,19.26,19.26,,,,irbank_pl_consolidated=19.26,https://irbank.net/E01857/results,,2026-08-31T01:24:49.228521+09:00
FY2019-03,6904,shareholders_equity,,JPY_million,100,SINGLE_SOURCE,irbank_bs,14100,141億,,,,irbank_bs=14100,https://irbank.net/E01857/results,,2026-08-31T01:24:49.228521+09:00
FY2019-03,6904,total_assets,,JPY_million,100,SINGLE_SOURCE,irbank_bs,35200,352億,,,,irbank_bs=35200,https://irbank.net/E01857/results,,2026-08-31T01:24:49.228521+09:00
FY2020-03,6904,bps,,JPY,0.01,SINGLE_SOURCE,irbank_bs,631.07,631.07,,,,irbank_bs=631.07,https://irbank.net/E01857/results,,2026-08-31T01:24:49.228521+09:00
FY2020-03,6904,capex,,JPY_million,10,SINGLE_SOURCE,irbank_cf,-1990,-19.9億,,,,irbank_cf=-1990,https://irbank.net/E01857/results,,2026-08-31T01:24:49.228521+09:00
FY2020-03,6904,cash_equivalents,,JPY_million,10,SINGLE_SOURCE,irbank_cf,5860,58.6億,,,,irbank_cf=5860,https://irbank.net/E01857/results,,2026-08-31T01:24:49.228521+09:00
FY2020-03,6904,cost_ratio,,pct,0.01,SINGLE_SOURCE,irbank_pl_consolidated,77.93,77.93,,,,irbank_pl_consolidated=77.93,https://irbank.net/E01857/results,,2026-08-31T01:24:49.228521+09:00
FY2020-03,6904,eps,,JPY,0.01,SINGLE_SOURCE,irbank_pl_consolidated,9.21,9.21,,,,irbank_pl_consolidated=9.21,https://irbank.net/E01857/results,,2026-08-31T01:24:49.228521+09:00
FY2020-03,6904,equity_ratio,,pct,0.1,SINGLE_SOURCE,irbank_bs,39.9,39.9,,,,irbank_bs=39.9,https://irbank.net/E01857/results,,2026-08-31T01:24:49.228521+09:00
FY2020-03,6904,financing_cf,,JPY_million,10,SINGLE_SOURCE,irbank_cf,-80,-0.8億,,,,irbank_cf=-80,https://irbank.net/E01857/results,,2026-08-31T01:24:49.228521+09:00
FY2020-03,6904,free_cf,,JPY_million,1,SINGLE_SOURCE,irbank_cf,-796,-7.96億,,,,irbank_cf=-796,https://irbank.net/E01857/results,,2026-08-31T01:24:49.228521+09:00
FY2020-03,6904,interest_bearing_debt,,JPY_million,100,SINGLE_SOURCE,irbank_bs,13000,130億,,,,irbank_bs=13000,https://irbank.net/E01857/results,,2026-08-31T01:24:49.228521+09:00
FY2020-03,6904,interest_bearing_debt_ratio,,x,0.0001,SINGLE_SOURCE|UNIT_CONVERTED,irbank_bs,0.9443,94.43,,,,irbank_bs=0.9443,https://irbank.net/E01857/results,,2026-08-31T01:24:49.228521+09:00
FY2020-03,6904,investing_cf,,JPY_million,10,SINGLE_SOURCE,irbank_cf,-1320,-13.2億,,,,irbank_cf=-1320,https://irbank.net/E01857/results,,2026-08-31T01:24:49.228521+09:00
FY2020-03,6904,net_assets,,JPY_million,100,SINGLE_SOURCE,irbank_bs,13700,137億,,,,irbank_bs=13700,https://irbank.net/E01857/results,,2026-08-31T01:24:49.228521+09:00
FY2020-03,6904,net_income,,JPY_million,100,SINGLE_SOURCE,irbank_pl_consolidated,200,2億,,,,irbank_pl_consolidated=200,https://irbank.net/E01857/results,,2026-08-31T01:24:49.228521+09:00
FY2020-03,6904,operating_cf,,JPY_million,1,SINGLE_SOURCE,irbank_cf,521,5.21億,,,,irbank_cf=521,https://irbank.net/E01857/results,,2026-08-31T01:24:49.228521+09:00
FY2020-03,6904,operating_income,,JPY_million,1,SINGLE_SOURCE,irbank_pl_consolidated,683,6.83億,,,,irbank_pl_consolidated=683,https://irbank.net/E01857/results,,2026-08-31T01:24:49.228521+09:00
FY2020-03,6904,operating_margin,,pct,0.01,SINGLE_SOURCE,irbank_pl_consolidated,1.66,1.66,,,,irbank_pl_consolidated=1.66,https://irbank.net/E01857/results,,2026-08-31T01:24:49.228521+09:00
FY2020-03,6904,ordinary_income,,JPY_million,1,SINGLE_SOURCE,irbank_pl_consolidated,487,4.87億,,,,irbank_pl_consolidated=487,https://irbank.net/E01857/results,,2026-08-31T01:24:49.228521+09:00
FY2020-03,6904,retained_earnings,,JPY_million,100,SINGLE_SOURCE,irbank_bs,10200,102億,,,,irbank_bs=10200,https://irbank.net/E01857/results,,2026-08-31T01:24:49.228521+09:00
FY2020-03,6904,revenue,41136,JPY_million,100,OK|ROUNDING,kabutan_fy10,41136,"41,136",irbank_pl_consolidated,41100,411億,kabutan_fy10=41136|irbank_pl_consolidated=41100,https://kabutan.jp/stock/finance?code=6904,https://irbank.net/E01857/results,2026-08-31T01:24:49.228521+09:00
FY2020-03,6904,roa,,pct,0.01,SINGLE_SOURCE,irbank_pl_consolidated,0.58,0.58,,,,irbank_pl_consolidated=0.58,https://irbank.net/E01857/results,,2026-08-31T01:24:49.228521+09:00
FY2020-03,6904,roe,,pct,0.01,SINGLE_SOURCE,irbank_pl_consolidated,1.46,1.46,,,,irbank_pl_consolidated=1.46,https://irbank.net/E01857/results,,2026-08-31T01:24:49.228521+09:00
FY2020-03,6904,sga_ratio,,pct,0.01,SINGLE_SOURCE,irbank_pl_consolidated,20.41,20.41,,,,irbank_pl_consolidated=20.41,https://irbank.net/E01857/results,,2026-08-31T01:24:49.228521+09:00
FY2020-03,6904,shareholders_equity,,JPY_million,100,SINGLE_SOURCE,irbank_bs,14100,141億,,,,irbank_bs=14100,https://irbank.net/E01857/results,,2026-08-31T01:24:49.228521+09:00
FY2020-03,6904,total_assets,,JPY_million,100,SINGLE_SOURCE,irbank_bs,34400,344億,,,,irbank_bs=34400,https://irbank.net/E01857/results,,2026-08-31T01:24:49.228521+09:00
FY2021-03,6904,bps,,JPY,0.01,SINGLE_SOURCE,irbank_bs,532.77,532.77,,,,irbank_bs=532.77,https://irbank.net/E01857/results,,2026-08-31T01:24:49.228521+09:00
FY2021-03,6904,capex,,JPY_million,1,SINGLE_SOURCE,irbank_cf,-667,-6.67億,,,,irbank_cf=-667,https://irbank.net/E01857/results,,2026-08-31T01:24:49.228521+09:00
FY2021-03,6904,cash_equivalents,,JPY_million,10,SINGLE_SOURCE,irbank_cf,4640,46.4億,,,,irbank_cf=4640,https://irbank.net/E01857/results,,2026-08-31T01:24:49.228521+09:00
FY2021-03,6904,cost_ratio,,pct,0.01,SINGLE_SOURCE,irbank_pl_consolidated,81.56,81.56,,,,irbank_pl_consolidated=81.56,https://irbank.net/E01857/results,,2026-08-31T01:24:49.228521+09:00
FY2021-03,6904,eps,,JPY,0.01,SINGLE_SOURCE,irbank_pl_consolidated,-59.46,-59.46,,,,irbank_pl_consolidated=-59.46,https://irbank.net/E01857/results,,2026-08-31T01:24:49.228521+09:00
FY2021-03,6904,equity_ratio,,pct,0.1,SINGLE_SOURCE,irbank_bs,35.3,35.3,,,,irbank_bs=35.3,https://irbank.net/E01857/results,,2026-08-31T01:24:49.228521+09:00
FY2021-03,6904,financing_cf,,JPY_million,1,SINGLE_SOURCE,irbank_cf,-168,-1.68億,,,,irbank_cf=-168,https://irbank.net/E01857/results,,2026-08-31T01:24:49.228521+09:00
FY2021-03,6904,free_cf,,JPY_million,1,SINGLE_SOURCE,irbank_cf,-855,-8.55億,,,,irbank_cf=-855,https://irbank.net/E01857/results,,2026-08-31T01:24:49.228521+09:00
FY2021-03,6904,interest_bearing_debt,,JPY_million,100,SINGLE_SOURCE,irbank_bs,13200,132億,,,,irbank_bs=13200,https://irbank.net/E01857/results,,2026-08-31T01:24:49.228521+09:00
FY2021-03,6904,interest_bearing_debt_ratio,,x,0.0001,SINGLE_SOURCE|UNIT_CONVERTED,irbank_bs,1.1394,113.94,,,,irbank_bs=1.1394,https://irbank.net/E01857/results,,2026-08-31T01:24:49.228521+09:00
FY2021-03,6904,investing_cf,,JPY_million,1,SINGLE_SOURCE,irbank_cf,-702,-7.02億,,,,irbank_cf=-702,https://irbank.net/E01857/results,,2026-08-31T01:24:49.228521+09:00
FY2021-03,6904,net_assets,,JPY_million,100,SINGLE_SOURCE,irbank_bs,11600,116億,,,,irbank_bs=11600,https://irbank.net/E01857/results,,2026-08-31T01:24:49.228521+09:00
FY2021-03,6904,net_income,,JPY_million,10,SINGLE_SOURCE,irbank_pl_consolidated,-1290,-12.9億,,,,irbank_pl_consolidated=-1290,https://irbank.net/E01857/results,,2026-08-31T01:24:49.228521+09:00
FY2021-03,6904,operating_cf,,JPY_million,1,SINGLE_SOURCE,irbank_cf,-152,-1.52億,,,,irbank_cf=-152,https://irbank.net/E01857/results,,2026-08-31T01:24:49.228521+09:00
FY2021-03,6904,operating_income,,JPY_million,10,SINGLE_SOURCE,irbank_pl_consolidated,-1090,-10.9億,,,,irbank_pl_consolidated=-1090,https://irbank.net/E01857/results,,2026-08-31T01:24:49.228521+09:00
FY2021-03,6904,operating_margin,,pct,0.01,SINGLE_SOURCE,irbank_pl_consolidated,-3.14,-3.14,,,,irbank_pl_consolidated=-3.14,https://irbank.net/E01857/results,,2026-08-31T01:24:49.228521+09:00
FY2021-03,6904,ordinary_income,,JPY_million,10,SINGLE_SOURCE,irbank_pl_consolidated,-1120,-11.2億,,,,irbank_pl_consolidated=-1120,https://irbank.net/E01857/results,,2026-08-31T01:24:49.228521+09:00
FY2021-03,6904,retained_earnings,,JPY_million,10,SINGLE_SOURCE,irbank_bs,8760,87.6億,,,,irbank_bs=8760,https://irbank.net/E01857/results,,2026-08-31T01:24:49.228521+09:00
FY2021-03,6904,revenue,34705,JPY_million,100,OK|ROUNDING,kabutan_fy10,34705,"34,705",irbank_pl_consolidated,34700,347億,kabutan_fy10=34705|irbank_pl_consolidated=34700,https://kabutan.jp/stock/finance?code=6904,https://irbank.net/E01857/results,2026-08-31T01:24:49.228521+09:00
FY2021-03,6904,sga_ratio,,pct,0.01,SINGLE_SOURCE,irbank_pl_consolidated,21.57,21.57,,,,irbank_pl_consolidated=21.57,https://irbank.net/E01857/results,,2026-08-31T01:24:49.228521+09:00
FY2021-03,6904,shareholders_equity,,JPY_million,100,SINGLE_SOURCE,irbank_bs,12600,126億,,,,irbank_bs=12600,https://irbank.net/E01857/results,,2026-08-31T01:24:49.228521+09:00
FY2021-03,6904,total_assets,,JPY_million,100,SINGLE_SOURCE,irbank_bs,32800,328億,,,,irbank_bs=32800,https://irbank.net/E01857/results,,2026-08-31T01:24:49.228521+09:00
FY2022-03,6904,bps,,JPY,0.01,SINGLE_SOURCE,irbank_bs,515.17,515.17,,,,irbank_bs=515.17,https://irbank.net/E01857/results,,2026-08-31T01:24:49.228521+09:00
FY2022-03,6904,capex,,JPY_million,1,SINGLE_SOURCE,irbank_cf,-691,-6.91億,,,,irbank_cf=-691,https://irbank.net/E01857/results,,2026-08-31T01:24:49.228521+09:00
FY2022-03,6904,cash_equivalents,,JPY_million,10,SINGLE_SOURCE,irbank_cf,3730,37.3億,,,,irbank_cf=3730,https://irbank.net/E01857/results,,2026-08-31T01:24:49.228521+09:00
FY2022-03,6904,cost_ratio,,pct,0.01,SINGLE_SOURCE,irbank_pl_consolidated,83.77,83.77,,,,irbank_pl_consolidated=83.77,https://irbank.net/E01857/results,,2026-08-31T01:24:49.228521+09:00
FY2022-03,6904,eps,,JPY,0.01,SINGLE_SOURCE,irbank_pl_consolidated,-50.83,-50.83,,,,irbank_pl_consolidated=-50.83,https://irbank.net/E01857/results,,2026-08-31T01:24:49.228521+09:00
FY2022-03,6904,equity_ratio,,pct,0.1,SINGLE_SOURCE,irbank_bs,31.2,31.2,,,,irbank_bs=31.2,https://irbank.net/E01857/results,,2026-08-31T01:24:49.228521+09:00
FY2022-03,6904,financing_cf,,JPY_million,100,SINGLE_SOURCE,irbank_cf,2500,25億,,,,irbank_cf=2500,https://irbank.net/E01857/results,,2026-08-31T01:24:49.228521+09:00
FY2022-03,6904,free_cf,,JPY_million,100,SINGLE_SOURCE,irbank_cf,-3700,-37億,,,,irbank_cf=-3700,https://irbank.net/E01857/results,,2026-08-31T01:24:49.228521+09:00
FY2022-03,6904,interest_bearing_debt,,JPY_million,100,SINGLE_SOURCE,irbank_bs,16600,166億,,,,irbank_bs=16600,https://irbank.net/E01857/results,,2026-08-31T01:24:49.228521+09:00
FY2022-03,6904,interest_bearing_debt_ratio,,x,0.0001,SINGLE_SOURCE|UNIT_CONVERTED,irbank_bs,1.4804,148.04,,,,irbank_bs=1.4804,https://irbank.net/E01857/results,,2026-08-31T01:24:49.228521+09:00
FY2022-03,6904,investing_cf,,JPY_million,1,SINGLE_SOURCE,irbank_cf,-131,-1.31億,,,,irbank_cf=-131,https://irbank.net/E01857/results,,2026-08-31T01:24:49.228521+09:00
FY2022-03,6904,net_assets,,JPY_million,100,SINGLE_SOURCE,irbank_bs,11200,112億,,,,irbank_bs=11200,https://irbank.net/E01857/results,,2026-08-31T01:24:49.228521+09:00
FY2022-03,6904,net_income,,JPY_million,10,SINGLE_SOURCE,irbank_pl_consolidated,-1110,-11.1億,,,,irbank_pl_consolidated=-1110,https://irbank.net/E01857/results,,2026-08-31T01:24:49.228521+09:00
FY2022-03,6904,operating_cf,,JPY_million,10,SINGLE_SOURCE,irbank_cf,-3570,-35.7億,,,,irbank_cf=-3570,https://irbank.net/E01857/results,,2026-08-31T01:24:49.228521+09:00
FY2022-03,6904,operating_income,,JPY_million,10,SINGLE_SOURCE,irbank_pl_consolidated,-1160,-11.6億,,,,irbank_pl_consolidated=-1160,https://irbank.net/E01857/results,,2026-08-31T01:24:49.228521+09:00
FY2022-03,6904,operating_margin,,pct,0.01,SINGLE_SOURCE,irbank_pl_consolidated,-3.25,-3.25,,,,irbank_pl_consolidated=-3.25,https://irbank.net/E01857/results,,2026-08-31T01:24:49.228521+09:00
FY2022-03,6904,ordinary_income,,JPY_million,1,SINGLE_SOURCE,irbank_pl_consolidated,-951,-9.51億,,,,irbank_pl_consolidated=-951,https://irbank.net/E01857/results,,2026-08-31T01:24:49.228521+09:00
FY2022-03,6904,retained_earnings,,JPY_million,10,SINGLE_SOURCE,irbank_bs,7590,75.9億,,,,irbank_bs=7590,https://irbank.net/E01857/results,,2026-08-31T01:24:49.228521+09:00
FY2022-03,6904,revenue,35811,JPY_million,100,OK|ROUNDING,kabutan_fy10,35811,"35,811",irbank_pl_consolidated,35800,358億,kabutan_fy10=35811|irbank_pl_consolidated=35800,https://kabutan.jp/stock/finance?code=6904,https://irbank.net/E01857/results,2026-08-31T01:24:49.228521+09:00
FY2022-03,6904,sga_ratio,,pct,0.01,SINGLE_SOURCE,irbank_pl_consolidated,19.48,19.48,,,,irbank_pl_consolidated=19.48,https://irbank.net/E01857/results,,2026-08-31T01:24:49.228521+09:00
FY2022-03,6904,shareholders_equity,,JPY_million,100,SINGLE_SOURCE,irbank_bs,11500,115億,,,,irbank_bs=11500,https://irbank.net/E01857/results,,2026-08-31T01:24:49.228521+09:00
FY2022-03,6904,total_assets,,JPY_million,100,SINGLE_SOURCE,irbank_bs,35900,359億,,,,irbank_bs=35900,https://irbank.net/E01857/results,,2026-08-31T01:24:49.228521+09:00
FY2023-03,6904,bps,,JPY,0.01,SINGLE_SOURCE,irbank_bs,513.38,513.38,,,,irbank_bs=513.38,https://irbank.net/E01857/results,,2026-08-31T01:24:49.228521+09:00
FY2023-03,6904,capex,,JPY_million,100,SINGLE_SOURCE,irbank_cf,-1300,-13億,,,,irbank_cf=-1300,https://irbank.net/E01857/results,,2026-08-31T01:24:49.228521+09:00
FY2023-03,6904,cash_equivalents,,JPY_million,10,SINGLE_SOURCE,irbank_cf,5950,59.5億,,,,irbank_cf=5950,https://irbank.net/E01857/results,,2026-08-31T01:24:49.228521+09:00
FY2023-03,6904,cost_ratio,,pct,0.01,SINGLE_SOURCE,irbank_pl_consolidated,83.22,83.22,irbank_q,83.22,83.22%,irbank_pl_consolidated=83.22|irbank_q=83.22,https://irbank.net/E01857/results,https://irbank.net/E01857/quarter,2026-08-31T01:24:49.228521+09:00
FY2023-03,6904,eps,-70.4,JPY,0.1,OK,kabutan_fy,-70.4,-70.4,irbank_pl_consolidated,-70.4,-70.4,kabutan_fy=-70.4|irbank_pl_consolidated=-70.4,https://kabutan.jp/stock/finance?code=6904,https://irbank.net/E01857/results,2026-08-31T01:24:49.228521+09:00
FY2023-03,6904,equity_ratio,,pct,0.1,SINGLE_SOURCE,irbank_bs,27.8,27.8,,,,irbank_bs=27.8,https://irbank.net/E01857/results,,2026-08-31T01:24:49.228521+09:00
FY2023-03,6904,financing_cf,,JPY_million,100,SINGLE_SOURCE,irbank_cf,2000,20億,,,,irbank_cf=2000,https://irbank.net/E01857/results,,2026-08-31T01:24:49.228521+09:00
FY2023-03,6904,free_cf,,JPY_million,1,SINGLE_SOURCE,irbank_cf,-11,-0.11億,,,,irbank_cf=-11,https://irbank.net/E01857/results,,2026-08-31T01:24:49.228521+09:00
FY2023-03,6904,interest_bearing_debt,,JPY_million,100,SINGLE_SOURCE,irbank_bs,19700,197億,,,,irbank_bs=19700,https://irbank.net/E01857/results,,2026-08-31T01:24:49.228521+09:00
FY2023-03,6904,interest_bearing_debt_ratio,,x,0.0001,SINGLE_SOURCE|UNIT_CONVERTED,irbank_bs,1.7659,176.59,,,,irbank_bs=1.7659,https://irbank.net/E01857/results,,2026-08-31T01:24:49.228521+09:00
FY2023-03,6904,investing_cf,,JPY_million,1,SINGLE_SOURCE,irbank_cf,-569,-5.69億,,,,irbank_cf=-569,https://irbank.net/E01857/results,,2026-08-31T01:24:49.228521+09:00
FY2023-03,6904,net_assets,,JPY_million,100,SINGLE_SOURCE,irbank_bs,11200,112億,,,,irbank_bs=11200,https://irbank.net/E01857/results,,2026-08-31T01:24:49.228521+09:00
FY2023-03,6904,net_income,-1531,JPY_million,10,OK|ROUNDING,kabutan_fy,-1531,"-1,531",irbank_pl_consolidated,-1530,-15.3億,kabutan_fy=-1531|irbank_pl_consolidated=-1530,https://kabutan.jp/stock/finance?code=6904,https://irbank.net/E01857/results,2026-08-31T01:24:49.228521+09:00
FY2023-03,6904,operating_cf,,JPY_million,1,SINGLE_SOURCE,irbank_cf,559,5.59億,,,,irbank_cf=559,https://irbank.net/E01857/results,,2026-08-31T01:24:49.228521+09:00
FY2023-03,6904,operating_income,-721,JPY_million,1,OK|ROUNDING,kabutan_fy,-721,-721,irbank_pl_consolidated,-722,-7.22億,kabutan_fy=-721|irbank_pl_consolidated=-722|irbank_q=-722,https://kabutan.jp/stock/finance?code=6904,https://irbank.net/E01857/results,2026-08-31T01:24:49.228521+09:00
FY2023-03,6904,operating_margin,,pct,0.01,SINGLE_SOURCE,irbank_pl_consolidated,-1.71,-1.71,irbank_q,-1.71,-1.71%,irbank_pl_consolidated=-1.71|irbank_q=-1.71,https://irbank.net/E01857/results,https://irbank.net/E01857/quarter,2026-08-31T01:24:49.228521+09:00
FY2023-03,6904,ordinary_income,-899,JPY_million,1,OK,kabutan_fy,-899,-899,irbank_pl_consolidated,-899,-8.99億,kabutan_fy=-899|irbank_pl_consolidated=-899|irbank_q=-899,https://kabutan.jp/stock/finance?code=6904,https://irbank.net/E01857/results,2026-08-31T01:24:49.228521+09:00
FY2023-03,6904,retained_earnings,,JPY_million,10,SINGLE_SOURCE,irbank_bs,5950,59.5億,,,,irbank_bs=5950,https://irbank.net/E01857/results,,2026-08-31T01:24:49.228521+09:00
FY2023-03,6904,revenue,42105,JPY_million,100,OK|ROUNDING,kabutan_fy,42105,"42,105",kabutan_fy10,42105,"42,105",kabutan_fy=42105|kabutan_fy10=42105|irbank_pl_consolidated=42100|irbank_q=42100,https://kabutan.jp/stock/finance?code=6904,https://kabutan.jp/stock/finance?code=6904,2026-08-31T01:24:49.228521+09:00
FY2023-03,6904,sga_ratio,,pct,0.01,SINGLE_SOURCE,irbank_pl_consolidated,18.49,18.49,irbank_q,18.49,18.49%,irbank_pl_consolidated=18.49|irbank_q=18.49,https://irbank.net/E01857/results,https://irbank.net/E01857/quarter,2026-08-31T01:24:49.228521+09:00
FY2023-03,6904,shareholders_equity,,JPY_million,10,SINGLE_SOURCE,irbank_bs,9830,98.3億,,,,irbank_bs=9830,https://irbank.net/E01857/results,,2026-08-31T01:24:49.228521+09:00
FY2023-03,6904,total_assets,,JPY_million,100,SINGLE_SOURCE,irbank_bs,40100,401億,,,,irbank_bs=40100,https://irbank.net/E01857/results,,2026-08-31T01:24:49.228521+09:00
FY2024-03,6904,bps,547.72,JPY,0.01,OK,kabutan_bs,547.72,547.72,irbank_bs,547.72,547.72,kabutan_bs=547.72|irbank_bs=547.72,https://kabutan.jp/stock/finance?code=6904,https://irbank.net/E01857/results,2026-08-31T01:24:49.228521+09:00
FY2024-03,6904,capex,,JPY_million,10,SINGLE_SOURCE,irbank_cf,-1130,-11.3億,,,,irbank_cf=-1130,https://irbank.net/E01857/results,,2026-08-31T01:24:49.228521+09:00
FY2024-03,6904,cash_equivalents,5141,JPY_million,10,OK|ROUNDING,kabutan_cf,5141,"5,141",irbank_cf,5140,51.4億,kabutan_cf=5141|irbank_cf=5140,https://kabutan.jp/stock/finance?code=6904,https://irbank.net/E01857/results,2026-08-31T01:24:49.228521+09:00
FY2024-03,6904,cost_ratio,,pct,0.01,SINGLE_SOURCE,irbank_pl_consolidated,81.57,81.57,irbank_q,81.57,81.57%-1.65%,irbank_pl_consolidated=81.57|irbank_q=81.57,https://irbank.net/E01857/results,https://irbank.net/E01857/quarter,2026-08-31T01:24:49.228521+09:00
FY2024-03,6904,eps,40.72,JPY,0.1,OK|ROUNDING,kabutan_fy,40.7,40.7,irbank_pl_consolidated,40.72,40.72,kabutan_fy=40.7|irbank_pl_consolidated=40.72,https://kabutan.jp/stock/finance?code=6904,https://irbank.net/E01857/results,2026-08-31T01:24:49.228521+09:00
FY2024-03,6904,equity,,JPY_million,1,SINGLE_SOURCE,kabutan_bs,11913,"11,913",,,,kabutan_bs=11913,https://kabutan.jp/stock/finance?code=6904,,2026-08-31T01:24:49.228521+09:00
FY2024-03,6904,equity_ratio,31.7,pct,0.1,OK,kabutan_bs,31.7,31.7,irbank_bs,31.7,31.7,kabutan_bs=31.7|irbank_bs=31.7,https://kabutan.jp/stock/finance?code=6904,https://irbank.net/E01857/results,2026-08-31T01:24:49.228521+09:00
FY2024-03,6904,financing_cf,-5998,JPY_million,100,OK|ROUNDING,kabutan_cf,-5998,"-5,998",irbank_cf,-6000,-60億,kabutan_cf=-5998|irbank_cf=-6000,https://kabutan.jp/stock/finance?code=6904,https://irbank.net/E01857/results,2026-08-31T01:24:49.228521+09:00
FY2024-03,6904,free_cf,4991,JPY_million,10,OK|ROUNDING,kabutan_cf,4991,"4,991",irbank_cf,4990,49.9億,kabutan_cf=4991|irbank_cf=4990,https://kabutan.jp/stock/finance?code=6904,https://irbank.net/E01857/results,2026-08-31T01:24:49.228521+09:00
FY2024-03,6904,interest_bearing_debt,,JPY_million,100,SINGLE_SOURCE,irbank_bs,14900,149億,,,,irbank_bs=14900,https://irbank.net/E01857/results,,2026-08-31T01:24:49.228521+09:00
FY2024-03,6904,interest_bearing_debt_ratio,1.2478,x,0.01,OK|ROUNDING|UNIT_CONVERTED,kabutan_bs,1.25,1.25,irbank_bs,1.2478,124.78,kabutan_bs=1.25|irbank_bs=1.2478,https://kabutan.jp/stock/finance?code=6904,https://irbank.net/E01857/results,2026-08-31T01:24:49.228521+09:00
FY2024-03,6904,investing_cf,2568,JPY_million,10,OK|ROUNDING,kabutan_cf,2568,"2,568",irbank_cf,2570,25.7億,kabutan_cf=2568|irbank_cf=2570,https://kabutan.jp/stock/finance?code=6904,https://irbank.net/E01857/results,2026-08-31T01:24:49.228521+09:00
FY2024-03,6904,net_assets,,JPY_million,100,SINGLE_SOURCE,irbank_bs,11900,119億,,,,irbank_bs=11900,https://irbank.net/E01857/results,,2026-08-31T01:24:49.228521+09:00
FY2024-03,6904,net_income,885,JPY_million,1,OK|ROUNDING,kabutan_fy,885,885,irbank_pl_consolidated,886,8.86億,kabutan_fy=885|irbank_pl_consolidated=886,https://kabutan.jp/stock/finance?code=6904,https://irbank.net/E01857/results,2026-08-31T01:24:49.228521+09:00
FY2024-03,6904,operating_cf,2423,JPY_million,10,OK|ROUNDING,kabutan_cf,2423,"2,423",irbank_cf,2420,24.2億,kabutan_cf=2423|irbank_cf=2420,https://kabutan.jp/stock/finance?code=6904,https://irbank.net/E01857/results,2026-08-31T01:24:49.228521+09:00
FY2024-03,6904,operating_income,1026,JPY_million,10,OK|ROUNDING,kabutan_fy,1026,"1,026",kabutan_cf,1026,"1,026",kabutan_fy=1026|kabutan_cf=1026|irbank_pl_consolidated=1030|irbank_q=1030,https://kabutan.jp/stock/finance?code=6904,https://kabutan.jp/stock/finance?code=6904,2026-08-31T01:24:49.228521+09:00
FY2024-03,6904,operating_margin,,pct,0.01,SINGLE_SOURCE,irbank_pl_consolidated,2.18,2.18,irbank_q,2.18,2.18%,irbank_pl_consolidated=2.18|irbank_q=2.18,https://irbank.net/E01857/results,https://irbank.net/E01857/quarter,2026-08-31T01:24:49.228521+09:00
FY2024-03,6904,ordinary_income,518,JPY_million,1,OK|ROUNDING,kabutan_fy,518,518,irbank_pl_consolidated,519,5.19億,kabutan_fy=518|irbank_pl_consolidated=519|irbank_q=519,https://kabutan.jp/stock/finance?code=6904,https://irbank.net/E01857/results,2026-08-31T01:24:49.228521+09:00
FY2024-03,6904,retained_earnings,6731,JPY_million,10,OK|ROUNDING,kabutan_bs,6731,"6,731",irbank_bs,6730,67.3億,kabutan_bs=6731|irbank_bs=6730,https://kabutan.jp/stock/finance?code=6904,https://irbank.net/E01857/results,2026-08-31T01:24:49.228521+09:00
FY2024-03,6904,revenue,46993,JPY_million,100,OK|ROUNDING,kabutan_fy,46993,"46,993",kabutan_fy10,46993,"46,993",kabutan_fy=46993|kabutan_fy10=46993|kabutan_record_fy=46993|irbank_pl_consolidated=47000|irbank_q=47000,https://kabutan.jp/stock/finance?code=6904,https://kabutan.jp/stock/finance?code=6904,2026-08-31T01:24:49.228521+09:00
FY2024-03,6904,roa,,pct,0.01,SINGLE_SOURCE,irbank_pl_consolidated,2.36,2.36,,,,irbank_pl_consolidated=2.36,https://irbank.net/E01857/results,,2026-08-31T01:24:49.228521+09:00
FY2024-03,6904,roe,,pct,0.01,SINGLE_SOURCE,irbank_pl_consolidated,7.43,7.43,,,,irbank_pl_consolidated=7.43,https://irbank.net/E01857/results,,2026-08-31T01:24:49.228521+09:00
FY2024-03,6904,sga_ratio,,pct,0.01,SINGLE_SOURCE,irbank_pl_consolidated,16.24,16.24,irbank_q,16.24,16.24%-2.25%,irbank_pl_consolidated=16.24|irbank_q=16.24,https://irbank.net/E01857/results,https://irbank.net/E01857/quarter,2026-08-31T01:24:49.228521+09:00
FY2024-03,6904,shareholders_equity,,JPY_million,100,SINGLE_SOURCE,irbank_bs,10600,106億,,,,irbank_bs=10600,https://irbank.net/E01857/results,,2026-08-31T01:24:49.228521+09:00
FY2024-03,6904,total_assets,37598,JPY_million,100,OK|ROUNDING,kabutan_bs,37598,"37,598",irbank_bs,37600,376億,kabutan_bs=37598|irbank_bs=37600,https://kabutan.jp/stock/finance?code=6904,https://irbank.net/E01857/results,2026-08-31T01:24:49.228521+09:00
FY2025-03,6904,bps,632.62,JPY,0.01,OK,kabutan_bs,632.62,632.62,irbank_bs,632.62,632.62,kabutan_bs=632.62|irbank_bs=632.62,https://kabutan.jp/stock/finance?code=6904,https://irbank.net/E01857/results,2026-08-31T01:24:49.228521+09:00
FY2025-03,6904,capex,,JPY_million,1,SINGLE_SOURCE,irbank_cf,-798,-7.98億,,,,irbank_cf=-798,https://irbank.net/E01857/results,,2026-08-31T01:24:49.228521+09:00
FY2025-03,6904,cash_equivalents,6448,JPY_million,10,OK|ROUNDING,kabutan_cf,6448,"6,448",irbank_cf,6450,64.5億,kabutan_cf=6448|irbank_cf=6450,https://kabutan.jp/stock/finance?code=6904,https://irbank.net/E01857/results,2026-08-31T01:24:49.228521+09:00
FY2025-03,6904,cost_ratio,,pct,0.1,SINGLE_SOURCE,irbank_pl_consolidated,79.4,79.4,irbank_q,79.4,79.4%-2.17%,irbank_pl_consolidated=79.4|irbank_q=79.4,https://irbank.net/E01857/results,https://irbank.net/E01857/quarter,2026-08-31T01:24:49.228521+09:00
FY2025-03,6904,eps,7.67,JPY,0.1,OK|ROUNDING,kabutan_fy,7.7,7.7,kabutan_fy_profit,7.7,7.7,kabutan_fy=7.7|kabutan_fy_profit=7.7|irbank_pl_consolidated=7.67,https://kabutan.jp/stock/finance?code=6904,https://kabutan.jp/stock/finance?code=6904,2026-08-31T01:24:49.228521+09:00
FY2025-03,6904,equity,,JPY_million,1,SINGLE_SOURCE,kabutan_bs,13381,"13,381",,,,kabutan_bs=13381,https://kabutan.jp/stock/finance?code=6904,,2026-08-31T01:24:49.228521+09:00
FY2025-03,6904,equity_ratio,34.4,pct,0.1,OK,kabutan_bs,34.4,34.4,irbank_bs,34.4,34.4,kabutan_bs=34.4|irbank_bs=34.4,https://kabutan.jp/stock/finance?code=6904,https://irbank.net/E01857/results,2026-08-31T01:24:49.228521+09:00
FY2025-03,6904,financing_cf,573,JPY_million,1,OK,kabutan_cf,573,573,irbank_cf,573,5.73億,kabutan_cf=573|irbank_cf=573,https://kabutan.jp/stock/finance?code=6904,https://irbank.net/E01857/results,2026-08-31T01:24:49.228521+09:00
FY2025-03,6904,free_cf,447,JPY_million,1,OK,kabutan_cf,447,447,irbank_cf,447,4.47億,kabutan_cf=447|irbank_cf=447,https://kabutan.jp/stock/finance?code=6904,https://irbank.net/E01857/results,2026-08-31T01:24:49.228521+09:00
FY2025-03,6904,interest_bearing_debt,,JPY_million,100,SINGLE_SOURCE,irbank_bs,16500,165億,,,,irbank_bs=16500,https://irbank.net/E01857/results,,2026-08-31T01:24:49.228521+09:00
FY2025-03,6904,interest_bearing_debt_ratio,1.2356,x,0.01,OK|ROUNDING|UNIT_CONVERTED,kabutan_bs,1.24,1.24,irbank_bs,1.2356,123.56,kabutan_bs=1.24|irbank_bs=1.2356,https://kabutan.jp/stock/finance?code=6904,https://irbank.net/E01857/results,2026-08-31T01:24:49.228521+09:00
FY2025-03,6904,investing_cf,-408,JPY_million,1,OK|ROUNDING,kabutan_cf,-408,-408,irbank_cf,-409,-4.09億,kabutan_cf=-408|irbank_cf=-409,https://kabutan.jp/stock/finance?code=6904,https://irbank.net/E01857/results,2026-08-31T01:24:49.228521+09:00
FY2025-03,6904,net_assets,,JPY_million,100,SINGLE_SOURCE,irbank_bs,13400,134億,,,,irbank_bs=13400,https://irbank.net/E01857/results,,2026-08-31T01:24:49.228521+09:00
FY2025-03,6904,net_income,166,JPY_million,1,OK,kabutan_fy,166,166,irbank_pl_consolidated,166,1.66億,kabutan_fy=166|irbank_pl_consolidated=166,https://kabutan.jp/stock/finance?code=6904,https://irbank.net/E01857/results,2026-08-31T01:24:49.228521+09:00
FY2025-03,6904,operating_cf,855,JPY_million,1,OK|ROUNDING,kabutan_cf,855,855,irbank_cf,856,8.56億,kabutan_cf=855|irbank_cf=856,https://kabutan.jp/stock/finance?code=6904,https://irbank.net/E01857/results,2026-08-31T01:24:49.228521+09:00
FY2025-03,6904,operating_income,1729,JPY_million,10,OK|ROUNDING,kabutan_fy,1729,"1,729",kabutan_fy_profit,1729,"1,729",kabutan_fy=1729|kabutan_fy_profit=1729|kabutan_cf=1729|irbank_pl_consolidated=1730|irbank_q=1730,https://kabutan.jp/stock/finance?code=6904,https://kabutan.jp/stock/finance?code=6904,2026-08-31T01:24:49.228521+09:00
FY2025-03,6904,operating_margin,3.86,pct,0.01,OK,kabutan_fy_profit,3.86,3.86,irbank_pl_consolidated,3.86,3.86,kabutan_fy_profit=3.86|irbank_pl_consolidated=3.86|irbank_q=3.86,https://kabutan.jp/stock/finance?code=6904,https://irbank.net/E01857/results,2026-08-31T01:24:49.228521+09:00
FY2025-03,6904,ordinary_income,1328,JPY_million,10,OK|ROUNDING,kabutan_fy,1328,"1,328",irbank_pl_consolidated,1330,13.3億,kabutan_fy=1328|irbank_pl_consolidated=1330|irbank_q=1330,https://kabutan.jp/stock/finance?code=6904,https://irbank.net/E01857/results,2026-08-31T01:24:49.228521+09:00
FY2025-03,6904,retained_earnings,6571,JPY_million,10,OK|ROUNDING,kabutan_bs,6571,"6,571",irbank_bs,6570,65.7億,kabutan_bs=6571|irbank_bs=6570,https://kabutan.jp/stock/finance?code=6904,https://irbank.net/E01857/results,2026-08-31T01:24:49.228521+09:00
FY2025-03,6904,revenue,44817,JPY_million,100,OK|ROUNDING,kabutan_fy,44817,"44,817",kabutan_fy10,44817,"44,817",kabutan_fy=44817|kabutan_fy10=44817|kabutan_fy_profit=44817|irbank_pl_consolidated=44800|irbank_q=44800,https://kabutan.jp/stock/finance?code=6904,https://kabutan.jp/stock/finance?code=6904,2026-08-31T01:24:49.228521+09:00
FY2025-03,6904,roa,0.43,pct,0.01,OK,kabutan_fy_profit,0.43,0.43,irbank_pl_consolidated,0.43,0.43,kabutan_fy_profit=0.43|irbank_pl_consolidated=0.43,https://kabutan.jp/stock/finance?code=6904,https://irbank.net/E01857/results,2026-08-31T01:24:49.228521+09:00
FY2025-03,6904,roe,,pct,0.01,MISMATCH,kabutan_fy_profit,1.31,1.31,irbank_pl_consolidated,1.24,1.24,kabutan_fy_profit=1.31|irbank_pl_consolidated=1.24,https://kabutan.jp/stock/finance?code=6904,https://irbank.net/E01857/results,2026-08-31T01:24:49.228521+09:00
FY2025-03,6904,sga_ratio,,pct,0.01,SINGLE_SOURCE,irbank_pl_consolidated,16.75,16.75,irbank_q,16.75,16.75%+0.51%,irbank_pl_consolidated=16.75|irbank_q=16.75,https://irbank.net/E01857/results,https://irbank.net/E01857/quarter,2026-08-31T01:24:49.228521+09:00
FY2025-03,6904,shareholders_equity,,JPY_million,100,SINGLE_SOURCE,irbank_bs,10100,101億,,,,irbank_bs=10100,https://irbank.net/E01857/results,,2026-08-31T01:24:49.228521+09:00
FY2025-03,6904,total_assets,38932,JPY_million,100,OK|ROUNDING,kabutan_bs,38932,"38,932",irbank_bs,38900,389億,kabutan_bs=38932|irbank_bs=38900,https://kabutan.jp/stock/finance?code=6904,https://irbank.net/E01857/results,2026-08-31T01:24:49.228521+09:00
FY2026-03,6904,bps,648.15,JPY,0.01,OK,kabutan_bs,648.15,648.15,irbank_bs,648.15,648.15,kabutan_bs=648.15|irbank_bs=648.15,https://kabutan.jp/stock/finance?code=6904,https://irbank.net/E01857/results,2026-08-31T01:24:49.228521+09:00
FY2026-03,6904,capex,,JPY_million,1,SINGLE_SOURCE,irbank_cf,-605,-6.05億,,,,irbank_cf=-605,https://irbank.net/E01857/results,,2026-08-31T01:24:49.228521+09:00
FY2026-03,6904,cash_equivalents,6982,JPY_million,10,OK|ROUNDING,kabutan_cf,6982,"6,982",irbank_cf,6980,69.8億,kabutan_cf=6982|irbank_cf=6980,https://kabutan.jp/stock/finance?code=6904,https://irbank.net/E01857/results,2026-08-31T01:24:49.228521+09:00
FY2026-03,6904,cost_ratio,,pct,0.1,SINGLE_SOURCE,irbank_pl_consolidated,77.4,77.4,irbank_q,77.4,77.4%-2%,irbank_pl_consolidated=77.4|irbank_q=77.4,https://irbank.net/E01857/results,https://irbank.net/E01857/quarter,2026-08-31T01:24:49.228521+09:00
FY2026-03,6904,eps,20.51,JPY,0.1,OK|ROUNDING,kabutan_fy,20.5,20.5,kabutan_fy_profit,20.5,20.5,kabutan_fy=20.5|kabutan_fy_profit=20.5|irbank_pl_consolidated=20.51,https://kabutan.jp/stock/finance?code=6904,https://kabutan.jp/stock/finance?code=6904,2026-08-31T01:24:49.228521+09:00
FY2026-03,6904,equity,,JPY_million,1,SINGLE_SOURCE,kabutan_bs,13709,"13,709",,,,kabutan_bs=13709,https://kabutan.jp/stock/finance?code=6904,,2026-08-31T01:24:49.228521+09:00
FY2026-03,6904,equity_ratio,38.2,pct,0.1,OK|ROUNDING,kabutan_bs,38.2,38.2,irbank_bs,38.3,38.3,kabutan_bs=38.2|irbank_bs=38.3,https://kabutan.jp/stock/finance?code=6904,https://irbank.net/E01857/results,2026-08-31T01:24:49.228521+09:00
FY2026-03,6904,financing_cf,-3119,JPY_million,10,OK|ROUNDING,kabutan_cf,-3119,"-3,119",irbank_cf,-3120,-31.2億,kabutan_cf=-3119|irbank_cf=-3120,https://kabutan.jp/stock/finance?code=6904,https://irbank.net/E01857/results,2026-08-31T01:24:49.228521+09:00
FY2026-03,6904,free_cf,3599,JPY_million,100,OK|ROUNDING,kabutan_cf,3599,"3,599",irbank_cf,3600,36億,kabutan_cf=3599|irbank_cf=3600,https://kabutan.jp/stock/finance?code=6904,https://irbank.net/E01857/results,2026-08-31T01:24:49.228521+09:00
FY2026-03,6904,interest_bearing_debt,,JPY_million,100,SINGLE_SOURCE,irbank_bs,14100,141億,,,,irbank_bs=14100,https://irbank.net/E01857/results,,2026-08-31T01:24:49.228521+09:00
FY2026-03,6904,interest_bearing_debt_ratio,1.0261,x,0.01,OK|ROUNDING|UNIT_CONVERTED,kabutan_bs,1.03,1.03,irbank_bs,1.0261,102.61,kabutan_bs=1.03|irbank_bs=1.0261,https://kabutan.jp/stock/finance?code=6904,https://irbank.net/E01857/results,2026-08-31T01:24:49.228521+09:00
FY2026-03,6904,investing_cf,-569,JPY_million,10,OK|ROUNDING,kabutan_cf,-569,-569,irbank_cf,-570,-5.7億,kabutan_cf=-569|irbank_cf=-570,https://kabutan.jp/stock/finance?code=6904,https://irbank.net/E01857/results,2026-08-31T01:24:49.228521+09:00
FY2026-03,6904,net_assets,,JPY_million,100,SINGLE_SOURCE,irbank_bs,13700,137億,,,,irbank_bs=13700,https://irbank.net/E01857/results,,2026-08-31T01:24:49.228521+09:00
FY2026-03,6904,net_income,433,JPY_million,1,OK|ROUNDING,kabutan_fy,433,433,irbank_pl_consolidated,434,4.34億,kabutan_fy=433|irbank_pl_consolidated=434,https://kabutan.jp/stock/finance?code=6904,https://irbank.net/E01857/results,2026-08-31T01:24:49.228521+09:00
FY2026-03,6904,operating_cf,4168,JPY_million,10,OK|ROUNDING,kabutan_cf,4168,"4,168",irbank_cf,4170,41.7億,kabutan_cf=4168|irbank_cf=4170,https://kabutan.jp/stock/finance?code=6904,https://irbank.net/E01857/results,2026-08-31T01:24:49.228521+09:00
FY2026-03,6904,operating_income,2398,JPY_million,100,OK|ROUNDING,kabutan_fy,2398,"2,398",kabutan_fy_profit,2398,"2,398",kabutan_fy=2398|kabutan_fy_profit=2398|kabutan_cf=2398|irbank_pl_consolidated=2400|irbank_q=2400,https://kabutan.jp/stock/finance?code=6904,https://kabutan.jp/stock/finance?code=6904,2026-08-31T01:24:49.228521+09:00
FY2026-03,6904,operating_margin,5.68,pct,0.01,OK,kabutan_fy_profit,5.68,5.68,irbank_pl_consolidated,5.68,5.68,kabutan_fy_profit=5.68|irbank_pl_consolidated=5.68|irbank_q=5.68,https://kabutan.jp/stock/finance?code=6904,https://irbank.net/E01857/results,2026-08-31T01:24:49.228521+09:00
FY2026-03,6904,ordinary_income,2311,JPY_million,10,OK|ROUNDING,kabutan_fy,2311,"2,311",irbank_pl_consolidated,2310,23.1億,kabutan_fy=2311|irbank_pl_consolidated=2310|irbank_q=2310,https://kabutan.jp/stock/finance?code=6904,https://irbank.net/E01857/results,2026-08-31T01:24:49.228521+09:00
FY2026-03,6904,retained_earnings,6846,JPY_million,10,OK|ROUNDING,kabutan_bs,6846,"6,846",irbank_bs,6850,68.5億,kabutan_bs=6846|irbank_bs=6850,https://kabutan.jp/stock/finance?code=6904,https://irbank.net/E01857/results,2026-08-31T01:24:49.228521+09:00
FY2026-03,6904,revenue,42192,JPY_million,100,OK|ROUNDING,kabutan_fy,42192,"42,192",kabutan_fy10,42192,"42,192",kabutan_fy=42192|kabutan_fy10=42192|kabutan_fy_profit=42192|irbank_pl_consolidated=42200|irbank_q=42200,https://kabutan.jp/stock/finance?code=6904,https://kabutan.jp/stock/finance?code=6904,2026-08-31T01:24:49.228521+09:00
FY2026-03,6904,roa,,pct,0.01,MISMATCH,kabutan_fy_profit,1.16,1.16,irbank_pl_consolidated,1.21,1.21,kabutan_fy_profit=1.16|irbank_pl_consolidated=1.21,https://kabutan.jp/stock/finance?code=6904,https://irbank.net/E01857/results,2026-08-31T01:24:49.228521+09:00
FY2026-03,6904,roe,,pct,0.01,MISMATCH,kabutan_fy_profit,3.2,3.20,irbank_pl_consolidated,3.16,3.16,kabutan_fy_profit=3.2|irbank_pl_consolidated=3.16,https://kabutan.jp/stock/finance?code=6904,https://irbank.net/E01857/results,2026-08-31T01:24:49.228521+09:00
FY2026-03,6904,sga_ratio,,pct,0.01,SINGLE_SOURCE,irbank_pl_consolidated,16.92,16.92,irbank_q,16.92,16.92%+0.17%,irbank_pl_consolidated=16.92|irbank_q=16.92,https://irbank.net/E01857/results,https://irbank.net/E01857/quarter,2026-08-31T01:24:49.228521+09:00
FY2026-03,6904,shareholders_equity,,JPY_million,100,SINGLE_SOURCE,irbank_bs,10400,104億,,,,irbank_bs=10400,https://irbank.net/E01857/results,,2026-08-31T01:24:49.228521+09:00
FY2026-03,6904,total_assets,35843,JPY_million,100,OK|ROUNDING,kabutan_bs,35843,"35,843",irbank_bs,35800,358億,kabutan_bs=35843|irbank_bs=35800,https://kabutan.jp/stock/finance?code=6904,https://irbank.net/E01857/results,2026-08-31T01:24:49.228521+09:00
FY2027-03,6904,eps_plan,28.37,JPY,0.1,OK|ROUNDING,kabutan_fy,28.4,28.4,kabutan_fy10,28.4,28.4,kabutan_fy=28.4|kabutan_fy10=28.4|kabutan_fy_profit=28.4|irbank_pl_consolidated=28.37,https://kabutan.jp/stock/finance?code=6904,https://kabutan.jp/stock/finance?code=6904,2026-08-31T01:24:49.228521+09:00
FY2027-03,6904,net_income_plan,600,JPY_million,100,OK,kabutan_fy,600,600,irbank_pl_consolidated,600,6億,kabutan_fy=600|irbank_pl_consolidated=600,https://kabutan.jp/stock/finance?code=6904,https://irbank.net/E01857/results,2026-08-31T01:24:49.228521+09:00
FY2027-03,6904,operating_income_plan,2000,JPY_million,100,OK,kabutan_fy,2000,"2,000",kabutan_fy10,2000,"2,000",kabutan_fy=2000|kabutan_fy10=2000|kabutan_fy_profit=2000|irbank_pl_consolidated=2000,https://kabutan.jp/stock/finance?code=6904,https://kabutan.jp/stock/finance?code=6904,2026-08-31T01:24:49.228521+09:00
FY2027-03,6904,operating_margin_plan,5.13,pct,0.01,OK,kabutan_fy_profit,5.13,5.13,irbank_pl_consolidated,5.13,5.13,kabutan_fy_profit=5.13|irbank_pl_consolidated=5.13,https://kabutan.jp/stock/finance?code=6904,https://irbank.net/E01857/results,2026-08-31T01:24:49.228521+09:00
FY2027-03,6904,ordinary_income_plan,1700,JPY_million,100,OK,kabutan_fy,1700,"1,700",kabutan_fy10,1700,"1,700",kabutan_fy=1700|kabutan_fy10=1700|irbank_pl_consolidated=1700,https://kabutan.jp/stock/finance?code=6904,https://kabutan.jp/stock/finance?code=6904,2026-08-31T01:24:49.228521+09:00
FY2027-03,6904,revenue_plan,39000,JPY_million,100,OK,kabutan_fy,39000,"39,000",kabutan_fy10,39000,"39,000",kabutan_fy=39000|kabutan_fy10=39000|kabutan_fy_profit=39000|irbank_pl_consolidated=39000,https://kabutan.jp/stock/finance?code=6904,https://kabutan.jp/stock/finance?code=6904,2026-08-31T01:24:49.228521+09:00
FY2027-03,6904,roa_plan,1.66,pct,0.01,OK,kabutan_fy_profit,1.66,1.66,irbank_pl_consolidated,1.66,1.66,kabutan_fy_profit=1.66|irbank_pl_consolidated=1.66,https://kabutan.jp/stock/finance?code=6904,https://irbank.net/E01857/results,2026-08-31T01:24:49.228521+09:00
FY2027-03,6904,roe_plan,3.95,pct,0.01,OK,kabutan_fy_profit,3.95,3.95,irbank_pl_consolidated,3.95,3.95,kabutan_fy_profit=3.95|irbank_pl_consolidated=3.95,https://kabutan.jp/stock/finance?code=6904,https://irbank.net/E01857/results,2026-08-31T01:24:49.228521+09:00
H2023-04_2023-09,6904,eps,,JPY,0.1,SINGLE_SOURCE,kabutan_half,117.5,117.5,,,,kabutan_half=117.5,https://kabutan.jp/stock/finance?code=6904,,2026-08-31T01:24:49.228521+09:00
H2023-04_2023-09,6904,net_income,,JPY_million,1,SINGLE_SOURCE,kabutan_half,2555,"2,555",,,,kabutan_half=2555,https://kabutan.jp/stock/finance?code=6904,,2026-08-31T01:24:49.228521+09:00
H2023-04_2023-09,6904,operating_income,,JPY_million,1,SINGLE_SOURCE,kabutan_half,625,625,,,,kabutan_half=625,https://kabutan.jp/stock/finance?code=6904,,2026-08-31T01:24:49.228521+09:00
H2023-04_2023-09,6904,ordinary_income,,JPY_million,1,SINGLE_SOURCE,kabutan_half,320,320,,,,kabutan_half=320,https://kabutan.jp/stock/finance?code=6904,,2026-08-31T01:24:49.228521+09:00
H2023-04_2023-09,6904,revenue,,JPY_million,1,SINGLE_SOURCE,kabutan_half,22762,"22,762",,,,kabutan_half=22762,https://kabutan.jp/stock/finance?code=6904,,2026-08-31T01:24:49.228521+09:00
H2024-04_2024-09,6904,eps,,JPY,0.1,SINGLE_SOURCE,kabutan_half,28.4,28.4,,,,kabutan_half=28.4,https://kabutan.jp/stock/finance?code=6904,,2026-08-31T01:24:49.228521+09:00
H2024-04_2024-09,6904,net_income,,JPY_million,1,SINGLE_SOURCE,kabutan_half,618,618,,,,kabutan_half=618,https://kabutan.jp/stock/finance?code=6904,,2026-08-31T01:24:49.228521+09:00
H2024-04_2024-09,6904,operating_income,,JPY_million,1,SINGLE_SOURCE,kabutan_half,1506,"1,506",,,,kabutan_half=1506,https://kabutan.jp/stock/finance?code=6904,,2026-08-31T01:24:49.228521+09:00
H2024-04_2024-09,6904,ordinary_income,,JPY_million,1,SINGLE_SOURCE,kabutan_half,1252,"1,252",,,,kabutan_half=1252,https://kabutan.jp/stock/finance?code=6904,,2026-08-31T01:24:49.228521+09:00
H2024-04_2024-09,6904,revenue,,JPY_million,1,SINGLE_SOURCE,kabutan_half,23176,"23,176",,,,kabutan_half=23176,https://kabutan.jp/stock/finance?code=6904,,2026-08-31T01:24:49.228521+09:00
H2025-04_2025-09,6904,eps,,JPY,0.1,SINGLE_SOURCE,kabutan_half,61.5,61.5,,,,kabutan_half=61.5,https://kabutan.jp/stock/finance?code=6904,,2026-08-31T01:24:49.228521+09:00
H2025-04_2025-09,6904,net_income,,JPY_million,1,SINGLE_SOURCE,kabutan_half,1300,"1,300",,,,kabutan_half=1300,https://kabutan.jp/stock/finance?code=6904,,2026-08-31T01:24:49.228521+09:00
H2025-04_2025-09,6904,operating_income,,JPY_million,1,SINGLE_SOURCE,kabutan_half,1739,"1,739",,,,kabutan_half=1739,https://kabutan.jp/stock/finance?code=6904,,2026-08-31T01:24:49.228521+09:00
H2025-04_2025-09,6904,ordinary_income,,JPY_million,1,SINGLE_SOURCE,kabutan_half,1766,"1,766",,,,kabutan_half=1766,https://kabutan.jp/stock/finance?code=6904,,2026-08-31T01:24:49.228521+09:00
H2025-04_2025-09,6904,revenue,,JPY_million,1,SINGLE_SOURCE,kabutan_half,20331,"20,331",,,,kabutan_half=20331,https://kabutan.jp/stock/finance?code=6904,,2026-08-31T01:24:49.228521+09:00
Q2021-07_2021-09,6904,revenue,,JPY_million,1,SINGLE_SOURCE,kabutan_q10,8287,"8,287",,,,kabutan_q10=8287,https://kabutan.jp/stock/finance?code=6904,,2026-08-31T01:24:49.228521+09:00
Q2021-10_2021-12,6904,revenue,,JPY_million,1,SINGLE_SOURCE,kabutan_q10,8466,"8,466",,,,kabutan_q10=8466,https://kabutan.jp/stock/finance?code=6904,,2026-08-31T01:24:49.228521+09:00
Q2022-01_2022-03,6904,revenue,,JPY_million,1,SINGLE_SOURCE,kabutan_q10,9125,"9,125",,,,kabutan_q10=9125,https://kabutan.jp/stock/finance?code=6904,,2026-08-31T01:24:49.228521+09:00
Q2022-04_2022-06,6904,cost_ratio,,pct,0.01,SINGLE_SOURCE,irbank_q,82.57,82.57%,,,,irbank_q=82.57,https://irbank.net/E01857/quarter,,2026-08-31T01:24:49.228521+09:00
Q2022-04_2022-06,6904,operating_income,,JPY_million,1,SINGLE_SOURCE,irbank_q,-141,-1.41億,,,,irbank_q=-141,https://irbank.net/E01857/quarter,,2026-08-31T01:24:49.228521+09:00
Q2022-04_2022-06,6904,operating_margin,,pct,0.01,SINGLE_SOURCE,irbank_q,-1.47,-1.47%,,,,irbank_q=-1.47,https://irbank.net/E01857/quarter,,2026-08-31T01:24:49.228521+09:00
Q2022-04_2022-06,6904,ordinary_income,,JPY_million,1,SINGLE_SOURCE,irbank_q,-35,-0.35億,,,,irbank_q=-35,https://irbank.net/E01857/quarter,,2026-08-31T01:24:49.228521+09:00
Q2022-04_2022-06,6904,revenue,9619,JPY_million,10,OK|ROUNDING,kabutan_q10,9619,"9,619",irbank_q,9620,96.2億,kabutan_q10=9619|irbank_q=9620,https://kabutan.jp/stock/finance?code=6904,https://irbank.net/E01857/quarter,2026-08-31T01:24:49.228521+09:00
Q2022-04_2022-06,6904,sga_ratio,,pct,0.1,SINGLE_SOURCE,irbank_q,18.9,18.9%,,,,irbank_q=18.9,https://irbank.net/E01857/quarter,,2026-08-31T01:24:49.228521+09:00
Q2022-07_2022-09,6904,cost_ratio,,pct,0.01,SINGLE_SOURCE,irbank_q,82.59,82.59%,,,,irbank_q=82.59,https://irbank.net/E01857/quarter,,2026-08-31T01:24:49.228521+09:00
Q2022-07_2022-09,6904,operating_income,,JPY_million,1,SINGLE_SOURCE,irbank_q,-91,-0.91億,,,,irbank_q=-91,https://irbank.net/E01857/quarter,,2026-08-31T01:24:49.228521+09:00
Q2022-07_2022-09,6904,operating_margin,,pct,0.01,SINGLE_SOURCE,irbank_q,-0.91,-0.91%,,,,irbank_q=-0.91,https://irbank.net/E01857/quarter,,2026-08-31T01:24:49.228521+09:00
Q2022-07_2022-09,6904,ordinary_income,,JPY_million,1,SINGLE_SOURCE,irbank_q,-81,-0.81億,,,,irbank_q=-81,https://irbank.net/E01857/quarter,,2026-08-31T01:24:49.228521+09:00
Q2022-07_2022-09,6904,revenue,10017,JPY_million,100,OK|ROUNDING,kabutan_q10,10017,"10,017",irbank_q,10000,100億,kabutan_q10=10017|irbank_q=10000,https://kabutan.jp/stock/finance?code=6904,https://irbank.net/E01857/quarter,2026-08-31T01:24:49.228521+09:00
Q2022-07_2022-09,6904,sga_ratio,,pct,0.01,SINGLE_SOURCE,irbank_q,18.32,18.32%,,,,irbank_q=18.32,https://irbank.net/E01857/quarter,,2026-08-31T01:24:49.228521+09:00
Q2022-10_2022-12,6904,cost_ratio,,pct,0.01,SINGLE_SOURCE,irbank_q,83.88,83.88%,,,,irbank_q=83.88,https://irbank.net/E01857/quarter,,2026-08-31T01:24:49.228521+09:00
Q2022-10_2022-12,6904,operating_income,,JPY_million,1,SINGLE_SOURCE,irbank_q,-197,-1.97億,,,,irbank_q=-197,https://irbank.net/E01857/quarter,,2026-08-31T01:24:49.228521+09:00
Q2022-10_2022-12,6904,operating_margin,,pct,0.01,SINGLE_SOURCE,irbank_q,-1.75,-1.75%,,,,irbank_q=-1.75,https://irbank.net/E01857/quarter,,2026-08-31T01:24:49.228521+09:00
Q2022-10_2022-12,6904,ordinary_income,,JPY_million,1,SINGLE_SOURCE,irbank_q,-457,-4.57億,,,,irbank_q=-457,https://irbank.net/E01857/quarter,,2026-08-31T01:24:49.228521+09:00
Q2022-10_2022-12,6904,revenue,11264,JPY_million,100,OK|ROUNDING,kabutan_q10,11264,"11,264",irbank_q,11300,113億,kabutan_q10=11264|irbank_q=11300,https://kabutan.jp/stock/finance?code=6904,https://irbank.net/E01857/quarter,2026-08-31T01:24:49.228521+09:00
Q2022-10_2022-12,6904,sga_ratio,,pct,0.01,SINGLE_SOURCE,irbank_q,17.86,17.86%,,,,irbank_q=17.86,https://irbank.net/E01857/quarter,,2026-08-31T01:24:49.228521+09:00
Q2023-01_2023-03,6904,cost_ratio,,pct,0.01,SINGLE_SOURCE,irbank_q,83.69,83.69%,,,,irbank_q=83.69,https://irbank.net/E01857/quarter,,2026-08-31T01:24:49.228521+09:00
Q2023-01_2023-03,6904,operating_income,,JPY_million,1,SINGLE_SOURCE,irbank_q,-293,-2.93億,,,,irbank_q=-293,https://irbank.net/E01857/quarter,,2026-08-31T01:24:49.228521+09:00
Q2023-01_2023-03,6904,operating_margin,,pct,0.01,SINGLE_SOURCE,irbank_q,-2.61,-2.61%,,,,irbank_q=-2.61,https://irbank.net/E01857/quarter,,2026-08-31T01:24:49.228521+09:00
Q2023-01_2023-03,6904,ordinary_income,,JPY_million,1,SINGLE_SOURCE,irbank_q,-328,-3.28億,,,,irbank_q=-328,https://irbank.net/E01857/quarter,,2026-08-31T01:24:49.228521+09:00
Q2023-01_2023-03,6904,revenue,11205,JPY_million,100,OK|ROUNDING,kabutan_q10,11205,"11,205",irbank_q,11200,112億,kabutan_q10=11205|irbank_q=11200,https://kabutan.jp/stock/finance?code=6904,https://irbank.net/E01857/quarter,2026-08-31T01:24:49.228521+09:00
Q2023-01_2023-03,6904,sga_ratio,,pct,0.01,SINGLE_SOURCE,irbank_q,18.93,18.93%,,,,irbank_q=18.93,https://irbank.net/E01857/quarter,,2026-08-31T01:24:49.228521+09:00
Q2023-04_2023-06,6904,cost_ratio,,pct,0.01,SINGLE_SOURCE,irbank_q,82.95,82.95%+0.38%,,,,irbank_q=82.95,https://irbank.net/E01857/quarter,,2026-08-31T01:24:49.228521+09:00
Q2023-04_2023-06,6904,eps,,JPY,0.1,SINGLE_SOURCE,kabutan_record_q,93.4,93.4,,,,kabutan_record_q=93.4,https://kabutan.jp/stock/finance?code=6904,,2026-08-31T01:24:49.228521+09:00
Q2023-04_2023-06,6904,net_income,,JPY_million,1,SINGLE_SOURCE,kabutan_record_q,2030,"2,030",,,,kabutan_record_q=2030,https://kabutan.jp/stock/finance?code=6904,,2026-08-31T01:24:49.228521+09:00
Q2023-04_2023-06,6904,operating_income,,JPY_million,1,SINGLE_SOURCE,irbank_q,-24,-0.24億,,,,irbank_q=-24,https://irbank.net/E01857/quarter,,2026-08-31T01:24:49.228521+09:00
Q2023-04_2023-06,6904,operating_margin,,pct,0.01,SINGLE_SOURCE,irbank_q,-0.22,-0.22%,,,,irbank_q=-0.22,https://irbank.net/E01857/quarter,,2026-08-31T01:24:49.228521+09:00
Q2023-04_2023-06,6904,ordinary_income,,JPY_million,1,SINGLE_SOURCE,irbank_q,-181,-1.81億,,,,irbank_q=-181,https://irbank.net/E01857/quarter,,2026-08-31T01:24:49.228521+09:00
Q2023-04_2023-06,6904,revenue,10750,JPY_million,100,OK|ROUNDING,kabutan_q10,10750,"10,750",irbank_q,10800,108億+11.8%,kabutan_q10=10750|irbank_q=10800,https://kabutan.jp/stock/finance?code=6904,https://irbank.net/E01857/quarter,2026-08-31T01:24:49.228521+09:00
Q2023-04_2023-06,6904,sga_ratio,,pct,0.01,SINGLE_SOURCE,irbank_q,17.27,17.27%-1.63%,,,,irbank_q=17.27,https://irbank.net/E01857/quarter,,2026-08-31T01:24:49.228521+09:00
Q2023-07_2023-09,6904,cost_ratio,,pct,0.01,SINGLE_SOURCE,irbank_q,79.45,79.45%-3.14%,,,,irbank_q=79.45,https://irbank.net/E01857/quarter,,2026-08-31T01:24:49.228521+09:00
Q2023-07_2023-09,6904,operating_income,,JPY_million,1,SINGLE_SOURCE,irbank_q,649,6.49億,,,,irbank_q=649,https://irbank.net/E01857/quarter,,2026-08-31T01:24:49.228521+09:00
Q2023-07_2023-09,6904,operating_margin,,pct,0.1,SINGLE_SOURCE,irbank_q,5.4,5.4%,,,,irbank_q=5.4,https://irbank.net/E01857/quarter,,2026-08-31T01:24:49.228521+09:00
Q2023-07_2023-09,6904,ordinary_income,,JPY_million,1,SINGLE_SOURCE,irbank_q,502,5.02億,,,,irbank_q=502,https://irbank.net/E01857/quarter,,2026-08-31T01:24:49.228521+09:00
Q2023-07_2023-09,6904,revenue,12012,JPY_million,100,OK|ROUNDING,kabutan_q10,12012,"12,012",irbank_q,12000,120億+19.9%,kabutan_q10=12012|irbank_q=12000,https://kabutan.jp/stock/finance?code=6904,https://irbank.net/E01857/quarter,2026-08-31T01:24:49.228521+09:00
Q2023-07_2023-09,6904,sga_ratio,,pct,0.01,SINGLE_SOURCE,irbank_q,15.15,15.15%-3.17%,,,,irbank_q=15.15,https://irbank.net/E01857/quarter,,2026-08-31T01:24:49.228521+09:00
Q2023-10_2023-12,6904,cost_ratio,,pct,0.01,SINGLE_SOURCE,irbank_q,77.42,77.42%-6.46%,,,,irbank_q=77.42,https://irbank.net/E01857/quarter,,2026-08-31T01:24:49.228521+09:00
Q2023-10_2023-12,6904,operating_income,,JPY_million,10,SINGLE_SOURCE,irbank_q,930,9.3億,,,,irbank_q=930,https://irbank.net/E01857/quarter,,2026-08-31T01:24:49.228521+09:00
Q2023-10_2023-12,6904,operating_margin,,pct,0.01,SINGLE_SOURCE,irbank_q,7.33,7.33%,,,,irbank_q=7.33,https://irbank.net/E01857/quarter,,2026-08-31T01:24:49.228521+09:00
Q2023-10_2023-12,6904,ordinary_income,,JPY_million,1,SINGLE_SOURCE,irbank_q,833,8.33億,,,,irbank_q=833,https://irbank.net/E01857/quarter,,2026-08-31T01:24:49.228521+09:00
Q2023-10_2023-12,6904,revenue,12676,JPY_million,100,OK|ROUNDING,kabutan_q10,12676,"12,676",kabutan_record_q,12676,"12,676",kabutan_q10=12676|kabutan_record_q=12676|irbank_q=12700,https://kabutan.jp/stock/finance?code=6904,https://kabutan.jp/stock/finance?code=6904,2026-08-31T01:24:49.228521+09:00
Q2023-10_2023-12,6904,sga_ratio,,pct,0.01,SINGLE_SOURCE,irbank_q,15.25,15.25%-2.61%,,,,irbank_q=15.25,https://irbank.net/E01857/quarter,,2026-08-31T01:24:49.228521+09:00
Q2024-01_2024-03,6904,cost_ratio,,pct,0.01,SINGLE_SOURCE,irbank_q,87.06,87.06%+3.37%,,,,irbank_q=87.06,https://irbank.net/E01857/quarter,,2026-08-31T01:24:49.228521+09:00
Q2024-01_2024-03,6904,operating_income,,JPY_million,1,SINGLE_SOURCE,irbank_q,-529,-5.29億,,,,irbank_q=-529,https://irbank.net/E01857/quarter,,2026-08-31T01:24:49.228521+09:00
Q2024-01_2024-03,6904,operating_margin,,pct,0.01,SINGLE_SOURCE,irbank_q,-4.58,-4.58%,,,,irbank_q=-4.58,https://irbank.net/E01857/quarter,,2026-08-31T01:24:49.228521+09:00
Q2024-01_2024-03,6904,ordinary_income,,JPY_million,1,SINGLE_SOURCE,irbank_q,-635,-6.35億,,,,irbank_q=-635,https://irbank.net/E01857/quarter,,2026-08-31T01:24:49.228521+09:00
Q2024-01_2024-03,6904,revenue,11555,JPY_million,100,OK|ROUNDING,kabutan_q10,11555,"11,555",irbank_q,11600,116億+3.1%,kabutan_q10=11555|irbank_q=11600,https://kabutan.jp/stock/finance?code=6904,https://irbank.net/E01857/quarter,2026-08-31T01:24:49.228521+09:00
Q2024-01_2024-03,6904,sga_ratio,,pct,0.01,SINGLE_SOURCE,irbank_q,17.52,17.52%-1.41%,,,,irbank_q=17.52,https://irbank.net/E01857/quarter,,2026-08-31T01:24:49.228521+09:00
Q2024-04_2024-06,6904,cost_ratio,,pct,0.01,SINGLE_SOURCE,irbank_q,78.11,78.11%-4.84%,,,,irbank_q=78.11,https://irbank.net/E01857/quarter,,2026-08-31T01:24:49.228521+09:00
Q2024-04_2024-06,6904,eps,,JPY,0.1,SINGLE_SOURCE,kabutan_ytd_h1,15.4,15.4,,,,kabutan_ytd_h1=15.4,https://kabutan.jp/stock/finance?code=6904,,2026-08-31T01:24:49.228521+09:00
Q2024-04_2024-06,6904,net_income,,JPY_million,1,SINGLE_SOURCE,kabutan_ytd_h1,335,335,,,,kabutan_ytd_h1=335,https://kabutan.jp/stock/finance?code=6904,,2026-08-31T01:24:49.228521+09:00
Q2024-04_2024-06,6904,operating_income,683,JPY_million,1,OK,kabutan_ytd_h1,683,683,irbank_q,683,6.83億,kabutan_ytd_h1=683|irbank_q=683,https://kabutan.jp/stock/finance?code=6904,https://irbank.net/E01857/quarter,2026-08-31T01:24:49.228521+09:00
Q2024-04_2024-06,6904,operating_margin,,pct,0.01,SINGLE_SOURCE,irbank_q,6.11,6.11%,,,,irbank_q=6.11,https://irbank.net/E01857/quarter,,2026-08-31T01:24:49.228521+09:00
Q2024-04_2024-06,6904,ordinary_income,655,JPY_million,1,OK|ROUNDING,kabutan_ytd_h1,655,655,irbank_q,656,6.56億,kabutan_ytd_h1=655|irbank_q=656,https://kabutan.jp/stock/finance?code=6904,https://irbank.net/E01857/quarter,2026-08-31T01:24:49.228521+09:00
Q2024-04_2024-06,6904,revenue,11179,JPY_million,100,OK|ROUNDING,kabutan_ytd_h1,11179,"11,179",kabutan_q10,11179,"11,179",kabutan_ytd_h1=11179|kabutan_q10=11179|irbank_q=11200,https://kabutan.jp/stock/finance?code=6904,https://kabutan.jp/stock/finance?code=6904,2026-08-31T01:24:49.228521+09:00
Q2024-04_2024-06,6904,sga_ratio,,pct,0.01,SINGLE_SOURCE,irbank_q,15.78,15.78%-1.49%,,,,irbank_q=15.78,https://irbank.net/E01857/quarter,,2026-08-31T01:24:49.228521+09:00
Q2024-07_2024-09,6904,cost_ratio,,pct,0.01,SINGLE_SOURCE,irbank_q,77.97,77.97%-1.48%,,,,irbank_q=77.97,https://irbank.net/E01857/quarter,,2026-08-31T01:24:49.228521+09:00
Q2024-07_2024-09,6904,eps,,JPY,0.1,SINGLE_SOURCE,kabutan_q,13,13.0,,,,kabutan_q=13,https://kabutan.jp/stock/finance?code=6904,,2026-08-31T01:24:49.228521+09:00
Q2024-07_2024-09,6904,net_income,,JPY_million,1,SINGLE_SOURCE,kabutan_q,283,283,,,,kabutan_q=283,https://kabutan.jp/stock/finance?code=6904,,2026-08-31T01:24:49.228521+09:00
Q2024-07_2024-09,6904,operating_income,823,JPY_million,1,OK,kabutan_q,823,823,irbank_q,823,8.23億+26.8%,kabutan_q=823|irbank_q=823,https://kabutan.jp/stock/finance?code=6904,https://irbank.net/E01857/quarter,2026-08-31T01:24:49.228521+09:00
Q2024-07_2024-09,6904,operating_margin,6.86,pct,0.1,OK|ROUNDING,kabutan_q,6.9,6.9,irbank_q,6.86,6.86%+1.46%,kabutan_q=6.9|irbank_q=6.86,https://kabutan.jp/stock/finance?code=6904,https://irbank.net/E01857/quarter,2026-08-31T01:24:49.228521+09:00
Q2024-07_2024-09,6904,ordinary_income,597,JPY_million,1,OK,kabutan_q,597,597,irbank_q,597,5.97億+19%,kabutan_q=597|irbank_q=597,https://kabutan.jp/stock/finance?code=6904,https://irbank.net/E01857/quarter,2026-08-31T01:24:49.228521+09:00
Q2024-07_2024-09,6904,revenue,11997,JPY_million,100,OK|ROUNDING,kabutan_q,11997,"11,997",kabutan_q10,11997,"11,997",kabutan_q=11997|kabutan_q10=11997|irbank_q=12000,https://kabutan.jp/stock/finance?code=6904,https://kabutan.jp/stock/finance?code=6904,2026-08-31T01:24:49.228521+09:00
Q2024-07_2024-09,6904,sga_ratio,,pct,0.01,SINGLE_SOURCE,irbank_q,15.17,15.17%+0.02%,,,,irbank_q=15.17,https://irbank.net/E01857/quarter,,2026-08-31T01:24:49.228521+09:00
Q2024-10_2024-12,6904,cost_ratio,,pct,0.01,SINGLE_SOURCE,irbank_q,76.69,76.69%-0.73%,,,,irbank_q=76.69,https://irbank.net/E01857/quarter,,2026-08-31T01:24:49.228521+09:00
Q2024-10_2024-12,6904,eps,,JPY,0.1,SINGLE_SOURCE,kabutan_q,16.1,16.1,,,,kabutan_q=16.1,https://kabutan.jp/stock/finance?code=6904,,2026-08-31T01:24:49.228521+09:00
Q2024-10_2024-12,6904,net_income,,JPY_million,1,SINGLE_SOURCE,kabutan_q,349,349,,,,kabutan_q=349,https://kabutan.jp/stock/finance?code=6904,,2026-08-31T01:24:49.228521+09:00
Q2024-10_2024-12,6904,operating_income,581,JPY_million,1,OK,kabutan_q,581,581,irbank_q,581,5.81億-37.5%,kabutan_q=581|irbank_q=581,https://kabutan.jp/stock/finance?code=6904,https://irbank.net/E01857/quarter,2026-08-31T01:24:49.228521+09:00
Q2024-10_2024-12,6904,operating_margin,5.45,pct,0.1,OK|ROUNDING,kabutan_q,5.4,5.4,irbank_q,5.45,5.45%-1.88%,kabutan_q=5.4|irbank_q=5.45,https://kabutan.jp/stock/finance?code=6904,https://irbank.net/E01857/quarter,2026-08-31T01:24:49.228521+09:00
Q2024-10_2024-12,6904,ordinary_income,674,JPY_million,1,OK,kabutan_q,674,674,irbank_q,674,6.74億-19.1%,kabutan_q=674|irbank_q=674,https://kabutan.jp/stock/finance?code=6904,https://irbank.net/E01857/quarter,2026-08-31T01:24:49.228521+09:00
Q2024-10_2024-12,6904,revenue,10663,JPY_million,100,OK|ROUNDING,kabutan_q,10663,"10,663",kabutan_q10,10663,"10,663",kabutan_q=10663|kabutan_q10=10663|irbank_q=10700,https://kabutan.jp/stock/finance?code=6904,https://kabutan.jp/stock/finance?code=6904,2026-08-31T01:24:49.228521+09:00
Q2024-10_2024-12,6904,sga_ratio,,pct,0.01,SINGLE_SOURCE,irbank_q,17.86,17.86%+2.61%,,,,irbank_q=17.86,https://irbank.net/E01857/quarter,,2026-08-31T01:24:49.228521+09:00
Q2025-01_2025-03,6904,cost_ratio,,pct,0.1,SINGLE_SOURCE,irbank_q,84.9,84.9%-2.16%,,,,irbank_q=84.9,https://irbank.net/E01857/quarter,,2026-08-31T01:24:49.228521+09:00
Q2025-01_2025-03,6904,eps,,JPY,0.1,SINGLE_SOURCE,kabutan_q,-37,-37.0,,,,kabutan_q=-37,https://kabutan.jp/stock/finance?code=6904,,2026-08-31T01:24:49.228521+09:00
Q2025-01_2025-03,6904,net_income,,JPY_million,1,SINGLE_SOURCE,kabutan_q,-801,-801,,,,kabutan_q=-801,https://kabutan.jp/stock/finance?code=6904,,2026-08-31T01:24:49.228521+09:00
Q2025-01_2025-03,6904,operating_income,-358,JPY_million,1,OK,kabutan_q,-358,-358,irbank_q,-358,-3.58億,kabutan_q=-358|irbank_q=-358,https://kabutan.jp/stock/finance?code=6904,https://irbank.net/E01857/quarter,2026-08-31T01:24:49.228521+09:00
Q2025-01_2025-03,6904,operating_margin,-3.27,pct,0.1,OK|ROUNDING,kabutan_q,-3.3,-3.3,irbank_q,-3.27,-3.27%,kabutan_q=-3.3|irbank_q=-3.27,https://kabutan.jp/stock/finance?code=6904,https://irbank.net/E01857/quarter,2026-08-31T01:24:49.228521+09:00
Q2025-01_2025-03,6904,ordinary_income,-598,JPY_million,1,OK|ROUNDING,kabutan_q,-598,-598,irbank_q,-597,-5.97億,kabutan_q=-598|irbank_q=-597,https://kabutan.jp/stock/finance?code=6904,https://irbank.net/E01857/quarter,2026-08-31T01:24:49.228521+09:00
Q2025-01_2025-03,6904,revenue,10978,JPY_million,100,OK|ROUNDING,kabutan_q,10978,"10,978",kabutan_q10,10978,"10,978",kabutan_q=10978|kabutan_q10=10978|irbank_q=11000,https://kabutan.jp/stock/finance?code=6904,https://kabutan.jp/stock/finance?code=6904,2026-08-31T01:24:49.228521+09:00
Q2025-01_2025-03,6904,sga_ratio,,pct,0.01,SINGLE_SOURCE,irbank_q,18.37,18.37%+0.85%,,,,irbank_q=18.37,https://irbank.net/E01857/quarter,,2026-08-31T01:24:49.228521+09:00
Q2025-04_2025-06,6904,cost_ratio,,pct,0.01,SINGLE_SOURCE,irbank_q,74.28,74.28%-3.83%,,,,irbank_q=74.28,https://irbank.net/E01857/quarter,,2026-08-31T01:24:49.228521+09:00
Q2025-04_2025-06,6904,eps,,JPY,0.1,SINGLE_SOURCE,kabutan_ytd_h1,31.8,31.8,kabutan_q,31.8,31.8,kabutan_ytd_h1=31.8|kabutan_q=31.8,https://kabutan.jp/stock/finance?code=6904,https://kabutan.jp/stock/finance?code=6904,2026-08-31T01:24:49.228521+09:00
Q2025-04_2025-06,6904,net_income,,JPY_million,1,SINGLE_SOURCE,kabutan_ytd_h1,671,671,kabutan_q,671,671,kabutan_ytd_h1=671|kabutan_q=671,https://kabutan.jp/stock/finance?code=6904,https://kabutan.jp/stock/finance?code=6904,2026-08-31T01:24:49.228521+09:00
Q2025-04_2025-06,6904,operating_income,909,JPY_million,10,OK|ROUNDING,kabutan_ytd_h1,909,909,kabutan_q,909,909,kabutan_ytd_h1=909|kabutan_q=909|irbank_q=910,https://kabutan.jp/stock/finance?code=6904,https://kabutan.jp/stock/finance?code=6904,2026-08-31T01:24:49.228521+09:00
Q2025-04_2025-06,6904,operating_margin,8.99,pct,0.1,OK|ROUNDING,kabutan_q,9,9.0,irbank_q,8.99,8.99%+2.88%,kabutan_q=9|irbank_q=8.99,https://kabutan.jp/stock/finance?code=6904,https://irbank.net/E01857/quarter,2026-08-31T01:24:49.228521+09:00
Q2025-04_2025-06,6904,ordinary_income,924,JPY_million,1,OK|ROUNDING,kabutan_ytd_h1,924,924,kabutan_q,924,924,kabutan_ytd_h1=924|kabutan_q=924|irbank_q=925,https://kabutan.jp/stock/finance?code=6904,https://kabutan.jp/stock/finance?code=6904,2026-08-31T01:24:49.228521+09:00
Q2025-04_2025-06,6904,revenue,10124,JPY_million,100,OK|ROUNDING,kabutan_ytd_h1,10124,"10,124",kabutan_q,10124,"10,124",kabutan_ytd_h1=10124|kabutan_q=10124|kabutan_q10=10124|irbank_q=10100,https://kabutan.jp/stock/finance?code=6904,https://kabutan.jp/stock/finance?code=6904,2026-08-31T01:24:49.228521+09:00
Q2025-04_2025-06,6904,sga_ratio,,pct,0.01,SINGLE_SOURCE,irbank_q,16.74,16.74%+0.96%,,,,irbank_q=16.74,https://irbank.net/E01857/quarter,,2026-08-31T01:24:49.228521+09:00
Q2025-07_2025-09,6904,cost_ratio,,pct,0.1,SINGLE_SOURCE,irbank_q,75.3,75.3%-2.67%,,,,irbank_q=75.3,https://irbank.net/E01857/quarter,,2026-08-31T01:24:49.228521+09:00
Q2025-07_2025-09,6904,eps,,JPY,0.1,SINGLE_SOURCE,kabutan_q,29.8,29.8,,,,kabutan_q=29.8,https://kabutan.jp/stock/finance?code=6904,,2026-08-31T01:24:49.228521+09:00
Q2025-07_2025-09,6904,net_income,,JPY_million,1,SINGLE_SOURCE,kabutan_q,629,629,,,,kabutan_q=629,https://kabutan.jp/stock/finance?code=6904,,2026-08-31T01:24:49.228521+09:00
Q2025-07_2025-09,6904,operating_income,830,JPY_million,10,OK,kabutan_q,830,830,irbank_q,830,8.3億+0.8%,kabutan_q=830|irbank_q=830,https://kabutan.jp/stock/finance?code=6904,https://irbank.net/E01857/quarter,2026-08-31T01:24:49.228521+09:00
Q2025-07_2025-09,6904,operating_margin,8.13,pct,0.1,OK|ROUNDING,kabutan_q,8.1,8.1,irbank_q,8.13,8.13%+1.27%,kabutan_q=8.1|irbank_q=8.13,https://kabutan.jp/stock/finance?code=6904,https://irbank.net/E01857/quarter,2026-08-31T01:24:49.228521+09:00
Q2025-07_2025-09,6904,ordinary_income,842,JPY_million,1,OK,kabutan_q,842,842,irbank_q,842,8.42億+41%,kabutan_q=842|irbank_q=842,https://kabutan.jp/stock/finance?code=6904,https://irbank.net/E01857/quarter,2026-08-31T01:24:49.228521+09:00
Q2025-07_2025-09,6904,revenue,10207,JPY_million,100,OK|ROUNDING,kabutan_q,10207,"10,207",kabutan_q10,10207,"10,207",kabutan_q=10207|kabutan_q10=10207|irbank_q=10200,https://kabutan.jp/stock/finance?code=6904,https://kabutan.jp/stock/finance?code=6904,2026-08-31T01:24:49.228521+09:00
Q2025-07_2025-09,6904,sga_ratio,,pct,0.01,SINGLE_SOURCE,irbank_q,16.57,16.57%+1.4%,,,,irbank_q=16.57,https://irbank.net/E01857/quarter,,2026-08-31T01:24:49.228521+09:00
Q2025-10_2025-12,6904,cost_ratio,,pct,0.01,SINGLE_SOURCE,irbank_q,75.18,75.18%-1.51%,,,,irbank_q=75.18,https://irbank.net/E01857/quarter,,2026-08-31T01:24:49.228521+09:00
Q2025-10_2025-12,6904,eps,,JPY,0.1,SINGLE_SOURCE,kabutan_q,33,33.0,,,,kabutan_q=33,https://kabutan.jp/stock/finance?code=6904,,2026-08-31T01:24:49.228521+09:00
Q2025-10_2025-12,6904,net_income,,JPY_million,1,SINGLE_SOURCE,kabutan_q,698,698,,,,kabutan_q=698,https://kabutan.jp/stock/finance?code=6904,,2026-08-31T01:24:49.228521+09:00
Q2025-10_2025-12,6904,operating_income,881,JPY_million,10,OK|ROUNDING,kabutan_q,881,881,irbank_q,880,8.8億+51.4%,kabutan_q=881|irbank_q=880,https://kabutan.jp/stock/finance?code=6904,https://irbank.net/E01857/quarter,2026-08-31T01:24:49.228521+09:00
Q2025-10_2025-12,6904,operating_margin,8.24,pct,0.1,OK|ROUNDING,kabutan_q,8.2,8.2,irbank_q,8.24,8.24%+2.79%,kabutan_q=8.2|irbank_q=8.24,https://kabutan.jp/stock/finance?code=6904,https://irbank.net/E01857/quarter,2026-08-31T01:24:49.228521+09:00
Q2025-10_2025-12,6904,ordinary_income,853,JPY_million,1,OK|ROUNDING,kabutan_q,853,853,irbank_q,852,8.52億+26.5%,kabutan_q=853|irbank_q=852,https://kabutan.jp/stock/finance?code=6904,https://irbank.net/E01857/quarter,2026-08-31T01:24:49.228521+09:00
Q2025-10_2025-12,6904,revenue,10688,JPY_million,100,OK|ROUNDING,kabutan_q,10688,"10,688",kabutan_q10,10688,"10,688",kabutan_q=10688|kabutan_q10=10688|irbank_q=10700,https://kabutan.jp/stock/finance?code=6904,https://kabutan.jp/stock/finance?code=6904,2026-08-31T01:24:49.228521+09:00
Q2025-10_2025-12,6904,sga_ratio,,pct,0.01,SINGLE_SOURCE,irbank_q,16.59,16.59%-1.27%,,,,irbank_q=16.59,https://irbank.net/E01857/quarter,,2026-08-31T01:24:49.228521+09:00
Q2026-01_2026-03,6904,cost_ratio,,pct,0.01,SINGLE_SOURCE,irbank_q,84.27,84.27%-0.63%,,,,irbank_q=84.27,https://irbank.net/E01857/quarter,,2026-08-31T01:24:49.228521+09:00
Q2026-01_2026-03,6904,eps,,JPY,0.1,SINGLE_SOURCE,kabutan_q,-74.1,-74.1,,,,kabutan_q=-74.1,https://kabutan.jp/stock/finance?code=6904,,2026-08-31T01:24:49.228521+09:00
Q2026-01_2026-03,6904,net_income,,JPY_million,1,SINGLE_SOURCE,kabutan_q,-1565,"-1,565",,,,kabutan_q=-1565,https://kabutan.jp/stock/finance?code=6904,,2026-08-31T01:24:49.228521+09:00
Q2026-01_2026-03,6904,operating_income,-222,JPY_million,1,OK,kabutan_q,-222,-222,irbank_q,-222,-2.22億,kabutan_q=-222|irbank_q=-222,https://kabutan.jp/stock/finance?code=6904,https://irbank.net/E01857/quarter,2026-08-31T01:24:49.228521+09:00
Q2026-01_2026-03,6904,operating_margin,-1.99,pct,0.1,OK|ROUNDING,kabutan_q,-2,-2.0,irbank_q,-1.99,-1.99%,kabutan_q=-2|irbank_q=-1.99,https://kabutan.jp/stock/finance?code=6904,https://irbank.net/E01857/quarter,2026-08-31T01:24:49.228521+09:00
Q2026-01_2026-03,6904,ordinary_income,-308,JPY_million,1,OK,kabutan_q,-308,-308,irbank_q,-308,-3.08億,kabutan_q=-308|irbank_q=-308,https://kabutan.jp/stock/finance?code=6904,https://irbank.net/E01857/quarter,2026-08-31T01:24:49.228521+09:00
Q2026-01_2026-03,6904,revenue,11173,JPY_million,100,OK|ROUNDING,kabutan_q,11173,"11,173",kabutan_q10,11173,"11,173",kabutan_q=11173|kabutan_q10=11173|irbank_q=11200,https://kabutan.jp/stock/finance?code=6904,https://kabutan.jp/stock/finance?code=6904,2026-08-31T01:24:49.228521+09:00
Q2026-01_2026-03,6904,sga_ratio,,pct,0.01,SINGLE_SOURCE,irbank_q,17.71,17.71%-0.66%,,,,irbank_q=17.71,https://irbank.net/E01857/quarter,,2026-08-31T01:24:49.228521+09:00
Q2026-04_2026-06,6904,bps,,JPY,0.01,SINGLE_SOURCE,kabutan_bs,717.41,717.41,,,,kabutan_bs=717.41,https://kabutan.jp/stock/finance?code=6904,,2026-08-31T01:24:49.228521+09:00
Q2026-04_2026-06,6904,cost_ratio,,pct,0.01,SINGLE_SOURCE,irbank_q,69.51,69.51%-4.77%,,,,irbank_q=69.51,https://irbank.net/E01857/quarter,,2026-08-31T01:24:49.228521+09:00
Q2026-04_2026-06,6904,eps,,JPY,0.1,SINGLE_SOURCE,kabutan_ytd_h1,59.2,59.2,kabutan_q,59.2,59.2,kabutan_ytd_h1=59.2|kabutan_q=59.2|kabutan_q10=59.2,https://kabutan.jp/stock/finance?code=6904,https://kabutan.jp/stock/finance?code=6904,2026-08-31T01:24:49.228521+09:00
Q2026-04_2026-06,6904,equity,,JPY_million,1,SINGLE_SOURCE,kabutan_bs,15174,"15,174",,,,kabutan_bs=15174,https://kabutan.jp/stock/finance?code=6904,,2026-08-31T01:24:49.228521+09:00
Q2026-04_2026-06,6904,equity_ratio,,pct,0.1,SINGLE_SOURCE,kabutan_bs,41.9,41.9,,,,kabutan_bs=41.9,https://kabutan.jp/stock/finance?code=6904,,2026-08-31T01:24:49.228521+09:00
Q2026-04_2026-06,6904,interest_bearing_debt_ratio,,x,0.01,SINGLE_SOURCE,kabutan_bs,0.87,0.87,,,,kabutan_bs=0.87,https://kabutan.jp/stock/finance?code=6904,,2026-08-31T01:24:49.228521+09:00
Q2026-04_2026-06,6904,net_income,,JPY_million,1,SINGLE_SOURCE,kabutan_ytd_h1,1252,"1,252",kabutan_q,1252,"1,252",kabutan_ytd_h1=1252|kabutan_q=1252,https://kabutan.jp/stock/finance?code=6904,https://kabutan.jp/stock/finance?code=6904,2026-08-31T01:24:49.228521+09:00
Q2026-04_2026-06,6904,operating_income,1634,JPY_million,10,OK|ROUNDING,kabutan_ytd_h1,1634,"1,634",kabutan_q,1634,"1,634",kabutan_ytd_h1=1634|kabutan_q=1634|kabutan_q10=1634|kabutan_record_q=1634|irbank_q=1630,https://kabutan.jp/stock/finance?code=6904,https://kabutan.jp/stock/finance?code=6904,2026-08-31T01:24:49.228521+09:00
Q2026-04_2026-06,6904,operating_margin,14.35,pct,0.1,OK|ROUNDING,kabutan_q,14.3,14.3,irbank_q,14.35,14.35%+5.36%,kabutan_q=14.3|irbank_q=14.35,https://kabutan.jp/stock/finance?code=6904,https://irbank.net/E01857/quarter,2026-08-31T01:24:49.228521+09:00
Q2026-04_2026-06,6904,ordinary_income,1611,JPY_million,10,OK|ROUNDING,kabutan_ytd_h1,1611,"1,611",kabutan_q,1611,"1,611",kabutan_ytd_h1=1611|kabutan_q=1611|kabutan_q10=1611|kabutan_record_q=1611|irbank_q=1610,https://kabutan.jp/stock/finance?code=6904,https://kabutan.jp/stock/finance?code=6904,2026-08-31T01:24:49.228521+09:00
Q2026-04_2026-06,6904,retained_earnings,,JPY_million,1,SINGLE_SOURCE,kabutan_bs,7940,"7,940",,,,kabutan_bs=7940,https://kabutan.jp/stock/finance?code=6904,,2026-08-31T01:24:49.228521+09:00
Q2026-04_2026-06,6904,revenue,11387,JPY_million,100,OK|ROUNDING,kabutan_ytd_h1,11387,"11,387",kabutan_q,11387,"11,387",kabutan_ytd_h1=11387|kabutan_q=11387|kabutan_q10=11387|irbank_q=11400,https://kabutan.jp/stock/finance?code=6904,https://kabutan.jp/stock/finance?code=6904,2026-08-31T01:24:49.228521+09:00
Q2026-04_2026-06,6904,sga_ratio,,pct,0.01,SINGLE_SOURCE,irbank_q,16.14,16.14%-0.6%,,,,irbank_q=16.14,https://irbank.net/E01857/quarter,,2026-08-31T01:24:49.228521+09:00
Q2026-04_2026-06,6904,total_assets,,JPY_million,1,SINGLE_SOURCE,kabutan_bs,36237,"36,237",,,,kabutan_bs=36237,https://kabutan.jp/stock/finance?code=6904,,2026-08-31T01:24:49.228521+09:00
