period,code,metric,value,unit,tolerance,status,source_primary,value_primary,raw_primary,source_secondary,value_secondary,raw_secondary,sources_all,source_url_primary,source_url_secondary,fetched_at
FY2002-03,7980,revenue,,JPY_million,1,SINGLE_SOURCE,kabutan_fy10,9921,"9,921",,,,kabutan_fy10=9921,https://kabutan.jp/stock/finance?code=7980,,2026-10-09T22:21:14.745823+09:00
FY2003-03,7980,revenue,,JPY_million,1,SINGLE_SOURCE,kabutan_fy10,8977,"8,977",,,,kabutan_fy10=8977,https://kabutan.jp/stock/finance?code=7980,,2026-10-09T22:21:14.745823+09:00
FY2004-03,7980,revenue,,JPY_million,1,SINGLE_SOURCE,kabutan_fy10,8371,"8,371",,,,kabutan_fy10=8371,https://kabutan.jp/stock/finance?code=7980,,2026-10-09T22:21:14.745823+09:00
FY2005-03,7980,revenue,,JPY_million,1,SINGLE_SOURCE,kabutan_fy10,8451,"8,451",,,,kabutan_fy10=8451,https://kabutan.jp/stock/finance?code=7980,,2026-10-09T22:21:14.745823+09:00
FY2006-03,7980,revenue,,JPY_million,1,SINGLE_SOURCE,kabutan_fy10,9938,"9,938",,,,kabutan_fy10=9938,https://kabutan.jp/stock/finance?code=7980,,2026-10-09T22:21:14.745823+09:00
FY2007-03,7980,revenue,,JPY_million,1,SINGLE_SOURCE,kabutan_fy10,9322,"9,322",,,,kabutan_fy10=9322,https://kabutan.jp/stock/finance?code=7980,,2026-10-09T22:21:14.745823+09:00
FY2008-03,7980,capex,,JPY_million,10,SINGLE_SOURCE,irbank_cf,-1280,-12.8億,,,,irbank_cf=-1280,https://irbank.net/E02383/results,,2026-10-09T22:21:14.745823+09:00
FY2008-03,7980,cash_equivalents,,JPY_million,1,SINGLE_SOURCE,irbank_cf,447,4.47億,,,,irbank_cf=447,https://irbank.net/E02383/results,,2026-10-09T22:21:14.745823+09:00
FY2008-03,7980,cost_ratio,,pct,0.01,SINGLE_SOURCE,irbank_pl,75.79,75.79,,,,irbank_pl=75.79,https://irbank.net/E02383/results,,2026-10-09T22:21:14.745823+09:00
FY2008-03,7980,equity_ratio,,pct,0.01,SINGLE_SOURCE,irbank_bs,24.18,24.18,,,,irbank_bs=24.18,https://irbank.net/E02383/results,,2026-10-09T22:21:14.745823+09:00
FY2008-03,7980,financing_cf,,JPY_million,1,SINGLE_SOURCE,irbank_cf,-154,-1.54億,,,,irbank_cf=-154,https://irbank.net/E02383/results,,2026-10-09T22:21:14.745823+09:00
FY2008-03,7980,free_cf,,JPY_million,1,SINGLE_SOURCE,irbank_cf,75,0.75億,,,,irbank_cf=75,https://irbank.net/E02383/results,,2026-10-09T22:21:14.745823+09:00
FY2008-03,7980,interest_bearing_debt,,JPY_million,10,SINGLE_SOURCE,irbank_bs,3580,35.8億,,,,irbank_bs=3580,https://irbank.net/E02383/results,,2026-10-09T22:21:14.745823+09:00
FY2008-03,7980,interest_bearing_debt_ratio,,x,0.0001,SINGLE_SOURCE|UNIT_CONVERTED,irbank_bs,1.5777,157.77,,,,irbank_bs=1.5777,https://irbank.net/E02383/results,,2026-10-09T22:21:14.745823+09:00
FY2008-03,7980,investing_cf,,JPY_million,1,SINGLE_SOURCE,irbank_cf,-857,-8.57億,,,,irbank_cf=-857,https://irbank.net/E02383/results,,2026-10-09T22:21:14.745823+09:00
FY2008-03,7980,net_assets,,JPY_million,10,SINGLE_SOURCE,irbank_bs,2270,22.7億,,,,irbank_bs=2270,https://irbank.net/E02383/results,,2026-10-09T22:21:14.745823+09:00
FY2008-03,7980,net_income,,JPY_million,1,SINGLE_SOURCE,irbank_pl,-13,-0.13億,,,,irbank_pl=-13,https://irbank.net/E02383/results,,2026-10-09T22:21:14.745823+09:00
FY2008-03,7980,operating_cf,,JPY_million,1,SINGLE_SOURCE,irbank_cf,932,9.32億,,,,irbank_cf=932,https://irbank.net/E02383/results,,2026-10-09T22:21:14.745823+09:00
FY2008-03,7980,operating_income,,JPY_million,1,SINGLE_SOURCE,irbank_pl,118,1.18億,,,,irbank_pl=118,https://irbank.net/E02383/results,,2026-10-09T22:21:14.745823+09:00
FY2008-03,7980,operating_margin,,pct,0.1,SINGLE_SOURCE,irbank_pl,1.3,1.3,,,,irbank_pl=1.3,https://irbank.net/E02383/results,,2026-10-09T22:21:14.745823+09:00
FY2008-03,7980,ordinary_income,,JPY_million,1,SINGLE_SOURCE,irbank_pl,41,0.41億,,,,irbank_pl=41,https://irbank.net/E02383/results,,2026-10-09T22:21:14.745823+09:00
FY2008-03,7980,retained_earnings,,JPY_million,10,SINGLE_SOURCE,irbank_bs,1280,12.8億,,,,irbank_bs=1280,https://irbank.net/E02383/results,,2026-10-09T22:21:14.745823+09:00
FY2008-03,7980,revenue,9058,JPY_million,10,OK|ROUNDING,kabutan_fy10,9058,"9,058",irbank_pl,9060,90.6億,kabutan_fy10=9058|irbank_pl=9060,https://kabutan.jp/stock/finance?code=7980,https://irbank.net/E02383/results,2026-10-09T22:21:14.745823+09:00
FY2008-03,7980,sga_ratio,,pct,0.01,SINGLE_SOURCE,irbank_pl,22.91,22.91,,,,irbank_pl=22.91,https://irbank.net/E02383/results,,2026-10-09T22:21:14.745823+09:00
FY2008-03,7980,shareholders_equity,,JPY_million,10,SINGLE_SOURCE,irbank_bs,2110,21.1億,,,,irbank_bs=2110,https://irbank.net/E02383/results,,2026-10-09T22:21:14.745823+09:00
FY2008-03,7980,total_assets,,JPY_million,10,SINGLE_SOURCE,irbank_bs,9390,93.9億,,,,irbank_bs=9390,https://irbank.net/E02383/results,,2026-10-09T22:21:14.745823+09:00
FY2009-03,7980,capex,,JPY_million,1,SINGLE_SOURCE,irbank_cf,-386,-3.86億,,,,irbank_cf=-386,https://irbank.net/E02383/results,,2026-10-09T22:21:14.745823+09:00
FY2009-03,7980,cash_equivalents,,JPY_million,10,SINGLE_SOURCE,irbank_cf,470,4.7億,,,,irbank_cf=470,https://irbank.net/E02383/results,,2026-10-09T22:21:14.745823+09:00
FY2009-03,7980,cost_ratio,,pct,0.01,SINGLE_SOURCE,irbank_pl,74.29,74.29,,,,irbank_pl=74.29,https://irbank.net/E02383/results,,2026-10-09T22:21:14.745823+09:00
FY2009-03,7980,equity_ratio,,pct,0.01,SINGLE_SOURCE,irbank_bs,22.67,22.67,,,,irbank_bs=22.67,https://irbank.net/E02383/results,,2026-10-09T22:21:14.745823+09:00
FY2009-03,7980,financing_cf,,JPY_million,1,SINGLE_SOURCE,irbank_cf,349,3.49億,,,,irbank_cf=349,https://irbank.net/E02383/results,,2026-10-09T22:21:14.745823+09:00
FY2009-03,7980,free_cf,,JPY_million,1,SINGLE_SOURCE,irbank_cf,-326,-3.26億,,,,irbank_cf=-326,https://irbank.net/E02383/results,,2026-10-09T22:21:14.745823+09:00
FY2009-03,7980,interest_bearing_debt,,JPY_million,10,SINGLE_SOURCE,irbank_bs,4030,40.3億,,,,irbank_bs=4030,https://irbank.net/E02383/results,,2026-10-09T22:21:14.745823+09:00
FY2009-03,7980,interest_bearing_debt_ratio,,x,0.0001,SINGLE_SOURCE|UNIT_CONVERTED,irbank_bs,1.8681,186.81,,,,irbank_bs=1.8681,https://irbank.net/E02383/results,,2026-10-09T22:21:14.745823+09:00
FY2009-03,7980,investing_cf,,JPY_million,1,SINGLE_SOURCE,irbank_cf,-402,-4.02億,,,,irbank_cf=-402,https://irbank.net/E02383/results,,2026-10-09T22:21:14.745823+09:00
FY2009-03,7980,net_assets,,JPY_million,10,SINGLE_SOURCE,irbank_bs,2160,21.6億,,,,irbank_bs=2160,https://irbank.net/E02383/results,,2026-10-09T22:21:14.745823+09:00
FY2009-03,7980,net_income,,JPY_million,1,SINGLE_SOURCE,irbank_pl,22,0.22億,,,,irbank_pl=22,https://irbank.net/E02383/results,,2026-10-09T22:21:14.745823+09:00
FY2009-03,7980,operating_cf,,JPY_million,1,SINGLE_SOURCE,irbank_cf,76,0.76億,,,,irbank_cf=76,https://irbank.net/E02383/results,,2026-10-09T22:21:14.745823+09:00
FY2009-03,7980,operating_income,,JPY_million,1,SINGLE_SOURCE,irbank_pl,173,1.73億,,,,irbank_pl=173,https://irbank.net/E02383/results,,2026-10-09T22:21:14.745823+09:00
FY2009-03,7980,operating_margin,,pct,0.1,SINGLE_SOURCE,irbank_pl,1.9,1.9,,,,irbank_pl=1.9,https://irbank.net/E02383/results,,2026-10-09T22:21:14.745823+09:00
FY2009-03,7980,ordinary_income,,JPY_million,10,SINGLE_SOURCE,irbank_pl,110,1.1億,,,,irbank_pl=110,https://irbank.net/E02383/results,,2026-10-09T22:21:14.745823+09:00
FY2009-03,7980,retained_earnings,,JPY_million,10,SINGLE_SOURCE,irbank_bs,1230,12.3億,,,,irbank_bs=1230,https://irbank.net/E02383/results,,2026-10-09T22:21:14.745823+09:00
FY2009-03,7980,revenue,9072,JPY_million,10,OK|ROUNDING,kabutan_fy10,9072,"9,072",irbank_pl,9070,90.7億,kabutan_fy10=9072|irbank_pl=9070,https://kabutan.jp/stock/finance?code=7980,https://irbank.net/E02383/results,2026-10-09T22:21:14.745823+09:00
FY2009-03,7980,roa,,pct,0.01,SINGLE_SOURCE,irbank_pl,0.23,0.23,,,,irbank_pl=0.23,https://irbank.net/E02383/results,,2026-10-09T22:21:14.745823+09:00
FY2009-03,7980,roe,,pct,0.01,SINGLE_SOURCE,irbank_pl,1.03,1.03,,,,irbank_pl=1.03,https://irbank.net/E02383/results,,2026-10-09T22:21:14.745823+09:00
FY2009-03,7980,sga_ratio,,pct,0.01,SINGLE_SOURCE,irbank_pl,23.81,23.81,,,,irbank_pl=23.81,https://irbank.net/E02383/results,,2026-10-09T22:21:14.745823+09:00
FY2009-03,7980,shareholders_equity,,JPY_million,10,SINGLE_SOURCE,irbank_bs,2060,20.6億,,,,irbank_bs=2060,https://irbank.net/E02383/results,,2026-10-09T22:21:14.745823+09:00
FY2009-03,7980,total_assets,,JPY_million,10,SINGLE_SOURCE,irbank_bs,9520,95.2億,,,,irbank_bs=9520,https://irbank.net/E02383/results,,2026-10-09T22:21:14.745823+09:00
FY2010-03,7980,bps,,JPY,0.01,SINGLE_SOURCE,irbank_bs,326.04,326.04,,,,irbank_bs=326.04,https://irbank.net/E02383/results,,2026-10-09T22:21:14.745823+09:00
FY2010-03,7980,capex,,JPY_million,1,SINGLE_SOURCE,irbank_cf,-174,-1.74億,,,,irbank_cf=-174,https://irbank.net/E02383/results,,2026-10-09T22:21:14.745823+09:00
FY2010-03,7980,cash_equivalents,,JPY_million,1,SINGLE_SOURCE,irbank_cf,471,4.71億,,,,irbank_cf=471,https://irbank.net/E02383/results,,2026-10-09T22:21:14.745823+09:00
FY2010-03,7980,cost_ratio,,pct,0.01,SINGLE_SOURCE,irbank_pl,70.42,70.42,,,,irbank_pl=70.42,https://irbank.net/E02383/results,,2026-10-09T22:21:14.745823+09:00
FY2010-03,7980,eps,,JPY,0.1,SINGLE_SOURCE,irbank_pl,26.4,26.4,,,,irbank_pl=26.4,https://irbank.net/E02383/results,,2026-10-09T22:21:14.745823+09:00
FY2010-03,7980,equity_ratio,,pct,0.1,SINGLE_SOURCE,irbank_bs,25.3,25.3,,,,irbank_bs=25.3,https://irbank.net/E02383/results,,2026-10-09T22:21:14.745823+09:00
FY2010-03,7980,financing_cf,,JPY_million,1,SINGLE_SOURCE,irbank_cf,-417,-4.17億,,,,irbank_cf=-417,https://irbank.net/E02383/results,,2026-10-09T22:21:14.745823+09:00
FY2010-03,7980,free_cf,,JPY_million,1,SINGLE_SOURCE,irbank_cf,418,4.18億,,,,irbank_cf=418,https://irbank.net/E02383/results,,2026-10-09T22:21:14.745823+09:00
FY2010-03,7980,interest_bearing_debt,,JPY_million,10,SINGLE_SOURCE,irbank_bs,3680,36.8億,,,,irbank_bs=3680,https://irbank.net/E02383/results,,2026-10-09T22:21:14.745823+09:00
FY2010-03,7980,interest_bearing_debt_ratio,,x,0.0001,SINGLE_SOURCE|UNIT_CONVERTED,irbank_bs,1.5664,156.64,,,,irbank_bs=1.5664,https://irbank.net/E02383/results,,2026-10-09T22:21:14.745823+09:00
FY2010-03,7980,investing_cf,,JPY_million,1,SINGLE_SOURCE,irbank_cf,-217,-2.17億,,,,irbank_cf=-217,https://irbank.net/E02383/results,,2026-10-09T22:21:14.745823+09:00
FY2010-03,7980,net_assets,,JPY_million,10,SINGLE_SOURCE,irbank_bs,2350,23.5億,,,,irbank_bs=2350,https://irbank.net/E02383/results,,2026-10-09T22:21:14.745823+09:00
FY2010-03,7980,net_income,,JPY_million,10,SINGLE_SOURCE,irbank_pl,190,1.9億,,,,irbank_pl=190,https://irbank.net/E02383/results,,2026-10-09T22:21:14.745823+09:00
FY2010-03,7980,operating_cf,,JPY_million,1,SINGLE_SOURCE,irbank_cf,635,6.35億,,,,irbank_cf=635,https://irbank.net/E02383/results,,2026-10-09T22:21:14.745823+09:00
FY2010-03,7980,operating_income,,JPY_million,1,SINGLE_SOURCE,irbank_pl,376,3.76億,,,,irbank_pl=376,https://irbank.net/E02383/results,,2026-10-09T22:21:14.745823+09:00
FY2010-03,7980,operating_margin,,pct,0.01,SINGLE_SOURCE,irbank_pl,4.36,4.36,,,,irbank_pl=4.36,https://irbank.net/E02383/results,,2026-10-09T22:21:14.745823+09:00
FY2010-03,7980,ordinary_income,,JPY_million,1,SINGLE_SOURCE,irbank_pl,317,3.17億,,,,irbank_pl=317,https://irbank.net/E02383/results,,2026-10-09T22:21:14.745823+09:00
FY2010-03,7980,retained_earnings,,JPY_million,10,SINGLE_SOURCE,irbank_bs,1380,13.8億,,,,irbank_bs=1380,https://irbank.net/E02383/results,,2026-10-09T22:21:14.745823+09:00
FY2010-03,7980,revenue,8642,JPY_million,10,OK|ROUNDING,kabutan_fy10,8642,"8,642",irbank_pl,8640,86.4億,kabutan_fy10=8642|irbank_pl=8640,https://kabutan.jp/stock/finance?code=7980,https://irbank.net/E02383/results,2026-10-09T22:21:14.745823+09:00
FY2010-03,7980,roa,,pct,0.01,SINGLE_SOURCE,irbank_pl,2.05,2.05,,,,irbank_pl=2.05,https://irbank.net/E02383/results,,2026-10-09T22:21:14.745823+09:00
FY2010-03,7980,roe,,pct,0.1,SINGLE_SOURCE,irbank_pl,8.1,8.1,,,,irbank_pl=8.1,https://irbank.net/E02383/results,,2026-10-09T22:21:14.745823+09:00
FY2010-03,7980,sga_ratio,,pct,0.01,SINGLE_SOURCE,irbank_pl,25.22,25.22,,,,irbank_pl=25.22,https://irbank.net/E02383/results,,2026-10-09T22:21:14.745823+09:00
FY2010-03,7980,shareholders_equity,,JPY_million,10,SINGLE_SOURCE,irbank_bs,2220,22.2億,,,,irbank_bs=2220,https://irbank.net/E02383/results,,2026-10-09T22:21:14.745823+09:00
FY2010-03,7980,total_assets,,JPY_million,10,SINGLE_SOURCE,irbank_bs,9270,92.7億,,,,irbank_bs=9270,https://irbank.net/E02383/results,,2026-10-09T22:21:14.745823+09:00
FY2011-03,7980,bps,,JPY,0.01,SINGLE_SOURCE,irbank_bs,367.33,367.33,,,,irbank_bs=367.33,https://irbank.net/E02383/results,,2026-10-09T22:21:14.745823+09:00
FY2011-03,7980,capex,,JPY_million,1,SINGLE_SOURCE,irbank_cf,-779,-7.79億,,,,irbank_cf=-779,https://irbank.net/E02383/results,,2026-10-09T22:21:14.745823+09:00
FY2011-03,7980,cash_equivalents,,JPY_million,1,SINGLE_SOURCE,irbank_cf,439,4.39億,,,,irbank_cf=439,https://irbank.net/E02383/results,,2026-10-09T22:21:14.745823+09:00
FY2011-03,7980,cost_ratio,,pct,0.01,SINGLE_SOURCE,irbank_pl,71.16,71.16,,,,irbank_pl=71.16,https://irbank.net/E02383/results,,2026-10-09T22:21:14.745823+09:00
FY2011-03,7980,eps,,JPY,0.01,SINGLE_SOURCE,irbank_pl,47.18,47.18,,,,irbank_pl=47.18,https://irbank.net/E02383/results,,2026-10-09T22:21:14.745823+09:00
FY2011-03,7980,equity_ratio,,pct,0.1,SINGLE_SOURCE,irbank_bs,26.6,26.6,,,,irbank_bs=26.6,https://irbank.net/E02383/results,,2026-10-09T22:21:14.745823+09:00
FY2011-03,7980,financing_cf,,JPY_million,1,SINGLE_SOURCE,irbank_cf,31,0.31億,,,,irbank_cf=31,https://irbank.net/E02383/results,,2026-10-09T22:21:14.745823+09:00
FY2011-03,7980,free_cf,,JPY_million,1,SINGLE_SOURCE,irbank_cf,-62,-0.62億,,,,irbank_cf=-62,https://irbank.net/E02383/results,,2026-10-09T22:21:14.745823+09:00
FY2011-03,7980,interest_bearing_debt,,JPY_million,10,SINGLE_SOURCE,irbank_bs,3790,37.9億,,,,irbank_bs=3790,https://irbank.net/E02383/results,,2026-10-09T22:21:14.745823+09:00
FY2011-03,7980,interest_bearing_debt_ratio,,x,0.0001,SINGLE_SOURCE|UNIT_CONVERTED,irbank_bs,1.4348,143.48,,,,irbank_bs=1.4348,https://irbank.net/E02383/results,,2026-10-09T22:21:14.745823+09:00
FY2011-03,7980,investing_cf,,JPY_million,1,SINGLE_SOURCE,irbank_cf,35,0.35億,,,,irbank_cf=35,https://irbank.net/E02383/results,,2026-10-09T22:21:14.745823+09:00
FY2011-03,7980,net_assets,,JPY_million,10,SINGLE_SOURCE,irbank_bs,2640,26.4億,,,,irbank_bs=2640,https://irbank.net/E02383/results,,2026-10-09T22:21:14.745823+09:00
FY2011-03,7980,net_income,,JPY_million,10,SINGLE_SOURCE,irbank_pl,340,3.4億,,,,irbank_pl=340,https://irbank.net/E02383/results,,2026-10-09T22:21:14.745823+09:00
FY2011-03,7980,operating_cf,,JPY_million,1,SINGLE_SOURCE,irbank_cf,-97,-0.97億,,,,irbank_cf=-97,https://irbank.net/E02383/results,,2026-10-09T22:21:14.745823+09:00
FY2011-03,7980,operating_income,,JPY_million,1,SINGLE_SOURCE,irbank_pl,251,2.51億,,,,irbank_pl=251,https://irbank.net/E02383/results,,2026-10-09T22:21:14.745823+09:00
FY2011-03,7980,operating_margin,,pct,0.01,SINGLE_SOURCE,irbank_pl,2.88,2.88,,,,irbank_pl=2.88,https://irbank.net/E02383/results,,2026-10-09T22:21:14.745823+09:00
FY2011-03,7980,ordinary_income,,JPY_million,1,SINGLE_SOURCE,irbank_pl,185,1.85億,,,,irbank_pl=185,https://irbank.net/E02383/results,,2026-10-09T22:21:14.745823+09:00
FY2011-03,7980,retained_earnings,,JPY_million,10,SINGLE_SOURCE,irbank_bs,1670,16.7億,,,,irbank_bs=1670,https://irbank.net/E02383/results,,2026-10-09T22:21:14.745823+09:00
FY2011-03,7980,revenue,8695,JPY_million,100,OK|ROUNDING,kabutan_fy10,8695,"8,695",irbank_pl,8700,87億,kabutan_fy10=8695|irbank_pl=8700,https://kabutan.jp/stock/finance?code=7980,https://irbank.net/E02383/results,2026-10-09T22:21:14.745823+09:00
FY2011-03,7980,roa,,pct,0.01,SINGLE_SOURCE,irbank_pl,3.42,3.42,,,,irbank_pl=3.42,https://irbank.net/E02383/results,,2026-10-09T22:21:14.745823+09:00
FY2011-03,7980,roe,,pct,0.01,SINGLE_SOURCE,irbank_pl,12.84,12.84,,,,irbank_pl=12.84,https://irbank.net/E02383/results,,2026-10-09T22:21:14.745823+09:00
FY2011-03,7980,sga_ratio,,pct,0.01,SINGLE_SOURCE,irbank_pl,25.96,25.96,,,,irbank_pl=25.96,https://irbank.net/E02383/results,,2026-10-09T22:21:14.745823+09:00
FY2011-03,7980,shareholders_equity,,JPY_million,100,SINGLE_SOURCE,irbank_bs,2500,25億,,,,irbank_bs=2500,https://irbank.net/E02383/results,,2026-10-09T22:21:14.745823+09:00
FY2011-03,7980,total_assets,,JPY_million,10,SINGLE_SOURCE,irbank_bs,9950,99.5億,,,,irbank_bs=9950,https://irbank.net/E02383/results,,2026-10-09T22:21:14.745823+09:00
FY2012-03,7980,bps,,JPY,0.01,SINGLE_SOURCE,irbank_bs,554.99,554.99,,,,irbank_bs=554.99,https://irbank.net/E02383/results,,2026-10-09T22:21:14.745823+09:00
FY2012-03,7980,capex,,JPY_million,1,SINGLE_SOURCE,irbank_cf,-804,-8.04億,,,,irbank_cf=-804,https://irbank.net/E02383/results,,2026-10-09T22:21:14.745823+09:00
FY2012-03,7980,cash_equivalents,,JPY_million,1,SINGLE_SOURCE,irbank_cf,592,5.92億,,,,irbank_cf=592,https://irbank.net/E02383/results,,2026-10-09T22:21:14.745823+09:00
FY2012-03,7980,cost_ratio,,pct,0.1,SINGLE_SOURCE,irbank_pl,63.3,63.3,,,,irbank_pl=63.3,https://irbank.net/E02383/results,,2026-10-09T22:21:14.745823+09:00
FY2012-03,7980,eps,,JPY,0.1,MISMATCH,kabutan_record_fy,196.2,196.2,irbank_pl,195.62,195.62,kabutan_record_fy=196.2|irbank_pl=195.62,https://kabutan.jp/stock/finance?code=7980,https://irbank.net/E02383/results,2026-10-09T22:21:14.745823+09:00
FY2012-03,7980,equity_ratio,,pct,1,SINGLE_SOURCE,irbank_bs,35,35,,,,irbank_bs=35,https://irbank.net/E02383/results,,2026-10-09T22:21:14.745823+09:00
FY2012-03,7980,financing_cf,,JPY_million,100,SINGLE_SOURCE,irbank_cf,-1600,-16億,,,,irbank_cf=-1600,https://irbank.net/E02383/results,,2026-10-09T22:21:14.745823+09:00
FY2012-03,7980,free_cf,,JPY_million,10,SINGLE_SOURCE,irbank_cf,1750,17.5億,,,,irbank_cf=1750,https://irbank.net/E02383/results,,2026-10-09T22:21:14.745823+09:00
FY2012-03,7980,interest_bearing_debt,,JPY_million,10,SINGLE_SOURCE,irbank_bs,2280,22.8億,,,,irbank_bs=2280,https://irbank.net/E02383/results,,2026-10-09T22:21:14.745823+09:00
FY2012-03,7980,interest_bearing_debt_ratio,,x,0.0001,SINGLE_SOURCE|UNIT_CONVERTED,irbank_bs,0.5697,56.97,,,,irbank_bs=0.5697,https://irbank.net/E02383/results,,2026-10-09T22:21:14.745823+09:00
FY2012-03,7980,investing_cf,,JPY_million,1,SINGLE_SOURCE,irbank_cf,262,2.62億,,,,irbank_cf=262,https://irbank.net/E02383/results,,2026-10-09T22:21:14.745823+09:00
FY2012-03,7980,net_assets,,JPY_million,100,SINGLE_SOURCE,irbank_bs,4000,40億,,,,irbank_bs=4000,https://irbank.net/E02383/results,,2026-10-09T22:21:14.745823+09:00
FY2012-03,7980,net_income,1408,JPY_million,10,OK|ROUNDING,kabutan_record_fy,1408,"1,408",irbank_pl,1410,14.1億,kabutan_record_fy=1408|irbank_pl=1410,https://kabutan.jp/stock/finance?code=7980,https://irbank.net/E02383/results,2026-10-09T22:21:14.745823+09:00
FY2012-03,7980,operating_cf,,JPY_million,10,SINGLE_SOURCE,irbank_cf,1490,14.9億,,,,irbank_cf=1490,https://irbank.net/E02383/results,,2026-10-09T22:21:14.745823+09:00
FY2012-03,7980,operating_income,1603,JPY_million,100,OK|ROUNDING,kabutan_record_fy,1603,"1,603",irbank_pl,1600,16億,kabutan_record_fy=1603|irbank_pl=1600,https://kabutan.jp/stock/finance?code=7980,https://irbank.net/E02383/results,2026-10-09T22:21:14.745823+09:00
FY2012-03,7980,operating_margin,,pct,0.01,SINGLE_SOURCE,irbank_pl,12.91,12.91,,,,irbank_pl=12.91,https://irbank.net/E02383/results,,2026-10-09T22:21:14.745823+09:00
FY2012-03,7980,ordinary_income,1569,JPY_million,10,OK|ROUNDING,kabutan_record_fy,1569,"1,569",irbank_pl,1570,15.7億,kabutan_record_fy=1569|irbank_pl=1570,https://kabutan.jp/stock/finance?code=7980,https://irbank.net/E02383/results,2026-10-09T22:21:14.745823+09:00
FY2012-03,7980,retained_earnings,,JPY_million,10,SINGLE_SOURCE,irbank_bs,3040,30.4億,,,,irbank_bs=3040,https://irbank.net/E02383/results,,2026-10-09T22:21:14.745823+09:00
FY2012-03,7980,revenue,12419,JPY_million,100,OK|ROUNDING,kabutan_fy10,12419,"12,419",irbank_pl,12400,124億,kabutan_fy10=12419|irbank_pl=12400,https://kabutan.jp/stock/finance?code=7980,https://irbank.net/E02383/results,2026-10-09T22:21:14.745823+09:00
FY2012-03,7980,roa,,pct,0.01,SINGLE_SOURCE,irbank_pl,12.34,12.34,,,,irbank_pl=12.34,https://irbank.net/E02383/results,,2026-10-09T22:21:14.745823+09:00
FY2012-03,7980,roe,,pct,0.01,SINGLE_SOURCE,irbank_pl,35.25,35.25,,,,irbank_pl=35.25,https://irbank.net/E02383/results,,2026-10-09T22:21:14.745823+09:00
FY2012-03,7980,sga_ratio,,pct,0.01,SINGLE_SOURCE,irbank_pl,23.79,23.79,,,,irbank_pl=23.79,https://irbank.net/E02383/results,,2026-10-09T22:21:14.745823+09:00
FY2012-03,7980,shareholders_equity,,JPY_million,10,SINGLE_SOURCE,irbank_bs,3870,38.7億,,,,irbank_bs=3870,https://irbank.net/E02383/results,,2026-10-09T22:21:14.745823+09:00
FY2012-03,7980,total_assets,,JPY_million,100,SINGLE_SOURCE,irbank_bs,11400,114億,,,,irbank_bs=11400,https://irbank.net/E02383/results,,2026-10-09T22:21:14.745823+09:00
FY2013-03,7980,bps,,JPY,0.01,SINGLE_SOURCE,irbank_bs,551.93,551.93,,,,irbank_bs=551.93,https://irbank.net/E02383/results,,2026-10-09T22:21:14.745823+09:00
FY2013-03,7980,capex,,JPY_million,100,SINGLE_SOURCE,irbank_cf,-900,-9億,,,,irbank_cf=-900,https://irbank.net/E02383/results,,2026-10-09T22:21:14.745823+09:00
FY2013-03,7980,cash_equivalents,,JPY_million,1,SINGLE_SOURCE,irbank_cf,732,7.32億,,,,irbank_cf=732,https://irbank.net/E02383/results,,2026-10-09T22:21:14.745823+09:00
FY2013-03,7980,cost_ratio,,pct,0.01,SINGLE_SOURCE,irbank_pl,70.32,70.32,,,,irbank_pl=70.32,https://irbank.net/E02383/results,,2026-10-09T22:21:14.745823+09:00
FY2013-03,7980,eps,,JPY,0.01,SINGLE_SOURCE,irbank_pl,7.45,7.45,,,,irbank_pl=7.45,https://irbank.net/E02383/results,,2026-10-09T22:21:14.745823+09:00
FY2013-03,7980,equity_ratio,,pct,0.1,SINGLE_SOURCE,irbank_bs,36.9,36.9,,,,irbank_bs=36.9,https://irbank.net/E02383/results,,2026-10-09T22:21:14.745823+09:00
FY2013-03,7980,financing_cf,,JPY_million,1,SINGLE_SOURCE,irbank_cf,785,7.85億,,,,irbank_cf=785,https://irbank.net/E02383/results,,2026-10-09T22:21:14.745823+09:00
FY2013-03,7980,free_cf,,JPY_million,1,SINGLE_SOURCE,irbank_cf,-645,-6.45億,,,,irbank_cf=-645,https://irbank.net/E02383/results,,2026-10-09T22:21:14.745823+09:00
FY2013-03,7980,interest_bearing_debt,,JPY_million,100,SINGLE_SOURCE,irbank_bs,3200,32億,,,,irbank_bs=3200,https://irbank.net/E02383/results,,2026-10-09T22:21:14.745823+09:00
FY2013-03,7980,interest_bearing_debt_ratio,,x,0.001,SINGLE_SOURCE|UNIT_CONVERTED,irbank_bs,0.806,80.6,,,,irbank_bs=0.806,https://irbank.net/E02383/results,,2026-10-09T22:21:14.745823+09:00
FY2013-03,7980,investing_cf,,JPY_million,1,SINGLE_SOURCE,irbank_cf,-894,-8.94億,,,,irbank_cf=-894,https://irbank.net/E02383/results,,2026-10-09T22:21:14.745823+09:00
FY2013-03,7980,net_assets,,JPY_million,10,SINGLE_SOURCE,irbank_bs,3970,39.7億,,,,irbank_bs=3970,https://irbank.net/E02383/results,,2026-10-09T22:21:14.745823+09:00
FY2013-03,7980,net_income,,JPY_million,1,SINGLE_SOURCE,irbank_pl,54,0.54億,,,,irbank_pl=54,https://irbank.net/E02383/results,,2026-10-09T22:21:14.745823+09:00
FY2013-03,7980,operating_cf,,JPY_million,1,SINGLE_SOURCE,irbank_cf,249,2.49億,,,,irbank_cf=249,https://irbank.net/E02383/results,,2026-10-09T22:21:14.745823+09:00
FY2013-03,7980,operating_income,,JPY_million,1,SINGLE_SOURCE,irbank_pl,173,1.73億,,,,irbank_pl=173,https://irbank.net/E02383/results,,2026-10-09T22:21:14.745823+09:00
FY2013-03,7980,operating_margin,,pct,0.01,SINGLE_SOURCE,irbank_pl,1.87,1.87,,,,irbank_pl=1.87,https://irbank.net/E02383/results,,2026-10-09T22:21:14.745823+09:00
FY2013-03,7980,ordinary_income,,JPY_million,1,SINGLE_SOURCE,irbank_pl,159,1.59億,,,,irbank_pl=159,https://irbank.net/E02383/results,,2026-10-09T22:21:14.745823+09:00
FY2013-03,7980,retained_earnings,,JPY_million,10,SINGLE_SOURCE,irbank_bs,2990,29.9億,,,,irbank_bs=2990,https://irbank.net/E02383/results,,2026-10-09T22:21:14.745823+09:00
FY2013-03,7980,revenue,9241,JPY_million,10,OK|ROUNDING,kabutan_fy10,9241,"9,241",irbank_pl,9240,92.4億,kabutan_fy10=9241|irbank_pl=9240,https://kabutan.jp/stock/finance?code=7980,https://irbank.net/E02383/results,2026-10-09T22:21:14.745823+09:00
FY2013-03,7980,roa,,pct,0.1,SINGLE_SOURCE,irbank_pl,0.5,0.5,,,,irbank_pl=0.5,https://irbank.net/E02383/results,,2026-10-09T22:21:14.745823+09:00
FY2013-03,7980,roe,,pct,0.01,SINGLE_SOURCE,irbank_pl,1.35,1.35,,,,irbank_pl=1.35,https://irbank.net/E02383/results,,2026-10-09T22:21:14.745823+09:00
FY2013-03,7980,sga_ratio,,pct,0.01,SINGLE_SOURCE,irbank_pl,27.81,27.81,,,,irbank_pl=27.81,https://irbank.net/E02383/results,,2026-10-09T22:21:14.745823+09:00
FY2013-03,7980,shareholders_equity,,JPY_million,10,SINGLE_SOURCE,irbank_bs,3820,38.2億,,,,irbank_bs=3820,https://irbank.net/E02383/results,,2026-10-09T22:21:14.745823+09:00
FY2013-03,7980,total_assets,,JPY_million,100,SINGLE_SOURCE,irbank_bs,10800,108億,,,,irbank_bs=10800,https://irbank.net/E02383/results,,2026-10-09T22:21:14.745823+09:00
FY2014-03,7980,bps,,JPY,0.01,SINGLE_SOURCE,irbank_bs,565.05,565.05,,,,irbank_bs=565.05,https://irbank.net/E02383/results,,2026-10-09T22:21:14.745823+09:00
FY2014-03,7980,capex,,JPY_million,1,SINGLE_SOURCE,irbank_cf,-214,-2.14億,,,,irbank_cf=-214,https://irbank.net/E02383/results,,2026-10-09T22:21:14.745823+09:00
FY2014-03,7980,cash_equivalents,,JPY_million,1,SINGLE_SOURCE,irbank_cf,382,3.82億,,,,irbank_cf=382,https://irbank.net/E02383/results,,2026-10-09T22:21:14.745823+09:00
FY2014-03,7980,cost_ratio,,pct,0.01,SINGLE_SOURCE,irbank_pl,68.81,68.81,,,,irbank_pl=68.81,https://irbank.net/E02383/results,,2026-10-09T22:21:14.745823+09:00
FY2014-03,7980,eps,,JPY,0.01,SINGLE_SOURCE,irbank_pl,11.21,11.21,,,,irbank_pl=11.21,https://irbank.net/E02383/results,,2026-10-09T22:21:14.745823+09:00
FY2014-03,7980,equity_ratio,,pct,0.1,SINGLE_SOURCE,irbank_bs,37.6,37.6,,,,irbank_bs=37.6,https://irbank.net/E02383/results,,2026-10-09T22:21:14.745823+09:00
FY2014-03,7980,financing_cf,,JPY_million,1,SINGLE_SOURCE,irbank_cf,-216,-2.16億,,,,irbank_cf=-216,https://irbank.net/E02383/results,,2026-10-09T22:21:14.745823+09:00
FY2014-03,7980,free_cf,,JPY_million,1,SINGLE_SOURCE,irbank_cf,-134,-1.34億,,,,irbank_cf=-134,https://irbank.net/E02383/results,,2026-10-09T22:21:14.745823+09:00
FY2014-03,7980,interest_bearing_debt,,JPY_million,100,SINGLE_SOURCE,irbank_bs,3100,31億,,,,irbank_bs=3100,https://irbank.net/E02383/results,,2026-10-09T22:21:14.745823+09:00
FY2014-03,7980,interest_bearing_debt_ratio,,x,0.0001,SINGLE_SOURCE|UNIT_CONVERTED,irbank_bs,0.7637,76.37,,,,irbank_bs=0.7637,https://irbank.net/E02383/results,,2026-10-09T22:21:14.745823+09:00
FY2014-03,7980,investing_cf,,JPY_million,1,SINGLE_SOURCE,irbank_cf,-225,-2.25億,,,,irbank_cf=-225,https://irbank.net/E02383/results,,2026-10-09T22:21:14.745823+09:00
FY2014-03,7980,net_assets,,JPY_million,10,SINGLE_SOURCE,irbank_bs,4050,40.5億,,,,irbank_bs=4050,https://irbank.net/E02383/results,,2026-10-09T22:21:14.745823+09:00
FY2014-03,7980,net_income,,JPY_million,10,SINGLE_SOURCE,irbank_pl,80,0.8億,,,,irbank_pl=80,https://irbank.net/E02383/results,,2026-10-09T22:21:14.745823+09:00
FY2014-03,7980,operating_cf,,JPY_million,1,SINGLE_SOURCE,irbank_cf,92,0.92億,,,,irbank_cf=92,https://irbank.net/E02383/results,,2026-10-09T22:21:14.745823+09:00
FY2014-03,7980,operating_income,,JPY_million,1,SINGLE_SOURCE,irbank_pl,201,2.01億,,,,irbank_pl=201,https://irbank.net/E02383/results,,2026-10-09T22:21:14.745823+09:00
FY2014-03,7980,operating_margin,,pct,0.1,SINGLE_SOURCE,irbank_pl,2.2,2.2,,,,irbank_pl=2.2,https://irbank.net/E02383/results,,2026-10-09T22:21:14.745823+09:00
FY2014-03,7980,ordinary_income,,JPY_million,1,SINGLE_SOURCE,irbank_pl,184,1.84億,,,,irbank_pl=184,https://irbank.net/E02383/results,,2026-10-09T22:21:14.745823+09:00
FY2014-03,7980,retained_earnings,,JPY_million,100,SINGLE_SOURCE,irbank_bs,3000,30億,,,,irbank_bs=3000,https://irbank.net/E02383/results,,2026-10-09T22:21:14.745823+09:00
FY2014-03,7980,revenue,9119,JPY_million,10,OK|ROUNDING,kabutan_fy10,9119,"9,119",irbank_pl,9120,91.2億,kabutan_fy10=9119|irbank_pl=9120,https://kabutan.jp/stock/finance?code=7980,https://irbank.net/E02383/results,2026-10-09T22:21:14.745823+09:00
FY2014-03,7980,roa,,pct,0.01,SINGLE_SOURCE,irbank_pl,0.74,0.74,,,,irbank_pl=0.74,https://irbank.net/E02383/results,,2026-10-09T22:21:14.745823+09:00
FY2014-03,7980,roe,,pct,0.01,SINGLE_SOURCE,irbank_pl,1.98,1.98,,,,irbank_pl=1.98,https://irbank.net/E02383/results,,2026-10-09T22:21:14.745823+09:00
FY2014-03,7980,sga_ratio,,pct,0.01,SINGLE_SOURCE,irbank_pl,28.99,28.99,,,,irbank_pl=28.99,https://irbank.net/E02383/results,,2026-10-09T22:21:14.745823+09:00
FY2014-03,7980,shareholders_equity,,JPY_million,10,SINGLE_SOURCE,irbank_bs,3830,38.3億,,,,irbank_bs=3830,https://irbank.net/E02383/results,,2026-10-09T22:21:14.745823+09:00
FY2014-03,7980,total_assets,,JPY_million,100,SINGLE_SOURCE,irbank_bs,10800,108億,,,,irbank_bs=10800,https://irbank.net/E02383/results,,2026-10-09T22:21:14.745823+09:00
FY2015-03,7980,bps,,JPY,0.01,SINGLE_SOURCE,irbank_bs,607.82,607.82,,,,irbank_bs=607.82,https://irbank.net/E02383/results,,2026-10-09T22:21:14.745823+09:00
FY2015-03,7980,capex,,JPY_million,1,SINGLE_SOURCE,irbank_cf,-188,-1.88億,,,,irbank_cf=-188,https://irbank.net/E02383/results,,2026-10-09T22:21:14.745823+09:00
FY2015-03,7980,cash_equivalents,,JPY_million,1,SINGLE_SOURCE,irbank_cf,818,8.18億,,,,irbank_cf=818,https://irbank.net/E02383/results,,2026-10-09T22:21:14.745823+09:00
FY2015-03,7980,cost_ratio,,pct,0.01,SINGLE_SOURCE,irbank_pl,67.98,67.98,,,,irbank_pl=67.98,https://irbank.net/E02383/results,,2026-10-09T22:21:14.745823+09:00
FY2015-03,7980,eps,,JPY,0.01,SINGLE_SOURCE,irbank_pl,31.63,31.63,,,,irbank_pl=31.63,https://irbank.net/E02383/results,,2026-10-09T22:21:14.745823+09:00
FY2015-03,7980,equity_ratio,,pct,0.1,SINGLE_SOURCE,irbank_bs,40.3,40.3,,,,irbank_bs=40.3,https://irbank.net/E02383/results,,2026-10-09T22:21:14.745823+09:00
FY2015-03,7980,financing_cf,,JPY_million,1,SINGLE_SOURCE,irbank_cf,-782,-7.82億,,,,irbank_cf=-782,https://irbank.net/E02383/results,,2026-10-09T22:21:14.745823+09:00
FY2015-03,7980,free_cf,,JPY_million,10,SINGLE_SOURCE,irbank_cf,1220,12.2億,,,,irbank_cf=1220,https://irbank.net/E02383/results,,2026-10-09T22:21:14.745823+09:00
FY2015-03,7980,interest_bearing_debt,,JPY_million,10,SINGLE_SOURCE,irbank_bs,2440,24.4億,,,,irbank_bs=2440,https://irbank.net/E02383/results,,2026-10-09T22:21:14.745823+09:00
FY2015-03,7980,interest_bearing_debt_ratio,,x,0.0001,SINGLE_SOURCE|UNIT_CONVERTED,irbank_bs,0.5586,55.86,,,,irbank_bs=0.5586,https://irbank.net/E02383/results,,2026-10-09T22:21:14.745823+09:00
FY2015-03,7980,investing_cf,,JPY_million,1,SINGLE_SOURCE,irbank_cf,-117,-1.17億,,,,irbank_cf=-117,https://irbank.net/E02383/results,,2026-10-09T22:21:14.745823+09:00
FY2015-03,7980,net_assets,,JPY_million,10,SINGLE_SOURCE,irbank_bs,4360,43.6億,,,,irbank_bs=4360,https://irbank.net/E02383/results,,2026-10-09T22:21:14.745823+09:00
FY2015-03,7980,net_income,,JPY_million,1,SINGLE_SOURCE,irbank_pl,227,2.27億,,,,irbank_pl=227,https://irbank.net/E02383/results,,2026-10-09T22:21:14.745823+09:00
FY2015-03,7980,operating_cf,,JPY_million,10,SINGLE_SOURCE,irbank_cf,1340,13.4億,,,,irbank_cf=1340,https://irbank.net/E02383/results,,2026-10-09T22:21:14.745823+09:00
FY2015-03,7980,operating_income,,JPY_million,1,SINGLE_SOURCE,irbank_pl,392,3.92億,,,,irbank_pl=392,https://irbank.net/E02383/results,,2026-10-09T22:21:14.745823+09:00
FY2015-03,7980,operating_margin,,pct,0.01,SINGLE_SOURCE,irbank_pl,3.91,3.91,,,,irbank_pl=3.91,https://irbank.net/E02383/results,,2026-10-09T22:21:14.745823+09:00
FY2015-03,7980,ordinary_income,,JPY_million,1,SINGLE_SOURCE,irbank_pl,349,3.49億,,,,irbank_pl=349,https://irbank.net/E02383/results,,2026-10-09T22:21:14.745823+09:00
FY2015-03,7980,retained_earnings,,JPY_million,10,SINGLE_SOURCE,irbank_bs,3150,31.5億,,,,irbank_bs=3150,https://irbank.net/E02383/results,,2026-10-09T22:21:14.745823+09:00
FY2015-03,7980,revenue,10034,JPY_million,100,OK|ROUNDING,kabutan_fy10,10034,"10,034",irbank_pl,10000,100億,kabutan_fy10=10034|irbank_pl=10000,https://kabutan.jp/stock/finance?code=7980,https://irbank.net/E02383/results,2026-10-09T22:21:14.745823+09:00
FY2015-03,7980,roa,,pct,0.1,SINGLE_SOURCE,irbank_pl,2.1,2.1,,,,irbank_pl=2.1,https://irbank.net/E02383/results,,2026-10-09T22:21:14.745823+09:00
FY2015-03,7980,roe,,pct,0.1,SINGLE_SOURCE,irbank_pl,5.2,5.2,,,,irbank_pl=5.2,https://irbank.net/E02383/results,,2026-10-09T22:21:14.745823+09:00
FY2015-03,7980,sga_ratio,,pct,0.01,SINGLE_SOURCE,irbank_pl,28.11,28.11,,,,irbank_pl=28.11,https://irbank.net/E02383/results,,2026-10-09T22:21:14.745823+09:00
FY2015-03,7980,shareholders_equity,,JPY_million,10,SINGLE_SOURCE,irbank_bs,3980,39.8億,,,,irbank_bs=3980,https://irbank.net/E02383/results,,2026-10-09T22:21:14.745823+09:00
FY2015-03,7980,total_assets,,JPY_million,100,SINGLE_SOURCE,irbank_bs,10800,108億,,,,irbank_bs=10800,https://irbank.net/E02383/results,,2026-10-09T22:21:14.745823+09:00
FY2016-03,7980,bps,,JPY,0.01,SINGLE_SOURCE,irbank_bs,628.82,628.82,,,,irbank_bs=628.82,https://irbank.net/E02383/results,,2026-10-09T22:21:14.745823+09:00
FY2016-03,7980,capex,,JPY_million,1,SINGLE_SOURCE,irbank_cf,-592,-5.92億,,,,irbank_cf=-592,https://irbank.net/E02383/results,,2026-10-09T22:21:14.745823+09:00
FY2016-03,7980,cash_equivalents,,JPY_million,1,SINGLE_SOURCE,irbank_cf,424,4.24億,,,,irbank_cf=424,https://irbank.net/E02383/results,,2026-10-09T22:21:14.745823+09:00
FY2016-03,7980,cost_ratio,,pct,0.01,SINGLE_SOURCE,irbank_pl,66.93,66.93,,,,irbank_pl=66.93,https://irbank.net/E02383/results,,2026-10-09T22:21:14.745823+09:00
FY2016-03,7980,eps,,JPY,0.01,SINGLE_SOURCE,irbank_pl,46.12,46.12,,,,irbank_pl=46.12,https://irbank.net/E02383/results,,2026-10-09T22:21:14.745823+09:00
FY2016-03,7980,equity_ratio,,pct,0.1,SINGLE_SOURCE,irbank_bs,39.7,39.7,,,,irbank_bs=39.7,https://irbank.net/E02383/results,,2026-10-09T22:21:14.745823+09:00
FY2016-03,7980,financing_cf,,JPY_million,1,SINGLE_SOURCE,irbank_cf,-343,-3.43億,,,,irbank_cf=-343,https://irbank.net/E02383/results,,2026-10-09T22:21:14.745823+09:00
FY2016-03,7980,free_cf,,JPY_million,1,SINGLE_SOURCE,irbank_cf,-52,-0.52億,,,,irbank_cf=-52,https://irbank.net/E02383/results,,2026-10-09T22:21:14.745823+09:00
FY2016-03,7980,interest_bearing_debt,,JPY_million,10,SINGLE_SOURCE,irbank_bs,2220,22.2億,,,,irbank_bs=2220,https://irbank.net/E02383/results,,2026-10-09T22:21:14.745823+09:00
FY2016-03,7980,interest_bearing_debt_ratio,,x,0.0001,SINGLE_SOURCE|UNIT_CONVERTED,irbank_bs,0.4916,49.16,,,,irbank_bs=0.4916,https://irbank.net/E02383/results,,2026-10-09T22:21:14.745823+09:00
FY2016-03,7980,investing_cf,,JPY_million,1,SINGLE_SOURCE,irbank_cf,-593,-5.93億,,,,irbank_cf=-593,https://irbank.net/E02383/results,,2026-10-09T22:21:14.745823+09:00
FY2016-03,7980,net_assets,,JPY_million,10,SINGLE_SOURCE,irbank_bs,4510,45.1億,,,,irbank_bs=4510,https://irbank.net/E02383/results,,2026-10-09T22:21:14.745823+09:00
FY2016-03,7980,net_income,,JPY_million,1,SINGLE_SOURCE,irbank_pl,331,3.31億,,,,irbank_pl=331,https://irbank.net/E02383/results,,2026-10-09T22:21:14.745823+09:00
FY2016-03,7980,operating_cf,,JPY_million,1,SINGLE_SOURCE,irbank_cf,542,5.42億,,,,irbank_cf=542,https://irbank.net/E02383/results,,2026-10-09T22:21:14.745823+09:00
FY2016-03,7980,operating_income,,JPY_million,1,SINGLE_SOURCE,irbank_pl,599,5.99億,,,,irbank_pl=599,https://irbank.net/E02383/results,,2026-10-09T22:21:14.745823+09:00
FY2016-03,7980,operating_margin,,pct,0.01,SINGLE_SOURCE,irbank_pl,5.54,5.54,,,,irbank_pl=5.54,https://irbank.net/E02383/results,,2026-10-09T22:21:14.745823+09:00
FY2016-03,7980,ordinary_income,,JPY_million,1,SINGLE_SOURCE,irbank_pl,583,5.83億,,,,irbank_pl=583,https://irbank.net/E02383/results,,2026-10-09T22:21:14.745823+09:00
FY2016-03,7980,retained_earnings,,JPY_million,10,SINGLE_SOURCE,irbank_bs,3410,34.1億,,,,irbank_bs=3410,https://irbank.net/E02383/results,,2026-10-09T22:21:14.745823+09:00
FY2016-03,7980,revenue,10809,JPY_million,100,OK|ROUNDING,kabutan_fy10,10809,"10,809",irbank_pl,10800,108億,kabutan_fy10=10809|irbank_pl=10800,https://kabutan.jp/stock/finance?code=7980,https://irbank.net/E02383/results,2026-10-09T22:21:14.745823+09:00
FY2016-03,7980,roa,,pct,0.01,SINGLE_SOURCE,irbank_pl,2.92,2.92,,,,irbank_pl=2.92,https://irbank.net/E02383/results,,2026-10-09T22:21:14.745823+09:00
FY2016-03,7980,roe,,pct,0.01,SINGLE_SOURCE,irbank_pl,7.34,7.34,,,,irbank_pl=7.34,https://irbank.net/E02383/results,,2026-10-09T22:21:14.745823+09:00
FY2016-03,7980,sga_ratio,,pct,0.01,SINGLE_SOURCE,irbank_pl,27.53,27.53,,,,irbank_pl=27.53,https://irbank.net/E02383/results,,2026-10-09T22:21:14.745823+09:00
FY2016-03,7980,shareholders_equity,,JPY_million,10,SINGLE_SOURCE,irbank_bs,4240,42.4億,,,,irbank_bs=4240,https://irbank.net/E02383/results,,2026-10-09T22:21:14.745823+09:00
FY2016-03,7980,total_assets,,JPY_million,100,SINGLE_SOURCE,irbank_bs,11300,113億,,,,irbank_bs=11300,https://irbank.net/E02383/results,,2026-10-09T22:21:14.745823+09:00
FY2017-03,7980,bps,,JPY,0.01,SINGLE_SOURCE,irbank_bs,649.89,649.89,,,,irbank_bs=649.89,https://irbank.net/E02383/results,,2026-10-09T22:21:14.745823+09:00
FY2017-03,7980,capex,,JPY_million,1,SINGLE_SOURCE,irbank_cf,-837,-8.37億,,,,irbank_cf=-837,https://irbank.net/E02383/results,,2026-10-09T22:21:14.745823+09:00
FY2017-03,7980,cash_equivalents,,JPY_million,1,SINGLE_SOURCE,irbank_cf,513,5.13億,,,,irbank_cf=513,https://irbank.net/E02383/results,,2026-10-09T22:21:14.745823+09:00
FY2017-03,7980,cost_ratio,,pct,0.01,SINGLE_SOURCE,irbank_pl,70.67,70.67,,,,irbank_pl=70.67,https://irbank.net/E02383/results,,2026-10-09T22:21:14.745823+09:00
FY2017-03,7980,eps,,JPY,0.01,SINGLE_SOURCE,irbank_pl,13.74,13.74,,,,irbank_pl=13.74,https://irbank.net/E02383/results,,2026-10-09T22:21:14.745823+09:00
FY2017-03,7980,equity_ratio,,pct,0.1,SINGLE_SOURCE,irbank_bs,41.4,41.4,,,,irbank_bs=41.4,https://irbank.net/E02383/results,,2026-10-09T22:21:14.745823+09:00
FY2017-03,7980,financing_cf,,JPY_million,1,SINGLE_SOURCE,irbank_cf,288,2.88億,,,,irbank_cf=288,https://irbank.net/E02383/results,,2026-10-09T22:21:14.745823+09:00
FY2017-03,7980,free_cf,,JPY_million,1,SINGLE_SOURCE,irbank_cf,-199,-1.99億,,,,irbank_cf=-199,https://irbank.net/E02383/results,,2026-10-09T22:21:14.745823+09:00
FY2017-03,7980,interest_bearing_debt,,JPY_million,10,SINGLE_SOURCE,irbank_bs,2660,26.6億,,,,irbank_bs=2660,https://irbank.net/E02383/results,,2026-10-09T22:21:14.745823+09:00
FY2017-03,7980,interest_bearing_debt_ratio,,x,0.0001,SINGLE_SOURCE|UNIT_CONVERTED,irbank_bs,0.5759,57.59,,,,irbank_bs=0.5759,https://irbank.net/E02383/results,,2026-10-09T22:21:14.745823+09:00
FY2017-03,7980,investing_cf,,JPY_million,1,SINGLE_SOURCE,irbank_cf,-837,-8.37億,,,,irbank_cf=-837,https://irbank.net/E02383/results,,2026-10-09T22:21:14.745823+09:00
FY2017-03,7980,net_assets,,JPY_million,10,SINGLE_SOURCE,irbank_bs,4620,46.2億,,,,irbank_bs=4620,https://irbank.net/E02383/results,,2026-10-09T22:21:14.745823+09:00
FY2017-03,7980,net_income,,JPY_million,1,SINGLE_SOURCE,irbank_pl,98,0.98億,,,,irbank_pl=98,https://irbank.net/E02383/results,,2026-10-09T22:21:14.745823+09:00
FY2017-03,7980,operating_cf,,JPY_million,1,SINGLE_SOURCE,irbank_cf,638,6.38億,,,,irbank_cf=638,https://irbank.net/E02383/results,,2026-10-09T22:21:14.745823+09:00
FY2017-03,7980,operating_income,,JPY_million,1,SINGLE_SOURCE,irbank_pl,65,0.65億,,,,irbank_pl=65,https://irbank.net/E02383/results,,2026-10-09T22:21:14.745823+09:00
FY2017-03,7980,operating_margin,,pct,0.01,SINGLE_SOURCE,irbank_pl,0.62,0.62,,,,irbank_pl=0.62,https://irbank.net/E02383/results,,2026-10-09T22:21:14.745823+09:00
FY2017-03,7980,ordinary_income,,JPY_million,1,SINGLE_SOURCE,irbank_pl,68,0.68億,,,,irbank_pl=68,https://irbank.net/E02383/results,,2026-10-09T22:21:14.745823+09:00
FY2017-03,7980,retained_earnings,,JPY_million,10,SINGLE_SOURCE,irbank_bs,3440,34.4億,,,,irbank_bs=3440,https://irbank.net/E02383/results,,2026-10-09T22:21:14.745823+09:00
FY2017-03,7980,revenue,10509,JPY_million,100,OK|ROUNDING,kabutan_fy10,10509,"10,509",irbank_pl,10500,105億,kabutan_fy10=10509|irbank_pl=10500,https://kabutan.jp/stock/finance?code=7980,https://irbank.net/E02383/results,2026-10-09T22:21:14.745823+09:00
FY2017-03,7980,roa,,pct,0.01,SINGLE_SOURCE,irbank_pl,0.88,0.88,,,,irbank_pl=0.88,https://irbank.net/E02383/results,,2026-10-09T22:21:14.745823+09:00
FY2017-03,7980,roe,,pct,0.01,SINGLE_SOURCE,irbank_pl,2.13,2.13,,,,irbank_pl=2.13,https://irbank.net/E02383/results,,2026-10-09T22:21:14.745823+09:00
FY2017-03,7980,sga_ratio,,pct,0.01,SINGLE_SOURCE,irbank_pl,28.71,28.71,,,,irbank_pl=28.71,https://irbank.net/E02383/results,,2026-10-09T22:21:14.745823+09:00
FY2017-03,7980,shareholders_equity,,JPY_million,10,SINGLE_SOURCE,irbank_bs,4220,42.2億,,,,irbank_bs=4220,https://irbank.net/E02383/results,,2026-10-09T22:21:14.745823+09:00
FY2017-03,7980,total_assets,,JPY_million,100,SINGLE_SOURCE,irbank_bs,11200,112億,,,,irbank_bs=11200,https://irbank.net/E02383/results,,2026-10-09T22:21:14.745823+09:00
FY2018-03,7980,bps,,JPY,0.1,SINGLE_SOURCE,irbank_bs,672.8,672.8,,,,irbank_bs=672.8,https://irbank.net/E02383/results,,2026-10-09T22:21:14.745823+09:00
FY2018-03,7980,capex,,JPY_million,1,SINGLE_SOURCE,irbank_cf,-455,-4.55億,,,,irbank_cf=-455,https://irbank.net/E02383/results,,2026-10-09T22:21:14.745823+09:00
FY2018-03,7980,cash_equivalents,,JPY_million,1,SINGLE_SOURCE,irbank_cf,595,5.95億,,,,irbank_cf=595,https://irbank.net/E02383/results,,2026-10-09T22:21:14.745823+09:00
FY2018-03,7980,cost_ratio,,pct,0.01,SINGLE_SOURCE,irbank_pl,70.92,70.92,,,,irbank_pl=70.92,https://irbank.net/E02383/results,,2026-10-09T22:21:14.745823+09:00
FY2018-03,7980,eps,,JPY,0.01,SINGLE_SOURCE,irbank_pl,14.54,14.54,,,,irbank_pl=14.54,https://irbank.net/E02383/results,,2026-10-09T22:21:14.745823+09:00
FY2018-03,7980,equity_ratio,,pct,1,SINGLE_SOURCE,irbank_bs,40,40,,,,irbank_bs=40,https://irbank.net/E02383/results,,2026-10-09T22:21:14.745823+09:00
FY2018-03,7980,financing_cf,,JPY_million,1,SINGLE_SOURCE,irbank_cf,223,2.23億,,,,irbank_cf=223,https://irbank.net/E02383/results,,2026-10-09T22:21:14.745823+09:00
FY2018-03,7980,free_cf,,JPY_million,1,SINGLE_SOURCE,irbank_cf,-141,-1.41億,,,,irbank_cf=-141,https://irbank.net/E02383/results,,2026-10-09T22:21:14.745823+09:00
FY2018-03,7980,interest_bearing_debt,,JPY_million,10,SINGLE_SOURCE,irbank_bs,3010,30.1億,,,,irbank_bs=3010,https://irbank.net/E02383/results,,2026-10-09T22:21:14.745823+09:00
FY2018-03,7980,interest_bearing_debt_ratio,,x,0.0001,SINGLE_SOURCE|UNIT_CONVERTED,irbank_bs,0.6291,62.91,,,,irbank_bs=0.6291,https://irbank.net/E02383/results,,2026-10-09T22:21:14.745823+09:00
FY2018-03,7980,investing_cf,,JPY_million,1,SINGLE_SOURCE,irbank_cf,-455,-4.55億,,,,irbank_cf=-455,https://irbank.net/E02383/results,,2026-10-09T22:21:14.745823+09:00
FY2018-03,7980,net_assets,,JPY_million,10,SINGLE_SOURCE,irbank_bs,4780,47.8億,,,,irbank_bs=4780,https://irbank.net/E02383/results,,2026-10-09T22:21:14.745823+09:00
FY2018-03,7980,net_income,,JPY_million,1,SINGLE_SOURCE,irbank_pl,103,1.03億,,,,irbank_pl=103,https://irbank.net/E02383/results,,2026-10-09T22:21:14.745823+09:00
FY2018-03,7980,operating_cf,,JPY_million,1,SINGLE_SOURCE,irbank_cf,314,3.14億,,,,irbank_cf=314,https://irbank.net/E02383/results,,2026-10-09T22:21:14.745823+09:00
FY2018-03,7980,operating_income,,JPY_million,1,SINGLE_SOURCE,irbank_pl,92,0.92億,,,,irbank_pl=92,https://irbank.net/E02383/results,,2026-10-09T22:21:14.745823+09:00
FY2018-03,7980,operating_margin,,pct,0.01,SINGLE_SOURCE,irbank_pl,0.85,0.85,,,,irbank_pl=0.85,https://irbank.net/E02383/results,,2026-10-09T22:21:14.745823+09:00
FY2018-03,7980,ordinary_income,,JPY_million,1,SINGLE_SOURCE,irbank_pl,105,1.05億,,,,irbank_pl=105,https://irbank.net/E02383/results,,2026-10-09T22:21:14.745823+09:00
FY2018-03,7980,retained_earnings,,JPY_million,10,SINGLE_SOURCE,irbank_bs,3460,34.6億,,,,irbank_bs=3460,https://irbank.net/E02383/results,,2026-10-09T22:21:14.745823+09:00
FY2018-03,7980,revenue,10794,JPY_million,100,OK|ROUNDING,kabutan_fy10,10794,"10,794",irbank_pl,10800,108億,kabutan_fy10=10794|irbank_pl=10800,https://kabutan.jp/stock/finance?code=7980,https://irbank.net/E02383/results,2026-10-09T22:21:14.745823+09:00
FY2018-03,7980,roa,,pct,0.01,SINGLE_SOURCE,irbank_pl,0.86,0.86,,,,irbank_pl=0.86,https://irbank.net/E02383/results,,2026-10-09T22:21:14.745823+09:00
FY2018-03,7980,roe,,pct,0.01,SINGLE_SOURCE,irbank_pl,2.16,2.16,,,,irbank_pl=2.16,https://irbank.net/E02383/results,,2026-10-09T22:21:14.745823+09:00
FY2018-03,7980,sga_ratio,,pct,0.01,SINGLE_SOURCE,irbank_pl,28.23,28.23,,,,irbank_pl=28.23,https://irbank.net/E02383/results,,2026-10-09T22:21:14.745823+09:00
FY2018-03,7980,shareholders_equity,,JPY_million,10,SINGLE_SOURCE,irbank_bs,4240,42.4億,,,,irbank_bs=4240,https://irbank.net/E02383/results,,2026-10-09T22:21:14.745823+09:00
FY2018-03,7980,total_assets,,JPY_million,100,SINGLE_SOURCE,irbank_bs,12000,120億,,,,irbank_bs=12000,https://irbank.net/E02383/results,,2026-10-09T22:21:14.745823+09:00
FY2019-03,7980,bps,,JPY,0.01,SINGLE_SOURCE,irbank_bs,665.92,665.92,,,,irbank_bs=665.92,https://irbank.net/E02383/results,,2026-10-09T22:21:14.745823+09:00
FY2019-03,7980,capex,,JPY_million,10,SINGLE_SOURCE,irbank_cf,-560,-5.6億,,,,irbank_cf=-560,https://irbank.net/E02383/results,,2026-10-09T22:21:14.745823+09:00
FY2019-03,7980,cash_equivalents,,JPY_million,1,SINGLE_SOURCE,irbank_cf,543,5.43億,,,,irbank_cf=543,https://irbank.net/E02383/results,,2026-10-09T22:21:14.745823+09:00
FY2019-03,7980,cost_ratio,,pct,0.01,SINGLE_SOURCE,irbank_pl,70.95,70.95,,,,irbank_pl=70.95,https://irbank.net/E02383/results,,2026-10-09T22:21:14.745823+09:00
FY2019-03,7980,eps,,JPY,0.01,SINGLE_SOURCE,irbank_pl,6.57,6.57,,,,irbank_pl=6.57,https://irbank.net/E02383/results,,2026-10-09T22:21:14.745823+09:00
FY2019-03,7980,equity_ratio,,pct,0.1,SINGLE_SOURCE,irbank_bs,40.2,40.2,,,,irbank_bs=40.2,https://irbank.net/E02383/results,,2026-10-09T22:21:14.745823+09:00
FY2019-03,7980,financing_cf,,JPY_million,1,SINGLE_SOURCE,irbank_cf,-32,-0.32億,,,,irbank_cf=-32,https://irbank.net/E02383/results,,2026-10-09T22:21:14.745823+09:00
FY2019-03,7980,free_cf,,JPY_million,10,SINGLE_SOURCE,irbank_cf,-20,-0.2億,,,,irbank_cf=-20,https://irbank.net/E02383/results,,2026-10-09T22:21:14.745823+09:00
FY2019-03,7980,interest_bearing_debt,,JPY_million,10,SINGLE_SOURCE,irbank_bs,3090,30.9億,,,,irbank_bs=3090,https://irbank.net/E02383/results,,2026-10-09T22:21:14.745823+09:00
FY2019-03,7980,interest_bearing_debt_ratio,,x,0.0001,SINGLE_SOURCE|UNIT_CONVERTED,irbank_bs,0.6525,65.25,,,,irbank_bs=0.6525,https://irbank.net/E02383/results,,2026-10-09T22:21:14.745823+09:00
FY2019-03,7980,investing_cf,,JPY_million,1,SINGLE_SOURCE,irbank_cf,-511,-5.11億,,,,irbank_cf=-511,https://irbank.net/E02383/results,,2026-10-09T22:21:14.745823+09:00
FY2019-03,7980,net_assets,,JPY_million,10,SINGLE_SOURCE,irbank_bs,4740,47.4億,,,,irbank_bs=4740,https://irbank.net/E02383/results,,2026-10-09T22:21:14.745823+09:00
FY2019-03,7980,net_income,,JPY_million,1,SINGLE_SOURCE,irbank_pl,47,0.47億,,,,irbank_pl=47,https://irbank.net/E02383/results,,2026-10-09T22:21:14.745823+09:00
FY2019-03,7980,operating_cf,,JPY_million,1,SINGLE_SOURCE,irbank_cf,491,4.91億,,,,irbank_cf=491,https://irbank.net/E02383/results,,2026-10-09T22:21:14.745823+09:00
FY2019-03,7980,operating_income,,JPY_million,1,SINGLE_SOURCE,irbank_pl,92,0.92億,,,,irbank_pl=92,https://irbank.net/E02383/results,,2026-10-09T22:21:14.745823+09:00
FY2019-03,7980,operating_margin,,pct,0.01,SINGLE_SOURCE,irbank_pl,0.86,0.86,,,,irbank_pl=0.86,https://irbank.net/E02383/results,,2026-10-09T22:21:14.745823+09:00
FY2019-03,7980,ordinary_income,,JPY_million,1,SINGLE_SOURCE,irbank_pl,91,0.91億,,,,irbank_pl=91,https://irbank.net/E02383/results,,2026-10-09T22:21:14.745823+09:00
FY2019-03,7980,retained_earnings,,JPY_million,10,SINGLE_SOURCE,irbank_bs,3430,34.3億,,,,irbank_bs=3430,https://irbank.net/E02383/results,,2026-10-09T22:21:14.745823+09:00
FY2019-03,7980,revenue,10747,JPY_million,100,OK|ROUNDING,kabutan_fy10,10747,"10,747",irbank_pl,10700,107億,kabutan_fy10=10747|irbank_pl=10700,https://kabutan.jp/stock/finance?code=7980,https://irbank.net/E02383/results,2026-10-09T22:21:14.745823+09:00
FY2019-03,7980,roa,,pct,0.1,SINGLE_SOURCE,irbank_pl,0.4,0.4,,,,irbank_pl=0.4,https://irbank.net/E02383/results,,2026-10-09T22:21:14.745823+09:00
FY2019-03,7980,roe,,pct,0.01,SINGLE_SOURCE,irbank_pl,0.99,0.99,,,,irbank_pl=0.99,https://irbank.net/E02383/results,,2026-10-09T22:21:14.745823+09:00
FY2019-03,7980,sga_ratio,,pct,0.01,SINGLE_SOURCE,irbank_pl,28.19,28.19,,,,irbank_pl=28.19,https://irbank.net/E02383/results,,2026-10-09T22:21:14.745823+09:00
FY2019-03,7980,shareholders_equity,,JPY_million,10,SINGLE_SOURCE,irbank_bs,4220,42.2億,,,,irbank_bs=4220,https://irbank.net/E02383/results,,2026-10-09T22:21:14.745823+09:00
FY2019-03,7980,total_assets,,JPY_million,100,SINGLE_SOURCE,irbank_bs,11800,118億,,,,irbank_bs=11800,https://irbank.net/E02383/results,,2026-10-09T22:21:14.745823+09:00
FY2020-03,7980,bps,,JPY,0.01,SINGLE_SOURCE,irbank_bs,683.68,683.68,,,,irbank_bs=683.68,https://irbank.net/E02383/results,,2026-10-09T22:21:14.745823+09:00
FY2020-03,7980,capex,,JPY_million,1,SINGLE_SOURCE,irbank_cf,-561,-5.61億,,,,irbank_cf=-561,https://irbank.net/E02383/results,,2026-10-09T22:21:14.745823+09:00
FY2020-03,7980,cash_equivalents,,JPY_million,1,SINGLE_SOURCE,irbank_cf,686,6.86億,,,,irbank_cf=686,https://irbank.net/E02383/results,,2026-10-09T22:21:14.745823+09:00
FY2020-03,7980,cost_ratio,,pct,0.01,SINGLE_SOURCE,irbank_pl,70.08,70.08,,,,irbank_pl=70.08,https://irbank.net/E02383/results,,2026-10-09T22:21:14.745823+09:00
FY2020-03,7980,eps,,JPY,0.01,SINGLE_SOURCE,irbank_pl,37.39,37.39,,,,irbank_pl=37.39,https://irbank.net/E02383/results,,2026-10-09T22:21:14.745823+09:00
FY2020-03,7980,equity_ratio,,pct,1,SINGLE_SOURCE,irbank_bs,40,40,,,,irbank_bs=40,https://irbank.net/E02383/results,,2026-10-09T22:21:14.745823+09:00
FY2020-03,7980,financing_cf,,JPY_million,1,SINGLE_SOURCE,irbank_cf,-236,-2.36億,,,,irbank_cf=-236,https://irbank.net/E02383/results,,2026-10-09T22:21:14.745823+09:00
FY2020-03,7980,free_cf,,JPY_million,1,SINGLE_SOURCE,irbank_cf,379,3.79億,,,,irbank_cf=379,https://irbank.net/E02383/results,,2026-10-09T22:21:14.745823+09:00
FY2020-03,7980,interest_bearing_debt,,JPY_million,10,SINGLE_SOURCE,irbank_bs,2940,29.4億,,,,irbank_bs=2940,https://irbank.net/E02383/results,,2026-10-09T22:21:14.745823+09:00
FY2020-03,7980,interest_bearing_debt_ratio,,x,0.0001,SINGLE_SOURCE|UNIT_CONVERTED,irbank_bs,0.6047,60.47,,,,irbank_bs=0.6047,https://irbank.net/E02383/results,,2026-10-09T22:21:14.745823+09:00
FY2020-03,7980,investing_cf,,JPY_million,1,SINGLE_SOURCE,irbank_cf,-599,-5.99億,,,,irbank_cf=-599,https://irbank.net/E02383/results,,2026-10-09T22:21:14.745823+09:00
FY2020-03,7980,net_assets,,JPY_million,10,SINGLE_SOURCE,irbank_bs,4860,48.6億,,,,irbank_bs=4860,https://irbank.net/E02383/results,,2026-10-09T22:21:14.745823+09:00
FY2020-03,7980,net_income,,JPY_million,1,SINGLE_SOURCE,irbank_pl,266,2.66億,,,,irbank_pl=266,https://irbank.net/E02383/results,,2026-10-09T22:21:14.745823+09:00
FY2020-03,7980,operating_cf,,JPY_million,1,SINGLE_SOURCE,irbank_cf,978,9.78億,,,,irbank_cf=978,https://irbank.net/E02383/results,,2026-10-09T22:21:14.745823+09:00
FY2020-03,7980,operating_income,,JPY_million,1,SINGLE_SOURCE,irbank_pl,307,3.07億,,,,irbank_pl=307,https://irbank.net/E02383/results,,2026-10-09T22:21:14.745823+09:00
FY2020-03,7980,operating_margin,,pct,0.01,SINGLE_SOURCE,irbank_pl,2.65,2.65,,,,irbank_pl=2.65,https://irbank.net/E02383/results,,2026-10-09T22:21:14.745823+09:00
FY2020-03,7980,ordinary_income,,JPY_million,10,SINGLE_SOURCE,irbank_pl,320,3.2億,,,,irbank_pl=320,https://irbank.net/E02383/results,,2026-10-09T22:21:14.745823+09:00
FY2020-03,7980,retained_earnings,,JPY_million,10,SINGLE_SOURCE,irbank_bs,3630,36.3億,,,,irbank_bs=3630,https://irbank.net/E02383/results,,2026-10-09T22:21:14.745823+09:00
FY2020-03,7980,revenue,11597,JPY_million,100,OK|ROUNDING,kabutan_fy10,11597,"11,597",irbank_pl,11600,116億,kabutan_fy10=11597|irbank_pl=11600,https://kabutan.jp/stock/finance?code=7980,https://irbank.net/E02383/results,2026-10-09T22:21:14.745823+09:00
FY2020-03,7980,roa,,pct,0.01,SINGLE_SOURCE,irbank_pl,2.19,2.19,,,,irbank_pl=2.19,https://irbank.net/E02383/results,,2026-10-09T22:21:14.745823+09:00
FY2020-03,7980,roe,,pct,0.01,SINGLE_SOURCE,irbank_pl,5.47,5.47,,,,irbank_pl=5.47,https://irbank.net/E02383/results,,2026-10-09T22:21:14.745823+09:00
FY2020-03,7980,sga_ratio,,pct,0.01,SINGLE_SOURCE,irbank_pl,27.27,27.27,,,,irbank_pl=27.27,https://irbank.net/E02383/results,,2026-10-09T22:21:14.745823+09:00
FY2020-03,7980,shareholders_equity,,JPY_million,10,SINGLE_SOURCE,irbank_bs,4410,44.1億,,,,irbank_bs=4410,https://irbank.net/E02383/results,,2026-10-09T22:21:14.745823+09:00
FY2020-03,7980,total_assets,,JPY_million,100,SINGLE_SOURCE,irbank_bs,12200,122億,,,,irbank_bs=12200,https://irbank.net/E02383/results,,2026-10-09T22:21:14.745823+09:00
FY2021-03,7980,bps,,JPY,0.01,SINGLE_SOURCE,irbank_bs,790.17,790.17,,,,irbank_bs=790.17,https://irbank.net/E02383/results,,2026-10-09T22:21:14.745823+09:00
FY2021-03,7980,capex,,JPY_million,100,SINGLE_SOURCE,irbank_cf,-1100,-11億,,,,irbank_cf=-1100,https://irbank.net/E02383/results,,2026-10-09T22:21:14.745823+09:00
FY2021-03,7980,cash_equivalents,,JPY_million,1,SINGLE_SOURCE,irbank_cf,716,7.16億,,,,irbank_cf=716,https://irbank.net/E02383/results,,2026-10-09T22:21:14.745823+09:00
FY2021-03,7980,cost_ratio,,pct,0.1,SINGLE_SOURCE,irbank_pl,67.8,67.8,,,,irbank_pl=67.8,https://irbank.net/E02383/results,,2026-10-09T22:21:14.745823+09:00
FY2021-03,7980,eps,,JPY,0.01,SINGLE_SOURCE,irbank_pl,91.55,91.55,,,,irbank_pl=91.55,https://irbank.net/E02383/results,,2026-10-09T22:21:14.745823+09:00
FY2021-03,7980,equity_ratio,,pct,0.1,SINGLE_SOURCE,irbank_bs,40.2,40.2,,,,irbank_bs=40.2,https://irbank.net/E02383/results,,2026-10-09T22:21:14.745823+09:00
FY2021-03,7980,financing_cf,,JPY_million,1,SINGLE_SOURCE,irbank_cf,399,3.99億,,,,irbank_cf=399,https://irbank.net/E02383/results,,2026-10-09T22:21:14.745823+09:00
FY2021-03,7980,free_cf,,JPY_million,1,SINGLE_SOURCE,irbank_cf,-369,-3.69億,,,,irbank_cf=-369,https://irbank.net/E02383/results,,2026-10-09T22:21:14.745823+09:00
FY2021-03,7980,interest_bearing_debt,,JPY_million,10,SINGLE_SOURCE,irbank_bs,3420,34.2億,,,,irbank_bs=3420,https://irbank.net/E02383/results,,2026-10-09T22:21:14.745823+09:00
FY2021-03,7980,interest_bearing_debt_ratio,,x,0.0001,SINGLE_SOURCE|UNIT_CONVERTED,irbank_bs,0.6086,60.86,,,,irbank_bs=0.6086,https://irbank.net/E02383/results,,2026-10-09T22:21:14.745823+09:00
FY2021-03,7980,investing_cf,,JPY_million,10,SINGLE_SOURCE,irbank_cf,-1130,-11.3億,,,,irbank_cf=-1130,https://irbank.net/E02383/results,,2026-10-09T22:21:14.745823+09:00
FY2021-03,7980,net_assets,,JPY_million,10,SINGLE_SOURCE,irbank_bs,5620,56.2億,,,,irbank_bs=5620,https://irbank.net/E02383/results,,2026-10-09T22:21:14.745823+09:00
FY2021-03,7980,net_income,,JPY_million,1,SINGLE_SOURCE,irbank_pl,651,6.51億,,,,irbank_pl=651,https://irbank.net/E02383/results,,2026-10-09T22:21:14.745823+09:00
FY2021-03,7980,operating_cf,,JPY_million,1,SINGLE_SOURCE,irbank_cf,763,7.63億,,,,irbank_cf=763,https://irbank.net/E02383/results,,2026-10-09T22:21:14.745823+09:00
FY2021-03,7980,operating_income,,JPY_million,1,SINGLE_SOURCE,irbank_pl,823,8.23億,,,,irbank_pl=823,https://irbank.net/E02383/results,,2026-10-09T22:21:14.745823+09:00
FY2021-03,7980,operating_margin,,pct,0.01,SINGLE_SOURCE,irbank_pl,6.48,6.48,,,,irbank_pl=6.48,https://irbank.net/E02383/results,,2026-10-09T22:21:14.745823+09:00
FY2021-03,7980,ordinary_income,,JPY_million,1,SINGLE_SOURCE,irbank_pl,859,8.59億,,,,irbank_pl=859,https://irbank.net/E02383/results,,2026-10-09T22:21:14.745823+09:00
FY2021-03,7980,retained_earnings,,JPY_million,10,SINGLE_SOURCE,irbank_bs,4210,42.1億,,,,irbank_bs=4210,https://irbank.net/E02383/results,,2026-10-09T22:21:14.745823+09:00
FY2021-03,7980,revenue,12699,JPY_million,100,OK|ROUNDING,kabutan_fy10,12699,"12,699",irbank_pl,12700,127億,kabutan_fy10=12699|irbank_pl=12700,https://kabutan.jp/stock/finance?code=7980,https://irbank.net/E02383/results,2026-10-09T22:21:14.745823+09:00
FY2021-03,7980,roa,,pct,0.01,SINGLE_SOURCE,irbank_pl,4.66,4.66,,,,irbank_pl=4.66,https://irbank.net/E02383/results,,2026-10-09T22:21:14.745823+09:00
FY2021-03,7980,roe,,pct,0.01,SINGLE_SOURCE,irbank_pl,11.59,11.59,,,,irbank_pl=11.59,https://irbank.net/E02383/results,,2026-10-09T22:21:14.745823+09:00
FY2021-03,7980,sga_ratio,,pct,0.01,SINGLE_SOURCE,irbank_pl,25.72,25.72,,,,irbank_pl=25.72,https://irbank.net/E02383/results,,2026-10-09T22:21:14.745823+09:00
FY2021-03,7980,shareholders_equity,,JPY_million,10,SINGLE_SOURCE,irbank_bs,4990,49.9億,,,,irbank_bs=4990,https://irbank.net/E02383/results,,2026-10-09T22:21:14.745823+09:00
FY2021-03,7980,total_assets,,JPY_million,100,SINGLE_SOURCE,irbank_bs,14000,140億,,,,irbank_bs=14000,https://irbank.net/E02383/results,,2026-10-09T22:21:14.745823+09:00
FY2022-03,7980,bps,,JPY,0.01,SINGLE_SOURCE,irbank_bs,913.63,913.63,,,,irbank_bs=913.63,https://irbank.net/E02383/results,,2026-10-09T22:21:14.745823+09:00
FY2022-03,7980,capex,,JPY_million,10,SINGLE_SOURCE,irbank_cf,-470,-4.7億,,,,irbank_cf=-470,https://irbank.net/E02383/results,,2026-10-09T22:21:14.745823+09:00
FY2022-03,7980,cash_equivalents,,JPY_million,1,SINGLE_SOURCE,irbank_cf,537,5.37億,,,,irbank_cf=537,https://irbank.net/E02383/results,,2026-10-09T22:21:14.745823+09:00
FY2022-03,7980,cost_ratio,,pct,0.01,SINGLE_SOURCE,irbank_pl,68.94,68.94,,,,irbank_pl=68.94,https://irbank.net/E02383/results,,2026-10-09T22:21:14.745823+09:00
FY2022-03,7980,eps,,JPY,0.01,SINGLE_SOURCE,irbank_pl,82.84,82.84,,,,irbank_pl=82.84,https://irbank.net/E02383/results,,2026-10-09T22:21:14.745823+09:00
FY2022-03,7980,equity_ratio,,pct,0.1,SINGLE_SOURCE,irbank_bs,45.4,45.4,,,,irbank_bs=45.4,https://irbank.net/E02383/results,,2026-10-09T22:21:14.745823+09:00
FY2022-03,7980,financing_cf,,JPY_million,1,SINGLE_SOURCE,irbank_cf,-174,-1.74億,,,,irbank_cf=-174,https://irbank.net/E02383/results,,2026-10-09T22:21:14.745823+09:00
FY2022-03,7980,free_cf,,JPY_million,1,SINGLE_SOURCE,irbank_cf,-6,-0.06億,,,,irbank_cf=-6,https://irbank.net/E02383/results,,2026-10-09T22:21:14.745823+09:00
FY2022-03,7980,interest_bearing_debt,,JPY_million,10,SINGLE_SOURCE,irbank_bs,3350,33.5億,,,,irbank_bs=3350,https://irbank.net/E02383/results,,2026-10-09T22:21:14.745823+09:00
FY2022-03,7980,interest_bearing_debt_ratio,,x,0.0001,SINGLE_SOURCE|UNIT_CONVERTED,irbank_bs,0.5148,51.48,,,,irbank_bs=0.5148,https://irbank.net/E02383/results,,2026-10-09T22:21:14.745823+09:00
FY2022-03,7980,investing_cf,,JPY_million,1,SINGLE_SOURCE,irbank_cf,-496,-4.96億,,,,irbank_cf=-496,https://irbank.net/E02383/results,,2026-10-09T22:21:14.745823+09:00
FY2022-03,7980,net_assets,,JPY_million,100,SINGLE_SOURCE,irbank_bs,6500,65億,,,,irbank_bs=6500,https://irbank.net/E02383/results,,2026-10-09T22:21:14.745823+09:00
FY2022-03,7980,net_income,,JPY_million,1,SINGLE_SOURCE,irbank_pl,589,5.89億,,,,irbank_pl=589,https://irbank.net/E02383/results,,2026-10-09T22:21:14.745823+09:00
FY2022-03,7980,operating_cf,,JPY_million,1,SINGLE_SOURCE,irbank_cf,491,4.91億,,,,irbank_cf=491,https://irbank.net/E02383/results,,2026-10-09T22:21:14.745823+09:00
FY2022-03,7980,operating_income,,JPY_million,1,SINGLE_SOURCE,irbank_pl,605,6.05億,,,,irbank_pl=605,https://irbank.net/E02383/results,,2026-10-09T22:21:14.745823+09:00
FY2022-03,7980,operating_margin,,pct,0.01,SINGLE_SOURCE,irbank_pl,5.08,5.08,,,,irbank_pl=5.08,https://irbank.net/E02383/results,,2026-10-09T22:21:14.745823+09:00
FY2022-03,7980,ordinary_income,,JPY_million,1,SINGLE_SOURCE,irbank_pl,654,6.54億,,,,irbank_pl=654,https://irbank.net/E02383/results,,2026-10-09T22:21:14.745823+09:00
FY2022-03,7980,retained_earnings,,JPY_million,10,SINGLE_SOURCE,irbank_bs,4710,47.1億,,,,irbank_bs=4710,https://irbank.net/E02383/results,,2026-10-09T22:21:14.745823+09:00
FY2022-03,7980,revenue,11918,JPY_million,100,OK|ROUNDING,kabutan_fy10,11918,"11,918",irbank_pl,11900,119億,kabutan_fy10=11918|irbank_pl=11900,https://kabutan.jp/stock/finance?code=7980,https://irbank.net/E02383/results,2026-10-09T22:21:14.745823+09:00
FY2022-03,7980,roa,,pct,0.01,SINGLE_SOURCE,irbank_pl,4.11,4.11,,,,irbank_pl=4.11,https://irbank.net/E02383/results,,2026-10-09T22:21:14.745823+09:00
FY2022-03,7980,roe,,pct,0.01,SINGLE_SOURCE,irbank_pl,9.07,9.07,,,,irbank_pl=9.07,https://irbank.net/E02383/results,,2026-10-09T22:21:14.745823+09:00
FY2022-03,7980,sga_ratio,,pct,0.01,SINGLE_SOURCE,irbank_pl,25.99,25.99,,,,irbank_pl=25.99,https://irbank.net/E02383/results,,2026-10-09T22:21:14.745823+09:00
FY2022-03,7980,shareholders_equity,,JPY_million,10,SINGLE_SOURCE,irbank_bs,5490,54.9億,,,,irbank_bs=5490,https://irbank.net/E02383/results,,2026-10-09T22:21:14.745823+09:00
FY2022-03,7980,total_assets,,JPY_million,100,SINGLE_SOURCE,irbank_bs,14300,143億,,,,irbank_bs=14300,https://irbank.net/E02383/results,,2026-10-09T22:21:14.745823+09:00
FY2023-03,7980,bps,,JPY,0.01,SINGLE_SOURCE,irbank_bs,1033.33,1033.33,,,,irbank_bs=1033.33,https://irbank.net/E02383/results,,2026-10-09T22:21:14.745823+09:00
FY2023-03,7980,capex,,JPY_million,1,SINGLE_SOURCE,irbank_cf,-655,-6.55億,,,,irbank_cf=-655,https://irbank.net/E02383/results,,2026-10-09T22:21:14.745823+09:00
FY2023-03,7980,cash_equivalents,,JPY_million,1,SINGLE_SOURCE,irbank_cf,717,7.17億,,,,irbank_cf=717,https://irbank.net/E02383/results,,2026-10-09T22:21:14.745823+09:00
FY2023-03,7980,cost_ratio,,pct,0.01,MISMATCH,irbank_pl,68.27,68.27,irbank_q,46.82,46.82%,irbank_pl=68.27|irbank_q=46.82,https://irbank.net/E02383/results,https://irbank.net/E02383/quarter,2026-10-09T22:21:14.745823+09:00
FY2023-03,7980,eps,105.22,JPY,0.1,OK|ROUNDING,kabutan_fy,105.2,105.2,irbank_pl,105.22,105.22,kabutan_fy=105.2|irbank_pl=105.22,https://kabutan.jp/stock/finance?code=7980,https://irbank.net/E02383/results,2026-10-09T22:21:14.745823+09:00
FY2023-03,7980,equity_ratio,,pct,0.1,SINGLE_SOURCE,irbank_bs,48.3,48.3,,,,irbank_bs=48.3,https://irbank.net/E02383/results,,2026-10-09T22:21:14.745823+09:00
FY2023-03,7980,financing_cf,,JPY_million,100,SINGLE_SOURCE,irbank_cf,-300,-3億,,,,irbank_cf=-300,https://irbank.net/E02383/results,,2026-10-09T22:21:14.745823+09:00
FY2023-03,7980,free_cf,,JPY_million,10,SINGLE_SOURCE,irbank_cf,480,4.8億,,,,irbank_cf=480,https://irbank.net/E02383/results,,2026-10-09T22:21:14.745823+09:00
FY2023-03,7980,interest_bearing_debt,,JPY_million,10,SINGLE_SOURCE,irbank_bs,3130,31.3億,,,,irbank_bs=3130,https://irbank.net/E02383/results,,2026-10-09T22:21:14.745823+09:00
FY2023-03,7980,interest_bearing_debt_ratio,,x,0.0001,SINGLE_SOURCE|UNIT_CONVERTED,irbank_bs,0.4253,42.53,,,,irbank_bs=0.4253,https://irbank.net/E02383/results,,2026-10-09T22:21:14.745823+09:00
FY2023-03,7980,investing_cf,,JPY_million,1,SINGLE_SOURCE,irbank_cf,-644,-6.44億,,,,irbank_cf=-644,https://irbank.net/E02383/results,,2026-10-09T22:21:14.745823+09:00
FY2023-03,7980,net_assets,,JPY_million,10,SINGLE_SOURCE,irbank_bs,7350,73.5億,,,,irbank_bs=7350,https://irbank.net/E02383/results,,2026-10-09T22:21:14.745823+09:00
FY2023-03,7980,net_income,748,JPY_million,1,OK,kabutan_fy,748,748,irbank_pl,748,7.48億,kabutan_fy=748|irbank_pl=748|irbank_q=748,https://kabutan.jp/stock/finance?code=7980,https://irbank.net/E02383/results,2026-10-09T22:21:14.745823+09:00
FY2023-03,7980,operating_cf,,JPY_million,10,SINGLE_SOURCE,irbank_cf,1120,11.2億,,,,irbank_cf=1120,https://irbank.net/E02383/results,,2026-10-09T22:21:14.745823+09:00
FY2023-03,7980,operating_income,965,JPY_million,1,OK,kabutan_fy,965,965,irbank_pl,965,9.65億,kabutan_fy=965|irbank_pl=965|irbank_q=965,https://kabutan.jp/stock/finance?code=7980,https://irbank.net/E02383/results,2026-10-09T22:21:14.745823+09:00
FY2023-03,7980,operating_margin,,pct,0.1,SINGLE_SOURCE,irbank_pl,7.5,7.5,irbank_q,7.5,7.5%,irbank_pl=7.5|irbank_q=7.5,https://irbank.net/E02383/results,https://irbank.net/E02383/quarter,2026-10-09T22:21:14.745823+09:00
FY2023-03,7980,ordinary_income,1025,JPY_million,10,OK|ROUNDING,kabutan_fy,1025,"1,025",irbank_pl,1030,10.3億,kabutan_fy=1025|irbank_pl=1030|irbank_q=1025,https://kabutan.jp/stock/finance?code=7980,https://irbank.net/E02383/results,2026-10-09T22:21:14.745823+09:00
FY2023-03,7980,retained_earnings,,JPY_million,10,SINGLE_SOURCE,irbank_bs,5380,53.8億,,,,irbank_bs=5380,https://irbank.net/E02383/results,,2026-10-09T22:21:14.745823+09:00
FY2023-03,7980,revenue,12875,JPY_million,100,OK|ROUNDING,kabutan_fy,12875,"12,875",kabutan_fy10,12875,"12,875",kabutan_fy=12875|kabutan_fy10=12875|irbank_pl=12900|irbank_q=12900,https://kabutan.jp/stock/finance?code=7980,https://kabutan.jp/stock/finance?code=7980,2026-10-09T22:21:14.745823+09:00
FY2023-03,7980,roa,,pct,0.01,SINGLE_SOURCE,irbank_pl,4.92,4.92,,,,irbank_pl=4.92,https://irbank.net/E02383/results,,2026-10-09T22:21:14.745823+09:00
FY2023-03,7980,roe,,pct,0.01,SINGLE_SOURCE,irbank_pl,10.18,10.18,,,,irbank_pl=10.18,https://irbank.net/E02383/results,,2026-10-09T22:21:14.745823+09:00
FY2023-03,7980,sga_ratio,,pct,0.01,SINGLE_SOURCE,irbank_pl,24.23,24.23,irbank_q,24.23,24.23%,irbank_pl=24.23|irbank_q=24.23,https://irbank.net/E02383/results,https://irbank.net/E02383/quarter,2026-10-09T22:21:14.745823+09:00
FY2023-03,7980,shareholders_equity,,JPY_million,10,SINGLE_SOURCE,irbank_bs,6170,61.7億,,,,irbank_bs=6170,https://irbank.net/E02383/results,,2026-10-09T22:21:14.745823+09:00
FY2023-03,7980,total_assets,,JPY_million,100,SINGLE_SOURCE,irbank_bs,15200,152億,,,,irbank_bs=15200,https://irbank.net/E02383/results,,2026-10-09T22:21:14.745823+09:00
FY2024-03,7980,bps,1164.76,JPY,0.01,OK,kabutan_bs,1164.76,"1,164.76",irbank_bs,1164.76,1164.76,kabutan_bs=1164.76|irbank_bs=1164.76,https://kabutan.jp/stock/finance?code=7980,https://irbank.net/E02383/results,2026-10-09T22:21:14.745823+09:00
FY2024-03,7980,capex,,JPY_million,1,SINGLE_SOURCE,irbank_cf,-826,-8.26億,,,,irbank_cf=-826,https://irbank.net/E02383/results,,2026-10-09T22:21:14.745823+09:00
FY2024-03,7980,cash_equivalents,719,JPY_million,1,OK,kabutan_cf,719,719,irbank_cf,719,7.19億,kabutan_cf=719|irbank_cf=719,https://kabutan.jp/stock/finance?code=7980,https://irbank.net/E02383/results,2026-10-09T22:21:14.745823+09:00
FY2024-03,7980,cost_ratio,,pct,0.1,SINGLE_SOURCE,irbank_pl,69.2,69.2,irbank_q,69.2,69.2%+22.38%,irbank_pl=69.2|irbank_q=69.2,https://irbank.net/E02383/results,https://irbank.net/E02383/quarter,2026-10-09T22:21:14.745823+09:00
FY2024-03,7980,eps,82.13,JPY,0.1,OK|ROUNDING,kabutan_fy,82.1,82.1,irbank_pl,82.13,82.13,kabutan_fy=82.1|irbank_pl=82.13,https://kabutan.jp/stock/finance?code=7980,https://irbank.net/E02383/results,2026-10-09T22:21:14.745823+09:00
FY2024-03,7980,equity,,JPY_million,1,SINGLE_SOURCE,kabutan_bs,8283,"8,283",,,,kabutan_bs=8283,https://kabutan.jp/stock/finance?code=7980,,2026-10-09T22:21:14.745823+09:00
FY2024-03,7980,equity_ratio,51.5,pct,0.1,OK,kabutan_bs,51.5,51.5,irbank_bs,51.5,51.5,kabutan_bs=51.5|irbank_bs=51.5,https://kabutan.jp/stock/finance?code=7980,https://irbank.net/E02383/results,2026-10-09T22:21:14.745823+09:00
FY2024-03,7980,financing_cf,-125,JPY_million,1,OK|ROUNDING,kabutan_cf,-125,-125,irbank_cf,-126,-1.26億,kabutan_cf=-125|irbank_cf=-126,https://kabutan.jp/stock/finance?code=7980,https://irbank.net/E02383/results,2026-10-09T22:21:14.745823+09:00
FY2024-03,7980,free_cf,128,JPY_million,1,OK,kabutan_cf,128,128,irbank_cf,128,1.28億,kabutan_cf=128|irbank_cf=128,https://kabutan.jp/stock/finance?code=7980,https://irbank.net/E02383/results,2026-10-09T22:21:14.745823+09:00
FY2024-03,7980,interest_bearing_debt,,JPY_million,10,SINGLE_SOURCE,irbank_bs,3110,31.1億,,,,irbank_bs=3110,https://irbank.net/E02383/results,,2026-10-09T22:21:14.745823+09:00
FY2024-03,7980,interest_bearing_debt_ratio,0.3755,x,0.01,OK|ROUNDING|UNIT_CONVERTED,kabutan_bs,0.38,0.38,irbank_bs,0.3755,37.55,kabutan_bs=0.38|irbank_bs=0.3755,https://kabutan.jp/stock/finance?code=7980,https://irbank.net/E02383/results,2026-10-09T22:21:14.745823+09:00
FY2024-03,7980,investing_cf,-838,JPY_million,1,OK|ROUNDING,kabutan_cf,-838,-838,irbank_cf,-839,-8.39億,kabutan_cf=-838|irbank_cf=-839,https://kabutan.jp/stock/finance?code=7980,https://irbank.net/E02383/results,2026-10-09T22:21:14.745823+09:00
FY2024-03,7980,net_assets,,JPY_million,10,SINGLE_SOURCE,irbank_bs,8280,82.8億,,,,irbank_bs=8280,https://irbank.net/E02383/results,,2026-10-09T22:21:14.745823+09:00
FY2024-03,7980,net_income,584,JPY_million,1,OK,kabutan_fy,584,584,irbank_pl,584,5.84億,kabutan_fy=584|irbank_pl=584|irbank_q=584,https://kabutan.jp/stock/finance?code=7980,https://irbank.net/E02383/results,2026-10-09T22:21:14.745823+09:00
FY2024-03,7980,operating_cf,966,JPY_million,1,OK,kabutan_cf,966,966,irbank_cf,966,9.66億,kabutan_cf=966|irbank_cf=966,https://kabutan.jp/stock/finance?code=7980,https://irbank.net/E02383/results,2026-10-09T22:21:14.745823+09:00
FY2024-03,7980,operating_income,784,JPY_million,1,OK|ROUNDING,kabutan_fy,784,784,kabutan_cf,784,784,kabutan_fy=784|kabutan_cf=784|irbank_pl=785|irbank_q=785,https://kabutan.jp/stock/finance?code=7980,https://kabutan.jp/stock/finance?code=7980,2026-10-09T22:21:14.745823+09:00
FY2024-03,7980,operating_margin,,pct,0.01,SINGLE_SOURCE,irbank_pl,6.04,6.04,irbank_q,6.04,6.04%-1.46%,irbank_pl=6.04|irbank_q=6.04,https://irbank.net/E02383/results,https://irbank.net/E02383/quarter,2026-10-09T22:21:14.745823+09:00
FY2024-03,7980,ordinary_income,800,JPY_million,1,OK|ROUNDING,kabutan_fy,800,800,irbank_pl,801,8.01億,kabutan_fy=800|irbank_pl=801|irbank_q=801,https://kabutan.jp/stock/finance?code=7980,https://irbank.net/E02383/results,2026-10-09T22:21:14.745823+09:00
FY2024-03,7980,retained_earnings,5861,JPY_million,10,OK|ROUNDING,kabutan_bs,5861,"5,861",irbank_bs,5860,58.6億,kabutan_bs=5861|irbank_bs=5860,https://kabutan.jp/stock/finance?code=7980,https://irbank.net/E02383/results,2026-10-09T22:21:14.745823+09:00
FY2024-03,7980,revenue,12995,JPY_million,100,OK|ROUNDING,kabutan_fy,12995,"12,995",kabutan_fy10,12995,"12,995",kabutan_fy=12995|kabutan_fy10=12995|irbank_pl=13000|irbank_q=13000,https://kabutan.jp/stock/finance?code=7980,https://kabutan.jp/stock/finance?code=7980,2026-10-09T22:21:14.745823+09:00
FY2024-03,7980,roa,,pct,0.01,SINGLE_SOURCE,irbank_pl,3.63,3.63,,,,irbank_pl=3.63,https://irbank.net/E02383/results,,2026-10-09T22:21:14.745823+09:00
FY2024-03,7980,roe,,pct,0.01,SINGLE_SOURCE,irbank_pl,7.05,7.05,,,,irbank_pl=7.05,https://irbank.net/E02383/results,,2026-10-09T22:21:14.745823+09:00
FY2024-03,7980,sga_ratio,,pct,0.01,SINGLE_SOURCE,irbank_pl,24.76,24.76,irbank_q,24.76,24.76%+0.53%,irbank_pl=24.76|irbank_q=24.76,https://irbank.net/E02383/results,https://irbank.net/E02383/quarter,2026-10-09T22:21:14.745823+09:00
FY2024-03,7980,shareholders_equity,,JPY_million,10,SINGLE_SOURCE,irbank_bs,6650,66.5億,,,,irbank_bs=6650,https://irbank.net/E02383/results,,2026-10-09T22:21:14.745823+09:00
FY2024-03,7980,total_assets,16096,JPY_million,100,OK|ROUNDING,kabutan_bs,16096,"16,096",irbank_bs,16100,161億,kabutan_bs=16096|irbank_bs=16100,https://kabutan.jp/stock/finance?code=7980,https://irbank.net/E02383/results,2026-10-09T22:21:14.745823+09:00
FY2025-03,7980,bps,1204.45,JPY,0.01,OK,kabutan_bs,1204.45,"1,204.45",irbank_bs,1204.45,1204.45,kabutan_bs=1204.45|irbank_bs=1204.45,https://kabutan.jp/stock/finance?code=7980,https://irbank.net/E02383/results,2026-10-09T22:21:14.745823+09:00
FY2025-03,7980,capex,,JPY_million,100,SINGLE_SOURCE,irbank_cf,-2100,-21億,,,,irbank_cf=-2100,https://irbank.net/E02383/results,,2026-10-09T22:21:14.745823+09:00
FY2025-03,7980,cash_equivalents,565,JPY_million,1,OK|ROUNDING,kabutan_cf,565,565,irbank_cf,566,5.66億,kabutan_cf=565|irbank_cf=566,https://kabutan.jp/stock/finance?code=7980,https://irbank.net/E02383/results,2026-10-09T22:21:14.745823+09:00
FY2025-03,7980,cost_ratio,,pct,0.1,SINGLE_SOURCE,irbank_pl,68.6,68.6,irbank_q,68.6,68.6%-0.6%,irbank_pl=68.6|irbank_q=68.6,https://irbank.net/E02383/results,https://irbank.net/E02383/quarter,2026-10-09T22:21:14.745823+09:00
FY2025-03,7980,eps,109.77,JPY,0.1,OK|ROUNDING,kabutan_fy,109.8,109.8,kabutan_fy_profit,109.8,109.8,kabutan_fy=109.8|kabutan_fy_profit=109.8|irbank_pl=109.77,https://kabutan.jp/stock/finance?code=7980,https://kabutan.jp/stock/finance?code=7980,2026-10-09T22:21:14.745823+09:00
FY2025-03,7980,equity,,JPY_million,1,SINGLE_SOURCE,kabutan_bs,8565,"8,565",,,,kabutan_bs=8565,https://kabutan.jp/stock/finance?code=7980,,2026-10-09T22:21:14.745823+09:00
FY2025-03,7980,equity_ratio,47.5,pct,0.1,OK,kabutan_bs,47.5,47.5,irbank_bs,47.5,47.5,kabutan_bs=47.5|irbank_bs=47.5,https://kabutan.jp/stock/finance?code=7980,https://irbank.net/E02383/results,2026-10-09T22:21:14.745823+09:00
FY2025-03,7980,financing_cf,1827,JPY_million,10,OK|ROUNDING,kabutan_cf,1827,"1,827",irbank_cf,1830,18.3億,kabutan_cf=1827|irbank_cf=1830,https://kabutan.jp/stock/finance?code=7980,https://irbank.net/E02383/results,2026-10-09T22:21:14.745823+09:00
FY2025-03,7980,free_cf,-1981,JPY_million,10,OK|ROUNDING,kabutan_cf,-1981,"-1,981",irbank_cf,-1980,-19.8億,kabutan_cf=-1981|irbank_cf=-1980,https://kabutan.jp/stock/finance?code=7980,https://irbank.net/E02383/results,2026-10-09T22:21:14.745823+09:00
FY2025-03,7980,interest_bearing_debt,,JPY_million,10,SINGLE_SOURCE,irbank_bs,5030,50.3億,,,,irbank_bs=5030,https://irbank.net/E02383/results,,2026-10-09T22:21:14.745823+09:00
FY2025-03,7980,interest_bearing_debt_ratio,0.5873,x,0.01,OK|ROUNDING|UNIT_CONVERTED,kabutan_bs,0.59,0.59,irbank_bs,0.5873,58.73,kabutan_bs=0.59|irbank_bs=0.5873,https://kabutan.jp/stock/finance?code=7980,https://irbank.net/E02383/results,2026-10-09T22:21:14.745823+09:00
FY2025-03,7980,investing_cf,-2209,JPY_million,10,OK|ROUNDING,kabutan_cf,-2209,"-2,209",irbank_cf,-2210,-22.1億,kabutan_cf=-2209|irbank_cf=-2210,https://kabutan.jp/stock/finance?code=7980,https://irbank.net/E02383/results,2026-10-09T22:21:14.745823+09:00
FY2025-03,7980,net_assets,,JPY_million,10,SINGLE_SOURCE,irbank_bs,8570,85.7億,,,,irbank_bs=8570,https://irbank.net/E02383/results,,2026-10-09T22:21:14.745823+09:00
FY2025-03,7980,net_income,780,JPY_million,1,OK|ROUNDING,kabutan_fy,780,780,irbank_pl,781,7.81億,kabutan_fy=780|irbank_pl=781|irbank_q=781,https://kabutan.jp/stock/finance?code=7980,https://irbank.net/E02383/results,2026-10-09T22:21:14.745823+09:00
FY2025-03,7980,operating_cf,228,JPY_million,1,OK,kabutan_cf,228,228,irbank_cf,228,2.28億,kabutan_cf=228|irbank_cf=228,https://kabutan.jp/stock/finance?code=7980,https://irbank.net/E02383/results,2026-10-09T22:21:14.745823+09:00
FY2025-03,7980,operating_income,1069,JPY_million,10,OK|ROUNDING,kabutan_fy,1069,"1,069",kabutan_fy_profit,1069,"1,069",kabutan_fy=1069|kabutan_fy_profit=1069|kabutan_cf=1069|irbank_pl=1070|irbank_q=1069,https://kabutan.jp/stock/finance?code=7980,https://kabutan.jp/stock/finance?code=7980,2026-10-09T22:21:14.745823+09:00
FY2025-03,7980,operating_margin,7.58,pct,0.01,OK,kabutan_fy_profit,7.58,7.58,irbank_pl,7.58,7.58,kabutan_fy_profit=7.58|irbank_pl=7.58|irbank_q=7.58,https://kabutan.jp/stock/finance?code=7980,https://irbank.net/E02383/results,2026-10-09T22:21:14.745823+09:00
FY2025-03,7980,ordinary_income,1097,JPY_million,100,OK|ROUNDING,kabutan_fy,1097,"1,097",irbank_pl,1100,11億,kabutan_fy=1097|irbank_pl=1100|irbank_q=1098,https://kabutan.jp/stock/finance?code=7980,https://irbank.net/E02383/results,2026-10-09T22:21:14.745823+09:00
FY2025-03,7980,retained_earnings,6552,JPY_million,10,OK|ROUNDING,kabutan_bs,6552,"6,552",irbank_bs,6550,65.5億,kabutan_bs=6552|irbank_bs=6550,https://kabutan.jp/stock/finance?code=7980,https://irbank.net/E02383/results,2026-10-09T22:21:14.745823+09:00
FY2025-03,7980,revenue,14112,JPY_million,100,OK|ROUNDING,kabutan_fy,14112,"14,112",kabutan_fy10,14112,"14,112",kabutan_fy=14112|kabutan_fy10=14112|kabutan_fy_profit=14112|irbank_pl=14100|irbank_q=14100,https://kabutan.jp/stock/finance?code=7980,https://kabutan.jp/stock/finance?code=7980,2026-10-09T22:21:14.745823+09:00
FY2025-03,7980,roa,,pct,0.01,MISMATCH,kabutan_fy_profit,4.57,4.57,irbank_pl,4.33,4.33,kabutan_fy_profit=4.57|irbank_pl=4.33,https://kabutan.jp/stock/finance?code=7980,https://irbank.net/E02383/results,2026-10-09T22:21:14.745823+09:00
FY2025-03,7980,roe,,pct,0.01,MISMATCH,kabutan_fy_profit,9.26,9.26,irbank_pl,9.11,9.11,kabutan_fy_profit=9.26|irbank_pl=9.11,https://kabutan.jp/stock/finance?code=7980,https://irbank.net/E02383/results,2026-10-09T22:21:14.745823+09:00
FY2025-03,7980,sga_ratio,,pct,0.01,SINGLE_SOURCE,irbank_pl,23.82,23.82,irbank_q,23.82,23.82%-0.94%,irbank_pl=23.82|irbank_q=23.82,https://irbank.net/E02383/results,https://irbank.net/E02383/quarter,2026-10-09T22:21:14.745823+09:00
FY2025-03,7980,shareholders_equity,,JPY_million,10,SINGLE_SOURCE,irbank_bs,7340,73.4億,,,,irbank_bs=7340,https://irbank.net/E02383/results,,2026-10-09T22:21:14.745823+09:00
FY2025-03,7980,total_assets,18045,JPY_million,100,OK|ROUNDING,kabutan_bs,18045,"18,045",irbank_bs,18000,180億,kabutan_bs=18045|irbank_bs=18000,https://kabutan.jp/stock/finance?code=7980,https://irbank.net/E02383/results,2026-10-09T22:21:14.745823+09:00
FY2026-03,7980,bps,1326.95,JPY,0.01,OK,kabutan_bs,1326.95,"1,326.95",irbank_bs,1326.95,1326.95,kabutan_bs=1326.95|irbank_bs=1326.95,https://kabutan.jp/stock/finance?code=7980,https://irbank.net/E02383/results,2026-10-09T22:21:14.745823+09:00
FY2026-03,7980,capex,,JPY_million,10,SINGLE_SOURCE,irbank_cf,-2730,-27.3億,,,,irbank_cf=-2730,https://irbank.net/E02383/results,,2026-10-09T22:21:14.745823+09:00
FY2026-03,7980,cash_equivalents,1535,JPY_million,10,OK|ROUNDING,kabutan_cf,1535,"1,535",irbank_cf,1540,15.4億,kabutan_cf=1535|irbank_cf=1540,https://kabutan.jp/stock/finance?code=7980,https://irbank.net/E02383/results,2026-10-09T22:21:14.745823+09:00
FY2026-03,7980,cost_ratio,,pct,0.01,SINGLE_SOURCE,irbank_pl,70.44,70.44,irbank_q,70.44,70.44%+1.84%,irbank_pl=70.44|irbank_q=70.44,https://irbank.net/E02383/results,https://irbank.net/E02383/quarter,2026-10-09T22:21:14.745823+09:00
FY2026-03,7980,eps,98.74,JPY,0.1,OK|ROUNDING,kabutan_fy,98.7,98.7,kabutan_fy_profit,98.7,98.7,kabutan_fy=98.7|kabutan_fy_profit=98.7|irbank_pl=98.74,https://kabutan.jp/stock/finance?code=7980,https://kabutan.jp/stock/finance?code=7980,2026-10-09T22:21:14.745823+09:00
FY2026-03,7980,equity,,JPY_million,1,SINGLE_SOURCE,kabutan_bs,9436,"9,436",,,,kabutan_bs=9436,https://kabutan.jp/stock/finance?code=7980,,2026-10-09T22:21:14.745823+09:00
FY2026-03,7980,equity_ratio,43.7,pct,0.1,OK,kabutan_bs,43.7,43.7,irbank_bs,43.7,43.7,kabutan_bs=43.7|irbank_bs=43.7,https://kabutan.jp/stock/finance?code=7980,https://irbank.net/E02383/results,2026-10-09T22:21:14.745823+09:00
FY2026-03,7980,financing_cf,2488,JPY_million,10,OK|ROUNDING,kabutan_cf,2488,"2,488",irbank_cf,2490,24.9億,kabutan_cf=2488|irbank_cf=2490,https://kabutan.jp/stock/finance?code=7980,https://irbank.net/E02383/results,2026-10-09T22:21:14.745823+09:00
FY2026-03,7980,free_cf,-1518,JPY_million,10,OK|ROUNDING,kabutan_cf,-1518,"-1,518",irbank_cf,-1520,-15.2億,kabutan_cf=-1518|irbank_cf=-1520,https://kabutan.jp/stock/finance?code=7980,https://irbank.net/E02383/results,2026-10-09T22:21:14.745823+09:00
FY2026-03,7980,interest_bearing_debt,,JPY_million,10,SINGLE_SOURCE,irbank_bs,7630,76.3億,,,,irbank_bs=7630,https://irbank.net/E02383/results,,2026-10-09T22:21:14.745823+09:00
FY2026-03,7980,interest_bearing_debt_ratio,0.8082,x,0.01,OK|ROUNDING|UNIT_CONVERTED,kabutan_bs,0.81,0.81,irbank_bs,0.8082,80.82,kabutan_bs=0.81|irbank_bs=0.8082,https://kabutan.jp/stock/finance?code=7980,https://irbank.net/E02383/results,2026-10-09T22:21:14.745823+09:00
FY2026-03,7980,investing_cf,-2732,JPY_million,10,OK|ROUNDING,kabutan_cf,-2732,"-2,732",irbank_cf,-2730,-27.3億,kabutan_cf=-2732|irbank_cf=-2730,https://kabutan.jp/stock/finance?code=7980,https://irbank.net/E02383/results,2026-10-09T22:21:14.745823+09:00
FY2026-03,7980,net_assets,,JPY_million,10,SINGLE_SOURCE,irbank_bs,9440,94.4億,,,,irbank_bs=9440,https://irbank.net/E02383/results,,2026-10-09T22:21:14.745823+09:00
FY2026-03,7980,net_income,702,JPY_million,1,OK,kabutan_fy,702,702,irbank_pl,702,7.02億,kabutan_fy=702|irbank_pl=702|irbank_q=702,https://kabutan.jp/stock/finance?code=7980,https://irbank.net/E02383/results,2026-10-09T22:21:14.745823+09:00
FY2026-03,7980,operating_cf,1214,JPY_million,10,OK|ROUNDING,kabutan_cf,1214,"1,214",irbank_cf,1210,12.1億,kabutan_cf=1214|irbank_cf=1210,https://kabutan.jp/stock/finance?code=7980,https://irbank.net/E02383/results,2026-10-09T22:21:14.745823+09:00
FY2026-03,7980,operating_income,1054,JPY_million,10,OK|ROUNDING,kabutan_fy,1054,"1,054",kabutan_fy_profit,1054,"1,054",kabutan_fy=1054|kabutan_fy_profit=1054|kabutan_cf=1054|irbank_pl=1050|irbank_q=1055,https://kabutan.jp/stock/finance?code=7980,https://kabutan.jp/stock/finance?code=7980,2026-10-09T22:21:14.745823+09:00
FY2026-03,7980,operating_margin,6.76,pct,0.01,OK,kabutan_fy_profit,6.76,6.76,irbank_pl,6.76,6.76,kabutan_fy_profit=6.76|irbank_pl=6.76|irbank_q=6.76,https://kabutan.jp/stock/finance?code=7980,https://irbank.net/E02383/results,2026-10-09T22:21:14.745823+09:00
FY2026-03,7980,ordinary_income,933,JPY_million,1,OK,kabutan_fy,933,933,irbank_pl,933,9.33億,kabutan_fy=933|irbank_pl=933|irbank_q=933,https://kabutan.jp/stock/finance?code=7980,https://irbank.net/E02383/results,2026-10-09T22:21:14.745823+09:00
FY2026-03,7980,retained_earnings,7148,JPY_million,10,OK|ROUNDING,kabutan_bs,7148,"7,148",irbank_bs,7150,71.5億,kabutan_bs=7148|irbank_bs=7150,https://kabutan.jp/stock/finance?code=7980,https://irbank.net/E02383/results,2026-10-09T22:21:14.745823+09:00
FY2026-03,7980,revenue,15593,JPY_million,100,OK|ROUNDING,kabutan_fy,15593,"15,593",kabutan_fy10,15593,"15,593",kabutan_fy=15593|kabutan_fy10=15593|kabutan_fy_profit=15593|kabutan_record_fy=15593|irbank_pl=15600|irbank_q=15600,https://kabutan.jp/stock/finance?code=7980,https://kabutan.jp/stock/finance?code=7980,2026-10-09T22:21:14.745823+09:00
FY2026-03,7980,roa,,pct,0.01,MISMATCH,kabutan_fy_profit,3.54,3.54,irbank_pl,3.25,3.25,kabutan_fy_profit=3.54|irbank_pl=3.25,https://kabutan.jp/stock/finance?code=7980,https://irbank.net/E02383/results,2026-10-09T22:21:14.745823+09:00
FY2026-03,7980,roe,,pct,0.01,MISMATCH,kabutan_fy_profit,7.8,7.80,irbank_pl,7.44,7.44,kabutan_fy_profit=7.8|irbank_pl=7.44,https://kabutan.jp/stock/finance?code=7980,https://irbank.net/E02383/results,2026-10-09T22:21:14.745823+09:00
FY2026-03,7980,sga_ratio,,pct,0.1,SINGLE_SOURCE,irbank_pl,22.8,22.8,irbank_q,22.8,22.8%-1.02%,irbank_pl=22.8|irbank_q=22.8,https://irbank.net/E02383/results,https://irbank.net/E02383/quarter,2026-10-09T22:21:14.745823+09:00
FY2026-03,7980,shareholders_equity,,JPY_million,10,SINGLE_SOURCE,irbank_bs,7930,79.3億,,,,irbank_bs=7930,https://irbank.net/E02383/results,,2026-10-09T22:21:14.745823+09:00
FY2026-03,7980,total_assets,21588,JPY_million,100,OK|ROUNDING,kabutan_bs,21588,"21,588",irbank_bs,21600,216億,kabutan_bs=21588|irbank_bs=21600,https://kabutan.jp/stock/finance?code=7980,https://irbank.net/E02383/results,2026-10-09T22:21:14.745823+09:00
FY2027-03,7980,eps_plan,102.65,JPY,0.1,OK|ROUNDING,kabutan_fy,102.7,102.7,kabutan_fy10,102.7,102.7,kabutan_fy=102.7|kabutan_fy10=102.7|kabutan_fy_profit=102.7|irbank_pl=102.65,https://kabutan.jp/stock/finance?code=7980,https://kabutan.jp/stock/finance?code=7980,2026-10-09T22:21:14.745823+09:00
FY2027-03,7980,net_income_plan,730,JPY_million,10,OK,kabutan_fy,730,730,irbank_pl,730,7.3億,kabutan_fy=730|irbank_pl=730,https://kabutan.jp/stock/finance?code=7980,https://irbank.net/E02383/results,2026-10-09T22:21:14.745823+09:00
FY2027-03,7980,operating_income_plan,1100,JPY_million,100,OK,kabutan_fy,1100,"1,100",kabutan_fy10,1100,"1,100",kabutan_fy=1100|kabutan_fy10=1100|kabutan_fy_profit=1100|irbank_pl=1100,https://kabutan.jp/stock/finance?code=7980,https://kabutan.jp/stock/finance?code=7980,2026-10-09T22:21:14.745823+09:00
FY2027-03,7980,operating_margin_plan,6.96,pct,0.01,OK,kabutan_fy_profit,6.96,6.96,irbank_pl,6.96,6.96,kabutan_fy_profit=6.96|irbank_pl=6.96,https://kabutan.jp/stock/finance?code=7980,https://irbank.net/E02383/results,2026-10-09T22:21:14.745823+09:00
FY2027-03,7980,ordinary_income_plan,1020,JPY_million,10,OK,kabutan_fy,1020,"1,020",kabutan_fy10,1020,"1,020",kabutan_fy=1020|kabutan_fy10=1020|irbank_pl=1020,https://kabutan.jp/stock/finance?code=7980,https://kabutan.jp/stock/finance?code=7980,2026-10-09T22:21:14.745823+09:00
FY2027-03,7980,revenue_plan,15800,JPY_million,100,OK,kabutan_fy,15800,"15,800",kabutan_fy10,15800,"15,800",kabutan_fy=15800|kabutan_fy10=15800|kabutan_fy_profit=15800|irbank_pl=15800,https://kabutan.jp/stock/finance?code=7980,https://kabutan.jp/stock/finance?code=7980,2026-10-09T22:21:14.745823+09:00
FY2027-03,7980,roa_plan,3.4,pct,0.1,OK,kabutan_fy_profit,3.4,3.40,irbank_pl,3.4,3.4,kabutan_fy_profit=3.4|irbank_pl=3.4,https://kabutan.jp/stock/finance?code=7980,https://irbank.net/E02383/results,2026-10-09T22:21:14.745823+09:00
FY2027-03,7980,roe_plan,7.48,pct,0.01,OK,kabutan_fy_profit,7.48,7.48,irbank_pl,7.48,7.48,kabutan_fy_profit=7.48|irbank_pl=7.48,https://kabutan.jp/stock/finance?code=7980,https://irbank.net/E02383/results,2026-10-09T22:21:14.745823+09:00
H2023-04_2023-09,7980,eps,,JPY,0.1,SINGLE_SOURCE,kabutan_half,14.6,14.6,,,,kabutan_half=14.6,https://kabutan.jp/stock/finance?code=7980,,2026-10-09T22:21:14.745823+09:00
H2023-04_2023-09,7980,net_income,,JPY_million,1,SINGLE_SOURCE,kabutan_half,104,104,,,,kabutan_half=104,https://kabutan.jp/stock/finance?code=7980,,2026-10-09T22:21:14.745823+09:00
H2023-04_2023-09,7980,operating_income,,JPY_million,1,SINGLE_SOURCE,kabutan_half,150,150,,,,kabutan_half=150,https://kabutan.jp/stock/finance?code=7980,,2026-10-09T22:21:14.745823+09:00
H2023-04_2023-09,7980,ordinary_income,,JPY_million,1,SINGLE_SOURCE,kabutan_half,156,156,,,,kabutan_half=156,https://kabutan.jp/stock/finance?code=7980,,2026-10-09T22:21:14.745823+09:00
H2023-04_2023-09,7980,revenue,,JPY_million,1,SINGLE_SOURCE,kabutan_half,5601,"5,601",,,,kabutan_half=5601,https://kabutan.jp/stock/finance?code=7980,,2026-10-09T22:21:14.745823+09:00
H2024-04_2024-09,7980,eps,,JPY,0.1,SINGLE_SOURCE,kabutan_half,27.8,27.8,,,,kabutan_half=27.8,https://kabutan.jp/stock/finance?code=7980,,2026-10-09T22:21:14.745823+09:00
H2024-04_2024-09,7980,net_income,,JPY_million,1,SINGLE_SOURCE,kabutan_half,197,197,,,,kabutan_half=197,https://kabutan.jp/stock/finance?code=7980,,2026-10-09T22:21:14.745823+09:00
H2024-04_2024-09,7980,operating_income,,JPY_million,1,SINGLE_SOURCE,kabutan_half,261,261,,,,kabutan_half=261,https://kabutan.jp/stock/finance?code=7980,,2026-10-09T22:21:14.745823+09:00
H2024-04_2024-09,7980,ordinary_income,,JPY_million,1,SINGLE_SOURCE,kabutan_half,303,303,,,,kabutan_half=303,https://kabutan.jp/stock/finance?code=7980,,2026-10-09T22:21:14.745823+09:00
H2024-04_2024-09,7980,revenue,,JPY_million,1,SINGLE_SOURCE,kabutan_half,6253,"6,253",,,,kabutan_half=6253,https://kabutan.jp/stock/finance?code=7980,,2026-10-09T22:21:14.745823+09:00
H2025-04_2025-09,7980,eps,,JPY,0.1,SINGLE_SOURCE,kabutan_half,-1.9,-1.9,,,,kabutan_half=-1.9,https://kabutan.jp/stock/finance?code=7980,,2026-10-09T22:21:14.745823+09:00
H2025-04_2025-09,7980,net_income,,JPY_million,1,SINGLE_SOURCE,kabutan_half,-13,-13,,,,kabutan_half=-13,https://kabutan.jp/stock/finance?code=7980,,2026-10-09T22:21:14.745823+09:00
H2025-04_2025-09,7980,operating_income,,JPY_million,1,SINGLE_SOURCE,kabutan_half,88,88,,,,kabutan_half=88,https://kabutan.jp/stock/finance?code=7980,,2026-10-09T22:21:14.745823+09:00
H2025-04_2025-09,7980,ordinary_income,,JPY_million,1,SINGLE_SOURCE,kabutan_half,-10,-10,,,,kabutan_half=-10,https://kabutan.jp/stock/finance?code=7980,,2026-10-09T22:21:14.745823+09:00
H2025-04_2025-09,7980,revenue,,JPY_million,1,SINGLE_SOURCE,kabutan_half,6390,"6,390",,,,kabutan_half=6390,https://kabutan.jp/stock/finance?code=7980,,2026-10-09T22:21:14.745823+09:00
H2026-04_2026-09,7980,eps_plan,,JPY,0.1,SINGLE_SOURCE,kabutan_half,9.8,9.8,,,,kabutan_half=9.8,https://kabutan.jp/stock/finance?code=7980,,2026-10-09T22:21:14.745823+09:00
H2026-04_2026-09,7980,net_income_plan,,JPY_million,1,SINGLE_SOURCE,kabutan_half,70,70,,,,kabutan_half=70,https://kabutan.jp/stock/finance?code=7980,,2026-10-09T22:21:14.745823+09:00
H2026-04_2026-09,7980,operating_income_plan,,JPY_million,1,SINGLE_SOURCE,kabutan_half,140,140,,,,kabutan_half=140,https://kabutan.jp/stock/finance?code=7980,,2026-10-09T22:21:14.745823+09:00
H2026-04_2026-09,7980,ordinary_income_plan,,JPY_million,1,SINGLE_SOURCE,kabutan_half,100,100,,,,kabutan_half=100,https://kabutan.jp/stock/finance?code=7980,,2026-10-09T22:21:14.745823+09:00
H2026-04_2026-09,7980,revenue_plan,,JPY_million,1,SINGLE_SOURCE,kabutan_half,6500,"6,500",,,,kabutan_half=6500,https://kabutan.jp/stock/finance?code=7980,,2026-10-09T22:21:14.745823+09:00
Q2011-07_2011-09,7980,eps,,JPY,0.1,SINGLE_SOURCE,kabutan_record_q,168.8,168.8,,,,kabutan_record_q=168.8,https://kabutan.jp/stock/finance?code=7980,,2026-10-09T22:21:14.745823+09:00
Q2011-07_2011-09,7980,net_income,,JPY_million,1,SINGLE_SOURCE,kabutan_record_q,1211,"1,211",,,,kabutan_record_q=1211,https://kabutan.jp/stock/finance?code=7980,,2026-10-09T22:21:14.745823+09:00
Q2011-07_2011-09,7980,operating_income,,JPY_million,1,SINGLE_SOURCE,kabutan_record_q,1114,"1,114",,,,kabutan_record_q=1114,https://kabutan.jp/stock/finance?code=7980,,2026-10-09T22:21:14.745823+09:00
Q2011-07_2011-09,7980,ordinary_income,,JPY_million,1,SINGLE_SOURCE,kabutan_record_q,1089,"1,089",,,,kabutan_record_q=1089,https://kabutan.jp/stock/finance?code=7980,,2026-10-09T22:21:14.745823+09:00
Q2021-07_2021-09,7980,revenue,,JPY_million,1,SINGLE_SOURCE,kabutan_q10,2645,"2,645",,,,kabutan_q10=2645,https://kabutan.jp/stock/finance?code=7980,,2026-10-09T22:21:14.745823+09:00
Q2021-10_2021-12,7980,revenue,,JPY_million,1,SINGLE_SOURCE,kabutan_q10,3072,"3,072",,,,kabutan_q10=3072,https://kabutan.jp/stock/finance?code=7980,,2026-10-09T22:21:14.745823+09:00
Q2022-01_2022-03,7980,revenue,,JPY_million,1,SINGLE_SOURCE,kabutan_q10,3754,"3,754",,,,kabutan_q10=3754,https://kabutan.jp/stock/finance?code=7980,,2026-10-09T22:21:14.745823+09:00
Q2022-04_2022-06,7980,cost_ratio,,pct,0.01,SINGLE_SOURCE,irbank_q,67.57,67.57%,,,,irbank_q=67.57,https://irbank.net/E02383/quarter,,2026-10-09T22:21:14.745823+09:00
Q2022-04_2022-06,7980,net_income,,JPY_million,1,SINGLE_SOURCE,irbank_q,107,107百万,,,,irbank_q=107,https://irbank.net/E02383/quarter,,2026-10-09T22:21:14.745823+09:00
Q2022-04_2022-06,7980,operating_income,,JPY_million,1,SINGLE_SOURCE,irbank_q,129,129百万,,,,irbank_q=129,https://irbank.net/E02383/quarter,,2026-10-09T22:21:14.745823+09:00
Q2022-04_2022-06,7980,operating_margin,,pct,0.01,SINGLE_SOURCE,irbank_q,4.87,4.87%,,,,irbank_q=4.87,https://irbank.net/E02383/quarter,,2026-10-09T22:21:14.745823+09:00
Q2022-04_2022-06,7980,ordinary_income,,JPY_million,1,SINGLE_SOURCE,irbank_q,149,149百万,,,,irbank_q=149,https://irbank.net/E02383/quarter,,2026-10-09T22:21:14.745823+09:00
Q2022-04_2022-06,7980,revenue,2645,JPY_million,10,OK|ROUNDING,kabutan_q10,2645,"2,645",irbank_q,2650,26.5億,kabutan_q10=2645|irbank_q=2650,https://kabutan.jp/stock/finance?code=7980,https://irbank.net/E02383/quarter,2026-10-09T22:21:14.745823+09:00
Q2022-04_2022-06,7980,sga_ratio,,pct,0.01,SINGLE_SOURCE,irbank_q,27.56,27.56%,,,,irbank_q=27.56,https://irbank.net/E02383/quarter,,2026-10-09T22:21:14.745823+09:00
Q2022-07_2022-09,7980,cost_ratio,,pct,0.01,SINGLE_SOURCE,irbank_q,64.96,64.96%,,,,irbank_q=64.96,https://irbank.net/E02383/quarter,,2026-10-09T22:21:14.745823+09:00
Q2022-07_2022-09,7980,net_income,,JPY_million,1,SINGLE_SOURCE,irbank_q,202,202百万,,,,irbank_q=202,https://irbank.net/E02383/quarter,,2026-10-09T22:21:14.745823+09:00
Q2022-07_2022-09,7980,operating_income,,JPY_million,1,SINGLE_SOURCE,irbank_q,278,278百万,,,,irbank_q=278,https://irbank.net/E02383/quarter,,2026-10-09T22:21:14.745823+09:00
Q2022-07_2022-09,7980,operating_margin,,pct,0.01,SINGLE_SOURCE,irbank_q,9.04,9.04%,,,,irbank_q=9.04,https://irbank.net/E02383/quarter,,2026-10-09T22:21:14.745823+09:00
Q2022-07_2022-09,7980,ordinary_income,,JPY_million,1,SINGLE_SOURCE,irbank_q,291,291百万,,,,irbank_q=291,https://irbank.net/E02383/quarter,,2026-10-09T22:21:14.745823+09:00
Q2022-07_2022-09,7980,revenue,3073,JPY_million,10,OK|ROUNDING,kabutan_q10,3073,"3,073",irbank_q,3070,30.7億,kabutan_q10=3073|irbank_q=3070,https://kabutan.jp/stock/finance?code=7980,https://irbank.net/E02383/quarter,2026-10-09T22:21:14.745823+09:00
Q2022-07_2022-09,7980,sga_ratio,,pct,1,SINGLE_SOURCE,irbank_q,26,26%,,,,irbank_q=26,https://irbank.net/E02383/quarter,,2026-10-09T22:21:14.745823+09:00
Q2022-10_2022-12,7980,cost_ratio,,pct,0.01,SINGLE_SOURCE,irbank_q,67.74,67.74%,,,,irbank_q=67.74,https://irbank.net/E02383/quarter,,2026-10-09T22:21:14.745823+09:00
Q2022-10_2022-12,7980,net_income,,JPY_million,1,SINGLE_SOURCE,irbank_q,226,226百万,,,,irbank_q=226,https://irbank.net/E02383/quarter,,2026-10-09T22:21:14.745823+09:00
Q2022-10_2022-12,7980,operating_income,,JPY_million,1,SINGLE_SOURCE,irbank_q,295,295百万,,,,irbank_q=295,https://irbank.net/E02383/quarter,,2026-10-09T22:21:14.745823+09:00
Q2022-10_2022-12,7980,operating_margin,,pct,1,SINGLE_SOURCE,irbank_q,9,9%,,,,irbank_q=9,https://irbank.net/E02383/quarter,,2026-10-09T22:21:14.745823+09:00
Q2022-10_2022-12,7980,ordinary_income,,JPY_million,1,SINGLE_SOURCE,irbank_q,320,320百万,,,,irbank_q=320,https://irbank.net/E02383/quarter,,2026-10-09T22:21:14.745823+09:00
Q2022-10_2022-12,7980,revenue,3278,JPY_million,10,OK|ROUNDING,kabutan_q10,3278,"3,278",irbank_q,3280,32.8億,kabutan_q10=3278|irbank_q=3280,https://kabutan.jp/stock/finance?code=7980,https://irbank.net/E02383/quarter,2026-10-09T22:21:14.745823+09:00
Q2022-10_2022-12,7980,sga_ratio,,pct,0.01,SINGLE_SOURCE,irbank_q,23.26,23.26%,,,,irbank_q=23.26,https://irbank.net/E02383/quarter,,2026-10-09T22:21:14.745823+09:00
Q2023-01_2023-03,7980,cost_ratio,,pct,0.01,SINGLE_SOURCE,irbank_q,0.61,0.61%,,,,irbank_q=0.61,https://irbank.net/E02383/quarter,,2026-10-09T22:21:14.745823+09:00
Q2023-01_2023-03,7980,net_income,,JPY_million,1,SINGLE_SOURCE,irbank_q,213,213百万,,,,irbank_q=213,https://irbank.net/E02383/quarter,,2026-10-09T22:21:14.745823+09:00
Q2023-01_2023-03,7980,operating_income,,JPY_million,1,SINGLE_SOURCE,irbank_q,263,263百万,,,,irbank_q=263,https://irbank.net/E02383/quarter,,2026-10-09T22:21:14.745823+09:00
Q2023-01_2023-03,7980,operating_margin,,pct,0.01,SINGLE_SOURCE,irbank_q,6.79,6.79%,,,,irbank_q=6.79,https://irbank.net/E02383/quarter,,2026-10-09T22:21:14.745823+09:00
Q2023-01_2023-03,7980,ordinary_income,,JPY_million,1,SINGLE_SOURCE,irbank_q,265,265百万,,,,irbank_q=265,https://irbank.net/E02383/quarter,,2026-10-09T22:21:14.745823+09:00
Q2023-01_2023-03,7980,revenue,3879,JPY_million,10,OK|ROUNDING,kabutan_q10,3879,"3,879",irbank_q,3880,38.8億,kabutan_q10=3879|irbank_q=3880,https://kabutan.jp/stock/finance?code=7980,https://irbank.net/E02383/quarter,2026-10-09T22:21:14.745823+09:00
Q2023-01_2023-03,7980,sga_ratio,,pct,0.01,SINGLE_SOURCE,irbank_q,21.39,21.39%,,,,irbank_q=21.39,https://irbank.net/E02383/quarter,,2026-10-09T22:21:14.745823+09:00
Q2023-04_2023-06,7980,cost_ratio,,pct,0.01,SINGLE_SOURCE,irbank_q,67.36,67.36%-0.21%,,,,irbank_q=67.36,https://irbank.net/E02383/quarter,,2026-10-09T22:21:14.745823+09:00
Q2023-04_2023-06,7980,net_income,,JPY_million,1,SINGLE_SOURCE,irbank_q,48,48百万-55.3%,,,,irbank_q=48,https://irbank.net/E02383/quarter,,2026-10-09T22:21:14.745823+09:00
Q2023-04_2023-06,7980,operating_income,,JPY_million,1,SINGLE_SOURCE,irbank_q,63,63百万-51%,,,,irbank_q=63,https://irbank.net/E02383/quarter,,2026-10-09T22:21:14.745823+09:00
Q2023-04_2023-06,7980,operating_margin,,pct,0.01,SINGLE_SOURCE,irbank_q,2.42,2.42%-2.45%,,,,irbank_q=2.42,https://irbank.net/E02383/quarter,,2026-10-09T22:21:14.745823+09:00
Q2023-04_2023-06,7980,ordinary_income,,JPY_million,1,SINGLE_SOURCE,irbank_q,74,74百万-50.2%,,,,irbank_q=74,https://irbank.net/E02383/quarter,,2026-10-09T22:21:14.745823+09:00
Q2023-04_2023-06,7980,revenue,2613,JPY_million,10,OK|ROUNDING,kabutan_q10,2613,"2,613",irbank_q,2610,26.1億-1.2%,kabutan_q10=2613|irbank_q=2610,https://kabutan.jp/stock/finance?code=7980,https://irbank.net/E02383/quarter,2026-10-09T22:21:14.745823+09:00
Q2023-04_2023-06,7980,sga_ratio,,pct,0.01,SINGLE_SOURCE,irbank_q,30.22,30.22%+2.66%,,,,irbank_q=30.22,https://irbank.net/E02383/quarter,,2026-10-09T22:21:14.745823+09:00
Q2023-07_2023-09,7980,cost_ratio,,pct,0.01,SINGLE_SOURCE,irbank_q,69.51,69.51%+4.55%,,,,irbank_q=69.51,https://irbank.net/E02383/quarter,,2026-10-09T22:21:14.745823+09:00
Q2023-07_2023-09,7980,net_income,,JPY_million,1,SINGLE_SOURCE,irbank_q,56,56百万-72.2%,,,,irbank_q=56,https://irbank.net/E02383/quarter,,2026-10-09T22:21:14.745823+09:00
Q2023-07_2023-09,7980,operating_income,,JPY_million,1,SINGLE_SOURCE,irbank_q,87,87百万-68.6%,,,,irbank_q=87,https://irbank.net/E02383/quarter,,2026-10-09T22:21:14.745823+09:00
Q2023-07_2023-09,7980,operating_margin,,pct,0.01,SINGLE_SOURCE,irbank_q,2.92,2.92%-6.12%,,,,irbank_q=2.92,https://irbank.net/E02383/quarter,,2026-10-09T22:21:14.745823+09:00
Q2023-07_2023-09,7980,ordinary_income,,JPY_million,1,SINGLE_SOURCE,irbank_q,83,83百万-71.5%,,,,irbank_q=83,https://irbank.net/E02383/quarter,,2026-10-09T22:21:14.745823+09:00
Q2023-07_2023-09,7980,revenue,2988,JPY_million,10,OK|ROUNDING,kabutan_q10,2988,"2,988",irbank_q,2990,29.9億-2.7%,kabutan_q10=2988|irbank_q=2990,https://kabutan.jp/stock/finance?code=7980,https://irbank.net/E02383/quarter,2026-10-09T22:21:14.745823+09:00
Q2023-07_2023-09,7980,sga_ratio,,pct,0.01,SINGLE_SOURCE,irbank_q,27.57,27.57%+1.57%,,,,irbank_q=27.57,https://irbank.net/E02383/quarter,,2026-10-09T22:21:14.745823+09:00
Q2023-10_2023-12,7980,cost_ratio,,pct,0.01,SINGLE_SOURCE,irbank_q,70.86,70.86%+3.12%,,,,irbank_q=70.86,https://irbank.net/E02383/quarter,,2026-10-09T22:21:14.745823+09:00
Q2023-10_2023-12,7980,net_income,,JPY_million,1,SINGLE_SOURCE,irbank_q,89,89百万-60.7%,,,,irbank_q=89,https://irbank.net/E02383/quarter,,2026-10-09T22:21:14.745823+09:00
Q2023-10_2023-12,7980,operating_income,,JPY_million,1,SINGLE_SOURCE,irbank_q,112,112百万-62.1%,,,,irbank_q=112,https://irbank.net/E02383/quarter,,2026-10-09T22:21:14.745823+09:00
Q2023-10_2023-12,7980,operating_margin,,pct,0.01,SINGLE_SOURCE,irbank_q,3.55,3.55%-5.45%,,,,irbank_q=3.55,https://irbank.net/E02383/quarter,,2026-10-09T22:21:14.745823+09:00
Q2023-10_2023-12,7980,ordinary_income,,JPY_million,1,SINGLE_SOURCE,irbank_q,131,131百万-59%,,,,irbank_q=131,https://irbank.net/E02383/quarter,,2026-10-09T22:21:14.745823+09:00
Q2023-10_2023-12,7980,revenue,3152,JPY_million,10,OK|ROUNDING,kabutan_q10,3152,"3,152",irbank_q,3150,31.5億-3.9%,kabutan_q10=3152|irbank_q=3150,https://kabutan.jp/stock/finance?code=7980,https://irbank.net/E02383/quarter,2026-10-09T22:21:14.745823+09:00
Q2023-10_2023-12,7980,sga_ratio,,pct,0.01,SINGLE_SOURCE,irbank_q,25.59,25.59%+2.33%,,,,irbank_q=25.59,https://irbank.net/E02383/quarter,,2026-10-09T22:21:14.745823+09:00
Q2024-01_2024-03,7980,cost_ratio,,pct,0.01,SINGLE_SOURCE,irbank_q,68.88,68.88%+68.27%,,,,irbank_q=68.88,https://irbank.net/E02383/quarter,,2026-10-09T22:21:14.745823+09:00
Q2024-01_2024-03,7980,net_income,,JPY_million,1,SINGLE_SOURCE,irbank_q,391,391百万+83.7%,,,,irbank_q=391,https://irbank.net/E02383/quarter,,2026-10-09T22:21:14.745823+09:00
Q2024-01_2024-03,7980,operating_income,,JPY_million,1,SINGLE_SOURCE,irbank_q,523,523百万+98.5%,,,,irbank_q=523,https://irbank.net/E02383/quarter,,2026-10-09T22:21:14.745823+09:00
Q2024-01_2024-03,7980,operating_margin,,pct,0.01,SINGLE_SOURCE,irbank_q,12.32,12.32%+5.53%,,,,irbank_q=12.32,https://irbank.net/E02383/quarter,,2026-10-09T22:21:14.745823+09:00
Q2024-01_2024-03,7980,ordinary_income,,JPY_million,1,SINGLE_SOURCE,irbank_q,512,512百万+93%,,,,irbank_q=512,https://irbank.net/E02383/quarter,,2026-10-09T22:21:14.745823+09:00
Q2024-01_2024-03,7980,revenue,4242,JPY_million,10,OK|ROUNDING,kabutan_q10,4242,"4,242",irbank_q,4240,42.4億+9.4%,kabutan_q10=4242|irbank_q=4240,https://kabutan.jp/stock/finance?code=7980,https://irbank.net/E02383/quarter,2026-10-09T22:21:14.745823+09:00
Q2024-01_2024-03,7980,sga_ratio,,pct,0.1,SINGLE_SOURCE,irbank_q,18.8,18.8%-2.59%,,,,irbank_q=18.8,https://irbank.net/E02383/quarter,,2026-10-09T22:21:14.745823+09:00
Q2024-04_2024-06,7980,cost_ratio,,pct,0.01,SINGLE_SOURCE,irbank_q,66.38,66.38%-0.98%,,,,irbank_q=66.38,https://irbank.net/E02383/quarter,,2026-10-09T22:21:14.745823+09:00
Q2024-04_2024-06,7980,eps,,JPY,0.1,SINGLE_SOURCE,kabutan_ytd_h1,18.1,18.1,,,,kabutan_ytd_h1=18.1,https://kabutan.jp/stock/finance?code=7980,,2026-10-09T22:21:14.745823+09:00
Q2024-04_2024-06,7980,net_income,128,JPY_million,1,OK,kabutan_ytd_h1,128,128,irbank_q,128,128百万+166.7%,kabutan_ytd_h1=128|irbank_q=128,https://kabutan.jp/stock/finance?code=7980,https://irbank.net/E02383/quarter,2026-10-09T22:21:14.745823+09:00
Q2024-04_2024-06,7980,operating_income,180,JPY_million,1,OK,kabutan_ytd_h1,180,180,irbank_q,180,180百万+185.4%,kabutan_ytd_h1=180|irbank_q=180,https://kabutan.jp/stock/finance?code=7980,https://irbank.net/E02383/quarter,2026-10-09T22:21:14.745823+09:00
Q2024-04_2024-06,7980,operating_margin,,pct,0.01,SINGLE_SOURCE,irbank_q,6.06,6.06%+3.64%,,,,irbank_q=6.06,https://irbank.net/E02383/quarter,,2026-10-09T22:21:14.745823+09:00
Q2024-04_2024-06,7980,ordinary_income,189,JPY_million,1,OK,kabutan_ytd_h1,189,189,irbank_q,189,189百万+155.5%,kabutan_ytd_h1=189|irbank_q=189,https://kabutan.jp/stock/finance?code=7980,https://irbank.net/E02383/quarter,2026-10-09T22:21:14.745823+09:00
Q2024-04_2024-06,7980,revenue,2971,JPY_million,10,OK|ROUNDING,kabutan_ytd_h1,2971,"2,971",kabutan_q10,2971,"2,971",kabutan_ytd_h1=2971|kabutan_q10=2971|irbank_q=2970,https://kabutan.jp/stock/finance?code=7980,https://kabutan.jp/stock/finance?code=7980,2026-10-09T22:21:14.745823+09:00
Q2024-04_2024-06,7980,sga_ratio,,pct,0.01,SINGLE_SOURCE,irbank_q,27.56,27.56%-2.66%,,,,irbank_q=27.56,https://irbank.net/E02383/quarter,,2026-10-09T22:21:14.745823+09:00
Q2024-07_2024-09,7980,cost_ratio,,pct,0.01,SINGLE_SOURCE,irbank_q,72.51,72.51%+3%,,,,irbank_q=72.51,https://irbank.net/E02383/quarter,,2026-10-09T22:21:14.745823+09:00
Q2024-07_2024-09,7980,eps,,JPY,0.1,SINGLE_SOURCE,kabutan_q,9.8,9.8,,,,kabutan_q=9.8,https://kabutan.jp/stock/finance?code=7980,,2026-10-09T22:21:14.745823+09:00
Q2024-07_2024-09,7980,net_income,69,JPY_million,1,OK|ROUNDING,kabutan_q,69,69,irbank_q,70,70百万+24.6%,kabutan_q=69|irbank_q=70,https://kabutan.jp/stock/finance?code=7980,https://irbank.net/E02383/quarter,2026-10-09T22:21:14.745823+09:00
Q2024-07_2024-09,7980,operating_income,81,JPY_million,1,OK,kabutan_q,81,81,irbank_q,81,81百万-7.2%,kabutan_q=81|irbank_q=81,https://kabutan.jp/stock/finance?code=7980,https://irbank.net/E02383/quarter,2026-10-09T22:21:14.745823+09:00
Q2024-07_2024-09,7980,operating_margin,2.46,pct,0.1,OK|ROUNDING,kabutan_q,2.5,2.5,irbank_q,2.46,2.46%-0.46%,kabutan_q=2.5|irbank_q=2.46,https://kabutan.jp/stock/finance?code=7980,https://irbank.net/E02383/quarter,2026-10-09T22:21:14.745823+09:00
Q2024-07_2024-09,7980,ordinary_income,114,JPY_million,1,OK|ROUNDING,kabutan_q,114,114,irbank_q,115,115百万+38.2%,kabutan_q=114|irbank_q=115,https://kabutan.jp/stock/finance?code=7980,https://irbank.net/E02383/quarter,2026-10-09T22:21:14.745823+09:00
Q2024-07_2024-09,7980,revenue,3282,JPY_million,10,OK|ROUNDING,kabutan_q,3282,"3,282",kabutan_q10,3282,"3,282",kabutan_q=3282|kabutan_q10=3282|irbank_q=3280,https://kabutan.jp/stock/finance?code=7980,https://kabutan.jp/stock/finance?code=7980,2026-10-09T22:21:14.745823+09:00
Q2024-07_2024-09,7980,sga_ratio,,pct,0.01,SINGLE_SOURCE,irbank_q,25.02,25.02%-2.55%,,,,irbank_q=25.02,https://irbank.net/E02383/quarter,,2026-10-09T22:21:14.745823+09:00
Q2024-10_2024-12,7980,cost_ratio,,pct,0.1,SINGLE_SOURCE,irbank_q,67.7,67.7%-3.16%,,,,irbank_q=67.7,https://irbank.net/E02383/quarter,,2026-10-09T22:21:14.745823+09:00
Q2024-10_2024-12,7980,eps,,JPY,0.1,SINGLE_SOURCE,kabutan_q,14.1,14.1,,,,kabutan_q=14.1,https://kabutan.jp/stock/finance?code=7980,,2026-10-09T22:21:14.745823+09:00
Q2024-10_2024-12,7980,net_income,100,JPY_million,1,OK|ROUNDING,kabutan_q,100,100,irbank_q,99,99百万+11.5%,kabutan_q=100|irbank_q=99,https://kabutan.jp/stock/finance?code=7980,https://irbank.net/E02383/quarter,2026-10-09T22:21:14.745823+09:00
Q2024-10_2024-12,7980,operating_income,210,JPY_million,1,OK,kabutan_q,210,210,irbank_q,210,210百万+87.8%,kabutan_q=210|irbank_q=210,https://kabutan.jp/stock/finance?code=7980,https://irbank.net/E02383/quarter,2026-10-09T22:21:14.745823+09:00
Q2024-10_2024-12,7980,operating_margin,6.11,pct,0.1,OK|ROUNDING,kabutan_q,6.1,6.1,irbank_q,6.11,6.11%+2.56%,kabutan_q=6.1|irbank_q=6.11,https://kabutan.jp/stock/finance?code=7980,https://irbank.net/E02383/quarter,2026-10-09T22:21:14.745823+09:00
Q2024-10_2024-12,7980,ordinary_income,191,JPY_million,1,OK,kabutan_q,191,191,irbank_q,191,191百万+45.1%,kabutan_q=191|irbank_q=191,https://kabutan.jp/stock/finance?code=7980,https://irbank.net/E02383/quarter,2026-10-09T22:21:14.745823+09:00
Q2024-10_2024-12,7980,revenue,3437,JPY_million,10,OK|ROUNDING,kabutan_q,3437,"3,437",kabutan_q10,3437,"3,437",kabutan_q=3437|kabutan_q10=3437|irbank_q=3440,https://kabutan.jp/stock/finance?code=7980,https://kabutan.jp/stock/finance?code=7980,2026-10-09T22:21:14.745823+09:00
Q2024-10_2024-12,7980,sga_ratio,,pct,0.1,SINGLE_SOURCE,irbank_q,26.2,26.2%+0.61%,,,,irbank_q=26.2,https://irbank.net/E02383/quarter,,2026-10-09T22:21:14.745823+09:00
Q2025-01_2025-03,7980,cost_ratio,,pct,0.01,SINGLE_SOURCE,irbank_q,67.89,67.89%-0.99%,,,,irbank_q=67.89,https://irbank.net/E02383/quarter,,2026-10-09T22:21:14.745823+09:00
Q2025-01_2025-03,7980,eps,,JPY,0.1,SINGLE_SOURCE,kabutan_q,68,68.0,,,,kabutan_q=68,https://kabutan.jp/stock/finance?code=7980,,2026-10-09T22:21:14.745823+09:00
Q2025-01_2025-03,7980,net_income,483,JPY_million,1,OK|ROUNDING,kabutan_q,483,483,irbank_q,484,484百万+23.7%,kabutan_q=483|irbank_q=484,https://kabutan.jp/stock/finance?code=7980,https://irbank.net/E02383/quarter,2026-10-09T22:21:14.745823+09:00
Q2025-01_2025-03,7980,operating_income,598,JPY_million,1,OK,kabutan_q,598,598,irbank_q,598,598百万+14.4%,kabutan_q=598|irbank_q=598,https://kabutan.jp/stock/finance?code=7980,https://irbank.net/E02383/quarter,2026-10-09T22:21:14.745823+09:00
Q2025-01_2025-03,7980,operating_margin,13.53,pct,0.1,OK|ROUNDING,kabutan_q,13.5,13.5,irbank_q,13.53,13.53%+1.21%,kabutan_q=13.5|irbank_q=13.53,https://kabutan.jp/stock/finance?code=7980,https://irbank.net/E02383/quarter,2026-10-09T22:21:14.745823+09:00
Q2025-01_2025-03,7980,ordinary_income,603,JPY_million,1,OK|ROUNDING,kabutan_q,603,603,irbank_q,604,604百万+17.8%,kabutan_q=603|irbank_q=604,https://kabutan.jp/stock/finance?code=7980,https://irbank.net/E02383/quarter,2026-10-09T22:21:14.745823+09:00
Q2025-01_2025-03,7980,revenue,4422,JPY_million,10,OK|ROUNDING,kabutan_q,4422,"4,422",kabutan_q10,4422,"4,422",kabutan_q=4422|kabutan_q10=4422|irbank_q=4420,https://kabutan.jp/stock/finance?code=7980,https://kabutan.jp/stock/finance?code=7980,2026-10-09T22:21:14.745823+09:00
Q2025-01_2025-03,7980,sga_ratio,,pct,0.01,SINGLE_SOURCE,irbank_q,18.58,18.58%-0.22%,,,,irbank_q=18.58,https://irbank.net/E02383/quarter,,2026-10-09T22:21:14.745823+09:00
Q2025-04_2025-06,7980,cost_ratio,,pct,0.01,SINGLE_SOURCE,irbank_q,71.53,71.53%+5.15%,,,,irbank_q=71.53,https://irbank.net/E02383/quarter,,2026-10-09T22:21:14.745823+09:00
Q2025-04_2025-06,7980,eps,,JPY,0.1,SINGLE_SOURCE,kabutan_ytd_h1,1.9,1.9,kabutan_q,1.9,1.9,kabutan_ytd_h1=1.9|kabutan_q=1.9,https://kabutan.jp/stock/finance?code=7980,https://kabutan.jp/stock/finance?code=7980,2026-10-09T22:21:14.745823+09:00
Q2025-04_2025-06,7980,net_income,13,JPY_million,1,OK,kabutan_ytd_h1,13,13,kabutan_q,13,13,kabutan_ytd_h1=13|kabutan_q=13|irbank_q=13,https://kabutan.jp/stock/finance?code=7980,https://kabutan.jp/stock/finance?code=7980,2026-10-09T22:21:14.745823+09:00
Q2025-04_2025-06,7980,operating_income,7,JPY_million,1,OK,kabutan_ytd_h1,7,7,kabutan_q,7,7,kabutan_ytd_h1=7|kabutan_q=7|irbank_q=7,https://kabutan.jp/stock/finance?code=7980,https://kabutan.jp/stock/finance?code=7980,2026-10-09T22:21:14.745823+09:00
Q2025-04_2025-06,7980,operating_margin,0.24,pct,0.1,OK|ROUNDING,kabutan_q,0.2,0.2,irbank_q,0.24,0.24%-5.82%,kabutan_q=0.2|irbank_q=0.24,https://kabutan.jp/stock/finance?code=7980,https://irbank.net/E02383/quarter,2026-10-09T22:21:14.745823+09:00
Q2025-04_2025-06,7980,ordinary_income,24,JPY_million,1,OK|ROUNDING,kabutan_ytd_h1,24,24,kabutan_q,24,24,kabutan_ytd_h1=24|kabutan_q=24|irbank_q=25,https://kabutan.jp/stock/finance?code=7980,https://kabutan.jp/stock/finance?code=7980,2026-10-09T22:21:14.745823+09:00
Q2025-04_2025-06,7980,revenue,2940,JPY_million,10,OK,kabutan_ytd_h1,2940,"2,940",kabutan_q,2940,"2,940",kabutan_ytd_h1=2940|kabutan_q=2940|kabutan_q10=2940|irbank_q=2940,https://kabutan.jp/stock/finance?code=7980,https://kabutan.jp/stock/finance?code=7980,2026-10-09T22:21:14.745823+09:00
Q2025-04_2025-06,7980,sga_ratio,,pct,0.01,SINGLE_SOURCE,irbank_q,28.23,28.23%+0.67%,,,,irbank_q=28.23,https://irbank.net/E02383/quarter,,2026-10-09T22:21:14.745823+09:00
Q2025-07_2025-09,7980,cost_ratio,,pct,0.01,SINGLE_SOURCE,irbank_q,71.02,71.02%-1.49%,,,,irbank_q=71.02,https://irbank.net/E02383/quarter,,2026-10-09T22:21:14.745823+09:00
Q2025-07_2025-09,7980,eps,,JPY,0.1,SINGLE_SOURCE,kabutan_q,-3.9,-3.9,,,,kabutan_q=-3.9,https://kabutan.jp/stock/finance?code=7980,,2026-10-09T22:21:14.745823+09:00
Q2025-07_2025-09,7980,net_income,-26,JPY_million,1,OK|ROUNDING,kabutan_q,-26,-26,irbank_q,-27,-27百万,kabutan_q=-26|irbank_q=-27,https://kabutan.jp/stock/finance?code=7980,https://irbank.net/E02383/quarter,2026-10-09T22:21:14.745823+09:00
Q2025-07_2025-09,7980,operating_income,81,JPY_million,1,OK|ROUNDING,kabutan_q,81,81,irbank_q,82,82百万+1%,kabutan_q=81|irbank_q=82,https://kabutan.jp/stock/finance?code=7980,https://irbank.net/E02383/quarter,2026-10-09T22:21:14.745823+09:00
Q2025-07_2025-09,7980,operating_margin,2.37,pct,0.1,OK|ROUNDING,kabutan_q,2.3,2.3,irbank_q,2.37,2.37%-0.09%,kabutan_q=2.3|irbank_q=2.37,https://kabutan.jp/stock/finance?code=7980,https://irbank.net/E02383/quarter,2026-10-09T22:21:14.745823+09:00
Q2025-07_2025-09,7980,ordinary_income,,JPY_million,1,MISMATCH,kabutan_q,-34,-34,irbank_q,-36,-36百万,kabutan_q=-34|irbank_q=-36,https://kabutan.jp/stock/finance?code=7980,https://irbank.net/E02383/quarter,2026-10-09T22:21:14.745823+09:00
Q2025-07_2025-09,7980,revenue,3450,JPY_million,10,OK,kabutan_q,3450,"3,450",kabutan_q10,3450,"3,450",kabutan_q=3450|kabutan_q10=3450|irbank_q=3450,https://kabutan.jp/stock/finance?code=7980,https://kabutan.jp/stock/finance?code=7980,2026-10-09T22:21:14.745823+09:00
Q2025-07_2025-09,7980,sga_ratio,,pct,0.01,SINGLE_SOURCE,irbank_q,26.61,26.61%+1.59%,,,,irbank_q=26.61,https://irbank.net/E02383/quarter,,2026-10-09T22:21:14.745823+09:00
Q2025-10_2025-12,7980,cost_ratio,,pct,0.01,SINGLE_SOURCE,irbank_q,68.57,68.57%+0.87%,,,,irbank_q=68.57,https://irbank.net/E02383/quarter,,2026-10-09T22:21:14.745823+09:00
Q2025-10_2025-12,7980,eps,,JPY,0.1,SINGLE_SOURCE,kabutan_q,32.2,32.2,,,,kabutan_q=32.2,https://kabutan.jp/stock/finance?code=7980,,2026-10-09T22:21:14.745823+09:00
Q2025-10_2025-12,7980,net_income,228,JPY_million,1,OK|ROUNDING,kabutan_q,228,228,irbank_q,229,229百万+130.8%,kabutan_q=228|irbank_q=229,https://kabutan.jp/stock/finance?code=7980,https://irbank.net/E02383/quarter,2026-10-09T22:21:14.745823+09:00
Q2025-10_2025-12,7980,operating_income,336,JPY_million,1,OK|ROUNDING,kabutan_q,336,336,irbank_q,335,335百万+59.7%,kabutan_q=336|irbank_q=335,https://kabutan.jp/stock/finance?code=7980,https://irbank.net/E02383/quarter,2026-10-09T22:21:14.745823+09:00
Q2025-10_2025-12,7980,operating_margin,8.27,pct,0.1,OK|ROUNDING,kabutan_q,8.3,8.3,irbank_q,8.27,8.27%+2.16%,kabutan_q=8.3|irbank_q=8.27,https://kabutan.jp/stock/finance?code=7980,https://irbank.net/E02383/quarter,2026-10-09T22:21:14.745823+09:00
Q2025-10_2025-12,7980,ordinary_income,333,JPY_million,1,OK|ROUNDING,kabutan_q,333,333,irbank_q,334,334百万+75.2%,kabutan_q=333|irbank_q=334,https://kabutan.jp/stock/finance?code=7980,https://irbank.net/E02383/quarter,2026-10-09T22:21:14.745823+09:00
Q2025-10_2025-12,7980,revenue,4053,JPY_million,10,OK|ROUNDING,kabutan_q,4053,"4,053",kabutan_q10,4053,"4,053",kabutan_q=4053|kabutan_q10=4053|irbank_q=4050,https://kabutan.jp/stock/finance?code=7980,https://kabutan.jp/stock/finance?code=7980,2026-10-09T22:21:14.745823+09:00
Q2025-10_2025-12,7980,sga_ratio,,pct,0.01,SINGLE_SOURCE,irbank_q,23.14,23.14%-3.06%,,,,irbank_q=23.14,https://irbank.net/E02383/quarter,,2026-10-09T22:21:14.745823+09:00
Q2026-01_2026-03,7980,cost_ratio,,pct,0.01,SINGLE_SOURCE,irbank_q,70.89,70.89%+3%,,,,irbank_q=70.89,https://irbank.net/E02383/quarter,,2026-10-09T22:21:14.745823+09:00
Q2026-01_2026-03,7980,eps,,JPY,0.1,SINGLE_SOURCE,kabutan_q,68.5,68.5,,,,kabutan_q=68.5,https://kabutan.jp/stock/finance?code=7980,,2026-10-09T22:21:14.745823+09:00
Q2026-01_2026-03,7980,net_income,487,JPY_million,1,OK,kabutan_q,487,487,irbank_q,487,487百万+0.7%,kabutan_q=487|irbank_q=487,https://kabutan.jp/stock/finance?code=7980,https://irbank.net/E02383/quarter,2026-10-09T22:21:14.745823+09:00
Q2026-01_2026-03,7980,operating_income,630,JPY_million,1,OK|ROUNDING,kabutan_q,630,630,irbank_q,631,631百万+5.4%,kabutan_q=630|irbank_q=631,https://kabutan.jp/stock/finance?code=7980,https://irbank.net/E02383/quarter,2026-10-09T22:21:14.745823+09:00
Q2026-01_2026-03,7980,operating_margin,12.25,pct,0.1,OK|ROUNDING,kabutan_q,12.2,12.2,irbank_q,12.25,12.25%-1.28%,kabutan_q=12.2|irbank_q=12.25,https://kabutan.jp/stock/finance?code=7980,https://irbank.net/E02383/quarter,2026-10-09T22:21:14.745823+09:00
Q2026-01_2026-03,7980,ordinary_income,610,JPY_million,1,OK,kabutan_q,610,610,irbank_q,610,610百万+1.1%,kabutan_q=610|irbank_q=610,https://kabutan.jp/stock/finance?code=7980,https://irbank.net/E02383/quarter,2026-10-09T22:21:14.745823+09:00
Q2026-01_2026-03,7980,revenue,5150,JPY_million,10,OK,kabutan_q,5150,"5,150",kabutan_q10,5150,"5,150",kabutan_q=5150|kabutan_q10=5150|kabutan_record_q=5150|irbank_q=5150,https://kabutan.jp/stock/finance?code=7980,https://kabutan.jp/stock/finance?code=7980,2026-10-09T22:21:14.745823+09:00
Q2026-01_2026-03,7980,sga_ratio,,pct,0.01,SINGLE_SOURCE,irbank_q,16.87,16.87%-1.71%,,,,irbank_q=16.87,https://irbank.net/E02383/quarter,,2026-10-09T22:21:14.745823+09:00
Q2026-04_2026-06,7980,bps,,JPY,0.01,SINGLE_SOURCE,kabutan_bs,1372.04,"1,372.04",,,,kabutan_bs=1372.04,https://kabutan.jp/stock/finance?code=7980,,2026-10-09T22:21:14.745823+09:00
Q2026-04_2026-06,7980,cost_ratio,,pct,0.01,SINGLE_SOURCE,irbank_q,69.13,69.13%-2.4%,,,,irbank_q=69.13,https://irbank.net/E02383/quarter,,2026-10-09T22:21:14.745823+09:00
Q2026-04_2026-06,7980,eps,,JPY,0.1,SINGLE_SOURCE,kabutan_ytd_h1,14,14.0,kabutan_q,14,14.0,kabutan_ytd_h1=14|kabutan_q=14|kabutan_q10=14,https://kabutan.jp/stock/finance?code=7980,https://kabutan.jp/stock/finance?code=7980,2026-10-09T22:21:14.745823+09:00
Q2026-04_2026-06,7980,equity,,JPY_million,1,SINGLE_SOURCE,kabutan_bs,9757,"9,757",,,,kabutan_bs=9757,https://kabutan.jp/stock/finance?code=7980,,2026-10-09T22:21:14.745823+09:00
Q2026-04_2026-06,7980,equity_ratio,,pct,0.1,SINGLE_SOURCE,kabutan_bs,45.4,45.4,,,,kabutan_bs=45.4,https://kabutan.jp/stock/finance?code=7980,,2026-10-09T22:21:14.745823+09:00
Q2026-04_2026-06,7980,interest_bearing_debt_ratio,,x,0.01,SINGLE_SOURCE,kabutan_bs,0.72,0.72,,,,kabutan_bs=0.72,https://kabutan.jp/stock/finance?code=7980,,2026-10-09T22:21:14.745823+09:00
Q2026-04_2026-06,7980,net_income,99,JPY_million,1,OK,kabutan_ytd_h1,99,99,kabutan_q,99,99,kabutan_ytd_h1=99|kabutan_q=99|irbank_q=99,https://kabutan.jp/stock/finance?code=7980,https://kabutan.jp/stock/finance?code=7980,2026-10-09T22:21:14.745823+09:00
Q2026-04_2026-06,7980,operating_income,150,JPY_million,1,OK,kabutan_ytd_h1,150,150,kabutan_q,150,150,kabutan_ytd_h1=150|kabutan_q=150|kabutan_q10=150|irbank_q=150,https://kabutan.jp/stock/finance?code=7980,https://kabutan.jp/stock/finance?code=7980,2026-10-09T22:21:14.745823+09:00
Q2026-04_2026-06,7980,operating_margin,4.55,pct,0.1,OK|ROUNDING,kabutan_q,4.5,4.5,irbank_q,4.55,4.55%+4.31%,kabutan_q=4.5|irbank_q=4.55,https://kabutan.jp/stock/finance?code=7980,https://irbank.net/E02383/quarter,2026-10-09T22:21:14.745823+09:00
Q2026-04_2026-06,7980,ordinary_income,148,JPY_million,1,OK,kabutan_ytd_h1,148,148,kabutan_q,148,148,kabutan_ytd_h1=148|kabutan_q=148|kabutan_q10=148|irbank_q=148,https://kabutan.jp/stock/finance?code=7980,https://kabutan.jp/stock/finance?code=7980,2026-10-09T22:21:14.745823+09:00
Q2026-04_2026-06,7980,retained_earnings,,JPY_million,1,SINGLE_SOURCE,kabutan_bs,7141,"7,141",,,,kabutan_bs=7141,https://kabutan.jp/stock/finance?code=7980,,2026-10-09T22:21:14.745823+09:00
Q2026-04_2026-06,7980,revenue,3297,JPY_million,100,OK|ROUNDING,kabutan_ytd_h1,3297,"3,297",kabutan_q,3297,"3,297",kabutan_ytd_h1=3297|kabutan_q=3297|kabutan_q10=3297|irbank_q=3300,https://kabutan.jp/stock/finance?code=7980,https://kabutan.jp/stock/finance?code=7980,2026-10-09T22:21:14.745823+09:00
Q2026-04_2026-06,7980,sga_ratio,,pct,0.1,SINGLE_SOURCE,irbank_q,26.3,26.3%-1.93%,,,,irbank_q=26.3,https://irbank.net/E02383/quarter,,2026-10-09T22:21:14.745823+09:00
Q2026-04_2026-06,7980,total_assets,,JPY_million,1,SINGLE_SOURCE,kabutan_bs,21492,"21,492",,,,kabutan_bs=21492,https://kabutan.jp/stock/finance?code=7980,,2026-10-09T22:21:14.745823+09:00
