date,code,open,high,low,close,volume,status,source_primary,value_primary,source_secondary,value_secondary,fetched_at
2025-07-03,3851,850.0,850.0,841.0,,1400,SINGLE_SOURCE,kabutan,846.0,,,2026-08-12T13:55:13.264047+09:00
2025-07-03,4073,565.0,568.0,563.0,,3500,SINGLE_SOURCE,kabutan,563.0,,,2026-08-12T13:56:27.298082+09:00
2025-07-03,4937,935.0,970.0,935.0,,4000,SINGLE_SOURCE,kabutan,964.0,,,2026-08-12T13:57:41.097899+09:00
2025-07-03,6570,963.0,973.0,960.0,,7200,SINGLE_SOURCE,kabutan,960.0,,,2026-08-12T13:58:57.461466+09:00
2025-07-04,3851,846.0,847.0,838.0,,1400,SINGLE_SOURCE,kabutan,839.0,,,2026-08-12T13:55:13.264047+09:00
2025-07-04,4073,563.0,566.0,563.0,,1800,SINGLE_SOURCE,kabutan,565.0,,,2026-08-12T13:56:27.298082+09:00
2025-07-04,4937,967.0,967.0,960.0,,2800,SINGLE_SOURCE,kabutan,965.0,,,2026-08-12T13:57:41.097899+09:00
2025-07-04,6570,961.0,982.0,961.0,,1900,SINGLE_SOURCE,kabutan,982.0,,,2026-08-12T13:58:57.461466+09:00
2025-07-07,3851,848.0,848.0,839.0,,1600,SINGLE_SOURCE,kabutan,841.0,,,2026-08-12T13:55:13.264047+09:00
2025-07-07,4073,565.0,566.0,565.0,,700,SINGLE_SOURCE,kabutan,565.0,,,2026-08-12T13:56:27.298082+09:00
2025-07-07,4937,965.0,965.0,958.0,,1700,SINGLE_SOURCE,kabutan,958.0,,,2026-08-12T13:57:41.097899+09:00
2025-07-07,6570,982.0,982.0,964.0,,3200,SINGLE_SOURCE,kabutan,972.0,,,2026-08-12T13:58:57.461466+09:00
2025-07-08,3851,841.0,841.0,841.0,,1000,SINGLE_SOURCE,kabutan,841.0,,,2026-08-12T13:55:13.264047+09:00
2025-07-08,4073,561.0,563.0,560.0,,2200,SINGLE_SOURCE,kabutan,562.0,,,2026-08-12T13:56:27.298082+09:00
2025-07-08,4937,954.0,975.0,951.0,,5200,SINGLE_SOURCE,kabutan,975.0,,,2026-08-12T13:57:41.097899+09:00
2025-07-08,6570,970.0,979.0,962.0,,3100,SINGLE_SOURCE,kabutan,962.0,,,2026-08-12T13:58:57.461466+09:00
2025-07-09,3851,842.0,842.0,842.0,,300,SINGLE_SOURCE,kabutan,842.0,,,2026-08-12T13:55:13.264047+09:00
2025-07-09,4073,572.0,608.0,572.0,,31200,SINGLE_SOURCE,kabutan,605.0,,,2026-08-12T13:56:27.298082+09:00
2025-07-09,4937,975.0,975.0,949.0,974.0,5600,OK,kabutan,974.0,minkabu,974.0,2026-08-12T13:57:41.097899+09:00
2025-07-09,6570,962.0,979.0,960.0,,3400,SINGLE_SOURCE,kabutan,979.0,,,2026-08-12T13:58:57.461466+09:00
2025-07-10,3851,843.0,846.0,841.0,,2900,SINGLE_SOURCE,kabutan,846.0,,,2026-08-12T13:55:13.264047+09:00
2025-07-10,4073,605.0,605.0,595.0,,1800,SINGLE_SOURCE,kabutan,603.0,,,2026-08-12T13:56:27.298082+09:00
2025-07-10,4937,973.0,974.0,965.0,965.0,1600,OK,kabutan,965.0,minkabu,965.0,2026-08-12T13:57:41.097899+09:00
2025-07-10,6570,965.0,987.0,965.0,,1300,SINGLE_SOURCE,kabutan,987.0,,,2026-08-12T13:58:57.461466+09:00
2025-07-11,3851,847.0,847.0,841.0,,1300,SINGLE_SOURCE,kabutan,841.0,,,2026-08-12T13:55:13.264047+09:00
2025-07-11,4073,599.0,606.0,594.0,,10600,SINGLE_SOURCE,kabutan,605.0,,,2026-08-12T13:56:27.298082+09:00
2025-07-11,4937,974.0,976.0,970.0,970.0,600,OK,kabutan,970.0,minkabu,970.0,2026-08-12T13:57:41.097899+09:00
2025-07-11,6570,987.0,987.0,980.0,,400,SINGLE_SOURCE,kabutan,987.0,,,2026-08-12T13:58:57.461466+09:00
2025-07-14,3851,838.0,840.0,837.0,,2400,SINGLE_SOURCE,kabutan,839.0,,,2026-08-12T13:55:13.264047+09:00
2025-07-14,4073,601.0,606.0,592.0,,10900,SINGLE_SOURCE,kabutan,605.0,,,2026-08-12T13:56:27.298082+09:00
2025-07-14,4937,985.0,1021.0,973.0,1018.0,13000,OK,kabutan,1018.0,minkabu,1018.0,2026-08-12T13:57:41.097899+09:00
2025-07-14,6570,977.0,986.0,976.0,,3000,SINGLE_SOURCE,kabutan,983.0,,,2026-08-12T13:58:57.461466+09:00
2025-07-15,3851,843.0,843.0,829.0,,1800,SINGLE_SOURCE,kabutan,840.0,,,2026-08-12T13:55:13.264047+09:00
2025-07-15,4073,597.0,604.0,590.0,,4100,SINGLE_SOURCE,kabutan,591.0,,,2026-08-12T13:56:27.298082+09:00
2025-07-15,4937,1016.0,1016.0,989.0,989.0,3600,OK,kabutan,989.0,minkabu,989.0,2026-08-12T13:57:41.097899+09:00
2025-07-15,6570,984.0,987.0,980.0,,2500,SINGLE_SOURCE,kabutan,982.0,,,2026-08-12T13:58:57.461466+09:00
2025-07-16,3851,840.0,847.0,840.0,847.0,600,OK,kabutan,847.0,minkabu,847.0,2026-08-12T13:55:13.264047+09:00
2025-07-16,4073,601.0,601.0,591.0,,7500,SINGLE_SOURCE,kabutan,598.0,,,2026-08-12T13:56:27.298082+09:00
2025-07-16,4937,990.0,997.0,980.0,997.0,3000,OK,kabutan,997.0,minkabu,997.0,2026-08-12T13:57:41.097899+09:00
2025-07-16,6570,988.0,991.0,988.0,,1100,SINGLE_SOURCE,kabutan,988.0,,,2026-08-12T13:58:57.461466+09:00
2025-07-17,3851,845.0,845.0,836.0,842.0,1500,OK,kabutan,842.0,minkabu,842.0,2026-08-12T13:55:13.264047+09:00
2025-07-17,4073,597.0,599.0,573.0,594.0,6300,OK,kabutan,594.0,minkabu,594.0,2026-08-12T13:56:27.298082+09:00
2025-07-17,4937,998.0,1003.0,987.0,1001.0,2400,OK,kabutan,1001.0,minkabu,1001.0,2026-08-12T13:57:41.097899+09:00
2025-07-17,6570,996.0,1006.0,996.0,1001.0,8300,OK,kabutan,1001.0,minkabu,1001.0,2026-08-12T13:58:57.461466+09:00
2025-07-18,3851,842.0,845.0,828.0,841.0,1700,OK,kabutan,841.0,minkabu,841.0,2026-08-12T13:55:13.264047+09:00
2025-07-18,4073,584.0,593.0,578.0,578.0,3600,OK,kabutan,578.0,minkabu,578.0,2026-08-12T13:56:27.298082+09:00
2025-07-18,4937,1000.0,1010.0,987.0,1010.0,2200,OK,kabutan,1010.0,minkabu,1010.0,2026-08-12T13:57:41.097899+09:00
2025-07-18,6570,1005.0,1023.0,1005.0,1023.0,7700,OK,kabutan,1023.0,minkabu,1023.0,2026-08-12T13:58:57.461466+09:00
2025-07-22,3851,829.0,834.0,829.0,829.0,1900,OK,kabutan,829.0,minkabu,829.0,2026-08-12T13:55:13.264047+09:00
2025-07-22,4073,577.0,587.0,576.0,586.0,2300,OK,kabutan,586.0,minkabu,586.0,2026-08-12T13:56:27.298082+09:00
2025-07-22,4937,1025.0,1025.0,1002.0,1011.0,3400,OK,kabutan,1011.0,minkabu,1011.0,2026-08-12T13:57:41.097899+09:00
2025-07-22,6570,1023.0,1031.0,1016.0,1030.0,17000,OK,kabutan,1030.0,minkabu,1030.0,2026-08-12T13:58:57.461466+09:00
2025-07-23,3851,828.0,832.0,825.0,831.0,1700,OK,kabutan,831.0,minkabu,831.0,2026-08-12T13:55:13.264047+09:00
2025-07-23,4073,585.0,589.0,579.0,589.0,2400,OK,kabutan,589.0,minkabu,589.0,2026-08-12T13:56:27.298082+09:00
2025-07-23,4937,1009.0,1022.0,1009.0,1022.0,7600,OK,kabutan,1022.0,minkabu,1022.0,2026-08-12T13:57:41.097899+09:00
2025-07-23,6570,1030.0,1043.0,1011.0,1039.0,11400,OK,kabutan,1039.0,minkabu,1039.0,2026-08-12T13:58:57.461466+09:00
2025-07-24,3851,825.0,835.0,825.0,834.0,8300,OK,kabutan,834.0,minkabu,834.0,2026-08-12T13:55:13.264047+09:00
2025-07-24,4073,589.0,589.0,574.0,584.0,2600,OK,kabutan,584.0,minkabu,584.0,2026-08-12T13:56:27.298082+09:00
2025-07-24,4937,1009.0,1025.0,1009.0,1019.0,3800,OK,kabutan,1019.0,minkabu,1019.0,2026-08-12T13:57:41.097899+09:00
2025-07-24,6570,1034.0,1034.0,1012.0,1013.0,3300,OK,kabutan,1013.0,minkabu,1013.0,2026-08-12T13:58:57.461466+09:00
2025-07-25,3851,833.0,833.0,828.0,828.0,2600,OK,kabutan,828.0,minkabu,828.0,2026-08-12T13:55:13.264047+09:00
2025-07-25,4073,580.0,595.0,580.0,591.0,4500,OK,kabutan,591.0,minkabu,591.0,2026-08-12T13:56:27.298082+09:00
2025-07-25,4937,1003.0,1020.0,1003.0,1020.0,1300,OK,kabutan,1020.0,minkabu,1020.0,2026-08-12T13:57:41.097899+09:00
2025-07-25,6570,1006.0,1007.0,992.0,1002.0,2500,OK,kabutan,1002.0,minkabu,1002.0,2026-08-12T13:58:57.461466+09:00
2025-07-28,3851,828.0,828.0,820.0,820.0,3900,OK,kabutan,820.0,minkabu,820.0,2026-08-12T13:55:13.264047+09:00
2025-07-28,4073,595.0,595.0,582.0,582.0,2200,OK,kabutan,582.0,minkabu,582.0,2026-08-12T13:56:27.298082+09:00
2025-07-28,4937,1021.0,1023.0,1009.0,1011.0,2200,OK,kabutan,1011.0,minkabu,1011.0,2026-08-12T13:57:41.097899+09:00
2025-07-28,6570,1001.0,1002.0,1001.0,1002.0,300,OK,kabutan,1002.0,minkabu,1002.0,2026-08-12T13:58:57.461466+09:00
2025-07-29,3851,820.0,829.0,820.0,829.0,2900,OK,kabutan,829.0,minkabu,829.0,2026-08-12T13:55:13.264047+09:00
2025-07-29,4073,587.0,587.0,587.0,587.0,300,OK,kabutan,587.0,minkabu,587.0,2026-08-12T13:56:27.298082+09:00
2025-07-29,4937,1003.0,1020.0,1003.0,1019.0,3700,OK,kabutan,1019.0,minkabu,1019.0,2026-08-12T13:57:41.097899+09:00
2025-07-29,6570,1005.0,1005.0,1005.0,1005.0,200,OK,kabutan,1005.0,minkabu,1005.0,2026-08-12T13:58:57.461466+09:00
2025-07-30,3851,823.0,831.0,823.0,830.0,4300,OK,kabutan,830.0,minkabu,830.0,2026-08-12T13:55:13.264047+09:00
2025-07-30,4073,587.0,592.0,587.0,592.0,1000,OK,kabutan,592.0,minkabu,592.0,2026-08-12T13:56:27.298082+09:00
2025-07-30,4937,1003.0,1022.0,1002.0,1020.0,5400,OK,kabutan,1020.0,minkabu,1020.0,2026-08-12T13:57:41.097899+09:00
2025-07-30,6570,1003.0,1003.0,999.0,1002.0,3100,OK,kabutan,1002.0,minkabu,1002.0,2026-08-12T13:58:57.461466+09:00
2025-07-31,3851,831.0,831.0,825.0,825.0,1900,OK,kabutan,825.0,minkabu,825.0,2026-08-12T13:55:13.264047+09:00
2025-07-31,4073,593.0,593.0,585.0,585.0,2000,OK,kabutan,585.0,minkabu,585.0,2026-08-12T13:56:27.298082+09:00
2025-07-31,4937,1020.0,1030.0,1020.0,1030.0,4000,OK,kabutan,1030.0,minkabu,1030.0,2026-08-12T13:57:41.097899+09:00
2025-07-31,6570,1001.0,1014.0,1000.0,1010.0,1500,OK,kabutan,1010.0,minkabu,1010.0,2026-08-12T13:58:57.461466+09:00
2025-08-01,3851,830.0,863.0,830.0,863.0,10500,OK,kabutan,863.0,minkabu,863.0,2026-08-12T13:55:13.264047+09:00
2025-08-01,4073,585.0,585.0,580.0,580.0,500,OK,kabutan,580.0,minkabu,580.0,2026-08-12T13:56:27.298082+09:00
2025-08-01,4937,1030.0,1090.0,1030.0,1090.0,10800,OK,kabutan,1090.0,minkabu,1090.0,2026-08-12T13:57:41.097899+09:00
2025-08-01,6570,1015.0,1015.0,1015.0,1015.0,300,OK,kabutan,1015.0,minkabu,1015.0,2026-08-12T13:58:57.461466+09:00
2025-08-04,3851,864.0,879.0,859.0,863.0,5600,OK,kabutan,863.0,minkabu,863.0,2026-08-12T13:55:13.264047+09:00
2025-08-04,4073,579.0,592.0,571.0,584.0,6500,OK,kabutan,584.0,minkabu,584.0,2026-08-12T13:56:27.298082+09:00
2025-08-04,4937,1330.0,1390.0,1303.0,1390.0,176500,OK,kabutan,1390.0,minkabu,1390.0,2026-08-12T13:57:41.097899+09:00
2025-08-04,6570,1000.0,1020.0,1000.0,1020.0,1700,OK,kabutan,1020.0,minkabu,1020.0,2026-08-12T13:58:57.461466+09:00
2025-08-05,3851,863.0,899.0,863.0,896.0,11700,OK,kabutan,896.0,minkabu,896.0,2026-08-12T13:55:13.264047+09:00
2025-08-05,4073,585.0,592.0,585.0,585.0,800,OK,kabutan,585.0,minkabu,585.0,2026-08-12T13:56:27.298082+09:00
2025-08-05,4937,1420.0,1539.0,1230.0,1243.0,1257700,OK,kabutan,1243.0,minkabu,1243.0,2026-08-12T13:57:41.097899+09:00
2025-08-05,6570,1020.0,1055.0,1020.0,1040.0,5100,OK,kabutan,1040.0,minkabu,1040.0,2026-08-12T13:58:57.461466+09:00
2025-08-06,3851,896.0,910.0,889.0,889.0,11500,OK,kabutan,889.0,minkabu,889.0,2026-08-12T13:55:13.264047+09:00
2025-08-06,4073,588.0,588.0,585.0,587.0,1000,OK,kabutan,587.0,minkabu,587.0,2026-08-12T13:56:27.298082+09:00
2025-08-06,4937,1233.0,1233.0,1162.0,1200.0,148500,OK,kabutan,1200.0,minkabu,1200.0,2026-08-12T13:57:41.097899+09:00
2025-08-06,6570,1059.0,1085.0,1054.0,1085.0,4300,OK,kabutan,1085.0,minkabu,1085.0,2026-08-12T13:58:57.461466+09:00
2025-08-07,3851,889.0,890.0,867.0,885.0,5900,OK,kabutan,885.0,minkabu,885.0,2026-08-12T13:55:13.264047+09:00
2025-08-07,4073,588.0,594.0,588.0,594.0,2100,OK,kabutan,594.0,minkabu,594.0,2026-08-12T13:56:27.298082+09:00
2025-08-07,4937,1199.0,1199.0,1127.0,1127.0,78800,OK,kabutan,1127.0,minkabu,1127.0,2026-08-12T13:57:41.097899+09:00
2025-08-07,6570,1091.0,1111.0,1091.0,1100.0,8700,OK,kabutan,1100.0,minkabu,1100.0,2026-08-12T13:58:57.461466+09:00
2025-08-08,3851,888.0,938.0,885.0,920.0,16000,OK,kabutan,920.0,minkabu,920.0,2026-08-12T13:55:13.264047+09:00
2025-08-08,4073,595.0,596.0,589.0,596.0,1000,OK,kabutan,596.0,minkabu,596.0,2026-08-12T13:56:27.298082+09:00
2025-08-08,4937,1150.0,1150.0,1121.0,1122.0,21700,OK,kabutan,1122.0,minkabu,1122.0,2026-08-12T13:57:41.097899+09:00
2025-08-08,6570,1098.0,1100.0,1054.0,1096.0,5800,OK,kabutan,1096.0,minkabu,1096.0,2026-08-12T13:58:57.461466+09:00
2025-08-12,3851,915.0,915.0,866.0,884.0,12500,OK,kabutan,884.0,minkabu,884.0,2026-08-12T13:55:13.264047+09:00
2025-08-12,4073,596.0,596.0,586.0,592.0,5600,OK,kabutan,592.0,minkabu,592.0,2026-08-12T13:56:27.298082+09:00
2025-08-12,4937,1118.0,1149.0,1097.0,1129.0,32000,OK,kabutan,1129.0,minkabu,1129.0,2026-08-12T13:57:41.097899+09:00
2025-08-12,6570,1089.0,1232.0,1059.0,1187.0,93700,OK,kabutan,1187.0,minkabu,1187.0,2026-08-12T13:58:57.461466+09:00
2025-08-13,3851,884.0,884.0,865.0,865.0,4700,OK,kabutan,865.0,minkabu,865.0,2026-08-12T13:55:13.264047+09:00
2025-08-13,4073,587.0,593.0,587.0,588.0,2000,OK,kabutan,588.0,minkabu,588.0,2026-08-12T13:56:27.298082+09:00
2025-08-13,4937,1120.0,1133.0,1099.0,1100.0,19000,OK,kabutan,1100.0,minkabu,1100.0,2026-08-12T13:57:41.097899+09:00
2025-08-13,6570,1200.0,1214.0,1191.0,1202.0,20300,OK,kabutan,1202.0,minkabu,1202.0,2026-08-12T13:58:57.461466+09:00
2025-08-14,3851,870.0,877.0,865.0,877.0,2100,OK,kabutan,877.0,minkabu,877.0,2026-08-12T13:55:13.264047+09:00
2025-08-14,4073,593.0,597.0,578.0,578.0,9200,OK,kabutan,578.0,minkabu,578.0,2026-08-12T13:56:27.298082+09:00
2025-08-14,4937,1095.0,1184.0,1088.0,1159.0,54700,OK,kabutan,1159.0,minkabu,1159.0,2026-08-12T13:57:41.097899+09:00
2025-08-14,6570,1199.0,1200.0,1175.0,1175.0,6300,OK,kabutan,1175.0,minkabu,1175.0,2026-08-12T13:58:57.461466+09:00
2025-08-15,3851,877.0,880.0,872.0,880.0,2100,OK,kabutan,880.0,minkabu,880.0,2026-08-12T13:55:13.264047+09:00
2025-08-15,4073,582.0,603.0,568.0,571.0,20700,OK,kabutan,571.0,minkabu,571.0,2026-08-12T13:56:27.298082+09:00
2025-08-15,4937,1161.0,1161.0,1088.0,1088.0,38000,OK,kabutan,1088.0,minkabu,1088.0,2026-08-12T13:57:41.097899+09:00
2025-08-15,6570,1175.0,1212.0,1175.0,1200.0,4100,OK,kabutan,1200.0,minkabu,1200.0,2026-08-12T13:58:57.461466+09:00
2025-08-18,3851,880.0,880.0,850.0,865.0,10500,OK,kabutan,865.0,minkabu,865.0,2026-08-12T13:55:13.264047+09:00
2025-08-18,4073,579.0,588.0,576.0,586.0,2000,OK,kabutan,586.0,minkabu,586.0,2026-08-12T13:56:27.298082+09:00
2025-08-18,4937,1091.0,1126.0,1090.0,1124.0,9000,OK,kabutan,1124.0,minkabu,1124.0,2026-08-12T13:57:41.097899+09:00
2025-08-18,6570,1219.0,1292.0,1219.0,1292.0,19900,OK,kabutan,1292.0,minkabu,1292.0,2026-08-12T13:58:57.461466+09:00
2025-08-19,3851,865.0,865.0,858.0,859.0,2100,OK,kabutan,859.0,minkabu,859.0,2026-08-12T13:55:13.264047+09:00
2025-08-19,4073,586.0,602.0,582.0,587.0,8500,OK,kabutan,587.0,minkabu,587.0,2026-08-12T13:56:27.298082+09:00
2025-08-19,4937,1124.0,1124.0,1100.0,1113.0,9900,OK,kabutan,1113.0,minkabu,1113.0,2026-08-12T13:57:41.097899+09:00
2025-08-19,6570,1308.0,1312.0,1280.0,1305.0,10500,OK,kabutan,1305.0,minkabu,1305.0,2026-08-12T13:58:57.461466+09:00
2025-08-20,3851,862.0,875.0,860.0,868.0,6500,OK,kabutan,868.0,minkabu,868.0,2026-08-12T13:55:13.264047+09:00
2025-08-20,4073,583.0,593.0,583.0,590.0,1700,OK,kabutan,590.0,minkabu,590.0,2026-08-12T13:56:27.298082+09:00
2025-08-20,4937,1116.0,1145.0,1106.0,1145.0,10600,OK,kabutan,1145.0,minkabu,1145.0,2026-08-12T13:57:41.097899+09:00
2025-08-20,6570,1311.0,1317.0,1290.0,1299.0,9600,OK,kabutan,1299.0,minkabu,1299.0,2026-08-12T13:58:57.461466+09:00
2025-08-21,3851,870.0,870.0,861.0,868.0,900,OK,kabutan,868.0,minkabu,868.0,2026-08-12T13:55:13.264047+09:00
2025-08-21,4073,590.0,602.0,585.0,597.0,5500,OK,kabutan,597.0,minkabu,597.0,2026-08-12T13:56:27.298082+09:00
2025-08-21,4937,1146.0,1150.0,1133.0,1138.0,9100,OK,kabutan,1138.0,minkabu,1138.0,2026-08-12T13:57:41.097899+09:00
2025-08-21,6570,1299.0,1299.0,1290.0,1290.0,3400,OK,kabutan,1290.0,minkabu,1290.0,2026-08-12T13:58:57.461466+09:00
2025-08-22,3851,868.0,868.0,852.0,852.0,4000,OK,kabutan,852.0,minkabu,852.0,2026-08-12T13:55:13.264047+09:00
2025-08-22,4073,603.0,616.0,601.0,610.0,13800,OK,kabutan,610.0,minkabu,610.0,2026-08-12T13:56:27.298082+09:00
2025-08-22,4937,1148.0,1153.0,1139.0,1139.0,7400,OK,kabutan,1139.0,minkabu,1139.0,2026-08-12T13:57:41.097899+09:00
2025-08-22,6570,1298.0,1298.0,1280.0,1282.0,3800,OK,kabutan,1282.0,minkabu,1282.0,2026-08-12T13:58:57.461466+09:00
2025-08-25,3851,861.0,865.0,860.0,865.0,3000,OK,kabutan,865.0,minkabu,865.0,2026-08-12T13:55:13.264047+09:00
2025-08-25,4073,614.0,710.0,603.0,710.0,90800,OK,kabutan,710.0,minkabu,710.0,2026-08-12T13:56:27.298082+09:00
2025-08-25,4937,1136.0,1136.0,1110.0,1113.0,8000,OK,kabutan,1113.0,minkabu,1113.0,2026-08-12T13:57:41.097899+09:00
2025-08-25,6570,1298.0,1298.0,1283.0,1290.0,4100,OK,kabutan,1290.0,minkabu,1290.0,2026-08-12T13:58:57.461466+09:00
2025-08-26,3851,865.0,865.0,861.0,861.0,3500,OK,kabutan,861.0,minkabu,861.0,2026-08-12T13:55:13.264047+09:00
2025-08-26,4073,712.0,747.0,681.0,735.0,156600,OK,kabutan,735.0,minkabu,735.0,2026-08-12T13:56:27.298082+09:00
2025-08-26,4937,1125.0,1224.0,1120.0,1185.0,45800,OK,kabutan,1185.0,minkabu,1185.0,2026-08-12T13:57:41.097899+09:00
2025-08-26,6570,1271.0,1293.0,1271.0,1285.0,6900,OK,kabutan,1285.0,minkabu,1285.0,2026-08-12T13:58:57.461466+09:00
2025-08-27,3851,861.0,865.0,861.0,865.0,1500,OK,kabutan,865.0,minkabu,865.0,2026-08-12T13:55:13.264047+09:00
2025-08-27,4073,724.0,732.0,668.0,672.0,43100,OK,kabutan,672.0,minkabu,672.0,2026-08-12T13:56:27.298082+09:00
2025-08-27,4937,1224.0,1275.0,1186.0,1190.0,68500,OK,kabutan,1190.0,minkabu,1190.0,2026-08-12T13:57:41.097899+09:00
2025-08-27,6570,1275.0,1288.0,1271.0,1288.0,2200,OK,kabutan,1288.0,minkabu,1288.0,2026-08-12T13:58:57.461466+09:00
2025-08-28,3851,865.0,885.0,864.0,870.0,6200,OK,kabutan,870.0,minkabu,870.0,2026-08-12T13:55:13.264047+09:00
2025-08-28,4073,682.0,697.0,661.0,674.0,12500,OK,kabutan,674.0,minkabu,674.0,2026-08-12T13:56:27.298082+09:00
2025-08-28,4937,1188.0,1188.0,1140.0,1144.0,23200,OK,kabutan,1144.0,minkabu,1144.0,2026-08-12T13:57:41.097899+09:00
2025-08-28,6570,1275.0,1275.0,1265.0,1273.0,1200,OK,kabutan,1273.0,minkabu,1273.0,2026-08-12T13:58:57.461466+09:00
2025-08-29,3851,878.0,882.0,868.0,882.0,3500,OK,kabutan,882.0,minkabu,882.0,2026-08-12T13:55:13.264047+09:00
2025-08-29,4073,680.0,720.0,680.0,710.0,45200,OK,kabutan,710.0,minkabu,710.0,2026-08-12T13:56:27.298082+09:00
2025-08-29,4937,1165.0,1240.0,1145.0,1232.0,22200,OK,kabutan,1232.0,minkabu,1232.0,2026-08-12T13:57:41.097899+09:00
2025-08-29,6570,1273.0,1279.0,1271.0,1277.0,800,OK,kabutan,1277.0,minkabu,1277.0,2026-08-12T13:58:57.461466+09:00
2025-09-01,3851,887.0,887.0,878.0,878.0,5600,OK,kabutan,878.0,minkabu,878.0,2026-08-12T13:55:13.264047+09:00
2025-09-01,4073,695.0,714.0,671.0,671.0,19900,OK,kabutan,671.0,minkabu,671.0,2026-08-12T13:56:27.298082+09:00
2025-09-01,4937,1219.0,1229.0,1180.0,1191.0,20200,OK,kabutan,1191.0,minkabu,1191.0,2026-08-12T13:57:41.097899+09:00
2025-09-01,6570,1272.0,1285.0,1272.0,1285.0,2400,OK,kabutan,1285.0,minkabu,1285.0,2026-08-12T13:58:57.461466+09:00
2025-09-02,3851,879.0,879.0,867.0,869.0,1800,OK,kabutan,869.0,minkabu,869.0,2026-08-12T13:55:13.264047+09:00
2025-09-02,4073,699.0,771.0,694.0,771.0,174000,OK,kabutan,771.0,minkabu,771.0,2026-08-12T13:56:27.298082+09:00
2025-09-02,4937,1191.0,1206.0,1187.0,1200.0,8900,OK,kabutan,1200.0,minkabu,1200.0,2026-08-12T13:57:41.097899+09:00
2025-09-02,6570,1285.0,1314.0,1285.0,1299.0,6000,OK,kabutan,1299.0,minkabu,1299.0,2026-08-12T13:58:57.461466+09:00
2025-09-03,3851,870.0,875.0,870.0,875.0,1200,OK,kabutan,875.0,minkabu,875.0,2026-08-12T13:55:13.264047+09:00
2025-09-03,4073,799.0,819.0,715.0,728.0,163700,OK,kabutan,728.0,minkabu,728.0,2026-08-12T13:56:27.298082+09:00
2025-09-03,4937,1181.0,1201.0,1155.0,1174.0,21600,OK,kabutan,1174.0,minkabu,1174.0,2026-08-12T13:57:41.097899+09:00
2025-09-03,6570,1299.0,1303.0,1293.0,1303.0,1800,OK,kabutan,1303.0,minkabu,1303.0,2026-08-12T13:58:57.461466+09:00
2025-09-04,3851,882.0,882.0,879.0,879.0,2800,OK,kabutan,879.0,minkabu,879.0,2026-08-12T13:55:13.264047+09:00
2025-09-04,4073,800.0,878.0,744.0,816.0,790200,OK,kabutan,816.0,minkabu,816.0,2026-08-12T13:56:27.298082+09:00
2025-09-04,4937,1168.0,1200.0,1168.0,1190.0,5400,OK,kabutan,1190.0,minkabu,1190.0,2026-08-12T13:57:41.097899+09:00
2025-09-04,6570,1303.0,1305.0,1300.0,1302.0,1900,OK,kabutan,1302.0,minkabu,1302.0,2026-08-12T13:58:57.461466+09:00
2025-09-05,3851,888.0,898.0,880.0,880.0,3000,OK,kabutan,880.0,minkabu,880.0,2026-08-12T13:55:13.264047+09:00
2025-09-05,4073,841.0,844.0,760.0,787.0,141000,OK,kabutan,787.0,minkabu,787.0,2026-08-12T13:56:27.298082+09:00
2025-09-05,4937,1207.0,1260.0,1190.0,1247.0,25800,OK,kabutan,1247.0,minkabu,1247.0,2026-08-12T13:57:41.097899+09:00
2025-09-05,6570,1302.0,1307.0,1300.0,1301.0,2000,OK,kabutan,1301.0,minkabu,1301.0,2026-08-12T13:58:57.461466+09:00
2025-09-08,3851,880.0,881.0,877.0,877.0,3000,OK,kabutan,877.0,minkabu,877.0,2026-08-12T13:55:13.264047+09:00
2025-09-08,4073,772.0,772.0,722.0,723.0,94000,OK,kabutan,723.0,minkabu,723.0,2026-08-12T13:56:27.298082+09:00
2025-09-08,4937,1217.0,1243.0,1213.0,1219.0,11600,OK,kabutan,1219.0,minkabu,1219.0,2026-08-12T13:57:41.097899+09:00
2025-09-08,6570,1302.0,1305.0,1295.0,1304.0,2700,OK,kabutan,1304.0,minkabu,1304.0,2026-08-12T13:58:57.461466+09:00
2025-09-09,3851,879.0,893.0,876.0,880.0,4700,OK,kabutan,880.0,minkabu,880.0,2026-08-12T13:55:13.264047+09:00
2025-09-09,4073,721.0,723.0,634.0,648.0,189000,OK,kabutan,648.0,minkabu,648.0,2026-08-12T13:56:27.298082+09:00
2025-09-09,4937,1219.0,1220.0,1190.0,1200.0,5800,OK,kabutan,1200.0,minkabu,1200.0,2026-08-12T13:57:41.097899+09:00
2025-09-09,6570,1299.0,1299.0,1264.0,1271.0,7500,OK,kabutan,1271.0,minkabu,1271.0,2026-08-12T13:58:57.461466+09:00
2025-09-10,3851,880.0,880.0,872.0,873.0,1100,OK,kabutan,873.0,minkabu,873.0,2026-08-12T13:55:13.264047+09:00
2025-09-10,4073,635.0,637.0,616.0,623.0,48300,OK,kabutan,623.0,minkabu,623.0,2026-08-12T13:56:27.298082+09:00
2025-09-10,4937,1191.0,1202.0,1174.0,1195.0,6500,OK,kabutan,1195.0,minkabu,1195.0,2026-08-12T13:57:41.097899+09:00
2025-09-10,6570,1271.0,1287.0,1271.0,1280.0,1500,OK,kabutan,1280.0,minkabu,1280.0,2026-08-12T13:58:57.461466+09:00
2025-09-11,3851,873.0,875.0,867.0,867.0,1200,OK,kabutan,867.0,minkabu,867.0,2026-08-12T13:55:13.264047+09:00
2025-09-11,4073,626.0,637.0,623.0,625.0,27400,OK,kabutan,625.0,minkabu,625.0,2026-08-12T13:56:27.298082+09:00
2025-09-11,4937,1205.0,1205.0,1171.0,1171.0,8500,OK,kabutan,1171.0,minkabu,1171.0,2026-08-12T13:57:41.097899+09:00
2025-09-11,6570,1280.0,1289.0,1275.0,1289.0,1100,OK,kabutan,1289.0,minkabu,1289.0,2026-08-12T13:58:57.461466+09:00
2025-09-12,3851,865.0,885.0,861.0,867.0,17200,OK,kabutan,867.0,minkabu,867.0,2026-08-12T13:55:13.264047+09:00
2025-09-12,4073,627.0,628.0,616.0,617.0,22300,OK,kabutan,617.0,minkabu,617.0,2026-08-12T13:56:27.298082+09:00
2025-09-12,4937,1170.0,1172.0,1088.0,1110.0,35200,OK,kabutan,1110.0,minkabu,1110.0,2026-08-12T13:57:41.097899+09:00
2025-09-12,6570,1281.0,1290.0,1281.0,1289.0,2100,OK,kabutan,1289.0,minkabu,1289.0,2026-08-12T13:58:57.461466+09:00
2025-09-16,3851,868.0,878.0,868.0,872.0,3100,OK,kabutan,872.0,minkabu,872.0,2026-08-12T13:55:13.264047+09:00
2025-09-16,4073,618.0,627.0,613.0,627.0,10800,OK,kabutan,627.0,minkabu,627.0,2026-08-12T13:56:27.298082+09:00
2025-09-16,4937,1111.0,1154.0,1111.0,1145.0,12600,OK,kabutan,1145.0,minkabu,1145.0,2026-08-12T13:57:41.097899+09:00
2025-09-16,6570,1282.0,1351.0,1282.0,1340.0,11800,OK,kabutan,1340.0,minkabu,1340.0,2026-08-12T13:58:57.461466+09:00
2025-09-17,3851,878.0,880.0,874.0,880.0,2000,OK,kabutan,880.0,minkabu,880.0,2026-08-12T13:55:13.264047+09:00
2025-09-17,4073,627.0,640.0,618.0,632.0,9100,OK,kabutan,632.0,minkabu,632.0,2026-08-12T13:56:27.298082+09:00
2025-09-17,4937,1139.0,1155.0,1126.0,1152.0,7800,OK,kabutan,1152.0,minkabu,1152.0,2026-08-12T13:57:41.097899+09:00
2025-09-17,6570,1345.0,1410.0,1343.0,1365.0,12700,OK,kabutan,1365.0,minkabu,1365.0,2026-08-12T13:58:57.461466+09:00
2025-09-18,3851,880.0,880.0,871.0,871.0,2000,OK,kabutan,871.0,minkabu,871.0,2026-08-12T13:55:13.264047+09:00
2025-09-18,4073,623.0,625.0,615.0,623.0,12900,OK,kabutan,623.0,minkabu,623.0,2026-08-12T13:56:27.298082+09:00
2025-09-18,4937,1140.0,1158.0,1138.0,1138.0,7700,OK,kabutan,1138.0,minkabu,1138.0,2026-08-12T13:57:41.097899+09:00
2025-09-18,6570,1381.0,1382.0,1300.0,1330.0,7500,OK,kabutan,1330.0,minkabu,1330.0,2026-08-12T13:58:57.461466+09:00
2025-09-19,3851,871.0,877.0,867.0,867.0,4600,OK,kabutan,867.0,minkabu,867.0,2026-08-12T13:55:13.264047+09:00
2025-09-19,4073,623.0,625.0,610.0,625.0,11500,OK,kabutan,625.0,minkabu,625.0,2026-08-12T13:56:27.298082+09:00
2025-09-19,4937,1143.0,1143.0,1113.0,1113.0,11500,OK,kabutan,1113.0,minkabu,1113.0,2026-08-12T13:57:41.097899+09:00
2025-09-19,6570,1342.0,1355.0,1336.0,1337.0,2400,OK,kabutan,1337.0,minkabu,1337.0,2026-08-12T13:58:57.461466+09:00
2025-09-22,3851,875.0,875.0,866.0,866.0,3400,OK,kabutan,866.0,minkabu,866.0,2026-08-12T13:55:13.264047+09:00
2025-09-22,4073,624.0,633.0,615.0,615.0,10600,OK,kabutan,615.0,minkabu,615.0,2026-08-12T13:56:27.298082+09:00
2025-09-22,4937,1172.0,1233.0,1155.0,1221.0,38800,OK,kabutan,1221.0,minkabu,1221.0,2026-08-12T13:57:41.097899+09:00
2025-09-22,6570,1312.0,1337.0,1310.0,1315.0,5700,OK,kabutan,1315.0,minkabu,1315.0,2026-08-12T13:58:57.461466+09:00
2025-09-24,3851,867.0,873.0,867.0,868.0,2900,OK,kabutan,868.0,minkabu,868.0,2026-08-12T13:55:13.264047+09:00
2025-09-24,4073,615.0,617.0,610.0,614.0,8000,OK,kabutan,614.0,minkabu,614.0,2026-08-12T13:56:27.298082+09:00
2025-09-24,4937,1216.0,1355.0,1202.0,1315.0,74100,OK,kabutan,1315.0,minkabu,1315.0,2026-08-12T13:57:41.097899+09:00
2025-09-24,6570,1315.0,1320.0,1305.0,1305.0,4400,OK,kabutan,1305.0,minkabu,1305.0,2026-08-12T13:58:57.461466+09:00
2025-09-25,3851,872.0,872.0,867.0,868.0,700,OK,kabutan,868.0,minkabu,868.0,2026-08-12T13:55:13.264047+09:00
2025-09-25,4073,614.0,618.0,607.0,607.0,7600,OK,kabutan,607.0,minkabu,607.0,2026-08-12T13:56:27.298082+09:00
2025-09-25,4937,1313.0,1438.0,1306.0,1411.0,111700,OK,kabutan,1411.0,minkabu,1411.0,2026-08-12T13:57:41.097899+09:00
2025-09-25,6570,1304.0,1330.0,1291.0,1306.0,4900,OK,kabutan,1306.0,minkabu,1306.0,2026-08-12T13:58:57.461466+09:00
2025-09-26,3851,870.0,872.0,847.0,848.0,10200,OK,kabutan,848.0,minkabu,848.0,2026-08-12T13:55:13.264047+09:00
2025-09-26,4073,605.0,605.0,593.0,602.0,26100,OK,kabutan,602.0,minkabu,602.0,2026-08-12T13:56:27.298082+09:00
2025-09-26,4937,1381.0,1409.0,1330.0,1383.0,36200,OK,kabutan,1383.0,minkabu,1383.0,2026-08-12T13:57:41.097899+09:00
2025-09-26,6570,1308.0,1310.0,1300.0,1310.0,5000,OK,kabutan,1310.0,minkabu,1310.0,2026-08-12T13:58:57.461466+09:00
2025-09-29,3851,860.0,875.0,851.0,875.0,3200,OK,kabutan,875.0,minkabu,875.0,2026-08-12T13:55:13.264047+09:00
2025-09-29,4073,612.0,633.0,607.0,627.0,15300,OK,kabutan,627.0,minkabu,627.0,2026-08-12T13:56:27.298082+09:00
2025-09-29,4937,1353.0,1450.0,1348.0,1404.0,35000,OK,kabutan,1404.0,minkabu,1404.0,2026-08-12T13:57:41.097899+09:00
2025-09-29,6570,1298.0,1328.0,1293.0,1328.0,2700,OK,kabutan,1328.0,minkabu,1328.0,2026-08-12T13:58:57.461466+09:00
2025-09-30,3851,875.0,880.0,870.0,871.0,3600,OK,kabutan,871.0,minkabu,871.0,2026-08-12T13:55:13.264047+09:00
2025-09-30,4073,625.0,625.0,601.0,602.0,14600,OK,kabutan,602.0,minkabu,602.0,2026-08-12T13:56:27.298082+09:00
2025-09-30,4937,1400.0,1405.0,1376.0,1405.0,11900,OK,kabutan,1405.0,minkabu,1405.0,2026-08-12T13:57:41.097899+09:00
2025-09-30,6570,1327.0,1327.0,1318.0,1321.0,8400,OK,kabutan,1321.0,minkabu,1321.0,2026-08-12T13:58:57.461466+09:00
2025-10-01,3851,875.0,878.0,859.0,859.0,5400,OK,kabutan,859.0,minkabu,859.0,2026-08-12T13:55:13.264047+09:00
2025-10-01,4073,612.0,662.0,590.0,597.0,100500,OK,kabutan,597.0,minkabu,597.0,2026-08-12T13:56:27.298082+09:00
2025-10-01,4937,1387.0,1411.0,1204.0,1210.0,49900,OK,kabutan,1210.0,minkabu,1210.0,2026-08-12T13:57:41.097899+09:00
2025-10-01,6570,1310.0,1319.0,1181.0,1231.0,9000,OK,kabutan,1231.0,minkabu,1231.0,2026-08-12T13:58:57.461466+09:00
2025-10-02,3851,865.0,865.0,860.0,860.0,1500,OK,kabutan,860.0,minkabu,860.0,2026-08-12T13:55:13.264047+09:00
2025-10-02,4073,594.0,615.0,587.0,615.0,19600,OK,kabutan,615.0,minkabu,615.0,2026-08-12T13:56:27.298082+09:00
2025-10-02,4937,1249.0,1410.0,1249.0,1407.0,48500,OK,kabutan,1407.0,minkabu,1407.0,2026-08-12T13:57:41.097899+09:00
2025-10-02,6570,1233.0,1250.0,1213.0,1230.0,3900,OK,kabutan,1230.0,minkabu,1230.0,2026-08-12T13:58:57.461466+09:00
2025-10-03,3851,857.0,863.0,857.0,860.0,1600,OK,kabutan,860.0,minkabu,860.0,2026-08-12T13:55:13.264047+09:00
2025-10-03,4073,612.0,615.0,602.0,602.0,6100,OK,kabutan,602.0,minkabu,602.0,2026-08-12T13:56:27.298082+09:00
2025-10-03,4937,1380.0,1405.0,1352.0,1400.0,39700,OK,kabutan,1400.0,minkabu,1400.0,2026-08-12T13:57:41.097899+09:00
2025-10-03,6570,1216.0,1250.0,1216.0,1222.0,2600,OK,kabutan,1222.0,minkabu,1222.0,2026-08-12T13:58:57.461466+09:00
2025-10-06,3851,860.0,861.0,852.0,852.0,1900,OK,kabutan,852.0,minkabu,852.0,2026-08-12T13:55:13.264047+09:00
2025-10-06,4073,601.0,614.0,594.0,602.0,7500,OK,kabutan,602.0,minkabu,602.0,2026-08-12T13:56:27.298082+09:00
2025-10-06,4937,1400.0,1450.0,1395.0,1448.0,33700,OK,kabutan,1448.0,minkabu,1448.0,2026-08-12T13:57:41.097899+09:00
2025-10-06,6570,1245.0,1264.0,1233.0,1233.0,2700,OK,kabutan,1233.0,minkabu,1233.0,2026-08-12T13:58:57.461466+09:00
2025-10-07,3851,852.0,852.0,851.0,852.0,3000,OK,kabutan,852.0,minkabu,852.0,2026-08-12T13:55:13.264047+09:00
2025-10-07,4073,602.0,605.0,594.0,597.0,8600,OK,kabutan,597.0,minkabu,597.0,2026-08-12T13:56:27.298082+09:00
2025-10-07,4937,1425.0,1478.0,1425.0,1463.0,26100,OK,kabutan,1463.0,minkabu,1463.0,2026-08-12T13:57:41.097899+09:00
2025-10-07,6570,1235.0,1264.0,1230.0,1250.0,6000,OK,kabutan,1250.0,minkabu,1250.0,2026-08-12T13:58:57.461466+09:00
2025-10-08,3851,851.0,851.0,835.0,839.0,2700,OK,kabutan,839.0,minkabu,839.0,2026-08-12T13:55:13.264047+09:00
2025-10-08,4073,597.0,604.0,597.0,601.0,5000,OK,kabutan,601.0,minkabu,601.0,2026-08-12T13:56:27.298082+09:00
2025-10-08,4937,1444.0,1493.0,1427.0,1433.0,25900,OK,kabutan,1433.0,minkabu,1433.0,2026-08-12T13:57:41.097899+09:00
2025-10-08,6570,1254.0,1254.0,1204.0,1242.0,2300,OK,kabutan,1242.0,minkabu,1242.0,2026-08-12T13:58:57.461466+09:00
2025-10-09,3851,839.0,840.0,821.0,827.0,5400,OK,kabutan,827.0,minkabu,827.0,2026-08-12T13:55:13.264047+09:00
2025-10-09,4073,597.0,603.0,596.0,598.0,6200,OK,kabutan,598.0,minkabu,598.0,2026-08-12T13:56:27.298082+09:00
2025-10-09,4937,1403.0,1475.0,1392.0,1475.0,21500,OK,kabutan,1475.0,minkabu,1475.0,2026-08-12T13:57:41.097899+09:00
2025-10-09,6570,1247.0,1248.0,1219.0,1227.0,5400,OK,kabutan,1227.0,minkabu,1227.0,2026-08-12T13:58:57.461466+09:00
2025-10-10,3851,827.0,829.0,820.0,829.0,7300,OK,kabutan,829.0,minkabu,829.0,2026-08-12T13:55:13.264047+09:00
2025-10-10,4073,598.0,603.0,587.0,591.0,12500,OK,kabutan,591.0,minkabu,591.0,2026-08-12T13:56:27.298082+09:00
2025-10-10,4937,1470.0,1474.0,1454.0,1465.0,7300,OK,kabutan,1465.0,minkabu,1465.0,2026-08-12T13:57:41.097899+09:00
2025-10-10,6570,1215.0,1215.0,1152.0,1178.0,9600,OK,kabutan,1178.0,minkabu,1178.0,2026-08-12T13:58:57.461466+09:00
2025-10-14,3851,820.0,832.0,805.0,807.0,6300,OK,kabutan,807.0,minkabu,807.0,2026-08-12T13:55:13.264047+09:00
2025-10-14,4073,586.0,586.0,572.0,575.0,15300,OK,kabutan,575.0,minkabu,575.0,2026-08-12T13:56:27.298082+09:00
2025-10-14,4937,1463.0,1463.0,1411.0,1421.0,16000,OK,kabutan,1421.0,minkabu,1421.0,2026-08-12T13:57:41.097899+09:00
2025-10-14,6570,1165.0,1195.0,1145.0,1187.0,4600,OK,kabutan,1187.0,minkabu,1187.0,2026-08-12T13:58:57.461466+09:00
2025-10-15,3851,807.0,825.0,807.0,825.0,2100,OK,kabutan,825.0,minkabu,825.0,2026-08-12T13:55:13.264047+09:00
2025-10-15,4073,575.0,594.0,575.0,589.0,6300,OK,kabutan,589.0,minkabu,589.0,2026-08-12T13:56:27.298082+09:00
2025-10-15,4937,1414.0,1438.0,1414.0,1418.0,5600,OK,kabutan,1418.0,minkabu,1418.0,2026-08-12T13:57:41.097899+09:00
2025-10-15,6570,1192.0,1226.0,1187.0,1200.0,3400,OK,kabutan,1200.0,minkabu,1200.0,2026-08-12T13:58:57.461466+09:00
2025-10-16,3851,828.0,832.0,826.0,832.0,1100,OK,kabutan,832.0,minkabu,832.0,2026-08-12T13:55:13.264047+09:00
2025-10-16,4073,589.0,684.0,589.0,641.0,203400,OK,kabutan,641.0,minkabu,641.0,2026-08-12T13:56:27.298082+09:00
2025-10-16,4937,1434.0,1472.0,1413.0,1417.0,7200,OK,kabutan,1417.0,minkabu,1417.0,2026-08-12T13:57:41.097899+09:00
2025-10-16,6570,1200.0,1210.0,1190.0,1193.0,10400,OK,kabutan,1193.0,minkabu,1193.0,2026-08-12T13:58:57.461466+09:00
2025-10-17,3851,832.0,854.0,819.0,837.0,7500,OK,kabutan,837.0,minkabu,837.0,2026-08-12T13:55:13.264047+09:00
2025-10-17,4073,613.0,642.0,611.0,637.0,32200,OK,kabutan,637.0,minkabu,637.0,2026-08-12T13:56:27.298082+09:00
2025-10-17,4937,1403.0,1416.0,1375.0,1375.0,12100,OK,kabutan,1375.0,minkabu,1375.0,2026-08-12T13:57:41.097899+09:00
2025-10-17,6570,1190.0,1211.0,1190.0,1211.0,2700,OK,kabutan,1211.0,minkabu,1211.0,2026-08-12T13:58:57.461466+09:00
2025-10-20,3851,839.0,839.0,835.0,835.0,900,OK,kabutan,835.0,minkabu,835.0,2026-08-12T13:55:13.264047+09:00
2025-10-20,4073,638.0,641.0,621.0,628.0,7000,OK,kabutan,628.0,minkabu,628.0,2026-08-12T13:56:27.298082+09:00
2025-10-20,4937,1345.0,1413.0,1345.0,1386.0,10100,OK,kabutan,1386.0,minkabu,1386.0,2026-08-12T13:57:41.097899+09:00
2025-10-20,6570,1234.0,1299.0,1226.0,1299.0,14500,OK,kabutan,1299.0,minkabu,1299.0,2026-08-12T13:58:57.461466+09:00
2025-10-21,3851,835.0,849.0,832.0,835.0,3100,OK,kabutan,835.0,minkabu,835.0,2026-08-12T13:55:13.264047+09:00
2025-10-21,4073,626.0,633.0,616.0,621.0,10000,OK,kabutan,621.0,minkabu,621.0,2026-08-12T13:56:27.298082+09:00
2025-10-21,4937,1383.0,1444.0,1383.0,1388.0,27100,OK,kabutan,1388.0,minkabu,1388.0,2026-08-12T13:57:41.097899+09:00
2025-10-21,6570,1299.0,1299.0,1254.0,1254.0,7400,OK,kabutan,1254.0,minkabu,1254.0,2026-08-12T13:58:57.461466+09:00
2025-10-22,3851,837.0,837.0,835.0,835.0,400,OK,kabutan,835.0,minkabu,835.0,2026-08-12T13:55:13.264047+09:00
2025-10-22,4073,625.0,663.0,620.0,646.0,16700,OK,kabutan,646.0,minkabu,646.0,2026-08-12T13:56:27.298082+09:00
2025-10-22,4937,1376.0,1415.0,1376.0,1401.0,12100,OK,kabutan,1401.0,minkabu,1401.0,2026-08-12T13:57:41.097899+09:00
2025-10-22,6570,1254.0,1291.0,1254.0,1279.0,1000,OK,kabutan,1279.0,minkabu,1279.0,2026-08-12T13:58:57.461466+09:00
2025-10-23,3851,834.0,834.0,820.0,827.0,1100,OK,kabutan,827.0,minkabu,827.0,2026-08-12T13:55:13.264047+09:00
2025-10-23,4073,641.0,655.0,633.0,637.0,8200,OK,kabutan,637.0,minkabu,637.0,2026-08-12T13:56:27.298082+09:00
2025-10-23,4937,1374.0,1399.0,1365.0,1398.0,11300,OK,kabutan,1398.0,minkabu,1398.0,2026-08-12T13:57:41.097899+09:00
2025-10-23,6570,1261.0,1265.0,1257.0,1260.0,1600,OK,kabutan,1260.0,minkabu,1260.0,2026-08-12T13:58:57.461466+09:00
2025-10-24,3851,822.0,830.0,822.0,830.0,700,OK,kabutan,830.0,minkabu,830.0,2026-08-12T13:55:13.264047+09:00
2025-10-24,4073,632.0,642.0,627.0,637.0,2800,OK,kabutan,637.0,minkabu,637.0,2026-08-12T13:56:27.298082+09:00
2025-10-24,4937,1390.0,1410.0,1358.0,1410.0,22400,OK,kabutan,1410.0,minkabu,1410.0,2026-08-12T13:57:41.097899+09:00
2025-10-24,6570,1257.0,1281.0,1256.0,1267.0,1600,OK,kabutan,1267.0,minkabu,1267.0,2026-08-12T13:58:57.461466+09:00
2025-10-27,3851,830.0,830.0,821.0,826.0,1200,OK,kabutan,826.0,minkabu,826.0,2026-08-12T13:55:13.264047+09:00
2025-10-27,4073,634.0,662.0,634.0,644.0,8700,OK,kabutan,644.0,minkabu,644.0,2026-08-12T13:56:27.298082+09:00
2025-10-27,4937,1402.0,1402.0,1376.0,1383.0,13400,OK,kabutan,1383.0,minkabu,1383.0,2026-08-12T13:57:41.097899+09:00
2025-10-27,6570,1255.0,1267.0,1252.0,1252.0,4500,OK,kabutan,1252.0,minkabu,1252.0,2026-08-12T13:58:57.461466+09:00
2025-10-28,3851,831.0,846.0,829.0,835.0,2100,OK,kabutan,835.0,minkabu,835.0,2026-08-12T13:55:13.264047+09:00
2025-10-28,4073,643.0,643.0,630.0,635.0,1900,OK,kabutan,635.0,minkabu,635.0,2026-08-12T13:56:27.298082+09:00
2025-10-28,4937,1384.0,1459.0,1384.0,1450.0,31100,OK,kabutan,1450.0,minkabu,1450.0,2026-08-12T13:57:41.097899+09:00
2025-10-28,6570,1250.0,1251.0,1232.0,1232.0,2300,OK,kabutan,1232.0,minkabu,1232.0,2026-08-12T13:58:57.461466+09:00
2025-10-29,3851,829.0,839.0,827.0,839.0,3300,OK,kabutan,839.0,minkabu,839.0,2026-08-12T13:55:13.264047+09:00
2025-10-29,4073,635.0,640.0,630.0,630.0,2600,OK,kabutan,630.0,minkabu,630.0,2026-08-12T13:56:27.298082+09:00
2025-10-29,4937,1440.0,1445.0,1420.0,1434.0,16200,OK,kabutan,1434.0,minkabu,1434.0,2026-08-12T13:57:41.097899+09:00
2025-10-29,6570,1231.0,1231.0,1165.0,1192.0,7800,OK,kabutan,1192.0,minkabu,1192.0,2026-08-12T13:58:57.461466+09:00
2025-10-30,3851,839.0,839.0,823.0,825.0,1600,OK,kabutan,825.0,minkabu,825.0,2026-08-12T13:55:13.264047+09:00
2025-10-30,4073,632.0,638.0,632.0,632.0,1800,OK,kabutan,632.0,minkabu,632.0,2026-08-12T13:56:27.298082+09:00
2025-10-30,4937,1422.0,1447.0,1397.0,1422.0,19500,OK,kabutan,1422.0,minkabu,1422.0,2026-08-12T13:57:41.097899+09:00
2025-10-30,6570,1186.0,1190.0,1169.0,1189.0,4600,OK,kabutan,1189.0,minkabu,1189.0,2026-08-12T13:58:57.461466+09:00
2025-10-31,3851,830.0,835.0,830.0,835.0,600,OK,kabutan,835.0,minkabu,835.0,2026-08-12T13:55:13.264047+09:00
2025-10-31,4073,638.0,639.0,630.0,632.0,3600,OK,kabutan,632.0,minkabu,632.0,2026-08-12T13:56:27.298082+09:00
2025-10-31,4937,1416.0,1416.0,1397.0,1397.0,7900,OK,kabutan,1397.0,minkabu,1397.0,2026-08-12T13:57:41.097899+09:00
2025-10-31,6570,1183.0,1193.0,1175.0,1189.0,3500,OK,kabutan,1189.0,minkabu,1189.0,2026-08-12T13:58:57.461466+09:00
2025-11-04,3851,824.0,824.0,811.0,817.0,6000,OK,kabutan,817.0,minkabu,817.0,2026-08-12T13:55:13.264047+09:00
2025-11-04,4073,631.0,640.0,631.0,631.0,2700,OK,kabutan,631.0,minkabu,631.0,2026-08-12T13:56:27.298082+09:00
2025-11-04,4937,1396.0,1396.0,1342.0,1344.0,8600,OK,kabutan,1344.0,minkabu,1344.0,2026-08-12T13:57:41.097899+09:00
2025-11-04,6570,1189.0,1189.0,1180.0,1189.0,1800,OK,kabutan,1189.0,minkabu,1189.0,2026-08-12T13:58:57.461466+09:00
2025-11-05,3851,820.0,820.0,816.0,816.0,2800,OK,kabutan,816.0,minkabu,816.0,2026-08-12T13:55:13.264047+09:00
2025-11-05,4073,631.0,636.0,630.0,630.0,4900,OK,kabutan,630.0,minkabu,630.0,2026-08-12T13:56:27.298082+09:00
2025-11-05,4937,1334.0,1354.0,1319.0,1334.0,3200,OK,kabutan,1334.0,minkabu,1334.0,2026-08-12T13:57:41.097899+09:00
2025-11-05,6570,1189.0,1189.0,1157.0,1176.0,4100,OK,kabutan,1176.0,minkabu,1176.0,2026-08-12T13:58:57.461466+09:00
2025-11-06,3851,817.0,832.0,815.0,832.0,3900,OK,kabutan,832.0,minkabu,832.0,2026-08-12T13:55:13.264047+09:00
2025-11-06,4073,630.0,635.0,626.0,631.0,3600,OK,kabutan,631.0,minkabu,631.0,2026-08-12T13:56:27.298082+09:00
2025-11-06,4937,1340.0,1340.0,1319.0,1322.0,1700,OK,kabutan,1322.0,minkabu,1322.0,2026-08-12T13:57:41.097899+09:00
2025-11-06,6570,1170.0,1172.0,1161.0,1165.0,3600,OK,kabutan,1165.0,minkabu,1165.0,2026-08-12T13:58:57.461466+09:00
2025-11-07,3851,817.0,819.0,813.0,819.0,1000,OK,kabutan,819.0,minkabu,819.0,2026-08-12T13:55:13.264047+09:00
2025-11-07,4073,630.0,632.0,625.0,630.0,2100,OK,kabutan,630.0,minkabu,630.0,2026-08-12T13:56:27.298082+09:00
2025-11-07,4937,1316.0,1400.0,1316.0,1400.0,24500,OK,kabutan,1400.0,minkabu,1400.0,2026-08-12T13:57:41.097899+09:00
2025-11-07,6570,1163.0,1167.0,1154.0,1167.0,6100,OK,kabutan,1167.0,minkabu,1167.0,2026-08-12T13:58:57.461466+09:00
2025-11-10,3851,820.0,825.0,820.0,825.0,1400,OK,kabutan,825.0,minkabu,825.0,2026-08-12T13:55:13.264047+09:00
2025-11-10,4073,632.0,655.0,631.0,642.0,20200,OK,kabutan,642.0,minkabu,642.0,2026-08-12T13:56:27.298082+09:00
2025-11-10,4937,1460.0,1460.0,1395.0,1448.0,26900,OK,kabutan,1448.0,minkabu,1448.0,2026-08-12T13:57:41.097899+09:00
2025-11-10,6570,1171.0,1269.0,1171.0,1240.0,5500,OK,kabutan,1240.0,minkabu,1240.0,2026-08-12T13:58:57.461466+09:00
2025-11-11,3851,813.0,821.0,812.0,812.0,2500,OK,kabutan,812.0,minkabu,812.0,2026-08-12T13:55:13.264047+09:00
2025-11-11,4073,642.0,658.0,633.0,658.0,10100,OK,kabutan,658.0,minkabu,658.0,2026-08-12T13:56:27.298082+09:00
2025-11-11,4937,1438.0,1450.0,1428.0,1445.0,10100,OK,kabutan,1445.0,minkabu,1445.0,2026-08-12T13:57:41.097899+09:00
2025-11-11,6570,1236.0,1236.0,1210.0,1213.0,4600,OK,kabutan,1213.0,minkabu,1213.0,2026-08-12T13:58:57.461466+09:00
2025-11-12,3851,813.0,819.0,813.0,814.0,1700,OK,kabutan,814.0,minkabu,814.0,2026-08-12T13:55:13.264047+09:00
2025-11-12,4073,648.0,657.0,647.0,654.0,3300,OK,kabutan,654.0,minkabu,654.0,2026-08-12T13:56:27.298082+09:00
2025-11-12,4937,1436.0,1521.0,1435.0,1521.0,39600,OK,kabutan,1521.0,minkabu,1521.0,2026-08-12T13:57:41.097899+09:00
2025-11-12,6570,1243.0,1299.0,1170.0,1192.0,48900,OK,kabutan,1192.0,minkabu,1192.0,2026-08-12T13:58:57.461466+09:00
2025-11-13,3851,814.0,830.0,814.0,817.0,7000,OK,kabutan,817.0,minkabu,817.0,2026-08-12T13:55:13.264047+09:00
2025-11-13,4073,656.0,658.0,645.0,645.0,6800,OK,kabutan,645.0,minkabu,645.0,2026-08-12T13:56:27.298082+09:00
2025-11-13,4937,1520.0,1520.0,1466.0,1466.0,20700,OK,kabutan,1466.0,minkabu,1466.0,2026-08-12T13:57:41.097899+09:00
2025-11-13,6570,1193.0,1214.0,1190.0,1191.0,27800,OK,kabutan,1191.0,minkabu,1191.0,2026-08-12T13:58:57.461466+09:00
2025-11-14,3851,819.0,826.0,817.0,820.0,2600,OK,kabutan,820.0,minkabu,820.0,2026-08-12T13:55:13.264047+09:00
2025-11-14,4073,643.0,677.0,623.0,646.0,22600,OK,kabutan,646.0,minkabu,646.0,2026-08-12T13:56:27.298082+09:00
2025-11-14,4937,1766.0,1766.0,1766.0,1766.0,31500,OK,kabutan,1766.0,minkabu,1766.0,2026-08-12T13:57:41.097899+09:00
2025-11-14,6570,1195.0,1195.0,1158.0,1165.0,10000,OK,kabutan,1165.0,minkabu,1165.0,2026-08-12T13:58:57.461466+09:00
2025-11-17,3851,805.0,805.0,777.0,799.0,11300,OK,kabutan,799.0,minkabu,799.0,2026-08-12T13:55:13.264047+09:00
2025-11-17,4073,606.0,606.0,562.0,580.0,36700,OK,kabutan,580.0,minkabu,580.0,2026-08-12T13:56:27.298082+09:00
2025-11-17,4937,1755.0,1766.0,1659.0,1745.0,131600,OK,kabutan,1745.0,minkabu,1745.0,2026-08-12T13:57:41.097899+09:00
2025-11-17,6570,1165.0,1165.0,1083.0,1095.0,17400,OK,kabutan,1095.0,minkabu,1095.0,2026-08-12T13:58:57.461466+09:00
2025-11-18,3851,805.0,805.0,797.0,797.0,7200,OK,kabutan,797.0,minkabu,797.0,2026-08-12T13:55:13.264047+09:00
2025-11-18,4073,570.0,595.0,567.0,589.0,8400,OK,kabutan,589.0,minkabu,589.0,2026-08-12T13:56:27.298082+09:00
2025-11-18,4937,1730.0,1743.0,1720.0,1731.0,32000,OK,kabutan,1731.0,minkabu,1731.0,2026-08-12T13:57:41.097899+09:00
2025-11-18,6570,1093.0,1100.0,1065.0,1088.0,12700,OK,kabutan,1088.0,minkabu,1088.0,2026-08-12T13:58:57.461466+09:00
2025-11-19,3851,797.0,805.0,797.0,798.0,3000,OK,kabutan,798.0,minkabu,798.0,2026-08-12T13:55:13.264047+09:00
2025-11-19,4073,589.0,599.0,579.0,588.0,1900,OK,kabutan,588.0,minkabu,588.0,2026-08-12T13:56:27.298082+09:00
2025-11-19,4937,1731.0,1850.0,1731.0,1770.0,80200,OK,kabutan,1770.0,minkabu,1770.0,2026-08-12T13:57:41.097899+09:00
2025-11-19,6570,1080.0,1100.0,1048.0,1082.0,9500,OK,kabutan,1082.0,minkabu,1082.0,2026-08-12T13:58:57.461466+09:00
2025-11-20,3851,798.0,800.0,798.0,800.0,900,OK,kabutan,800.0,minkabu,800.0,2026-08-12T13:55:13.264047+09:00
2025-11-20,4073,582.0,638.0,573.0,588.0,20800,OK,kabutan,588.0,minkabu,588.0,2026-08-12T13:56:27.298082+09:00
2025-11-20,4937,1780.0,1790.0,1775.0,1787.0,24100,OK,kabutan,1787.0,minkabu,1787.0,2026-08-12T13:57:41.097899+09:00
2025-11-20,6570,1091.0,1105.0,1073.0,1079.0,8800,OK,kabutan,1079.0,minkabu,1079.0,2026-08-12T13:58:57.461466+09:00
2025-11-21,3851,797.0,808.0,797.0,806.0,4100,OK,kabutan,806.0,minkabu,806.0,2026-08-12T13:55:13.264047+09:00
2025-11-21,4073,588.0,596.0,580.0,582.0,2600,OK,kabutan,582.0,minkabu,582.0,2026-08-12T13:56:27.298082+09:00
2025-11-21,4937,1787.0,1787.0,1743.0,1773.0,28400,OK,kabutan,1773.0,minkabu,1773.0,2026-08-12T13:57:41.097899+09:00
2025-11-21,6570,1077.0,1099.0,1071.0,1077.0,6400,OK,kabutan,1077.0,minkabu,1077.0,2026-08-12T13:58:57.461466+09:00
2025-11-25,3851,809.0,812.0,797.0,801.0,2200,OK,kabutan,801.0,minkabu,801.0,2026-08-12T13:55:13.264047+09:00
2025-11-25,4073,592.0,592.0,583.0,583.0,1800,OK,kabutan,583.0,minkabu,583.0,2026-08-12T13:56:27.298082+09:00
2025-11-25,4937,1765.0,1773.0,1743.0,1743.0,57100,OK,kabutan,1743.0,minkabu,1743.0,2026-08-12T13:57:41.097899+09:00
2025-11-25,6570,1094.0,1099.0,1083.0,1084.0,5200,OK,kabutan,1084.0,minkabu,1084.0,2026-08-12T13:58:57.461466+09:00
2025-11-26,3851,797.0,805.0,797.0,800.0,1800,OK,kabutan,800.0,minkabu,800.0,2026-08-12T13:55:13.264047+09:00
2025-11-26,4073,583.0,594.0,583.0,584.0,500,OK,kabutan,584.0,minkabu,584.0,2026-08-12T13:56:27.298082+09:00
2025-11-26,4937,1750.0,1760.0,1741.0,1751.0,24200,OK,kabutan,1751.0,minkabu,1751.0,2026-08-12T13:57:41.097899+09:00
2025-11-26,6570,1084.0,1097.0,1084.0,1095.0,1700,OK,kabutan,1095.0,minkabu,1095.0,2026-08-12T13:58:57.461466+09:00
2025-11-27,3851,806.0,806.0,800.0,805.0,1300,OK,kabutan,805.0,minkabu,805.0,2026-08-12T13:55:13.264047+09:00
2025-11-27,4073,594.0,594.0,586.0,593.0,900,OK,kabutan,593.0,minkabu,593.0,2026-08-12T13:56:27.298082+09:00
2025-11-27,4937,1745.0,1751.0,1740.0,1741.0,22600,OK,kabutan,1741.0,minkabu,1741.0,2026-08-12T13:57:41.097899+09:00
2025-11-27,6570,1097.0,1116.0,1097.0,1110.0,2900,OK,kabutan,1110.0,minkabu,1110.0,2026-08-12T13:58:57.461466+09:00
2025-11-28,3851,805.0,809.0,805.0,809.0,1200,OK,kabutan,809.0,minkabu,809.0,2026-08-12T13:55:13.264047+09:00
2025-11-28,4073,603.0,610.0,598.0,606.0,5000,OK,kabutan,606.0,minkabu,606.0,2026-08-12T13:56:27.298082+09:00
2025-11-28,4937,1740.0,1740.0,1722.0,1725.0,34200,OK,kabutan,1725.0,minkabu,1725.0,2026-08-12T13:57:41.097899+09:00
2025-11-28,6570,1118.0,1145.0,1118.0,1140.0,10600,OK,kabutan,1140.0,minkabu,1140.0,2026-08-12T13:58:57.461466+09:00
2025-12-01,3851,804.0,804.0,801.0,802.0,3300,OK,kabutan,802.0,minkabu,802.0,2026-08-12T13:55:13.264047+09:00
2025-12-01,4073,596.0,600.0,592.0,600.0,2400,OK,kabutan,600.0,minkabu,600.0,2026-08-12T13:56:27.298082+09:00
2025-12-01,4937,1728.0,1740.0,1728.0,1728.0,16800,OK,kabutan,1728.0,minkabu,1728.0,2026-08-12T13:57:41.097899+09:00
2025-12-01,6570,1143.0,1143.0,1120.0,1120.0,2300,OK,kabutan,1120.0,minkabu,1120.0,2026-08-12T13:58:57.461466+09:00
2025-12-02,3851,805.0,808.0,803.0,808.0,2800,OK,kabutan,808.0,minkabu,808.0,2026-08-12T13:55:13.264047+09:00
2025-12-02,4073,599.0,608.0,593.0,593.0,2000,OK,kabutan,593.0,minkabu,593.0,2026-08-12T13:56:27.298082+09:00
2025-12-02,4937,1728.0,1728.0,1711.0,1714.0,17900,OK,kabutan,1714.0,minkabu,1714.0,2026-08-12T13:57:41.097899+09:00
2025-12-02,6570,1120.0,1150.0,1100.0,1100.0,4800,OK,kabutan,1100.0,minkabu,1100.0,2026-08-12T13:58:57.461466+09:00
2025-12-03,3851,808.0,814.0,805.0,814.0,1600,OK,kabutan,814.0,minkabu,814.0,2026-08-12T13:55:13.264047+09:00
2025-12-03,4073,600.0,600.0,588.0,588.0,1000,OK,kabutan,588.0,minkabu,588.0,2026-08-12T13:56:27.298082+09:00
2025-12-03,4937,1715.0,1719.0,1711.0,1711.0,11200,OK,kabutan,1711.0,minkabu,1711.0,2026-08-12T13:57:41.097899+09:00
2025-12-03,6570,1111.0,1111.0,1080.0,1087.0,3800,OK,kabutan,1087.0,minkabu,1087.0,2026-08-12T13:58:57.461466+09:00
2025-12-04,3851,814.0,814.0,805.0,808.0,5300,OK,kabutan,808.0,minkabu,808.0,2026-08-12T13:55:13.264047+09:00
2025-12-04,4073,587.0,592.0,587.0,590.0,3300,OK,kabutan,590.0,minkabu,590.0,2026-08-12T13:56:27.298082+09:00
2025-12-04,4937,1712.0,1744.0,1712.0,1744.0,22700,OK,kabutan,1744.0,minkabu,1744.0,2026-08-12T13:57:41.097899+09:00
2025-12-04,6570,1093.0,1147.0,1093.0,1104.0,5300,OK,kabutan,1104.0,minkabu,1104.0,2026-08-12T13:58:57.461466+09:00
2025-12-05,3851,807.0,809.0,807.0,807.0,900,OK,kabutan,807.0,minkabu,807.0,2026-08-12T13:55:13.264047+09:00
2025-12-05,4073,586.0,595.0,585.0,595.0,3900,OK,kabutan,595.0,minkabu,595.0,2026-08-12T13:56:27.298082+09:00
2025-12-05,4937,1743.0,1743.0,1725.0,1736.0,17900,OK,kabutan,1736.0,minkabu,1736.0,2026-08-12T13:57:41.097899+09:00
2025-12-05,6570,1107.0,1107.0,1100.0,1106.0,2900,OK,kabutan,1106.0,minkabu,1106.0,2026-08-12T13:58:57.461466+09:00
2025-12-08,3851,801.0,807.0,786.0,797.0,10700,OK,kabutan,797.0,minkabu,797.0,2026-08-12T13:55:13.264047+09:00
2025-12-08,4073,586.0,588.0,586.0,588.0,200,OK,kabutan,588.0,minkabu,588.0,2026-08-12T13:56:27.298082+09:00
2025-12-08,4937,1745.0,1745.0,1731.0,1741.0,38500,OK,kabutan,1741.0,minkabu,1741.0,2026-08-12T13:57:41.097899+09:00
2025-12-08,6570,1106.0,1149.0,1106.0,1131.0,2200,OK,kabutan,1131.0,minkabu,1131.0,2026-08-12T13:58:57.461466+09:00
2025-12-09,3851,805.0,805.0,787.0,799.0,58600,OK,kabutan,799.0,minkabu,799.0,2026-08-12T13:55:13.264047+09:00
2025-12-09,4073,588.0,588.0,580.0,582.0,2100,OK,kabutan,582.0,minkabu,582.0,2026-08-12T13:56:27.298082+09:00
2025-12-09,4937,1737.0,1742.0,1732.0,1742.0,14900,OK,kabutan,1742.0,minkabu,1742.0,2026-08-12T13:57:41.097899+09:00
2025-12-09,6570,1133.0,1141.0,1124.0,1127.0,3500,OK,kabutan,1127.0,minkabu,1127.0,2026-08-12T13:58:57.461466+09:00
2025-12-10,3851,799.0,799.0,790.0,791.0,52300,OK,kabutan,791.0,minkabu,791.0,2026-08-12T13:55:13.264047+09:00
2025-12-10,4073,581.0,585.0,581.0,581.0,2200,OK,kabutan,581.0,minkabu,581.0,2026-08-12T13:56:27.298082+09:00
2025-12-10,4937,1742.0,1757.0,1723.0,1730.0,53600,OK,kabutan,1730.0,minkabu,1730.0,2026-08-12T13:57:41.097899+09:00
2025-12-10,6570,1127.0,1127.0,1104.0,1125.0,4500,OK,kabutan,1125.0,minkabu,1125.0,2026-08-12T13:58:57.461466+09:00
2025-12-11,3851,796.0,796.0,786.0,787.0,2100,OK,kabutan,787.0,minkabu,787.0,2026-08-12T13:55:13.264047+09:00
2025-12-11,4073,581.0,581.0,576.0,576.0,1600,OK,kabutan,576.0,minkabu,576.0,2026-08-12T13:56:27.298082+09:00
2025-12-11,4937,1703.0,1703.0,1541.0,1544.0,13900,OK,kabutan,1544.0,minkabu,1544.0,2026-08-12T13:57:41.097899+09:00
2025-12-11,6570,1125.0,1125.0,1105.0,1105.0,2100,OK,kabutan,1105.0,minkabu,1105.0,2026-08-12T13:58:57.461466+09:00
2025-12-12,3851,787.0,796.0,787.0,796.0,4900,OK,kabutan,796.0,minkabu,796.0,2026-08-12T13:55:13.264047+09:00
2025-12-12,4073,576.0,579.0,575.0,577.0,3000,OK,kabutan,577.0,minkabu,577.0,2026-08-12T13:56:27.298082+09:00
2025-12-12,4937,1528.0,1598.0,1365.0,1393.0,53200,OK,kabutan,1393.0,minkabu,1393.0,2026-08-12T13:57:41.097899+09:00
2025-12-12,6570,1125.0,1125.0,1102.0,1104.0,2900,OK,kabutan,1104.0,minkabu,1104.0,2026-08-12T13:58:57.461466+09:00
2025-12-15,3851,796.0,800.0,785.0,785.0,7900,OK,kabutan,785.0,minkabu,785.0,2026-08-12T13:55:13.264047+09:00
2025-12-15,4073,575.0,580.0,570.0,576.0,7600,OK,kabutan,576.0,minkabu,576.0,2026-08-12T13:56:27.298082+09:00
2025-12-15,4937,1407.0,1407.0,1352.0,1353.0,22500,OK,kabutan,1353.0,minkabu,1353.0,2026-08-12T13:57:41.097899+09:00
2025-12-15,6570,1105.0,1145.0,1105.0,1144.0,4100,OK,kabutan,1144.0,minkabu,1144.0,2026-08-12T13:58:57.461466+09:00
2025-12-16,3851,790.0,802.0,789.0,802.0,7000,OK,kabutan,802.0,minkabu,802.0,2026-08-12T13:55:13.264047+09:00
2025-12-16,4073,570.0,577.0,569.0,569.0,3300,OK,kabutan,569.0,minkabu,569.0,2026-08-12T13:56:27.298082+09:00
2025-12-16,4937,1339.0,1347.0,1292.0,1315.0,17700,OK,kabutan,1315.0,minkabu,1315.0,2026-08-12T13:57:41.097899+09:00
2025-12-16,6570,1145.0,1145.0,1122.0,1132.0,3500,OK,kabutan,1132.0,minkabu,1132.0,2026-08-12T13:58:57.461466+09:00
2025-12-17,3851,805.0,805.0,800.0,802.0,2700,OK,kabutan,802.0,minkabu,802.0,2026-08-12T13:55:13.264047+09:00
2025-12-17,4073,569.0,569.0,567.0,568.0,1900,OK,kabutan,568.0,minkabu,568.0,2026-08-12T13:56:27.298082+09:00
2025-12-17,4937,1325.0,1479.0,1325.0,1355.0,55200,OK,kabutan,1355.0,minkabu,1355.0,2026-08-12T13:57:41.097899+09:00
2025-12-17,6570,1145.0,1170.0,1145.0,1165.0,2500,OK,kabutan,1165.0,minkabu,1165.0,2026-08-12T13:58:57.461466+09:00
2025-12-18,3851,804.0,805.0,763.0,787.0,24900,OK,kabutan,787.0,minkabu,787.0,2026-08-12T13:55:13.264047+09:00
2025-12-18,4073,558.0,566.0,557.0,561.0,4500,OK,kabutan,561.0,minkabu,561.0,2026-08-12T13:56:27.298082+09:00
2025-12-18,4937,1370.0,1370.0,1341.0,1346.0,3700,OK,kabutan,1346.0,minkabu,1346.0,2026-08-12T13:57:41.097899+09:00
2025-12-18,6570,1175.0,1269.0,1175.0,1208.0,21600,OK,kabutan,1208.0,minkabu,1208.0,2026-08-12T13:58:57.461466+09:00
2025-12-19,3851,787.0,792.0,782.0,786.0,7800,OK,kabutan,786.0,minkabu,786.0,2026-08-12T13:55:13.264047+09:00
2025-12-19,4073,571.0,575.0,563.0,567.0,2700,OK,kabutan,567.0,minkabu,567.0,2026-08-12T13:56:27.298082+09:00
2025-12-19,4937,1345.0,1445.0,1344.0,1444.0,43400,OK,kabutan,1444.0,minkabu,1444.0,2026-08-12T13:57:41.097899+09:00
2025-12-19,6570,1227.0,1240.0,1203.0,1240.0,10700,OK,kabutan,1240.0,minkabu,1240.0,2026-08-12T13:58:57.461466+09:00
2025-12-22,3851,791.0,791.0,767.0,776.0,18400,OK,kabutan,776.0,minkabu,776.0,2026-08-12T13:55:13.264047+09:00
2025-12-22,4073,572.0,575.0,545.0,545.0,16400,OK,kabutan,545.0,minkabu,545.0,2026-08-12T13:56:27.298082+09:00
2025-12-22,4937,1415.0,1448.0,1401.0,1409.0,7200,OK,kabutan,1409.0,minkabu,1409.0,2026-08-12T13:57:41.097899+09:00
2025-12-22,6570,1234.0,1240.0,1225.0,1233.0,9200,OK,kabutan,1233.0,minkabu,1233.0,2026-08-12T13:58:57.461466+09:00
2025-12-23,3851,776.0,786.0,770.0,786.0,13700,OK,kabutan,786.0,minkabu,786.0,2026-08-12T13:55:13.264047+09:00
2025-12-23,4073,545.0,560.0,526.0,554.0,11000,OK,kabutan,554.0,minkabu,554.0,2026-08-12T13:56:27.298082+09:00
2025-12-23,4937,1430.0,1450.0,1402.0,1427.0,9800,OK,kabutan,1427.0,minkabu,1427.0,2026-08-12T13:57:41.097899+09:00
2025-12-23,6570,1230.0,1230.0,1206.0,1207.0,5300,OK,kabutan,1207.0,minkabu,1207.0,2026-08-12T13:58:57.461466+09:00
2025-12-24,3851,783.0,790.0,776.0,790.0,14600,OK,kabutan,790.0,minkabu,790.0,2026-08-12T13:55:13.264047+09:00
2025-12-24,4073,554.0,572.0,554.0,562.0,8400,OK,kabutan,562.0,minkabu,562.0,2026-08-12T13:56:27.298082+09:00
2025-12-24,4937,1427.0,1427.0,1400.0,1400.0,3300,OK,kabutan,1400.0,minkabu,1400.0,2026-08-12T13:57:41.097899+09:00
2025-12-24,6570,1204.0,1212.0,1202.0,1207.0,3000,OK,kabutan,1207.0,minkabu,1207.0,2026-08-12T13:58:57.461466+09:00
2025-12-25,3851,791.0,791.0,781.0,787.0,5700,OK,kabutan,787.0,minkabu,787.0,2026-08-12T13:55:13.264047+09:00
2025-12-25,4073,562.0,604.0,562.0,579.0,42700,OK,kabutan,579.0,minkabu,579.0,2026-08-12T13:56:27.298082+09:00
2025-12-25,4937,1391.0,1418.0,1366.0,1367.0,19400,OK,kabutan,1367.0,minkabu,1367.0,2026-08-12T13:57:41.097899+09:00
2025-12-25,6570,1208.0,1208.0,1193.0,1200.0,2800,OK,kabutan,1200.0,minkabu,1200.0,2026-08-12T13:58:57.461466+09:00
2025-12-26,3851,795.0,795.0,785.0,789.0,6400,OK,kabutan,789.0,minkabu,789.0,2026-08-12T13:55:13.264047+09:00
2025-12-26,4073,578.0,593.0,578.0,584.0,6400,OK,kabutan,584.0,minkabu,584.0,2026-08-12T13:56:27.298082+09:00
2025-12-26,4937,1371.0,1391.0,1339.0,1340.0,40900,OK,kabutan,1340.0,minkabu,1340.0,2026-08-12T13:57:41.097899+09:00
2025-12-26,6570,1226.0,1226.0,1200.0,1210.0,6900,OK,kabutan,1210.0,minkabu,1210.0,2026-08-12T13:58:57.461466+09:00
2025-12-29,3851,791.0,804.0,791.0,804.0,3500,OK,kabutan,804.0,minkabu,804.0,2026-08-12T13:55:13.264047+09:00
2025-12-29,4073,591.0,594.0,585.0,585.0,1800,OK,kabutan,585.0,minkabu,585.0,2026-08-12T13:56:27.298082+09:00
2025-12-29,4937,1340.0,1384.0,1340.0,1365.0,21100,OK,kabutan,1365.0,minkabu,1365.0,2026-08-12T13:57:41.097899+09:00
2025-12-29,6570,1229.0,1229.0,1205.0,1205.0,3500,OK,kabutan,1205.0,minkabu,1205.0,2026-08-12T13:58:57.461466+09:00
2025-12-30,3851,805.0,810.0,805.0,810.0,5200,OK,kabutan,810.0,minkabu,810.0,2026-08-12T13:55:13.264047+09:00
2025-12-30,4073,594.0,594.0,584.0,584.0,2200,OK,kabutan,584.0,minkabu,584.0,2026-08-12T13:56:27.298082+09:00
2025-12-30,4937,1355.0,1393.0,1341.0,1377.0,4500,OK,kabutan,1377.0,minkabu,1377.0,2026-08-12T13:57:41.097899+09:00
2025-12-30,6570,1203.0,1210.0,1201.0,1201.0,6200,OK,kabutan,1201.0,minkabu,1201.0,2026-08-12T13:58:57.461466+09:00
2026-01-05,3851,809.0,812.0,803.0,809.0,4400,OK,kabutan,809.0,minkabu,809.0,2026-08-12T13:55:13.264047+09:00
2026-01-05,4073,577.0,588.0,571.0,581.0,6200,OK,kabutan,581.0,minkabu,581.0,2026-08-12T13:56:27.298082+09:00
2026-01-05,4937,1377.0,1382.0,1371.0,1382.0,1800,OK,kabutan,1382.0,minkabu,1382.0,2026-08-12T13:57:41.097899+09:00
2026-01-05,6570,1204.0,1244.0,1204.0,1243.0,4700,OK,kabutan,1243.0,minkabu,1243.0,2026-08-12T13:58:57.461466+09:00
2026-01-06,3851,809.0,809.0,803.0,806.0,1100,OK,kabutan,806.0,minkabu,806.0,2026-08-12T13:55:13.264047+09:00
2026-01-06,4073,578.0,588.0,572.0,581.0,2300,OK,kabutan,581.0,minkabu,581.0,2026-08-12T13:56:27.298082+09:00
2026-01-06,4937,1369.0,1406.0,1369.0,1389.0,1900,OK,kabutan,1389.0,minkabu,1389.0,2026-08-12T13:57:41.097899+09:00
2026-01-06,6570,1243.0,1260.0,1240.0,1260.0,3500,OK,kabutan,1260.0,minkabu,1260.0,2026-08-12T13:58:57.461466+09:00
2026-01-07,3851,804.0,809.0,803.0,805.0,1700,OK,kabutan,805.0,minkabu,805.0,2026-08-12T13:55:13.264047+09:00
2026-01-07,4073,580.0,587.0,580.0,585.0,1900,OK,kabutan,585.0,minkabu,585.0,2026-08-12T13:56:27.298082+09:00
2026-01-07,4937,1376.0,1385.0,1366.0,1375.0,3400,OK,kabutan,1375.0,minkabu,1375.0,2026-08-12T13:57:41.097899+09:00
2026-01-07,6570,1259.0,1263.0,1232.0,1263.0,2800,OK,kabutan,1263.0,minkabu,1263.0,2026-08-12T13:58:57.461466+09:00
2026-01-08,3851,806.0,810.0,802.0,809.0,3300,OK,kabutan,809.0,minkabu,809.0,2026-08-12T13:55:13.264047+09:00
2026-01-08,4073,589.0,590.0,582.0,582.0,2500,OK,kabutan,582.0,minkabu,582.0,2026-08-12T13:56:27.298082+09:00
2026-01-08,4937,1369.0,1376.0,1354.0,1357.0,10000,OK,kabutan,1357.0,minkabu,1357.0,2026-08-12T13:57:41.097899+09:00
2026-01-08,6570,1250.0,1260.0,1249.0,1255.0,2700,OK,kabutan,1255.0,minkabu,1255.0,2026-08-12T13:58:57.461466+09:00
2026-01-09,3851,807.0,810.0,806.0,810.0,1700,OK,kabutan,810.0,minkabu,810.0,2026-08-12T13:55:13.264047+09:00
2026-01-09,4073,585.0,605.0,585.0,595.0,7100,OK,kabutan,595.0,minkabu,595.0,2026-08-12T13:56:27.298082+09:00
2026-01-09,4937,1349.0,1415.0,1349.0,1410.0,14300,OK,kabutan,1410.0,minkabu,1410.0,2026-08-12T13:57:41.097899+09:00
2026-01-09,6570,1262.0,1264.0,1240.0,1242.0,2400,OK,kabutan,1242.0,minkabu,1242.0,2026-08-12T13:58:57.461466+09:00
2026-01-13,3851,811.0,819.0,811.0,811.0,4300,OK,kabutan,811.0,minkabu,811.0,2026-08-12T13:55:13.264047+09:00
2026-01-13,4073,596.0,600.0,590.0,598.0,2600,OK,kabutan,598.0,minkabu,598.0,2026-08-12T13:56:27.298082+09:00
2026-01-13,4937,1410.0,1410.0,1365.0,1386.0,6500,OK,kabutan,1386.0,minkabu,1386.0,2026-08-12T13:57:41.097899+09:00
2026-01-13,6570,1242.0,1242.0,1225.0,1232.0,4800,OK,kabutan,1232.0,minkabu,1232.0,2026-08-12T13:58:57.461466+09:00
2026-01-14,3851,811.0,811.0,811.0,811.0,1000,OK,kabutan,811.0,minkabu,811.0,2026-08-12T13:55:13.264047+09:00
2026-01-14,4073,600.0,604.0,590.0,598.0,9600,OK,kabutan,598.0,minkabu,598.0,2026-08-12T13:56:27.298082+09:00
2026-01-14,4937,1400.0,1415.0,1366.0,1366.0,20700,OK,kabutan,1366.0,minkabu,1366.0,2026-08-12T13:57:41.097899+09:00
2026-01-14,6570,1236.0,1237.0,1225.0,1237.0,2600,OK,kabutan,1237.0,minkabu,1237.0,2026-08-12T13:58:57.461466+09:00
2026-01-15,3851,815.0,842.0,812.0,820.0,12200,OK,kabutan,820.0,minkabu,820.0,2026-08-12T13:55:13.264047+09:00
2026-01-15,4073,600.0,600.0,590.0,591.0,3900,OK,kabutan,591.0,minkabu,591.0,2026-08-12T13:56:27.298082+09:00
2026-01-15,4937,1364.0,1400.0,1361.0,1388.0,13000,OK,kabutan,1388.0,minkabu,1388.0,2026-08-12T13:57:41.097899+09:00
2026-01-15,6570,1238.0,1242.0,1229.0,1242.0,2600,OK,kabutan,1242.0,minkabu,1242.0,2026-08-12T13:58:57.461466+09:00
2026-01-16,3851,820.0,828.0,820.0,825.0,4800,OK,kabutan,825.0,minkabu,825.0,2026-08-12T13:55:13.264047+09:00
2026-01-16,4073,591.0,603.0,591.0,602.0,4700,OK,kabutan,602.0,minkabu,602.0,2026-08-12T13:56:27.298082+09:00
2026-01-16,4937,1400.0,1454.0,1386.0,1427.0,23500,OK,kabutan,1427.0,minkabu,1427.0,2026-08-12T13:57:41.097899+09:00
2026-01-16,6570,1242.0,1250.0,1238.0,1250.0,2300,OK,kabutan,1250.0,minkabu,1250.0,2026-08-12T13:58:57.461466+09:00
2026-01-19,3851,825.0,829.0,818.0,820.0,5200,OK,kabutan,820.0,minkabu,820.0,2026-08-12T13:55:13.264047+09:00
2026-01-19,4073,604.0,606.0,600.0,600.0,1200,OK,kabutan,600.0,minkabu,600.0,2026-08-12T13:56:27.298082+09:00
2026-01-19,4937,1427.0,1450.0,1385.0,1414.0,5600,OK,kabutan,1414.0,minkabu,1414.0,2026-08-12T13:57:41.097899+09:00
2026-01-19,6570,1255.0,1264.0,1255.0,1263.0,3300,OK,kabutan,1263.0,minkabu,1263.0,2026-08-12T13:58:57.461466+09:00
2026-01-20,3851,820.0,820.0,817.0,820.0,1000,OK,kabutan,820.0,minkabu,820.0,2026-08-12T13:55:13.264047+09:00
2026-01-20,4073,602.0,604.0,594.0,594.0,2300,OK,kabutan,594.0,minkabu,594.0,2026-08-12T13:56:27.298082+09:00
2026-01-20,4937,1403.0,1403.0,1365.0,1389.0,10000,OK,kabutan,1389.0,minkabu,1389.0,2026-08-12T13:57:41.097899+09:00
2026-01-20,6570,1262.0,1263.0,1241.0,1259.0,5700,OK,kabutan,1259.0,minkabu,1259.0,2026-08-12T13:58:57.461466+09:00
2026-01-21,3851,819.0,821.0,816.0,819.0,1400,OK,kabutan,819.0,minkabu,819.0,2026-08-12T13:55:13.264047+09:00
2026-01-21,4073,594.0,594.0,580.0,587.0,4600,OK,kabutan,587.0,minkabu,587.0,2026-08-12T13:56:27.298082+09:00
2026-01-21,4937,1403.0,1403.0,1369.0,1369.0,1600,OK,kabutan,1369.0,minkabu,1369.0,2026-08-12T13:57:41.097899+09:00
2026-01-21,6570,1252.0,1252.0,1240.0,1240.0,4600,OK,kabutan,1240.0,minkabu,1240.0,2026-08-12T13:58:57.461466+09:00
2026-01-22,3851,820.0,820.0,813.0,815.0,1600,OK,kabutan,815.0,minkabu,815.0,2026-08-12T13:55:13.264047+09:00
2026-01-22,4073,587.0,588.0,580.0,580.0,1700,OK,kabutan,580.0,minkabu,580.0,2026-08-12T13:56:27.298082+09:00
2026-01-22,4937,1365.0,1424.0,1364.0,1409.0,3900,OK,kabutan,1409.0,minkabu,1409.0,2026-08-12T13:57:41.097899+09:00
2026-01-22,6570,1245.0,1245.0,1238.0,1242.0,1800,OK,kabutan,1242.0,minkabu,1242.0,2026-08-12T13:58:57.461466+09:00
2026-01-23,3851,812.0,829.0,812.0,829.0,4800,OK,kabutan,829.0,minkabu,829.0,2026-08-12T13:55:13.264047+09:00
2026-01-23,4073,580.0,589.0,579.0,579.0,700,OK,kabutan,579.0,minkabu,579.0,2026-08-12T13:56:27.298082+09:00
2026-01-23,4937,1396.0,1413.0,1396.0,1401.0,2500,OK,kabutan,1401.0,minkabu,1401.0,2026-08-12T13:57:41.097899+09:00
2026-01-23,6570,1249.0,1249.0,1238.0,1238.0,1000,OK,kabutan,1238.0,minkabu,1238.0,2026-08-12T13:58:57.461466+09:00
2026-01-26,3851,830.0,830.0,823.0,826.0,2800,OK,kabutan,826.0,minkabu,826.0,2026-08-12T13:55:13.264047+09:00
2026-01-26,4073,579.0,579.0,579.0,579.0,200,OK,kabutan,579.0,minkabu,579.0,2026-08-12T13:56:27.298082+09:00
2026-01-26,4937,1401.0,1420.0,1400.0,1400.0,1900,OK,kabutan,1400.0,minkabu,1400.0,2026-08-12T13:57:41.097899+09:00
2026-01-26,6570,1237.0,1237.0,1216.0,1224.0,3200,OK,kabutan,1224.0,minkabu,1224.0,2026-08-12T13:58:57.461466+09:00
2026-01-27,3851,828.0,828.0,822.0,826.0,2400,OK,kabutan,826.0,minkabu,826.0,2026-08-12T13:55:13.264047+09:00
2026-01-27,4073,579.0,580.0,578.0,578.0,800,OK,kabutan,578.0,minkabu,578.0,2026-08-12T13:56:27.298082+09:00
2026-01-27,4937,1391.0,1423.0,1381.0,1423.0,3100,OK,kabutan,1423.0,minkabu,1423.0,2026-08-12T13:57:41.097899+09:00
2026-01-27,6570,1238.0,1238.0,1218.0,1218.0,600,OK,kabutan,1218.0,minkabu,1218.0,2026-08-12T13:58:57.461466+09:00
2026-01-28,3851,827.0,828.0,825.0,825.0,2000,OK,kabutan,825.0,minkabu,825.0,2026-08-12T13:55:13.264047+09:00
2026-01-28,4073,577.0,577.0,568.0,568.0,4300,OK,kabutan,568.0,minkabu,568.0,2026-08-12T13:56:27.298082+09:00
2026-01-28,4937,1400.0,1412.0,1373.0,1373.0,2700,OK,kabutan,1373.0,minkabu,1373.0,2026-08-12T13:57:41.097899+09:00
2026-01-28,6570,1218.0,1227.0,1218.0,1220.0,600,OK,kabutan,1220.0,minkabu,1220.0,2026-08-12T13:58:57.461466+09:00
2026-01-29,3851,820.0,829.0,820.0,828.0,2800,OK,kabutan,828.0,minkabu,828.0,2026-08-12T13:55:13.264047+09:00
2026-01-29,4073,568.0,574.0,568.0,574.0,900,OK,kabutan,574.0,minkabu,574.0,2026-08-12T13:56:27.298082+09:00
2026-01-29,4937,1377.0,1400.0,1377.0,1385.0,2100,OK,kabutan,1385.0,minkabu,1385.0,2026-08-12T13:57:41.097899+09:00
2026-01-29,6570,1215.0,1215.0,1185.0,1189.0,5800,OK,kabutan,1189.0,minkabu,1189.0,2026-08-12T13:58:57.461466+09:00
2026-01-30,3851,827.0,828.0,821.0,828.0,1700,OK,kabutan,828.0,minkabu,828.0,2026-08-12T13:55:13.264047+09:00
2026-01-30,4073,569.0,569.0,555.0,560.0,3700,OK,kabutan,560.0,minkabu,560.0,2026-08-12T13:56:27.298082+09:00
2026-01-30,4937,1376.0,1391.0,1372.0,1384.0,2200,OK,kabutan,1384.0,minkabu,1384.0,2026-08-12T13:57:41.097899+09:00
2026-01-30,6570,1189.0,1194.0,1189.0,1193.0,2300,OK,kabutan,1193.0,minkabu,1193.0,2026-08-12T13:58:57.461466+09:00
2026-02-02,3851,823.0,830.0,820.0,824.0,7800,OK,kabutan,824.0,minkabu,824.0,2026-08-12T13:55:13.264047+09:00
2026-02-02,4073,570.0,576.0,565.0,576.0,3300,OK,kabutan,576.0,minkabu,576.0,2026-08-12T13:56:27.298082+09:00
2026-02-02,4937,1384.0,1399.0,1384.0,1385.0,500,OK,kabutan,1385.0,minkabu,1385.0,2026-08-12T13:57:41.097899+09:00
2026-02-02,6570,1204.0,1206.0,1190.0,1190.0,2700,OK,kabutan,1190.0,minkabu,1190.0,2026-08-12T13:58:57.461466+09:00
2026-02-03,3851,824.0,824.0,820.0,820.0,700,OK,kabutan,820.0,minkabu,820.0,2026-08-12T13:55:13.264047+09:00
2026-02-03,4073,569.0,579.0,569.0,571.0,1700,OK,kabutan,571.0,minkabu,571.0,2026-08-12T13:56:27.298082+09:00
2026-02-03,4937,1385.0,1422.0,1385.0,1412.0,6000,OK,kabutan,1412.0,minkabu,1412.0,2026-08-12T13:57:41.097899+09:00
2026-02-03,6570,1189.0,1200.0,1185.0,1198.0,3300,OK,kabutan,1198.0,minkabu,1198.0,2026-08-12T13:58:57.461466+09:00
2026-02-04,3851,820.0,824.0,794.0,820.0,17700,OK,kabutan,820.0,minkabu,820.0,2026-08-12T13:55:13.264047+09:00
2026-02-04,4073,573.0,573.0,570.0,570.0,3200,OK,kabutan,570.0,minkabu,570.0,2026-08-12T13:56:27.298082+09:00
2026-02-04,4937,1402.0,1402.0,1390.0,1397.0,1800,OK,kabutan,1397.0,minkabu,1397.0,2026-08-12T13:57:41.097899+09:00
2026-02-04,6570,1198.0,1230.0,1198.0,1225.0,2400,OK,kabutan,1225.0,minkabu,1225.0,2026-08-12T13:58:57.461466+09:00
2026-02-05,3851,815.0,817.0,804.0,806.0,5400,OK,kabutan,806.0,minkabu,806.0,2026-08-12T13:55:13.264047+09:00
2026-02-05,4073,567.0,575.0,567.0,575.0,400,OK,kabutan,575.0,minkabu,575.0,2026-08-12T13:56:27.298082+09:00
2026-02-05,4937,1409.0,1415.0,1385.0,1385.0,1200,OK,kabutan,1385.0,minkabu,1385.0,2026-08-12T13:57:41.097899+09:00
2026-02-05,6570,1229.0,1230.0,1229.0,1230.0,700,OK,kabutan,1230.0,minkabu,1230.0,2026-08-12T13:58:57.461466+09:00
2026-02-06,3851,806.0,808.0,801.0,808.0,2100,OK,kabutan,808.0,minkabu,808.0,2026-08-12T13:55:13.264047+09:00
2026-02-06,4073,565.0,573.0,563.0,571.0,1900,OK,kabutan,571.0,minkabu,571.0,2026-08-12T13:56:27.298082+09:00
2026-02-06,4937,1378.0,1415.0,1378.0,1400.0,2400,OK,kabutan,1400.0,minkabu,1400.0,2026-08-12T13:57:41.097899+09:00
2026-02-06,6570,1230.0,1234.0,1224.0,1229.0,3800,OK,kabutan,1229.0,minkabu,1229.0,2026-08-12T13:58:57.461466+09:00
2026-02-09,3851,816.0,819.0,810.0,818.0,3600,OK,kabutan,818.0,minkabu,818.0,2026-08-12T13:55:13.264047+09:00
2026-02-09,4073,571.0,571.0,557.0,560.0,3500,OK,kabutan,560.0,minkabu,560.0,2026-08-12T13:56:27.298082+09:00
2026-02-09,4937,1400.0,1419.0,1393.0,1401.0,2100,OK,kabutan,1401.0,minkabu,1401.0,2026-08-12T13:57:41.097899+09:00
2026-02-09,6570,1230.0,1230.0,1220.0,1228.0,2800,OK,kabutan,1228.0,minkabu,1228.0,2026-08-12T13:58:57.461466+09:00
2026-02-10,3851,815.0,815.0,809.0,814.0,2700,OK,kabutan,814.0,minkabu,814.0,2026-08-12T13:55:13.264047+09:00
2026-02-10,4073,561.0,568.0,559.0,565.0,3500,OK,kabutan,565.0,minkabu,565.0,2026-08-12T13:56:27.298082+09:00
2026-02-10,4937,1405.0,1420.0,1398.0,1402.0,800,OK,kabutan,1402.0,minkabu,1402.0,2026-08-12T13:57:41.097899+09:00
2026-02-10,6570,1229.0,1232.0,1229.0,1232.0,2200,OK,kabutan,1232.0,minkabu,1232.0,2026-08-12T13:58:57.461466+09:00
2026-02-12,3851,814.0,823.0,813.0,817.0,5200,OK,kabutan,817.0,minkabu,817.0,2026-08-12T13:55:13.264047+09:00
2026-02-12,4073,568.0,568.0,561.0,567.0,700,OK,kabutan,567.0,minkabu,567.0,2026-08-12T13:56:27.298082+09:00
2026-02-12,4937,1401.0,1515.0,1401.0,1491.0,18900,OK,kabutan,1491.0,minkabu,1491.0,2026-08-12T13:57:41.097899+09:00
2026-02-12,6570,1235.0,1330.0,1235.0,1261.0,52100,OK,kabutan,1261.0,minkabu,1261.0,2026-08-12T13:58:57.461466+09:00
2026-02-13,3851,818.0,818.0,805.0,805.0,8100,OK,kabutan,805.0,minkabu,805.0,2026-08-12T13:55:13.264047+09:00
2026-02-13,4073,559.0,570.0,559.0,560.0,4400,OK,kabutan,560.0,minkabu,560.0,2026-08-12T13:56:27.298082+09:00
2026-02-13,4937,1431.0,1451.0,1379.0,1411.0,18100,OK,kabutan,1411.0,minkabu,1411.0,2026-08-12T13:57:41.097899+09:00
2026-02-13,6570,1280.0,1297.0,1259.0,1264.0,11700,OK,kabutan,1264.0,minkabu,1264.0,2026-08-12T13:58:57.461466+09:00
2026-02-16,3851,806.0,810.0,801.0,806.0,2600,OK,kabutan,806.0,minkabu,806.0,2026-08-12T13:55:13.264047+09:00
2026-02-16,4073,560.0,560.0,553.0,556.0,3600,OK,kabutan,556.0,minkabu,556.0,2026-08-12T13:56:27.298082+09:00
2026-02-16,4937,1430.0,1463.0,1401.0,1401.0,7700,OK,kabutan,1401.0,minkabu,1401.0,2026-08-12T13:57:41.097899+09:00
2026-02-16,6570,1264.0,1335.0,1260.0,1321.0,12600,OK,kabutan,1321.0,minkabu,1321.0,2026-08-12T13:58:57.461466+09:00
2026-02-17,3851,807.0,814.0,804.0,808.0,4300,OK,kabutan,808.0,minkabu,808.0,2026-08-12T13:55:13.264047+09:00
2026-02-17,4073,551.0,564.0,540.0,543.0,11900,OK,kabutan,543.0,minkabu,543.0,2026-08-12T13:56:27.298082+09:00
2026-02-17,4937,1400.0,1480.0,1400.0,1480.0,2800,OK,kabutan,1480.0,minkabu,1480.0,2026-08-12T13:57:41.097899+09:00
2026-02-17,6570,1325.0,1328.0,1268.0,1300.0,3100,OK,kabutan,1300.0,minkabu,1300.0,2026-08-12T13:58:57.461466+09:00
2026-02-18,3851,808.0,811.0,808.0,810.0,2700,OK,kabutan,810.0,minkabu,810.0,2026-08-12T13:55:13.264047+09:00
2026-02-18,4073,545.0,549.0,543.0,543.0,1600,OK,kabutan,543.0,minkabu,543.0,2026-08-12T13:56:27.298082+09:00
2026-02-18,4937,1481.0,1516.0,1449.0,1485.0,3600,OK,kabutan,1485.0,minkabu,1485.0,2026-08-12T13:57:41.097899+09:00
2026-02-18,6570,1300.0,1300.0,1276.0,1277.0,1800,OK,kabutan,1277.0,minkabu,1277.0,2026-08-12T13:58:57.461466+09:00
2026-02-19,3851,818.0,819.0,814.0,819.0,1500,OK,kabutan,819.0,minkabu,819.0,2026-08-12T13:55:13.264047+09:00
2026-02-19,4073,543.0,550.0,542.0,542.0,3200,OK,kabutan,542.0,minkabu,542.0,2026-08-12T13:56:27.298082+09:00
2026-02-19,4937,1478.0,1544.0,1462.0,1462.0,3200,OK,kabutan,1462.0,minkabu,1462.0,2026-08-12T13:57:41.097899+09:00
2026-02-19,6570,1282.0,1303.0,1280.0,1303.0,3200,OK,kabutan,1303.0,minkabu,1303.0,2026-08-12T13:58:57.461466+09:00
2026-02-20,3851,822.0,825.0,816.0,825.0,3900,OK,kabutan,825.0,minkabu,825.0,2026-08-12T13:55:13.264047+09:00
2026-02-20,4073,542.0,545.0,542.0,545.0,4800,OK,kabutan,545.0,minkabu,545.0,2026-08-12T13:56:27.298082+09:00
2026-02-20,4937,1472.0,1628.0,1437.0,1515.0,30500,OK,kabutan,1515.0,minkabu,1515.0,2026-08-12T13:57:41.097899+09:00
2026-02-20,6570,1299.0,1315.0,1266.0,1275.0,4600,OK,kabutan,1275.0,minkabu,1275.0,2026-08-12T13:58:57.461466+09:00
2026-02-24,3851,830.0,831.0,825.0,825.0,6100,OK,kabutan,825.0,minkabu,825.0,2026-08-12T13:55:13.264047+09:00
2026-02-24,4073,555.0,555.0,541.0,541.0,2200,OK,kabutan,541.0,minkabu,541.0,2026-08-12T13:56:27.298082+09:00
2026-02-24,4937,1507.0,1520.0,1503.0,1503.0,4000,OK,kabutan,1503.0,minkabu,1503.0,2026-08-12T13:57:41.097899+09:00
2026-02-24,6570,1281.0,1295.0,1277.0,1294.0,3800,OK,kabutan,1294.0,minkabu,1294.0,2026-08-12T13:58:57.461466+09:00
2026-02-25,3851,829.0,829.0,823.0,824.0,1800,OK,kabutan,824.0,minkabu,824.0,2026-08-12T13:55:13.264047+09:00
2026-02-25,4073,539.0,541.0,539.0,539.0,4200,OK,kabutan,539.0,minkabu,539.0,2026-08-12T13:56:27.298082+09:00
2026-02-25,4937,1464.0,1538.0,1464.0,1532.0,4000,OK,kabutan,1532.0,minkabu,1532.0,2026-08-12T13:57:41.097899+09:00
2026-02-25,6570,1290.0,1290.0,1274.0,1282.0,4200,OK,kabutan,1282.0,minkabu,1282.0,2026-08-12T13:58:57.461466+09:00
2026-02-26,3851,823.0,829.0,822.0,825.0,1900,OK,kabutan,825.0,minkabu,825.0,2026-08-12T13:55:13.264047+09:00
2026-02-26,4073,539.0,540.0,536.0,539.0,5600,OK,kabutan,539.0,minkabu,539.0,2026-08-12T13:56:27.298082+09:00
2026-02-26,4937,1532.0,1551.0,1498.0,1520.0,3100,OK,kabutan,1520.0,minkabu,1520.0,2026-08-12T13:57:41.097899+09:00
2026-02-26,6570,1280.0,1280.0,1272.0,1277.0,4100,OK,kabutan,1277.0,minkabu,1277.0,2026-08-12T13:58:57.461466+09:00
2026-02-27,3851,823.0,830.0,823.0,828.0,1900,OK,kabutan,828.0,minkabu,828.0,2026-08-12T13:55:13.264047+09:00
2026-02-27,4073,539.0,565.0,538.0,565.0,12100,OK,kabutan,565.0,minkabu,565.0,2026-08-12T13:56:27.298082+09:00
2026-02-27,4937,1505.0,1538.0,1500.0,1538.0,4700,OK,kabutan,1538.0,minkabu,1538.0,2026-08-12T13:57:41.097899+09:00
2026-02-27,6570,1280.0,1284.0,1275.0,1277.0,2000,OK,kabutan,1277.0,minkabu,1277.0,2026-08-12T13:58:57.461466+09:00
2026-03-02,3851,831.0,831.0,821.0,830.0,2700,OK,kabutan,830.0,minkabu,830.0,2026-08-12T13:55:13.264047+09:00
2026-03-02,4073,555.0,556.0,550.0,550.0,3900,OK,kabutan,550.0,minkabu,550.0,2026-08-12T13:56:27.298082+09:00
2026-03-02,4937,1511.0,1559.0,1501.0,1537.0,1700,OK,kabutan,1537.0,minkabu,1537.0,2026-08-12T13:57:41.097899+09:00
2026-03-02,6570,1273.0,1310.0,1273.0,1300.0,4400,OK,kabutan,1300.0,minkabu,1300.0,2026-08-12T13:58:57.461466+09:00
2026-03-03,3851,831.0,831.0,826.0,827.0,1700,OK,kabutan,827.0,minkabu,827.0,2026-08-12T13:55:13.264047+09:00
2026-03-03,4073,540.0,542.0,526.0,526.0,16100,OK,kabutan,526.0,minkabu,526.0,2026-08-12T13:56:27.298082+09:00
2026-03-03,4937,1569.0,1579.0,1559.0,1578.0,3100,OK,kabutan,1578.0,minkabu,1578.0,2026-08-12T13:57:41.097899+09:00
2026-03-03,6570,1299.0,1325.0,1292.0,1306.0,4000,OK,kabutan,1306.0,minkabu,1306.0,2026-08-12T13:58:57.461466+09:00
2026-03-04,3851,825.0,830.0,813.0,830.0,4100,OK,kabutan,830.0,minkabu,830.0,2026-08-12T13:55:13.264047+09:00
2026-03-04,4073,516.0,517.0,509.0,509.0,11400,OK,kabutan,509.0,minkabu,509.0,2026-08-12T13:56:27.298082+09:00
2026-03-04,4937,1541.0,1590.0,1450.0,1456.0,9400,OK,kabutan,1456.0,minkabu,1456.0,2026-08-12T13:57:41.097899+09:00
2026-03-04,6570,1295.0,1306.0,1250.0,1279.0,11900,OK,kabutan,1279.0,minkabu,1279.0,2026-08-12T13:58:57.461466+09:00
2026-03-05,3851,824.0,829.0,811.0,828.0,4400,OK,kabutan,828.0,minkabu,828.0,2026-08-12T13:55:13.264047+09:00
2026-03-05,4073,515.0,520.0,507.0,516.0,10900,OK,kabutan,516.0,minkabu,516.0,2026-08-12T13:56:27.298082+09:00
2026-03-05,4937,1500.0,1540.0,1500.0,1530.0,2300,OK,kabutan,1530.0,minkabu,1530.0,2026-08-12T13:57:41.097899+09:00
2026-03-05,6570,1286.0,1300.0,1280.0,1280.0,3500,OK,kabutan,1280.0,minkabu,1280.0,2026-08-12T13:58:57.461466+09:00
2026-03-06,3851,821.0,835.0,816.0,835.0,2600,OK,kabutan,835.0,minkabu,835.0,2026-08-12T13:55:13.264047+09:00
2026-03-06,4073,511.0,521.0,510.0,515.0,6300,OK,kabutan,515.0,minkabu,515.0,2026-08-12T13:56:27.298082+09:00
2026-03-06,4937,1530.0,1550.0,1530.0,1530.0,2700,OK,kabutan,1530.0,minkabu,1530.0,2026-08-12T13:57:41.097899+09:00
2026-03-06,6570,1280.0,1313.0,1271.0,1309.0,1900,OK,kabutan,1309.0,minkabu,1309.0,2026-08-12T13:58:57.461466+09:00
2026-03-09,3851,820.0,833.0,815.0,820.0,9700,OK,kabutan,820.0,minkabu,820.0,2026-08-12T13:55:13.264047+09:00
2026-03-09,4073,500.0,508.0,495.0,507.0,16000,OK,kabutan,507.0,minkabu,507.0,2026-08-12T13:56:27.298082+09:00
2026-03-09,4937,1500.0,1530.0,1440.0,1530.0,3500,OK,kabutan,1530.0,minkabu,1530.0,2026-08-12T13:57:41.097899+09:00
2026-03-09,6570,1263.0,1308.0,1224.0,1308.0,17500,OK,kabutan,1308.0,minkabu,1308.0,2026-08-12T13:58:57.461466+09:00
2026-03-10,3851,825.0,834.0,825.0,834.0,1500,OK,kabutan,834.0,minkabu,834.0,2026-08-12T13:55:13.264047+09:00
2026-03-10,4073,507.0,518.0,507.0,510.0,3900,OK,kabutan,510.0,minkabu,510.0,2026-08-12T13:56:27.298082+09:00
2026-03-10,4937,1547.0,1548.0,1547.0,1548.0,200,OK,kabutan,1548.0,minkabu,1548.0,2026-08-12T13:57:41.097899+09:00
2026-03-10,6570,1308.0,1310.0,1282.0,1297.0,4100,OK,kabutan,1297.0,minkabu,1297.0,2026-08-12T13:58:57.461466+09:00
2026-03-11,3851,835.0,843.0,830.0,843.0,7000,OK,kabutan,843.0,minkabu,843.0,2026-08-12T13:55:13.264047+09:00
2026-03-11,4073,511.0,514.0,495.0,510.0,4500,OK,kabutan,510.0,minkabu,510.0,2026-08-12T13:56:27.298082+09:00
2026-03-11,4937,1520.0,1548.0,1450.0,1483.0,13100,OK,kabutan,1483.0,minkabu,1483.0,2026-08-12T13:57:41.097899+09:00
2026-03-11,6570,1316.0,1320.0,1297.0,1310.0,4400,OK,kabutan,1310.0,minkabu,1310.0,2026-08-12T13:58:57.461466+09:00
2026-03-12,3851,842.0,842.0,835.0,835.0,5100,OK,kabutan,835.0,minkabu,835.0,2026-08-12T13:55:13.264047+09:00
2026-03-12,4073,507.0,515.0,500.0,515.0,6600,OK,kabutan,515.0,minkabu,515.0,2026-08-12T13:56:27.298082+09:00
2026-03-12,4937,1483.0,1483.0,1431.0,1431.0,4100,OK,kabutan,1431.0,minkabu,1431.0,2026-08-12T13:57:41.097899+09:00
2026-03-12,6570,1309.0,1335.0,1309.0,1335.0,3100,OK,kabutan,1335.0,minkabu,1335.0,2026-08-12T13:58:57.461466+09:00
2026-03-13,3851,839.0,843.0,838.0,843.0,5200,OK,kabutan,843.0,minkabu,843.0,2026-08-12T13:55:13.264047+09:00
2026-03-13,4073,508.0,510.0,502.0,508.0,2800,OK,kabutan,508.0,minkabu,508.0,2026-08-12T13:56:27.298082+09:00
2026-03-13,4937,1400.0,1415.0,1385.0,1395.0,10100,OK,kabutan,1395.0,minkabu,1395.0,2026-08-12T13:57:41.097899+09:00
2026-03-13,6570,1330.0,1342.0,1309.0,1315.0,4400,OK,kabutan,1315.0,minkabu,1315.0,2026-08-12T13:58:57.461466+09:00
2026-03-16,3851,845.0,850.0,840.0,845.0,9200,OK,kabutan,845.0,minkabu,845.0,2026-08-12T13:55:13.264047+09:00
2026-03-16,4073,510.0,519.0,505.0,519.0,2900,OK,kabutan,519.0,minkabu,519.0,2026-08-12T13:56:27.298082+09:00
2026-03-16,4937,1395.0,1434.0,1387.0,1401.0,3300,OK,kabutan,1401.0,minkabu,1401.0,2026-08-12T13:57:41.097899+09:00
2026-03-16,6570,1296.0,1306.0,1283.0,1306.0,3900,OK,kabutan,1306.0,minkabu,1306.0,2026-08-12T13:58:57.461466+09:00
2026-03-17,3851,848.0,850.0,843.0,844.0,3300,OK,kabutan,844.0,minkabu,844.0,2026-08-12T13:55:13.264047+09:00
2026-03-17,4073,519.0,519.0,509.0,513.0,1600,OK,kabutan,513.0,minkabu,513.0,2026-08-12T13:56:27.298082+09:00
2026-03-17,4937,1394.0,1460.0,1394.0,1399.0,1400,OK,kabutan,1399.0,minkabu,1399.0,2026-08-12T13:57:41.097899+09:00
2026-03-17,6570,1302.0,1306.0,1289.0,1306.0,1800,OK,kabutan,1306.0,minkabu,1306.0,2026-08-12T13:58:57.461466+09:00
2026-03-18,3851,848.0,850.0,845.0,849.0,1600,OK,kabutan,849.0,minkabu,849.0,2026-08-12T13:55:13.264047+09:00
2026-03-18,4073,503.0,518.0,503.0,518.0,6000,OK,kabutan,518.0,minkabu,518.0,2026-08-12T13:56:27.298082+09:00
2026-03-18,4937,1395.0,1467.0,1300.0,1404.0,28100,OK,kabutan,1404.0,minkabu,1404.0,2026-08-12T13:57:41.097899+09:00
2026-03-18,6570,1308.0,1311.0,1300.0,1300.0,2800,OK,kabutan,1300.0,minkabu,1300.0,2026-08-12T13:58:57.461466+09:00
2026-03-19,3851,845.0,849.0,839.0,849.0,4900,OK,kabutan,849.0,minkabu,849.0,2026-08-12T13:55:13.264047+09:00
2026-03-19,4073,511.0,511.0,496.0,506.0,6800,OK,kabutan,506.0,minkabu,506.0,2026-08-12T13:56:27.298082+09:00
2026-03-19,4937,1400.0,1400.0,1377.0,1384.0,800,OK,kabutan,1384.0,minkabu,1384.0,2026-08-12T13:57:41.097899+09:00
2026-03-19,6570,1297.0,1300.0,1272.0,1282.0,3500,OK,kabutan,1282.0,minkabu,1282.0,2026-08-12T13:58:57.461466+09:00
2026-03-23,3851,842.0,845.0,828.0,840.0,7900,OK,kabutan,840.0,minkabu,840.0,2026-08-12T13:55:13.264047+09:00
2026-03-23,4073,495.0,500.0,493.0,500.0,6300,OK,kabutan,500.0,minkabu,500.0,2026-08-12T13:56:27.298082+09:00
2026-03-23,4937,1359.0,1364.0,1269.0,1281.0,29200,OK,kabutan,1281.0,minkabu,1281.0,2026-08-12T13:57:41.097899+09:00
2026-03-23,6570,1300.0,1300.0,1256.0,1261.0,9500,OK,kabutan,1261.0,minkabu,1261.0,2026-08-12T13:58:57.461466+09:00
2026-03-24,3851,846.0,848.0,845.0,845.0,1600,OK,kabutan,845.0,minkabu,845.0,2026-08-12T13:55:13.264047+09:00
2026-03-24,4073,510.0,510.0,503.0,503.0,1200,OK,kabutan,503.0,minkabu,503.0,2026-08-12T13:56:27.298082+09:00
2026-03-24,4937,1307.0,1335.0,1307.0,1335.0,1400,OK,kabutan,1335.0,minkabu,1335.0,2026-08-12T13:57:41.097899+09:00
2026-03-24,6570,1270.0,1285.0,1267.0,1285.0,2800,OK,kabutan,1285.0,minkabu,1285.0,2026-08-12T13:58:57.461466+09:00
2026-03-25,3851,849.0,850.0,841.0,843.0,2900,OK,kabutan,843.0,minkabu,843.0,2026-08-12T13:55:13.264047+09:00
2026-03-25,4073,504.0,517.0,501.0,517.0,5500,OK,kabutan,517.0,minkabu,517.0,2026-08-12T13:56:27.298082+09:00
2026-03-25,4937,1305.0,1359.0,1305.0,1359.0,10800,OK,kabutan,1359.0,minkabu,1359.0,2026-08-12T13:57:41.097899+09:00
2026-03-25,6570,1285.0,1290.0,1280.0,1287.0,4200,OK,kabutan,1287.0,minkabu,1287.0,2026-08-12T13:58:57.461466+09:00
2026-03-26,3851,847.0,847.0,837.0,839.0,2700,OK,kabutan,839.0,minkabu,839.0,2026-08-12T13:55:13.264047+09:00
2026-03-26,4073,507.0,513.0,506.0,513.0,2700,OK,kabutan,513.0,minkabu,513.0,2026-08-12T13:56:27.298082+09:00
2026-03-26,4937,1348.0,1377.0,1348.0,1375.0,700,OK,kabutan,1375.0,minkabu,1375.0,2026-08-12T13:57:41.097899+09:00
2026-03-26,6570,1287.0,1295.0,1287.0,1290.0,4200,OK,kabutan,1290.0,minkabu,1290.0,2026-08-12T13:58:57.461466+09:00
2026-03-27,3851,840.0,845.0,839.0,840.0,2500,OK,kabutan,840.0,minkabu,840.0,2026-08-12T13:55:13.264047+09:00
2026-03-27,4073,509.0,515.0,509.0,512.0,3800,OK,kabutan,512.0,minkabu,512.0,2026-08-12T13:56:27.298082+09:00
2026-03-27,4937,1345.0,1360.0,1345.0,1360.0,300,OK,kabutan,1360.0,minkabu,1360.0,2026-08-12T13:57:41.097899+09:00
2026-03-27,6570,1279.0,1300.0,1230.0,1230.0,37800,OK,kabutan,1230.0,minkabu,1230.0,2026-08-12T13:58:57.461466+09:00
2026-03-30,3851,844.0,845.0,843.0,844.0,1300,OK,kabutan,844.0,minkabu,844.0,2026-08-12T13:55:13.264047+09:00
2026-03-30,4073,503.0,503.0,500.0,500.0,3200,OK,kabutan,500.0,minkabu,500.0,2026-08-12T13:56:27.298082+09:00
2026-03-30,4937,1381.0,1398.0,1326.0,1398.0,3000,OK,kabutan,1398.0,minkabu,1398.0,2026-08-12T13:57:41.097899+09:00
2026-03-30,6570,1217.0,1232.0,1185.0,1191.0,20500,OK,kabutan,1191.0,minkabu,1191.0,2026-08-12T13:58:57.461466+09:00
2026-03-31,3851,844.0,844.0,839.0,839.0,1000,OK,kabutan,839.0,minkabu,839.0,2026-08-12T13:55:13.264047+09:00
2026-03-31,4073,506.0,510.0,506.0,509.0,1000,OK,kabutan,509.0,minkabu,509.0,2026-08-12T13:56:27.298082+09:00
2026-03-31,4937,1370.0,1373.0,1370.0,1372.0,300,OK,kabutan,1372.0,minkabu,1372.0,2026-08-12T13:57:41.097899+09:00
2026-03-31,6570,1187.0,1217.0,1125.0,1158.0,11200,OK,kabutan,1158.0,minkabu,1158.0,2026-08-12T13:58:57.461466+09:00
2026-04-01,3851,834.0,843.0,834.0,841.0,1100,OK,kabutan,841.0,minkabu,841.0,2026-08-12T13:55:13.264047+09:00
2026-04-01,4073,500.0,503.0,500.0,501.0,1000,OK,kabutan,501.0,minkabu,501.0,2026-08-12T13:56:27.298082+09:00
2026-04-01,4937,1370.0,1397.0,1370.0,1389.0,900,OK,kabutan,1389.0,minkabu,1389.0,2026-08-12T13:57:41.097899+09:00
2026-04-01,6570,1174.0,1205.0,1153.0,1179.0,4100,OK,kabutan,1179.0,minkabu,1179.0,2026-08-12T13:58:57.461466+09:00
2026-04-02,3851,841.0,849.0,841.0,849.0,4400,OK,kabutan,849.0,minkabu,849.0,2026-08-12T13:55:13.264047+09:00
2026-04-02,4073,503.0,508.0,503.0,508.0,400,OK,kabutan,508.0,minkabu,508.0,2026-08-12T13:56:27.298082+09:00
2026-04-02,4937,1375.0,1388.0,1360.0,1363.0,1400,OK,kabutan,1363.0,minkabu,1363.0,2026-08-12T13:57:41.097899+09:00
2026-04-02,6570,1179.0,1217.0,1179.0,1217.0,1900,OK,kabutan,1217.0,minkabu,1217.0,2026-08-12T13:58:57.461466+09:00
2026-04-03,3851,848.0,848.0,836.0,843.0,2500,OK,kabutan,843.0,minkabu,843.0,2026-08-12T13:55:13.264047+09:00
2026-04-03,4073,505.0,505.0,500.0,500.0,1900,OK,kabutan,500.0,minkabu,500.0,2026-08-12T13:56:27.298082+09:00
2026-04-03,4937,1360.0,1375.0,1345.0,1357.0,900,OK,kabutan,1357.0,minkabu,1357.0,2026-08-12T13:57:41.097899+09:00
2026-04-03,6570,1210.0,1234.0,1210.0,1212.0,6700,OK,kabutan,1212.0,minkabu,1212.0,2026-08-12T13:58:57.461466+09:00
2026-04-06,3851,841.0,845.0,840.0,845.0,600,OK,kabutan,845.0,minkabu,845.0,2026-08-12T13:55:13.264047+09:00
2026-04-06,4073,507.0,507.0,500.0,500.0,2700,OK,kabutan,500.0,minkabu,500.0,2026-08-12T13:56:27.298082+09:00
2026-04-06,4937,1378.0,1380.0,1351.0,1379.0,600,OK,kabutan,1379.0,minkabu,1379.0,2026-08-12T13:57:41.097899+09:00
2026-04-06,6570,1212.0,1225.0,1212.0,1218.0,1300,OK,kabutan,1218.0,minkabu,1218.0,2026-08-12T13:58:57.461466+09:00
2026-04-07,3851,845.0,845.0,842.0,842.0,700,OK,kabutan,842.0,minkabu,842.0,2026-08-12T13:55:13.264047+09:00
2026-04-07,4073,500.0,505.0,500.0,505.0,6400,OK,kabutan,505.0,minkabu,505.0,2026-08-12T13:56:27.298082+09:00
2026-04-07,4937,1349.0,1355.0,1330.0,1330.0,4600,OK,kabutan,1330.0,minkabu,1330.0,2026-08-12T13:57:41.097899+09:00
2026-04-07,6570,1218.0,1277.0,1218.0,1235.0,7600,OK,kabutan,1235.0,minkabu,1235.0,2026-08-12T13:58:57.461466+09:00
2026-04-08,3851,843.0,849.0,843.0,849.0,2500,OK,kabutan,849.0,minkabu,849.0,2026-08-12T13:55:13.264047+09:00
2026-04-08,4073,505.0,508.0,501.0,508.0,1000,OK,kabutan,508.0,minkabu,508.0,2026-08-12T13:56:27.298082+09:00
2026-04-08,4937,1324.0,1342.0,1324.0,1331.0,2900,OK,kabutan,1331.0,minkabu,1331.0,2026-08-12T13:57:41.097899+09:00
2026-04-08,6570,1240.0,1259.0,1240.0,1241.0,3900,OK,kabutan,1241.0,minkabu,1241.0,2026-08-12T13:58:57.461466+09:00
2026-04-09,3851,849.0,849.0,845.0,849.0,500,OK,kabutan,849.0,minkabu,849.0,2026-08-12T13:55:13.264047+09:00
2026-04-09,4073,508.0,511.0,508.0,511.0,300,OK,kabutan,511.0,minkabu,511.0,2026-08-12T13:56:27.298082+09:00
2026-04-09,4937,1295.0,1300.0,1294.0,1294.0,4100,OK,kabutan,1294.0,minkabu,1294.0,2026-08-12T13:57:41.097899+09:00
2026-04-09,6570,1245.0,1245.0,1214.0,1214.0,4100,OK,kabutan,1214.0,minkabu,1214.0,2026-08-12T13:58:57.461466+09:00
2026-04-10,3851,849.0,849.0,841.0,843.0,600,OK,kabutan,843.0,minkabu,843.0,2026-08-12T13:55:13.264047+09:00
2026-04-10,4073,516.0,516.0,506.0,511.0,3300,OK,kabutan,511.0,minkabu,511.0,2026-08-12T13:56:27.298082+09:00
2026-04-10,4937,1272.0,1284.0,1272.0,1280.0,2600,OK,kabutan,1280.0,minkabu,1280.0,2026-08-12T13:57:41.097899+09:00
2026-04-10,6570,1214.0,1221.0,1214.0,1221.0,500,OK,kabutan,1221.0,minkabu,1221.0,2026-08-12T13:58:57.461466+09:00
2026-04-13,3851,843.0,843.0,843.0,843.0,0,NO_TRADE,kabutan,843.0,,,2026-08-12T13:55:13.264047+09:00
2026-04-13,4073,505.0,505.0,502.0,503.0,1000,OK,kabutan,503.0,minkabu,503.0,2026-08-12T13:56:27.298082+09:00
2026-04-13,4937,1272.0,1297.0,1272.0,1285.0,1400,OK,kabutan,1285.0,minkabu,1285.0,2026-08-12T13:57:41.097899+09:00
2026-04-13,6570,1230.0,1248.0,1228.0,1248.0,2000,OK,kabutan,1248.0,minkabu,1248.0,2026-08-12T13:58:57.461466+09:00
2026-04-14,3851,843.0,850.0,842.0,847.0,3400,OK,kabutan,847.0,minkabu,847.0,2026-08-12T13:55:13.264047+09:00
2026-04-14,4073,503.0,510.0,503.0,506.0,1100,OK,kabutan,506.0,minkabu,506.0,2026-08-12T13:56:27.298082+09:00
2026-04-14,4937,1267.0,1287.0,1267.0,1287.0,2200,OK,kabutan,1287.0,minkabu,1287.0,2026-08-12T13:57:41.097899+09:00
2026-04-14,6570,1251.0,1251.0,1231.0,1238.0,1800,OK,kabutan,1238.0,minkabu,1238.0,2026-08-12T13:58:57.461466+09:00
2026-04-15,3851,848.0,849.0,847.0,849.0,1300,OK,kabutan,849.0,minkabu,849.0,2026-08-12T13:55:13.264047+09:00
2026-04-15,4073,505.0,506.0,505.0,506.0,700,OK,kabutan,506.0,minkabu,506.0,2026-08-12T13:56:27.298082+09:00
2026-04-15,4937,1263.0,1285.0,1263.0,1270.0,3000,OK,kabutan,1270.0,minkabu,1270.0,2026-08-12T13:57:41.097899+09:00
2026-04-15,6570,1236.0,1238.0,1229.0,1229.0,1000,OK,kabutan,1229.0,minkabu,1229.0,2026-08-12T13:58:57.461466+09:00
2026-04-16,3851,849.0,850.0,840.0,850.0,2400,OK,kabutan,850.0,minkabu,850.0,2026-08-12T13:55:13.264047+09:00
2026-04-16,4073,506.0,512.0,506.0,510.0,1300,OK,kabutan,510.0,minkabu,510.0,2026-08-12T13:56:27.298082+09:00
2026-04-16,4937,1289.0,1290.0,1288.0,1290.0,500,OK,kabutan,1290.0,minkabu,1290.0,2026-08-12T13:57:41.097899+09:00
2026-04-16,6570,1240.0,1250.0,1233.0,1242.0,1600,OK,kabutan,1242.0,minkabu,1242.0,2026-08-12T13:58:57.461466+09:00
2026-04-17,3851,850.0,850.0,847.0,848.0,1800,OK,kabutan,848.0,minkabu,848.0,2026-08-12T13:55:13.264047+09:00
2026-04-17,4073,506.0,519.0,506.0,519.0,1700,OK,kabutan,519.0,minkabu,519.0,2026-08-12T13:56:27.298082+09:00
2026-04-17,4937,1320.0,1320.0,1317.0,1317.0,300,OK,kabutan,1317.0,minkabu,1317.0,2026-08-12T13:57:41.097899+09:00
2026-04-17,6570,1235.0,1270.0,1235.0,1270.0,1900,OK,kabutan,1270.0,minkabu,1270.0,2026-08-12T13:58:57.461466+09:00
2026-04-20,3851,849.0,850.0,845.0,850.0,1800,OK,kabutan,850.0,minkabu,850.0,2026-08-12T13:55:13.264047+09:00
2026-04-20,4073,515.0,515.0,508.0,508.0,1000,OK,kabutan,508.0,minkabu,508.0,2026-08-12T13:56:27.298082+09:00
2026-04-20,4937,1290.0,1319.0,1290.0,1315.0,500,OK,kabutan,1315.0,minkabu,1315.0,2026-08-12T13:57:41.097899+09:00
2026-04-20,6570,1280.0,1280.0,1261.0,1261.0,4500,OK,kabutan,1261.0,minkabu,1261.0,2026-08-12T13:58:57.461466+09:00
2026-04-21,3851,838.0,848.0,836.0,848.0,1000,OK,kabutan,848.0,minkabu,848.0,2026-08-12T13:55:13.264047+09:00
2026-04-21,4073,518.0,518.0,516.0,517.0,2400,OK,kabutan,517.0,minkabu,517.0,2026-08-12T13:56:27.298082+09:00
2026-04-21,4937,1304.0,1304.0,1284.0,1284.0,1500,OK,kabutan,1284.0,minkabu,1284.0,2026-08-12T13:57:41.097899+09:00
2026-04-21,6570,1261.0,1261.0,1239.0,1250.0,700,OK,kabutan,1250.0,minkabu,1250.0,2026-08-12T13:58:57.461466+09:00
2026-04-22,3851,840.0,848.0,840.0,843.0,2600,OK,kabutan,843.0,minkabu,843.0,2026-08-12T13:55:13.264047+09:00
2026-04-22,4073,517.0,517.0,506.0,506.0,1900,OK,kabutan,506.0,minkabu,506.0,2026-08-12T13:56:27.298082+09:00
2026-04-22,4937,1295.0,1295.0,1275.0,1275.0,1100,OK,kabutan,1275.0,minkabu,1275.0,2026-08-12T13:57:41.097899+09:00
2026-04-22,6570,1250.0,1259.0,1221.0,1234.0,1600,OK,kabutan,1234.0,minkabu,1234.0,2026-08-12T13:58:57.461466+09:00
2026-04-23,3851,839.0,845.0,835.0,841.0,6100,OK,kabutan,841.0,minkabu,841.0,2026-08-12T13:55:13.264047+09:00
2026-04-23,4073,506.0,506.0,505.0,505.0,3000,OK,kabutan,505.0,minkabu,505.0,2026-08-12T13:56:27.298082+09:00
2026-04-23,4937,1285.0,1287.0,1260.0,1280.0,4400,OK,kabutan,1280.0,minkabu,1280.0,2026-08-12T13:57:41.097899+09:00
2026-04-23,6570,1234.0,1266.0,1234.0,1266.0,2200,OK,kabutan,1266.0,minkabu,1266.0,2026-08-12T13:58:57.461466+09:00
2026-04-24,3851,841.0,850.0,836.0,849.0,6000,OK,kabutan,849.0,minkabu,849.0,2026-08-12T13:55:13.264047+09:00
2026-04-24,4073,505.0,513.0,504.0,510.0,1900,OK,kabutan,510.0,minkabu,510.0,2026-08-12T13:56:27.298082+09:00
2026-04-24,4937,1300.0,1301.0,1299.0,1300.0,1100,OK,kabutan,1300.0,minkabu,1300.0,2026-08-12T13:57:41.097899+09:00
2026-04-24,6570,1259.0,1259.0,1221.0,1228.0,3000,OK,kabutan,1228.0,minkabu,1228.0,2026-08-12T13:58:57.461466+09:00
2026-04-27,3851,848.0,848.0,840.0,845.0,2000,OK,kabutan,845.0,minkabu,845.0,2026-08-12T13:55:13.264047+09:00
2026-04-27,4073,510.0,510.0,506.0,506.0,1700,OK,kabutan,506.0,minkabu,506.0,2026-08-12T13:56:27.298082+09:00
2026-04-27,4937,1300.0,1325.0,1294.0,1294.0,2400,OK,kabutan,1294.0,minkabu,1294.0,2026-08-12T13:57:41.097899+09:00
2026-04-27,6570,1237.0,1265.0,1220.0,1251.0,1300,OK,kabutan,1251.0,minkabu,1251.0,2026-08-12T13:58:57.461466+09:00
2026-04-28,3851,840.0,842.0,831.0,835.0,5500,OK,kabutan,835.0,minkabu,835.0,2026-08-12T13:55:13.264047+09:00
2026-04-28,4073,507.0,520.0,506.0,520.0,5700,OK,kabutan,520.0,minkabu,520.0,2026-08-12T13:56:27.298082+09:00
2026-04-28,4937,1300.0,1318.0,1300.0,1305.0,700,OK,kabutan,1305.0,minkabu,1305.0,2026-08-12T13:57:41.097899+09:00
2026-04-28,6570,1245.0,1245.0,1234.0,1235.0,1700,OK,kabutan,1235.0,minkabu,1235.0,2026-08-12T13:58:57.461466+09:00
2026-04-30,3851,840.0,843.0,831.0,834.0,6100,OK,kabutan,834.0,minkabu,834.0,2026-08-12T13:55:13.264047+09:00
2026-04-30,4073,523.0,523.0,510.0,510.0,1100,OK,kabutan,510.0,minkabu,510.0,2026-08-12T13:56:27.298082+09:00
2026-04-30,4937,1300.0,1300.0,1295.0,1295.0,1600,OK,kabutan,1295.0,minkabu,1295.0,2026-08-12T13:57:41.097899+09:00
2026-04-30,6570,1226.0,1235.0,1226.0,1228.0,1600,OK,kabutan,1228.0,minkabu,1228.0,2026-08-12T13:58:57.461466+09:00
2026-05-01,3851,840.0,842.0,831.0,841.0,4000,OK,kabutan,841.0,minkabu,841.0,2026-08-12T13:55:13.264047+09:00
2026-05-01,4073,510.0,512.0,508.0,509.0,700,OK,kabutan,509.0,minkabu,509.0,2026-08-12T13:56:27.298082+09:00
2026-05-01,4937,1285.0,1317.0,1285.0,1317.0,1300,OK,kabutan,1317.0,minkabu,1317.0,2026-08-12T13:57:41.097899+09:00
2026-05-01,6570,1228.0,1257.0,1228.0,1232.0,2300,OK,kabutan,1232.0,minkabu,1232.0,2026-08-12T13:58:57.461466+09:00
2026-05-07,3851,840.0,840.0,823.0,835.0,13200,OK,kabutan,835.0,minkabu,835.0,2026-08-12T13:55:13.264047+09:00
2026-05-07,4073,512.0,522.0,493.0,522.0,25400,OK,kabutan,522.0,minkabu,522.0,2026-08-12T13:56:27.298082+09:00
2026-05-07,4937,1329.0,1466.0,1329.0,1420.0,9000,OK,kabutan,1420.0,minkabu,1420.0,2026-08-12T13:57:41.097899+09:00
2026-05-07,6570,1232.0,1278.0,1228.0,1271.0,1900,OK,kabutan,1271.0,minkabu,1271.0,2026-08-12T13:58:57.461466+09:00
2026-05-08,3851,831.0,831.0,825.0,825.0,2500,OK,kabutan,825.0,minkabu,825.0,2026-08-12T13:55:13.264047+09:00
2026-05-08,4073,528.0,528.0,520.0,520.0,1400,OK,kabutan,520.0,minkabu,520.0,2026-08-12T13:56:27.298082+09:00
2026-05-08,4937,1390.0,1447.0,1390.0,1447.0,3200,OK,kabutan,1447.0,minkabu,1447.0,2026-08-12T13:57:41.097899+09:00
2026-05-08,6570,1266.0,1270.0,1256.0,1256.0,1000,OK,kabutan,1256.0,minkabu,1256.0,2026-08-12T13:58:57.461466+09:00
2026-05-11,3851,829.0,831.0,825.0,825.0,700,OK,kabutan,825.0,minkabu,825.0,2026-08-12T13:55:13.264047+09:00
2026-05-11,4073,513.0,522.0,510.0,510.0,6300,OK,kabutan,510.0,minkabu,510.0,2026-08-12T13:56:27.298082+09:00
2026-05-11,4937,1447.0,1460.0,1388.0,1392.0,6100,OK,kabutan,1392.0,minkabu,1392.0,2026-08-12T13:57:41.097899+09:00
2026-05-11,6570,1237.0,1256.0,1237.0,1241.0,1000,OK,kabutan,1241.0,minkabu,1241.0,2026-08-12T13:58:57.461466+09:00
2026-05-12,3851,826.0,830.0,823.0,823.0,1200,OK,kabutan,823.0,minkabu,823.0,2026-08-12T13:55:13.264047+09:00
2026-05-12,4073,509.0,509.0,509.0,509.0,300,OK,kabutan,509.0,minkabu,509.0,2026-08-12T13:56:27.298082+09:00
2026-05-12,4937,1386.0,1429.0,1385.0,1429.0,2300,OK,kabutan,1429.0,minkabu,1429.0,2026-08-12T13:57:41.097899+09:00
2026-05-12,6570,1244.0,1244.0,1239.0,1239.0,1300,OK,kabutan,1239.0,minkabu,1239.0,2026-08-12T13:58:57.461466+09:00
2026-05-13,3851,824.0,827.0,823.0,827.0,1100,OK,kabutan,827.0,minkabu,827.0,2026-08-12T13:55:13.264047+09:00
2026-05-13,4073,509.0,513.0,504.0,513.0,2300,OK,kabutan,513.0,minkabu,513.0,2026-08-12T13:56:27.298082+09:00
2026-05-13,4937,1429.0,1446.0,1415.0,1425.0,4700,OK,kabutan,1425.0,minkabu,1425.0,2026-08-12T13:57:41.097899+09:00
2026-05-13,6570,1226.0,1539.0,1221.0,1539.0,67100,OK,kabutan,1539.0,minkabu,1539.0,2026-08-12T13:58:57.461466+09:00
2026-05-14,3851,829.0,829.0,827.0,828.0,1800,OK,kabutan,828.0,minkabu,828.0,2026-08-12T13:55:13.264047+09:00
2026-05-14,4073,507.0,517.0,507.0,517.0,500,OK,kabutan,517.0,minkabu,517.0,2026-08-12T13:56:27.298082+09:00
2026-05-14,4937,1411.0,1580.0,1360.0,1461.0,28300,OK,kabutan,1461.0,minkabu,1461.0,2026-08-12T13:57:41.097899+09:00
2026-05-14,6570,1619.0,1731.0,1588.0,1603.0,62200,OK,kabutan,1603.0,minkabu,1603.0,2026-08-12T13:58:57.461466+09:00
2026-05-15,3851,832.0,834.0,826.0,830.0,3000,OK,kabutan,830.0,minkabu,830.0,2026-08-12T13:55:13.264047+09:00
2026-05-15,4073,512.0,515.0,495.0,495.0,6600,OK,kabutan,495.0,minkabu,495.0,2026-08-12T13:56:27.298082+09:00
2026-05-15,4937,1535.0,1598.0,1530.0,1580.0,12500,OK,kabutan,1580.0,minkabu,1580.0,2026-08-12T13:57:41.097899+09:00
2026-05-15,6570,1620.0,1650.0,1568.0,1599.0,18800,OK,kabutan,1599.0,minkabu,1599.0,2026-08-12T13:58:57.461466+09:00
2026-05-18,3851,835.0,844.0,825.0,830.0,7300,OK,kabutan,830.0,minkabu,830.0,2026-08-12T13:55:13.264047+09:00
2026-05-18,4073,495.0,501.0,493.0,494.0,2000,OK,kabutan,494.0,minkabu,494.0,2026-08-12T13:56:27.298082+09:00
2026-05-18,4937,1596.0,1638.0,1596.0,1630.0,9300,OK,kabutan,1630.0,minkabu,1630.0,2026-08-12T13:57:41.097899+09:00
2026-05-18,6570,1600.0,1612.0,1600.0,1605.0,4100,OK,kabutan,1605.0,minkabu,1605.0,2026-08-12T13:58:57.461466+09:00
2026-05-19,3851,826.0,829.0,823.0,825.0,3000,OK,kabutan,825.0,minkabu,825.0,2026-08-12T13:55:13.264047+09:00
2026-05-19,4073,500.0,505.0,500.0,505.0,800,OK,kabutan,505.0,minkabu,505.0,2026-08-12T13:56:27.298082+09:00
2026-05-19,4937,1646.0,1710.0,1630.0,1636.0,10000,OK,kabutan,1636.0,minkabu,1636.0,2026-08-12T13:57:41.097899+09:00
2026-05-19,6570,1620.0,1677.0,1620.0,1677.0,6200,OK,kabutan,1677.0,minkabu,1677.0,2026-08-12T13:58:57.461466+09:00
2026-05-20,3851,825.0,828.0,822.0,828.0,1800,OK,kabutan,828.0,minkabu,828.0,2026-08-12T13:55:13.264047+09:00
2026-05-20,4073,505.0,505.0,499.0,499.0,1700,OK,kabutan,499.0,minkabu,499.0,2026-08-12T13:56:27.298082+09:00
2026-05-20,4937,1557.0,1636.0,1557.0,1636.0,13900,OK,kabutan,1636.0,minkabu,1636.0,2026-08-12T13:57:41.097899+09:00
2026-05-20,6570,1689.0,1689.0,1565.0,1621.0,8800,OK,kabutan,1621.0,minkabu,1621.0,2026-08-12T13:58:57.461466+09:00
2026-05-21,3851,829.0,829.0,824.0,824.0,1200,OK,kabutan,824.0,minkabu,824.0,2026-08-12T13:55:13.264047+09:00
2026-05-21,4073,503.0,504.0,503.0,504.0,400,OK,kabutan,504.0,minkabu,504.0,2026-08-12T13:56:27.298082+09:00
2026-05-21,4937,1636.0,1636.0,1590.0,1610.0,24800,OK,kabutan,1610.0,minkabu,1610.0,2026-08-12T13:57:41.097899+09:00
2026-05-21,6570,1655.0,1735.0,1609.0,1704.0,12200,OK,kabutan,1704.0,minkabu,1704.0,2026-08-12T13:58:57.461466+09:00
2026-05-22,3851,823.0,832.0,822.0,830.0,8400,OK,kabutan,830.0,minkabu,830.0,2026-08-12T13:55:13.264047+09:00
2026-05-22,4073,494.0,510.0,494.0,494.0,8700,OK,kabutan,494.0,minkabu,494.0,2026-08-12T13:56:27.298082+09:00
2026-05-22,4937,1592.0,1600.0,1591.0,1600.0,1900,OK,kabutan,1600.0,minkabu,1600.0,2026-08-12T13:57:41.097899+09:00
2026-05-22,6570,1704.0,1724.0,1656.0,1692.0,6300,OK,kabutan,1692.0,minkabu,1692.0,2026-08-12T13:58:57.461466+09:00
2026-05-25,3851,829.0,831.0,823.0,824.0,3100,OK,kabutan,824.0,minkabu,824.0,2026-08-12T13:55:13.264047+09:00
2026-05-25,4073,502.0,505.0,502.0,502.0,1300,OK,kabutan,502.0,minkabu,502.0,2026-08-12T13:56:27.298082+09:00
2026-05-25,4937,1633.0,1675.0,1557.0,1562.0,7500,OK,kabutan,1562.0,minkabu,1562.0,2026-08-12T13:57:41.097899+09:00
2026-05-25,6570,1687.0,1700.0,1657.0,1657.0,5400,OK,kabutan,1657.0,minkabu,1657.0,2026-08-12T13:58:57.461466+09:00
2026-05-26,3851,822.0,830.0,821.0,825.0,3200,OK,kabutan,825.0,minkabu,825.0,2026-08-12T13:55:13.264047+09:00
2026-05-26,4073,503.0,503.0,503.0,503.0,700,OK,kabutan,503.0,minkabu,503.0,2026-08-12T13:56:27.298082+09:00
2026-05-26,4937,1562.0,1562.0,1562.0,1562.0,0,NO_TRADE,kabutan,1562.0,,,2026-08-12T13:57:41.097899+09:00
2026-05-26,6570,1652.0,1684.0,1652.0,1680.0,4200,OK,kabutan,1680.0,minkabu,1680.0,2026-08-12T13:58:57.461466+09:00
2026-05-27,3851,830.0,830.0,825.0,830.0,500,OK,kabutan,830.0,minkabu,830.0,2026-08-12T13:55:13.264047+09:00
2026-05-27,4073,503.0,503.0,495.0,495.0,600,OK,kabutan,495.0,minkabu,495.0,2026-08-12T13:56:27.298082+09:00
2026-05-27,4937,1554.0,1602.0,1554.0,1602.0,2200,OK,kabutan,1602.0,minkabu,1602.0,2026-08-12T13:57:41.097899+09:00
2026-05-27,6570,1680.0,1680.0,1636.0,1670.0,3200,OK,kabutan,1670.0,minkabu,1670.0,2026-08-12T13:58:57.461466+09:00
2026-05-28,3851,834.0,834.0,826.0,828.0,800,OK,kabutan,828.0,minkabu,828.0,2026-08-12T13:55:13.264047+09:00
2026-05-28,4073,495.0,499.0,494.0,499.0,1000,OK,kabutan,499.0,minkabu,499.0,2026-08-12T13:56:27.298082+09:00
2026-05-28,4937,1600.0,1600.0,1573.0,1600.0,1300,OK,kabutan,1600.0,minkabu,1600.0,2026-08-12T13:57:41.097899+09:00
2026-05-28,6570,1621.0,1675.0,1621.0,1632.0,8700,OK,kabutan,1632.0,minkabu,1632.0,2026-08-12T13:58:57.461466+09:00
2026-05-29,3851,828.0,834.0,824.0,825.0,44700,OK,kabutan,825.0,minkabu,825.0,2026-08-12T13:55:13.264047+09:00
2026-05-29,4073,499.0,501.0,494.0,494.0,2000,OK,kabutan,494.0,minkabu,494.0,2026-08-12T13:56:27.298082+09:00
2026-05-29,4937,1600.0,1600.0,1570.0,1572.0,8900,OK,kabutan,1572.0,minkabu,1572.0,2026-08-12T13:57:41.097899+09:00
2026-05-29,6570,1641.0,1711.0,1632.0,1653.0,5600,OK,kabutan,1653.0,minkabu,1653.0,2026-08-12T13:58:57.461466+09:00
2026-06-01,3851,825.0,827.0,825.0,827.0,1800,OK,kabutan,827.0,minkabu,827.0,2026-08-12T13:55:13.264047+09:00
2026-06-01,4073,494.0,494.0,479.0,488.0,16800,OK,kabutan,488.0,minkabu,488.0,2026-08-12T13:56:27.298082+09:00
2026-06-01,4937,1577.0,1620.0,1575.0,1587.0,6900,OK,kabutan,1587.0,minkabu,1587.0,2026-08-12T13:57:41.097899+09:00
2026-06-01,6570,1653.0,1680.0,1645.0,1666.0,1900,OK,kabutan,1666.0,minkabu,1666.0,2026-08-12T13:58:57.461466+09:00
2026-06-02,3851,827.0,829.0,825.0,825.0,30400,OK,kabutan,825.0,minkabu,825.0,2026-08-12T13:55:13.264047+09:00
2026-06-02,4073,488.0,488.0,471.0,479.0,3800,OK,kabutan,479.0,minkabu,479.0,2026-08-12T13:56:27.298082+09:00
2026-06-02,4937,1598.0,1598.0,1551.0,1556.0,5500,OK,kabutan,1556.0,minkabu,1556.0,2026-08-12T13:57:41.097899+09:00
2026-06-02,6570,1666.0,1700.0,1648.0,1667.0,3400,OK,kabutan,1667.0,minkabu,1667.0,2026-08-12T13:58:57.461466+09:00
2026-06-03,3851,822.0,826.0,821.0,825.0,1600,OK,kabutan,825.0,minkabu,825.0,2026-08-12T13:55:13.264047+09:00
2026-06-03,4073,479.0,479.0,420.0,432.0,35400,OK,kabutan,432.0,minkabu,432.0,2026-08-12T13:56:27.298082+09:00
2026-06-03,4937,1550.0,1575.0,1534.0,1575.0,20400,OK,kabutan,1575.0,minkabu,1575.0,2026-08-12T13:57:41.097899+09:00
2026-06-03,6570,1689.0,1689.0,1652.0,1652.0,1500,OK,kabutan,1652.0,minkabu,1652.0,2026-08-12T13:58:57.461466+09:00
2026-06-04,3851,830.0,830.0,823.0,823.0,1000,OK,kabutan,823.0,minkabu,823.0,2026-08-12T13:55:13.264047+09:00
2026-06-04,4073,440.0,444.0,428.0,432.0,6900,OK,kabutan,432.0,minkabu,432.0,2026-08-12T13:56:27.298082+09:00
2026-06-04,4937,1549.0,1560.0,1507.0,1550.0,12100,OK,kabutan,1550.0,minkabu,1550.0,2026-08-12T13:57:41.097899+09:00
2026-06-04,6570,1651.0,1662.0,1625.0,1643.0,2100,OK,kabutan,1643.0,minkabu,1643.0,2026-08-12T13:58:57.461466+09:00
2026-06-05,3851,829.0,835.0,826.0,826.0,2700,OK,kabutan,826.0,minkabu,826.0,2026-08-12T13:55:13.264047+09:00
2026-06-05,4073,436.0,441.0,421.0,441.0,6500,OK,kabutan,441.0,minkabu,441.0,2026-08-12T13:56:27.298082+09:00
2026-06-05,4937,1580.0,1580.0,1548.0,1549.0,600,OK,kabutan,1549.0,minkabu,1549.0,2026-08-12T13:57:41.097899+09:00
2026-06-05,6570,1642.0,1642.0,1612.0,1640.0,1800,OK,kabutan,1640.0,minkabu,1640.0,2026-08-12T13:58:57.461466+09:00
2026-06-08,3851,823.0,826.0,822.0,826.0,3400,OK,kabutan,826.0,minkabu,826.0,2026-08-12T13:55:13.264047+09:00
2026-06-08,4073,446.0,446.0,435.0,435.0,1400,OK,kabutan,435.0,minkabu,435.0,2026-08-12T13:56:27.298082+09:00
2026-06-08,4937,1531.0,1570.0,1530.0,1544.0,6100,OK,kabutan,1544.0,minkabu,1544.0,2026-08-12T13:57:41.097899+09:00
2026-06-08,6570,1611.0,1641.0,1600.0,1602.0,4700,OK,kabutan,1602.0,minkabu,1602.0,2026-08-12T13:58:57.461466+09:00
2026-06-09,3851,831.0,834.0,826.0,834.0,3200,OK,kabutan,834.0,minkabu,834.0,2026-08-12T13:55:13.264047+09:00
2026-06-09,4073,435.0,435.0,427.0,427.0,2100,OK,kabutan,427.0,minkabu,427.0,2026-08-12T13:56:27.298082+09:00
2026-06-09,4937,1504.0,1567.0,1504.0,1567.0,500,OK,kabutan,1567.0,minkabu,1567.0,2026-08-12T13:57:41.097899+09:00
2026-06-09,6570,1622.0,1670.0,1617.0,1635.0,6200,OK,kabutan,1635.0,minkabu,1635.0,2026-08-12T13:58:57.461466+09:00
2026-06-10,3851,832.0,832.0,818.0,820.0,4800,OK,kabutan,820.0,minkabu,820.0,2026-08-12T13:55:13.264047+09:00
2026-06-10,4073,443.0,443.0,431.0,431.0,1300,OK,kabutan,431.0,minkabu,431.0,2026-08-12T13:56:27.298082+09:00
2026-06-10,4937,1567.0,1567.0,1567.0,1567.0,0,NO_TRADE,kabutan,1567.0,,,2026-08-12T13:57:41.097899+09:00
2026-06-10,6570,1630.0,1660.0,1630.0,1632.0,2100,OK,kabutan,1632.0,minkabu,1632.0,2026-08-12T13:58:57.461466+09:00
2026-06-11,3851,820.0,820.0,784.0,790.0,14800,OK,kabutan,790.0,minkabu,790.0,2026-08-12T13:55:13.264047+09:00
2026-06-11,4073,428.0,428.0,424.0,428.0,3500,OK,kabutan,428.0,minkabu,428.0,2026-08-12T13:56:27.298082+09:00
2026-06-11,4937,1580.0,1580.0,1540.0,1540.0,700,OK,kabutan,1540.0,minkabu,1540.0,2026-08-12T13:57:41.097899+09:00
2026-06-11,6570,1627.0,1640.0,1622.0,1622.0,3000,OK,kabutan,1622.0,minkabu,1622.0,2026-08-12T13:58:57.461466+09:00
2026-06-12,3851,794.0,810.0,794.0,810.0,3900,OK,kabutan,810.0,minkabu,810.0,2026-08-12T13:55:13.264047+09:00
2026-06-12,4073,429.0,429.0,426.0,426.0,3500,OK,kabutan,426.0,minkabu,426.0,2026-08-12T13:56:27.298082+09:00
2026-06-12,4937,1540.0,1540.0,1540.0,1540.0,100,OK,kabutan,1540.0,minkabu,1540.0,2026-08-12T13:57:41.097899+09:00
2026-06-12,6570,1622.0,1634.0,1612.0,1612.0,3500,OK,kabutan,1612.0,minkabu,1612.0,2026-08-12T13:58:57.461466+09:00
2026-06-15,3851,818.0,818.0,804.0,814.0,1800,OK,kabutan,814.0,minkabu,814.0,2026-08-12T13:55:13.264047+09:00
2026-06-15,4073,428.0,428.0,422.0,425.0,1100,OK,kabutan,425.0,minkabu,425.0,2026-08-12T13:56:27.298082+09:00
2026-06-15,4937,1540.0,1566.0,1540.0,1565.0,800,OK,kabutan,1565.0,minkabu,1565.0,2026-08-12T13:57:41.097899+09:00
2026-06-15,6570,1621.0,1668.0,1621.0,1650.0,3800,OK,kabutan,1650.0,minkabu,1650.0,2026-08-12T13:58:57.461466+09:00
2026-06-16,3851,814.0,814.0,808.0,808.0,900,OK,kabutan,808.0,minkabu,808.0,2026-08-12T13:55:13.264047+09:00
2026-06-16,4073,425.0,426.0,423.0,423.0,2600,OK,kabutan,423.0,minkabu,423.0,2026-08-12T13:56:27.298082+09:00
2026-06-16,4937,1540.0,1546.0,1540.0,1546.0,400,OK,kabutan,1546.0,minkabu,1546.0,2026-08-12T13:57:41.097899+09:00
2026-06-16,6570,1663.0,1670.0,1651.0,1659.0,2800,OK,kabutan,1659.0,minkabu,1659.0,2026-08-12T13:58:57.461466+09:00
2026-06-17,3851,807.0,814.0,807.0,814.0,1200,OK,kabutan,814.0,minkabu,814.0,2026-08-12T13:55:13.264047+09:00
2026-06-17,4073,418.0,431.0,418.0,425.0,5000,OK,kabutan,425.0,minkabu,425.0,2026-08-12T13:56:27.298082+09:00
2026-06-17,4937,1530.0,1533.0,1454.0,1500.0,13400,OK,kabutan,1500.0,minkabu,1500.0,2026-08-12T13:57:41.097899+09:00
2026-06-17,6570,1668.0,1755.0,1660.0,1755.0,5900,OK,kabutan,1755.0,minkabu,1755.0,2026-08-12T13:58:57.461466+09:00
2026-06-18,3851,807.0,820.0,806.0,820.0,7600,OK,kabutan,820.0,minkabu,820.0,2026-08-12T13:55:13.264047+09:00
2026-06-18,4073,425.0,425.0,420.0,421.0,900,OK,kabutan,421.0,minkabu,421.0,2026-08-12T13:56:27.298082+09:00
2026-06-18,4937,1534.0,1534.0,1504.0,1531.0,2700,OK,kabutan,1531.0,minkabu,1531.0,2026-08-12T13:57:41.097899+09:00
2026-06-18,6570,1754.0,1754.0,1706.0,1706.0,6600,OK,kabutan,1706.0,minkabu,1706.0,2026-08-12T13:58:57.461466+09:00
2026-06-19,3851,820.0,820.0,817.0,820.0,700,OK,kabutan,820.0,minkabu,820.0,2026-08-12T13:55:13.264047+09:00
2026-06-19,4073,421.0,431.0,421.0,421.0,500,OK,kabutan,421.0,minkabu,421.0,2026-08-12T13:56:27.298082+09:00
2026-06-19,4937,1543.0,1543.0,1543.0,1543.0,200,OK,kabutan,1543.0,minkabu,1543.0,2026-08-12T13:57:41.097899+09:00
2026-06-19,6570,1800.0,1800.0,1738.0,1787.0,36500,OK,kabutan,1787.0,minkabu,1787.0,2026-08-12T13:58:57.461466+09:00
2026-06-22,3851,820.0,821.0,818.0,819.0,4900,OK,kabutan,819.0,minkabu,819.0,2026-08-12T13:55:13.264047+09:00
2026-06-22,4073,426.0,426.0,426.0,426.0,100,OK,kabutan,426.0,minkabu,426.0,2026-08-12T13:56:27.298082+09:00
2026-06-22,4937,1520.0,1553.0,1520.0,1553.0,300,OK,kabutan,1553.0,minkabu,1553.0,2026-08-12T13:57:41.097899+09:00
2026-06-22,6570,1907.0,2022.0,1867.0,2014.0,44600,OK,kabutan,2014.0,minkabu,2014.0,2026-08-12T13:58:57.461466+09:00
2026-06-23,3851,825.0,832.0,819.0,819.0,4100,OK,kabutan,819.0,minkabu,819.0,2026-08-12T13:55:13.264047+09:00
2026-06-23,4073,422.0,422.0,418.0,418.0,1400,OK,kabutan,418.0,minkabu,418.0,2026-08-12T13:56:27.298082+09:00
2026-06-23,4937,1553.0,1553.0,1553.0,1553.0,0,NO_TRADE,kabutan,1553.0,,,2026-08-12T13:57:41.097899+09:00
2026-06-23,6570,1965.0,1999.0,1934.0,1951.0,15900,OK,kabutan,1951.0,minkabu,1951.0,2026-08-12T13:58:57.461466+09:00
2026-06-24,3851,819.0,833.0,814.0,828.0,9500,OK,kabutan,828.0,minkabu,828.0,2026-08-12T13:55:13.264047+09:00
2026-06-24,4073,424.0,424.0,415.0,415.0,600,OK,kabutan,415.0,minkabu,415.0,2026-08-12T13:56:27.298082+09:00
2026-06-24,4937,1550.0,1550.0,1499.0,1516.0,2000,OK,kabutan,1516.0,minkabu,1516.0,2026-08-12T13:57:41.097899+09:00
2026-06-24,6570,1951.0,1968.0,1851.0,1860.0,12400,OK,kabutan,1860.0,minkabu,1860.0,2026-08-12T13:58:57.461466+09:00
2026-06-25,3851,825.0,827.0,823.0,827.0,600,OK,kabutan,827.0,minkabu,827.0,2026-08-12T13:55:13.264047+09:00
2026-06-25,4073,416.0,427.0,414.0,427.0,1700,OK,kabutan,427.0,minkabu,427.0,2026-08-12T13:56:27.298082+09:00
2026-06-25,4937,1476.0,1512.0,1472.0,1500.0,1700,OK,kabutan,1500.0,minkabu,1500.0,2026-08-12T13:57:41.097899+09:00
2026-06-25,6570,1886.0,1907.0,1866.0,1866.0,8700,OK,kabutan,1866.0,minkabu,1866.0,2026-08-12T13:58:57.461466+09:00
2026-06-26,3851,823.0,835.0,823.0,829.0,800,OK,kabutan,829.0,minkabu,829.0,2026-08-12T13:55:13.264047+09:00
2026-06-26,4073,420.0,420.0,418.0,418.0,1500,OK,kabutan,418.0,minkabu,418.0,2026-08-12T13:56:27.298082+09:00
2026-06-26,4937,1500.0,1500.0,1495.0,1495.0,700,OK,kabutan,1495.0,minkabu,1495.0,2026-08-12T13:57:41.097899+09:00
2026-06-26,6570,1866.0,1908.0,1830.0,1908.0,8500,OK,kabutan,1908.0,minkabu,1908.0,2026-08-12T13:58:57.461466+09:00
2026-06-29,3851,837.0,846.0,830.0,846.0,3600,OK,kabutan,846.0,minkabu,846.0,2026-08-12T13:55:13.264047+09:00
2026-06-29,4073,426.0,427.0,426.0,426.0,700,OK,kabutan,426.0,minkabu,426.0,2026-08-12T13:56:27.298082+09:00
2026-06-29,4937,1486.0,1519.0,1475.0,1519.0,1400,OK,kabutan,1519.0,minkabu,1519.0,2026-08-12T13:57:41.097899+09:00
2026-06-29,6570,1908.0,1910.0,1841.0,1843.0,5700,OK,kabutan,1843.0,minkabu,1843.0,2026-08-12T13:58:57.461466+09:00
2026-06-30,3851,848.0,848.0,820.0,825.0,5600,OK,kabutan,825.0,minkabu,825.0,2026-08-12T13:55:13.264047+09:00
2026-06-30,4073,422.0,422.0,422.0,422.0,1100,OK,kabutan,422.0,minkabu,422.0,2026-08-12T13:56:27.298082+09:00
2026-06-30,4937,1515.0,1519.0,1477.0,1519.0,600,OK,kabutan,1519.0,minkabu,1519.0,2026-08-12T13:57:41.097899+09:00
2026-06-30,6570,1834.0,1834.0,1800.0,1800.0,6700,OK,kabutan,1800.0,minkabu,1800.0,2026-08-12T13:58:57.461466+09:00
2026-07-01,3851,825.0,835.0,824.0,835.0,2900,OK,kabutan,835.0,minkabu,835.0,2026-08-12T13:55:13.264047+09:00
2026-07-01,4073,422.0,432.0,418.0,432.0,4400,OK,kabutan,432.0,minkabu,432.0,2026-08-12T13:56:27.298082+09:00
2026-07-01,4937,1519.0,1519.0,1519.0,1519.0,0,NO_TRADE,kabutan,1519.0,,,2026-08-12T13:57:41.097899+09:00
2026-07-01,6570,1793.0,1828.0,1787.0,1795.0,8800,OK,kabutan,1795.0,minkabu,1795.0,2026-08-12T13:58:57.461466+09:00
2026-07-02,3851,837.0,845.0,825.0,836.0,2100,OK,kabutan,836.0,minkabu,836.0,2026-08-12T13:55:13.264047+09:00
2026-07-02,4073,430.0,434.0,430.0,434.0,1500,OK,kabutan,434.0,minkabu,434.0,2026-08-12T13:56:27.298082+09:00
2026-07-02,4937,1502.0,1505.0,1485.0,1485.0,2200,OK,kabutan,1485.0,minkabu,1485.0,2026-08-12T13:57:41.097899+09:00
2026-07-02,6570,1795.0,1927.0,1792.0,1899.0,6400,OK,kabutan,1899.0,minkabu,1899.0,2026-08-12T13:58:57.461466+09:00
2026-07-03,3851,836.0,846.0,834.0,836.0,1300,OK,kabutan,836.0,minkabu,836.0,2026-08-12T13:55:13.264047+09:00
2026-07-03,4073,430.0,431.0,427.0,431.0,1700,OK,kabutan,431.0,minkabu,431.0,2026-08-12T13:56:27.298082+09:00
2026-07-03,4937,1485.0,1500.0,1485.0,1500.0,1200,OK,kabutan,1500.0,minkabu,1500.0,2026-08-12T13:57:41.097899+09:00
2026-07-03,6570,1909.0,1930.0,1873.0,1882.0,3600,OK,kabutan,1882.0,minkabu,1882.0,2026-08-12T13:58:57.461466+09:00
2026-07-06,3851,842.0,842.0,807.0,820.0,13400,OK,kabutan,820.0,minkabu,820.0,2026-08-12T13:55:13.264047+09:00
2026-07-06,4073,431.0,437.0,431.0,437.0,2700,OK,kabutan,437.0,minkabu,437.0,2026-08-12T13:56:27.298082+09:00
2026-07-06,4937,1493.0,1493.0,1482.0,1485.0,17000,OK,kabutan,1485.0,minkabu,1485.0,2026-08-12T13:57:41.097899+09:00
2026-07-06,6570,1882.0,1929.0,1882.0,1929.0,5100,OK,kabutan,1929.0,minkabu,1929.0,2026-08-12T13:58:57.461466+09:00
2026-07-07,3851,825.0,838.0,823.0,838.0,1500,OK,kabutan,838.0,minkabu,838.0,2026-08-12T13:55:13.264047+09:00
2026-07-07,4073,434.0,434.0,433.0,433.0,400,OK,kabutan,433.0,minkabu,433.0,2026-08-12T13:56:27.298082+09:00
2026-07-07,4937,1473.0,1493.0,1473.0,1473.0,1500,OK,kabutan,1473.0,minkabu,1473.0,2026-08-12T13:57:41.097899+09:00
2026-07-07,6570,1933.0,1933.0,1908.0,1908.0,2000,OK,kabutan,1908.0,minkabu,1908.0,2026-08-12T13:58:57.461466+09:00
2026-07-08,3851,840.0,848.0,835.0,840.0,4400,OK,kabutan,840.0,minkabu,840.0,2026-08-12T13:55:13.264047+09:00
2026-07-08,4073,433.0,433.0,433.0,433.0,100,OK,kabutan,433.0,minkabu,433.0,2026-08-12T13:56:27.298082+09:00
2026-07-08,4937,1472.0,1472.0,1442.0,1442.0,5100,OK,kabutan,1442.0,minkabu,1442.0,2026-08-12T13:57:41.097899+09:00
2026-07-08,6570,1908.0,1926.0,1901.0,1901.0,2300,OK,kabutan,1901.0,minkabu,1901.0,2026-08-12T13:58:57.461466+09:00
2026-07-09,3851,842.0,850.0,837.0,843.0,5900,OK,kabutan,843.0,minkabu,843.0,2026-08-12T13:55:13.264047+09:00
2026-07-09,4073,433.0,434.0,433.0,434.0,500,OK,kabutan,434.0,minkabu,434.0,2026-08-12T13:56:27.298082+09:00
2026-07-09,4937,1434.0,1450.0,1434.0,1450.0,2500,OK,kabutan,1450.0,minkabu,1450.0,2026-08-12T13:57:41.097899+09:00
2026-07-09,6570,1900.0,1900.0,1850.0,1865.0,4800,OK,kabutan,1865.0,minkabu,1865.0,2026-08-12T13:58:57.461466+09:00
2026-07-10,3851,843.0,858.0,840.0,858.0,5300,OK,kabutan,858.0,minkabu,858.0,2026-08-12T13:55:13.264047+09:00
2026-07-10,4073,434.0,442.0,434.0,435.0,6200,OK,kabutan,435.0,minkabu,435.0,2026-08-12T13:56:27.298082+09:00
2026-07-10,4937,1446.0,1450.0,1446.0,1450.0,300,OK,kabutan,1450.0,minkabu,1450.0,2026-08-12T13:57:41.097899+09:00
2026-07-10,6570,1893.0,1917.0,1868.0,1900.0,2500,OK,kabutan,1900.0,minkabu,1900.0,2026-08-12T13:58:57.461466+09:00
2026-07-13,3851,850.0,869.0,850.0,869.0,8900,OK,kabutan,869.0,minkabu,869.0,2026-08-12T13:55:13.264047+09:00
2026-07-13,4073,442.0,442.0,442.0,442.0,100,OK,kabutan,442.0,minkabu,442.0,2026-08-12T13:56:27.298082+09:00
2026-07-13,4937,1477.0,1477.0,1477.0,1477.0,100,OK,kabutan,1477.0,minkabu,1477.0,2026-08-12T13:57:41.097899+09:00
2026-07-13,6570,1901.0,1937.0,1901.0,1912.0,2800,OK,kabutan,1912.0,minkabu,1912.0,2026-08-12T13:58:57.461466+09:00
2026-07-14,3851,898.0,910.0,888.0,909.0,15700,OK,kabutan,909.0,minkabu,909.0,2026-08-12T13:55:13.264047+09:00
2026-07-14,4073,442.0,442.0,442.0,442.0,200,OK,kabutan,442.0,minkabu,442.0,2026-08-12T13:56:27.298082+09:00
2026-07-14,4937,1447.0,1447.0,1447.0,1447.0,100,OK,kabutan,1447.0,minkabu,1447.0,2026-08-12T13:57:41.097899+09:00
2026-07-14,6570,1912.0,1944.0,1912.0,1943.0,2900,OK,kabutan,1943.0,minkabu,1943.0,2026-08-12T13:58:57.461466+09:00
2026-07-15,3851,910.0,910.0,890.0,909.0,10700,OK,kabutan,909.0,minkabu,909.0,2026-08-12T13:55:13.264047+09:00
2026-07-15,4073,448.0,450.0,448.0,450.0,1700,OK,kabutan,450.0,minkabu,450.0,2026-08-12T13:56:27.298082+09:00
2026-07-15,4937,1447.0,1460.0,1447.0,1460.0,200,OK,kabutan,1460.0,minkabu,1460.0,2026-08-12T13:57:41.097899+09:00
2026-07-15,6570,1950.0,1999.0,1950.0,1999.0,4500,OK,kabutan,1999.0,minkabu,1999.0,2026-08-12T13:58:57.461466+09:00
2026-07-16,3851,908.0,908.0,880.0,890.0,11300,OK,kabutan,890.0,minkabu,890.0,2026-08-12T13:55:13.264047+09:00
2026-07-16,4073,445.0,445.0,442.0,442.0,900,OK,kabutan,442.0,minkabu,442.0,2026-08-12T13:56:27.298082+09:00
2026-07-16,4937,1480.0,1480.0,1480.0,1480.0,100,OK,kabutan,1480.0,minkabu,1480.0,2026-08-12T13:57:41.097899+09:00
2026-07-16,6570,1999.0,2000.0,1970.0,1983.0,3900,OK,kabutan,1983.0,minkabu,1983.0,2026-08-12T13:58:57.461466+09:00
2026-07-17,3851,890.0,901.0,880.0,896.0,5900,OK,kabutan,896.0,minkabu,896.0,2026-08-12T13:55:13.264047+09:00
2026-07-17,4073,437.0,450.0,423.0,428.0,2200,OK,kabutan,428.0,minkabu,428.0,2026-08-12T13:56:27.298082+09:00
2026-07-17,4937,1480.0,1480.0,1480.0,1480.0,0,NO_TRADE,kabutan,1480.0,,,2026-08-12T13:57:41.097899+09:00
2026-07-17,6570,1973.0,1973.0,1864.0,1929.0,12300,OK,kabutan,1929.0,minkabu,1929.0,2026-08-12T13:58:57.461466+09:00
2026-07-21,3851,908.0,908.0,898.0,906.0,9900,OK,kabutan,906.0,minkabu,906.0,2026-08-12T13:55:13.264047+09:00
2026-07-21,4073,428.0,436.0,428.0,436.0,5300,OK,kabutan,436.0,minkabu,436.0,2026-08-12T13:56:27.298082+09:00
2026-07-21,4937,1506.0,1506.0,1506.0,1506.0,100,OK,kabutan,1506.0,minkabu,1506.0,2026-08-12T13:57:41.097899+09:00
2026-07-21,6570,1956.0,2002.0,1956.0,1972.0,10000,OK,kabutan,1972.0,minkabu,1972.0,2026-08-12T13:58:57.461466+09:00
2026-07-22,3851,905.0,905.0,895.0,900.0,6800,OK,kabutan,900.0,minkabu,900.0,2026-08-12T13:55:13.264047+09:00
2026-07-22,4073,516.0,516.0,516.0,516.0,6700,OK,kabutan,516.0,minkabu,516.0,2026-08-12T13:56:27.298082+09:00
2026-07-22,4937,1480.0,1480.0,1480.0,1480.0,300,OK,kabutan,1480.0,minkabu,1480.0,2026-08-12T13:57:41.097899+09:00
2026-07-22,6570,1990.0,2016.0,1985.0,2004.0,4800,OK,kabutan,2004.0,minkabu,2004.0,2026-08-12T13:58:57.461466+09:00
2026-07-23,3851,897.0,902.0,896.0,900.0,1800,OK,kabutan,900.0,minkabu,900.0,2026-08-12T13:55:13.264047+09:00
2026-07-23,4073,546.0,556.0,480.0,480.0,241900,OK,kabutan,480.0,minkabu,480.0,2026-08-12T13:56:27.298082+09:00
2026-07-23,4937,1455.0,1555.0,1455.0,1518.0,6200,OK,kabutan,1518.0,minkabu,1518.0,2026-08-12T13:57:41.097899+09:00
2026-07-23,6570,2004.0,2017.0,1986.0,2012.0,3200,OK,kabutan,2012.0,minkabu,2012.0,2026-08-12T13:58:57.461466+09:00
2026-07-24,3851,900.0,901.0,895.0,901.0,2300,OK,kabutan,901.0,minkabu,901.0,2026-08-12T13:55:13.264047+09:00
2026-07-24,4073,496.0,522.0,468.0,498.0,48400,OK,kabutan,498.0,minkabu,498.0,2026-08-12T13:56:27.298082+09:00
2026-07-24,4937,1518.0,1518.0,1501.0,1501.0,300,OK,kabutan,1501.0,minkabu,1501.0,2026-08-12T13:57:41.097899+09:00
2026-07-24,6570,2018.0,2018.0,1988.0,2005.0,3600,OK,kabutan,2005.0,minkabu,2005.0,2026-08-12T13:58:57.461466+09:00
2026-07-27,3851,905.0,930.0,900.0,930.0,12600,OK,kabutan,930.0,minkabu,930.0,2026-08-12T13:55:13.264047+09:00
2026-07-27,4073,490.0,490.0,467.0,474.0,11200,OK,kabutan,474.0,minkabu,474.0,2026-08-12T13:56:27.298082+09:00
2026-07-27,4937,1530.0,1570.0,1530.0,1570.0,900,OK,kabutan,1570.0,minkabu,1570.0,2026-08-12T13:57:41.097899+09:00
2026-07-27,6570,2017.0,2196.0,2017.0,2128.0,22600,OK,kabutan,2128.0,minkabu,2128.0,2026-08-12T13:58:57.461466+09:00
2026-07-28,3851,931.0,1080.0,931.0,970.0,451400,OK,kabutan,970.0,minkabu,970.0,2026-08-12T13:55:13.264047+09:00
2026-07-28,4073,470.0,470.0,444.0,456.0,13700,OK,kabutan,456.0,minkabu,456.0,2026-08-12T13:56:27.298082+09:00
2026-07-28,4937,1551.0,1551.0,1504.0,1512.0,600,OK,kabutan,1512.0,minkabu,1512.0,2026-08-12T13:57:41.097899+09:00
2026-07-28,6570,2146.0,2146.0,2115.0,2117.0,7000,OK,kabutan,2117.0,minkabu,2117.0,2026-08-12T13:58:57.461466+09:00
2026-07-29,3851,969.0,1068.0,952.0,1062.0,239500,OK,kabutan,1062.0,minkabu,1062.0,2026-08-12T13:55:13.264047+09:00
2026-07-29,4073,452.0,453.0,446.0,447.0,3300,OK,kabutan,447.0,minkabu,447.0,2026-08-12T13:56:27.298082+09:00
2026-07-29,4937,1500.0,1511.0,1473.0,1511.0,500,OK,kabutan,1511.0,minkabu,1511.0,2026-08-12T13:57:41.097899+09:00
2026-07-29,6570,2119.0,2131.0,2111.0,2131.0,7300,OK,kabutan,2131.0,minkabu,2131.0,2026-08-12T13:58:57.461466+09:00
2026-07-30,3851,1100.0,1110.0,985.0,1010.0,152200,OK,kabutan,1010.0,minkabu,1010.0,2026-08-12T13:55:13.264047+09:00
2026-07-30,4073,440.0,454.0,440.0,454.0,3500,OK,kabutan,454.0,minkabu,454.0,2026-08-12T13:56:27.298082+09:00
2026-07-30,4937,1483.0,1483.0,1471.0,1480.0,500,OK,kabutan,1480.0,minkabu,1480.0,2026-08-12T13:57:41.097899+09:00
2026-07-30,6570,2131.0,2149.0,2129.0,2142.0,3700,OK,kabutan,2142.0,minkabu,2142.0,2026-08-12T13:58:57.461466+09:00
2026-07-31,3851,1007.0,1067.0,1002.0,1063.0,101300,OK,kabutan,1063.0,minkabu,1063.0,2026-08-12T13:55:13.264047+09:00
2026-07-31,4073,457.0,460.0,446.0,449.0,9100,OK,kabutan,449.0,minkabu,449.0,2026-08-12T13:56:27.298082+09:00
2026-07-31,4937,1480.0,1500.0,1480.0,1487.0,400,OK,kabutan,1487.0,minkabu,1487.0,2026-08-12T13:57:41.097899+09:00
2026-07-31,6570,2092.0,2110.0,2089.0,2106.0,5200,OK,kabutan,2106.0,minkabu,2106.0,2026-08-12T13:58:57.461466+09:00
2026-08-03,3851,1061.0,1070.0,942.0,950.0,142600,OK,kabutan,950.0,minkabu,950.0,2026-08-12T13:55:13.264047+09:00
2026-08-03,4073,450.0,529.0,450.0,529.0,189400,OK,kabutan,529.0,minkabu,529.0,2026-08-12T13:56:27.298082+09:00
2026-08-03,4937,1487.0,1487.0,1487.0,1487.0,0,NO_TRADE,kabutan,1487.0,,,2026-08-12T13:57:41.097899+09:00
2026-08-03,6570,2085.0,2140.0,2059.0,2117.0,6400,OK,kabutan,2117.0,minkabu,2117.0,2026-08-12T13:58:57.461466+09:00
2026-08-04,3851,1025.0,1068.0,971.0,1048.0,134700,OK,kabutan,1048.0,minkabu,1048.0,2026-08-12T13:55:13.264047+09:00
2026-08-04,4073,530.0,629.0,518.0,629.0,871500,OK,kabutan,629.0,minkabu,629.0,2026-08-12T13:56:27.298082+09:00
2026-08-04,4937,1510.0,1550.0,1510.0,1538.0,2000,OK,kabutan,1538.0,minkabu,1538.0,2026-08-12T13:57:41.097899+09:00
2026-08-04,6570,2105.0,2123.0,2101.0,2101.0,1300,OK,kabutan,2101.0,minkabu,2101.0,2026-08-12T13:58:57.461466+09:00
2026-08-05,3851,1026.0,1045.0,999.0,1025.0,50100,OK,kabutan,1025.0,minkabu,1025.0,2026-08-12T13:55:13.264047+09:00
2026-08-05,4073,729.0,729.0,729.0,729.0,166800,OK,kabutan,729.0,minkabu,729.0,2026-08-12T13:56:27.298082+09:00
2026-08-05,4937,1578.0,1578.0,1545.0,1568.0,500,OK,kabutan,1568.0,minkabu,1568.0,2026-08-12T13:57:41.097899+09:00
2026-08-05,6570,2102.0,2152.0,2102.0,2130.0,9000,OK,kabutan,2130.0,minkabu,2130.0,2026-08-12T13:58:57.461466+09:00
2026-08-06,3851,1016.0,1076.0,1010.0,1041.0,44800,OK,kabutan,1041.0,minkabu,1041.0,2026-08-12T13:55:13.264047+09:00
2026-08-06,4073,579.0,579.0,579.0,579.0,10500,OK,kabutan,579.0,minkabu,579.0,2026-08-12T13:56:27.298082+09:00
2026-08-06,4937,1531.0,1568.0,1531.0,1568.0,400,OK,kabutan,1568.0,minkabu,1568.0,2026-08-12T13:57:41.097899+09:00
2026-08-06,6570,2123.0,2123.0,2055.0,2106.0,3800,OK,kabutan,2106.0,minkabu,2106.0,2026-08-12T13:58:57.461466+09:00
2026-08-07,3851,1071.0,1103.0,1054.0,1057.0,50800,OK,kabutan,1057.0,minkabu,1057.0,2026-08-12T13:55:13.264047+09:00
2026-08-07,4073,529.0,610.0,526.0,566.0,528100,OK,kabutan,566.0,minkabu,566.0,2026-08-12T13:56:27.298082+09:00
2026-08-07,4937,1535.0,1568.0,1532.0,1568.0,900,OK,kabutan,1568.0,minkabu,1568.0,2026-08-12T13:57:41.097899+09:00
2026-08-07,6570,2106.0,2116.0,2102.0,2102.0,1800,OK,kabutan,2102.0,minkabu,2102.0,2026-08-12T13:58:57.461466+09:00
2026-08-10,3851,1101.0,1135.0,1069.0,1135.0,89700,OK,kabutan,1135.0,minkabu,1135.0,2026-08-12T13:55:13.264047+09:00
2026-08-10,4073,540.0,588.0,528.0,535.0,144600,OK,kabutan,535.0,minkabu,535.0,2026-08-12T13:56:27.298082+09:00
2026-08-10,4937,1968.0,1968.0,1968.0,1968.0,16300,OK,kabutan,1968.0,minkabu,1968.0,2026-08-12T13:57:41.097899+09:00
2026-08-10,6570,2121.0,2602.0,2121.0,2602.0,109800,OK,kabutan,2602.0,minkabu,2602.0,2026-08-12T13:58:57.461466+09:00
2026-08-12,3851,1140.0,1230.0,1117.0,1140.0,123000,OK,kabutan,1140.0,yahoo_jp,1140.0,2026-08-13T16:53:38.858018+09:00
2026-08-12,4073,535.0,553.0,524.0,540.0,44200,OK,kabutan,540.0,yahoo_jp,540.0,2026-08-13T16:53:48.818439+09:00
2026-08-12,4937,2048.0,2150.0,1901.0,2150.0,242200,OK,kabutan,2150.0,yahoo_jp,2150.0,2026-08-13T16:53:59.028348+09:00
2026-08-12,6570,2706.0,3050.0,2706.0,2970.0,140500,OK,kabutan,2970.0,yahoo_jp,2970.0,2026-08-13T16:54:09.115587+09:00
2026-08-13,3851,1135.0,1188.0,1135.0,1186.0,37900,OK,kabutan,1186.0,yahoo_jp,1186.0,2026-08-14T13:45:50.932244+09:00
2026-08-13,4073,548.0,554.0,528.0,542.0,34600,OK,kabutan,542.0,yahoo_jp,542.0,2026-08-14T13:46:07.836977+09:00
2026-08-13,4937,2065.0,2097.0,1963.0,2038.0,43500,OK,kabutan,2038.0,yahoo_jp,2038.0,2026-08-14T13:46:23.547263+09:00
2026-08-13,6570,2966.0,3225.0,2966.0,3160.0,114900,OK,kabutan,3160.0,yahoo_jp,3160.0,2026-08-14T13:46:39.262813+09:00
2026-08-14,3851,1198.0,1206.0,1166.0,1180.0,52000,OK,kabutan,1180.0,yahoo_jp,1180.0,2026-08-21T12:59:52.885747+09:00
2026-08-14,4073,550.0,579.0,533.0,570.0,64800,OK,kabutan,570.0,yahoo_jp,570.0,2026-08-21T13:02:48.718099+09:00
2026-08-14,4937,2035.0,2036.0,1994.0,2030.0,17900,OK,kabutan,2030.0,yahoo_jp,2030.0,2026-08-21T13:05:44.477097+09:00
2026-08-14,6570,3020.0,3180.0,2970.0,3095.0,51500,OK,kabutan,3095.0,yahoo_jp,3095.0,2026-08-21T13:08:34.828919+09:00
2025-07-14,150A,441.0,444.0,441.0,,3500,SINGLE_SOURCE,kabutan,443.0,,,2026-08-21T12:57:00.975999+09:00
2025-07-15,150A,437.0,438.0,408.0,,35800,SINGLE_SOURCE,kabutan,423.0,,,2026-08-21T12:57:00.975999+09:00
2025-07-16,150A,431.0,435.0,415.0,,9200,SINGLE_SOURCE,kabutan,426.0,,,2026-08-21T12:57:00.975999+09:00
2025-07-17,150A,426.0,447.0,426.0,,21400,SINGLE_SOURCE,kabutan,447.0,,,2026-08-21T12:57:00.975999+09:00
2025-07-18,150A,455.0,457.0,443.0,,8100,SINGLE_SOURCE,kabutan,452.0,,,2026-08-21T12:57:00.975999+09:00
2025-07-22,150A,452.0,452.0,426.0,,19100,SINGLE_SOURCE,kabutan,431.0,,,2026-08-21T12:57:00.975999+09:00
2025-07-23,150A,431.0,433.0,421.0,,13500,SINGLE_SOURCE,kabutan,428.0,,,2026-08-21T12:57:00.975999+09:00
2025-07-24,150A,428.0,441.0,422.0,,10100,SINGLE_SOURCE,kabutan,436.0,,,2026-08-21T12:57:00.975999+09:00
2025-07-25,150A,439.0,439.0,431.0,,4600,SINGLE_SOURCE,kabutan,436.0,,,2026-08-21T12:57:00.975999+09:00
2025-07-28,150A,433.0,433.0,418.0,,13200,SINGLE_SOURCE,kabutan,422.0,,,2026-08-21T12:57:00.975999+09:00
2025-07-29,150A,420.0,429.0,420.0,,6500,SINGLE_SOURCE,kabutan,427.0,,,2026-08-21T12:57:00.975999+09:00
2025-07-30,150A,431.0,431.0,419.0,,10800,SINGLE_SOURCE,kabutan,429.0,,,2026-08-21T12:57:00.975999+09:00
2025-07-31,150A,430.0,432.0,420.0,,4800,SINGLE_SOURCE,kabutan,431.0,,,2026-08-21T12:57:00.975999+09:00
2025-08-01,150A,432.0,432.0,424.0,,5000,SINGLE_SOURCE,kabutan,425.0,,,2026-08-21T12:57:00.975999+09:00
2025-08-04,150A,422.0,428.0,421.0,,2800,SINGLE_SOURCE,kabutan,423.0,,,2026-08-21T12:57:00.975999+09:00
2025-08-05,150A,424.0,427.0,421.0,,1900,SINGLE_SOURCE,kabutan,427.0,,,2026-08-21T12:57:00.975999+09:00
2025-08-06,150A,427.0,427.0,421.0,,3100,SINGLE_SOURCE,kabutan,427.0,,,2026-08-21T12:57:00.975999+09:00
2025-08-07,150A,426.0,428.0,421.0,,2900,SINGLE_SOURCE,kabutan,422.0,,,2026-08-21T12:57:00.975999+09:00
2025-08-08,150A,422.0,429.0,421.0,,7200,SINGLE_SOURCE,kabutan,421.0,,,2026-08-21T12:57:00.975999+09:00
2025-08-12,150A,423.0,426.0,400.0,,38700,SINGLE_SOURCE,kabutan,409.0,,,2026-08-21T12:57:00.975999+09:00
2025-08-13,150A,409.0,413.0,392.0,,94300,SINGLE_SOURCE,kabutan,399.0,,,2026-08-21T12:57:00.975999+09:00
2025-08-14,150A,393.0,405.0,393.0,,46800,SINGLE_SOURCE,kabutan,399.0,,,2026-08-21T12:57:00.975999+09:00
2025-08-15,150A,401.0,409.0,391.0,,26200,SINGLE_SOURCE,kabutan,403.0,,,2026-08-21T12:57:00.975999+09:00
2025-08-18,150A,405.0,410.0,401.0,,26700,SINGLE_SOURCE,kabutan,404.0,,,2026-08-21T12:57:00.975999+09:00
2025-08-19,150A,410.0,411.0,401.0,,13700,SINGLE_SOURCE,kabutan,411.0,,,2026-08-21T12:57:00.975999+09:00
2025-08-20,150A,413.0,414.0,406.0,,6400,SINGLE_SOURCE,kabutan,408.0,,,2026-08-21T12:57:00.975999+09:00
2025-08-21,150A,410.0,410.0,404.0,405.0,6700,OK,kabutan,405.0,yahoo_jp,405.0,2026-08-21T12:57:00.975999+09:00
2025-08-22,150A,406.0,412.0,406.0,410.0,4000,OK,kabutan,410.0,yahoo_jp,410.0,2026-08-21T12:57:00.975999+09:00
2025-08-25,150A,410.0,418.0,410.0,418.0,5200,OK,kabutan,418.0,yahoo_jp,418.0,2026-08-21T12:57:00.975999+09:00
2025-08-26,150A,411.0,426.0,409.0,422.0,11200,OK,kabutan,422.0,yahoo_jp,422.0,2026-08-21T12:57:00.975999+09:00
2025-08-27,150A,426.0,436.0,420.0,431.0,12300,OK,kabutan,431.0,yahoo_jp,431.0,2026-08-21T12:57:00.975999+09:00
2025-08-28,150A,433.0,447.0,423.0,447.0,20800,OK,kabutan,447.0,yahoo_jp,447.0,2026-08-21T12:57:00.975999+09:00
2025-08-29,150A,462.0,484.0,448.0,471.0,55100,OK,kabutan,471.0,yahoo_jp,471.0,2026-08-21T12:57:00.975999+09:00
2025-09-01,150A,479.0,480.0,467.0,467.0,21200,OK,kabutan,467.0,yahoo_jp,467.0,2026-08-21T12:57:00.975999+09:00
2025-09-02,150A,473.0,473.0,462.0,462.0,10300,OK,kabutan,462.0,yahoo_jp,462.0,2026-08-21T12:57:00.975999+09:00
2025-09-03,150A,460.0,460.0,433.0,433.0,22300,OK,kabutan,433.0,yahoo_jp,433.0,2026-08-21T12:57:00.975999+09:00
2025-09-04,150A,437.0,452.0,437.0,452.0,7300,OK,kabutan,452.0,yahoo_jp,452.0,2026-08-21T12:57:00.975999+09:00
2025-09-05,150A,452.0,454.0,445.0,445.0,3600,OK,kabutan,445.0,yahoo_jp,445.0,2026-08-21T12:57:00.975999+09:00
2025-09-08,150A,446.0,451.0,445.0,451.0,1900,OK,kabutan,451.0,yahoo_jp,451.0,2026-08-21T12:57:00.975999+09:00
2025-09-09,150A,443.0,451.0,443.0,450.0,3100,OK,kabutan,450.0,yahoo_jp,450.0,2026-08-21T12:57:00.975999+09:00
2025-09-10,150A,451.0,451.0,444.0,444.0,1400,OK,kabutan,444.0,yahoo_jp,444.0,2026-08-21T12:57:00.975999+09:00
2025-09-11,150A,440.0,443.0,436.0,437.0,10900,OK,kabutan,437.0,yahoo_jp,437.0,2026-08-21T12:57:00.975999+09:00
2025-09-12,150A,436.0,445.0,433.0,435.0,10800,OK,kabutan,435.0,yahoo_jp,435.0,2026-08-21T12:57:00.975999+09:00
2025-09-16,150A,443.0,443.0,413.0,437.0,31700,OK,kabutan,437.0,yahoo_jp,437.0,2026-08-21T12:57:00.975999+09:00
2025-09-17,150A,437.0,437.0,421.0,428.0,5900,OK,kabutan,428.0,yahoo_jp,428.0,2026-08-21T12:57:00.975999+09:00
2025-09-18,150A,426.0,439.0,426.0,439.0,2900,OK,kabutan,439.0,yahoo_jp,439.0,2026-08-21T12:57:00.975999+09:00
2025-09-19,150A,432.0,451.0,432.0,448.0,11200,OK,kabutan,448.0,yahoo_jp,448.0,2026-08-21T12:57:00.975999+09:00
2025-09-22,150A,448.0,452.0,438.0,446.0,6300,OK,kabutan,446.0,yahoo_jp,446.0,2026-08-21T12:57:00.975999+09:00
2025-09-24,150A,454.0,457.0,438.0,442.0,9900,OK,kabutan,442.0,yahoo_jp,442.0,2026-08-21T12:57:00.975999+09:00
2025-09-25,150A,466.0,470.0,446.0,455.0,10300,OK,kabutan,455.0,yahoo_jp,455.0,2026-08-21T12:57:00.975999+09:00
2025-09-26,150A,457.0,459.0,446.0,452.0,3500,OK,kabutan,452.0,yahoo_jp,452.0,2026-08-21T12:57:00.975999+09:00
2025-09-29,150A,452.0,452.0,443.0,443.0,3600,OK,kabutan,443.0,yahoo_jp,443.0,2026-08-21T12:57:00.975999+09:00
2025-09-30,150A,447.0,447.0,434.0,440.0,7000,OK,kabutan,440.0,yahoo_jp,440.0,2026-08-21T12:57:00.975999+09:00
2025-10-01,150A,439.0,439.0,420.0,424.0,9800,OK,kabutan,424.0,yahoo_jp,424.0,2026-08-21T12:57:00.975999+09:00
2025-10-02,150A,416.0,448.0,416.0,425.0,14100,OK,kabutan,425.0,yahoo_jp,425.0,2026-08-21T12:57:00.975999+09:00
2025-10-03,150A,424.0,440.0,424.0,440.0,3100,OK,kabutan,440.0,yahoo_jp,440.0,2026-08-21T12:57:00.975999+09:00
2025-10-06,150A,452.0,460.0,437.0,440.0,17200,OK,kabutan,440.0,yahoo_jp,440.0,2026-08-21T12:57:00.975999+09:00
2025-10-07,150A,437.0,452.0,429.0,449.0,8000,OK,kabutan,449.0,yahoo_jp,449.0,2026-08-21T12:57:00.975999+09:00
2025-10-08,150A,445.0,449.0,444.0,444.0,3900,OK,kabutan,444.0,yahoo_jp,444.0,2026-08-21T12:57:00.975999+09:00
2025-10-09,150A,442.0,449.0,442.0,449.0,3500,OK,kabutan,449.0,yahoo_jp,449.0,2026-08-21T12:57:00.975999+09:00
2025-10-10,150A,441.0,442.0,439.0,439.0,3600,OK,kabutan,439.0,yahoo_jp,439.0,2026-08-21T12:57:00.975999+09:00
2025-10-14,150A,434.0,438.0,425.0,425.0,6300,OK,kabutan,425.0,yahoo_jp,425.0,2026-08-21T12:57:00.975999+09:00
2025-10-15,150A,421.0,440.0,417.0,440.0,5900,OK,kabutan,440.0,yahoo_jp,440.0,2026-08-21T12:57:00.975999+09:00
2025-10-16,150A,440.0,440.0,423.0,434.0,4100,OK,kabutan,434.0,yahoo_jp,434.0,2026-08-21T12:57:00.975999+09:00
2025-10-17,150A,426.0,434.0,420.0,429.0,6000,OK,kabutan,429.0,yahoo_jp,429.0,2026-08-21T12:57:00.975999+09:00
2025-10-20,150A,429.0,431.0,420.0,430.0,4000,OK,kabutan,430.0,yahoo_jp,430.0,2026-08-21T12:57:00.975999+09:00
2025-10-21,150A,430.0,430.0,417.0,429.0,3900,OK,kabutan,429.0,yahoo_jp,429.0,2026-08-21T12:57:00.975999+09:00
2025-10-22,150A,426.0,426.0,410.0,424.0,19300,OK,kabutan,424.0,yahoo_jp,424.0,2026-08-21T12:57:00.975999+09:00
2025-10-23,150A,430.0,430.0,424.0,425.0,6500,OK,kabutan,425.0,yahoo_jp,425.0,2026-08-21T12:57:00.975999+09:00
2025-10-24,150A,421.0,425.0,413.0,422.0,5500,OK,kabutan,422.0,yahoo_jp,422.0,2026-08-21T12:57:00.975999+09:00
2025-10-27,150A,425.0,429.0,424.0,429.0,3400,OK,kabutan,429.0,yahoo_jp,429.0,2026-08-21T12:57:00.975999+09:00
2025-10-28,150A,426.0,433.0,422.0,425.0,2900,OK,kabutan,425.0,yahoo_jp,425.0,2026-08-21T12:57:00.975999+09:00
2025-10-29,150A,424.0,426.0,424.0,426.0,1400,OK,kabutan,426.0,yahoo_jp,426.0,2026-08-21T12:57:00.975999+09:00
2025-10-30,150A,424.0,424.0,423.0,423.0,1000,OK,kabutan,423.0,yahoo_jp,423.0,2026-08-21T12:57:00.975999+09:00
2025-10-31,150A,431.0,431.0,423.0,424.0,5200,OK,kabutan,424.0,yahoo_jp,424.0,2026-08-21T12:57:00.975999+09:00
2025-11-04,150A,421.0,423.0,415.0,417.0,6100,OK,kabutan,417.0,yahoo_jp,417.0,2026-08-21T12:57:00.975999+09:00
2025-11-05,150A,412.0,423.0,404.0,408.0,13500,OK,kabutan,408.0,yahoo_jp,408.0,2026-08-21T12:57:00.975999+09:00
2025-11-06,150A,408.0,425.0,406.0,421.0,11500,OK,kabutan,421.0,yahoo_jp,421.0,2026-08-21T12:57:00.975999+09:00
2025-11-07,150A,415.0,422.0,411.0,417.0,4700,OK,kabutan,417.0,yahoo_jp,417.0,2026-08-21T12:57:00.975999+09:00
2025-11-10,150A,413.0,423.0,408.0,419.0,4800,OK,kabutan,419.0,yahoo_jp,419.0,2026-08-21T12:57:00.975999+09:00
2025-11-11,150A,415.0,415.0,411.0,411.0,1500,OK,kabutan,411.0,yahoo_jp,411.0,2026-08-21T12:57:00.975999+09:00
2025-11-12,150A,415.0,417.0,411.0,411.0,3600,OK,kabutan,411.0,yahoo_jp,411.0,2026-08-21T12:57:00.975999+09:00
2025-11-13,150A,411.0,412.0,411.0,411.0,15500,OK,kabutan,411.0,yahoo_jp,411.0,2026-08-21T12:57:00.975999+09:00
2025-11-14,150A,411.0,415.0,410.0,413.0,5300,OK,kabutan,413.0,yahoo_jp,413.0,2026-08-21T12:57:00.975999+09:00
2025-11-17,150A,413.0,415.0,401.0,415.0,7000,OK,kabutan,415.0,yahoo_jp,415.0,2026-08-21T12:57:00.975999+09:00
2025-11-18,150A,413.0,424.0,391.0,408.0,58500,OK,kabutan,408.0,yahoo_jp,408.0,2026-08-21T12:57:00.975999+09:00
2025-11-19,150A,403.0,408.0,401.0,406.0,4500,OK,kabutan,406.0,yahoo_jp,406.0,2026-08-21T12:57:00.975999+09:00
2025-11-20,150A,408.0,412.0,405.0,409.0,7100,OK,kabutan,409.0,yahoo_jp,409.0,2026-08-21T12:57:00.975999+09:00
2025-11-21,150A,409.0,418.0,409.0,415.0,7200,OK,kabutan,415.0,yahoo_jp,415.0,2026-08-21T12:57:00.975999+09:00
2025-11-25,150A,415.0,432.0,415.0,430.0,9900,OK,kabutan,430.0,yahoo_jp,430.0,2026-08-21T12:57:00.975999+09:00
2025-11-26,150A,436.0,436.0,424.0,424.0,1000,OK,kabutan,424.0,yahoo_jp,424.0,2026-08-21T12:57:00.975999+09:00
2025-11-27,150A,424.0,424.0,418.0,419.0,2000,OK,kabutan,419.0,yahoo_jp,419.0,2026-08-21T12:57:00.975999+09:00
2025-11-28,150A,418.0,420.0,410.0,420.0,5300,OK,kabutan,420.0,yahoo_jp,420.0,2026-08-21T12:57:00.975999+09:00
2025-12-01,150A,417.0,420.0,414.0,415.0,5600,OK,kabutan,415.0,yahoo_jp,415.0,2026-08-21T12:57:00.975999+09:00
2025-12-02,150A,415.0,422.0,415.0,422.0,1700,OK,kabutan,422.0,yahoo_jp,422.0,2026-08-21T12:57:00.975999+09:00
2025-12-03,150A,421.0,421.0,413.0,413.0,2500,OK,kabutan,413.0,yahoo_jp,413.0,2026-08-21T12:57:00.975999+09:00
2025-12-04,150A,414.0,417.0,414.0,417.0,900,OK,kabutan,417.0,yahoo_jp,417.0,2026-08-21T12:57:00.975999+09:00
2025-12-05,150A,416.0,416.0,415.0,415.0,400,OK,kabutan,415.0,yahoo_jp,415.0,2026-08-21T12:57:00.975999+09:00
2025-12-08,150A,412.0,414.0,411.0,413.0,4500,OK,kabutan,413.0,yahoo_jp,413.0,2026-08-21T12:57:00.975999+09:00
2025-12-09,150A,412.0,417.0,412.0,417.0,1700,OK,kabutan,417.0,yahoo_jp,417.0,2026-08-21T12:57:00.975999+09:00
2025-12-10,150A,414.0,415.0,413.0,413.0,1300,OK,kabutan,413.0,yahoo_jp,413.0,2026-08-21T12:57:00.975999+09:00
2025-12-11,150A,413.0,414.0,410.0,412.0,5700,OK,kabutan,412.0,yahoo_jp,412.0,2026-08-21T12:57:00.975999+09:00
2025-12-12,150A,412.0,415.0,412.0,412.0,1700,OK,kabutan,412.0,yahoo_jp,412.0,2026-08-21T12:57:00.975999+09:00
2025-12-15,150A,412.0,412.0,409.0,410.0,8800,OK,kabutan,410.0,yahoo_jp,410.0,2026-08-21T12:57:00.975999+09:00
2025-12-16,150A,411.0,411.0,409.0,410.0,3500,OK,kabutan,410.0,yahoo_jp,410.0,2026-08-21T12:57:00.975999+09:00
2025-12-17,150A,408.0,410.0,406.0,409.0,7500,OK,kabutan,409.0,yahoo_jp,409.0,2026-08-21T12:57:00.975999+09:00
2025-12-18,150A,410.0,439.0,410.0,420.0,25600,OK,kabutan,420.0,yahoo_jp,420.0,2026-08-21T12:57:00.975999+09:00
2025-12-19,150A,415.0,415.0,400.0,415.0,10300,OK,kabutan,415.0,yahoo_jp,415.0,2026-08-21T12:57:00.975999+09:00
2025-12-22,150A,411.0,418.0,411.0,418.0,6000,OK,kabutan,418.0,yahoo_jp,418.0,2026-08-21T12:57:00.975999+09:00
2025-12-23,150A,417.0,417.0,408.0,415.0,9700,OK,kabutan,415.0,yahoo_jp,415.0,2026-08-21T12:57:00.975999+09:00
2025-12-24,150A,415.0,415.0,410.0,413.0,9500,OK,kabutan,413.0,yahoo_jp,413.0,2026-08-21T12:57:00.975999+09:00
2025-12-25,150A,413.0,413.0,408.0,408.0,8500,OK,kabutan,408.0,yahoo_jp,408.0,2026-08-21T12:57:00.975999+09:00
2025-12-26,150A,408.0,409.0,400.0,409.0,15000,OK,kabutan,409.0,yahoo_jp,409.0,2026-08-21T12:57:00.975999+09:00
2025-12-29,150A,407.0,409.0,405.0,408.0,4600,OK,kabutan,408.0,yahoo_jp,408.0,2026-08-21T12:57:00.975999+09:00
2025-12-30,150A,405.0,407.0,400.0,405.0,4700,OK,kabutan,405.0,yahoo_jp,405.0,2026-08-21T12:57:00.975999+09:00
2026-01-05,150A,408.0,411.0,401.0,408.0,6000,OK,kabutan,408.0,yahoo_jp,408.0,2026-08-21T12:57:00.975999+09:00
2026-01-06,150A,411.0,415.0,405.0,411.0,6200,OK,kabutan,411.0,yahoo_jp,411.0,2026-08-21T12:57:00.975999+09:00
2026-01-07,150A,406.0,409.0,406.0,408.0,4900,OK,kabutan,408.0,yahoo_jp,408.0,2026-08-21T12:57:00.975999+09:00
2026-01-08,150A,408.0,408.0,405.0,407.0,1400,OK,kabutan,407.0,yahoo_jp,407.0,2026-08-21T12:57:00.975999+09:00
2026-01-09,150A,405.0,409.0,402.0,409.0,5700,OK,kabutan,409.0,yahoo_jp,409.0,2026-08-21T12:57:00.975999+09:00
2026-01-13,150A,414.0,415.0,402.0,409.0,4300,OK,kabutan,409.0,yahoo_jp,409.0,2026-08-21T12:57:00.975999+09:00
2026-01-14,150A,407.0,407.0,403.0,403.0,2300,OK,kabutan,403.0,yahoo_jp,403.0,2026-08-21T12:57:00.975999+09:00
2026-01-15,150A,403.0,406.0,403.0,406.0,5200,OK,kabutan,406.0,yahoo_jp,406.0,2026-08-21T12:57:00.975999+09:00
2026-01-16,150A,405.0,405.0,403.0,405.0,4300,OK,kabutan,405.0,yahoo_jp,405.0,2026-08-21T12:57:00.975999+09:00
2026-01-19,150A,403.0,404.0,402.0,402.0,1900,OK,kabutan,402.0,yahoo_jp,402.0,2026-08-21T12:57:00.975999+09:00
2026-01-20,150A,403.0,404.0,402.0,402.0,1900,OK,kabutan,402.0,yahoo_jp,402.0,2026-08-21T12:57:00.975999+09:00
2026-01-21,150A,402.0,402.0,401.0,401.0,1700,OK,kabutan,401.0,yahoo_jp,401.0,2026-08-21T12:57:00.975999+09:00
2026-01-22,150A,401.0,406.0,401.0,405.0,3400,OK,kabutan,405.0,yahoo_jp,405.0,2026-08-21T12:57:00.975999+09:00
2026-01-23,150A,406.0,407.0,403.0,403.0,1800,OK,kabutan,403.0,yahoo_jp,403.0,2026-08-21T12:57:00.975999+09:00
2026-01-26,150A,406.0,421.0,403.0,410.0,2200,OK,kabutan,410.0,yahoo_jp,410.0,2026-08-21T12:57:00.975999+09:00
2026-01-27,150A,411.0,411.0,407.0,407.0,1300,OK,kabutan,407.0,yahoo_jp,407.0,2026-08-21T12:57:00.975999+09:00
2026-01-28,150A,407.0,414.0,407.0,412.0,1900,OK,kabutan,412.0,yahoo_jp,412.0,2026-08-21T12:57:00.975999+09:00
2026-01-29,150A,411.0,413.0,403.0,410.0,4900,OK,kabutan,410.0,yahoo_jp,410.0,2026-08-21T12:57:00.975999+09:00
2026-01-30,150A,412.0,415.0,410.0,415.0,4400,OK,kabutan,415.0,yahoo_jp,415.0,2026-08-21T12:57:00.975999+09:00
2026-02-02,150A,415.0,415.0,406.0,408.0,5400,OK,kabutan,408.0,yahoo_jp,408.0,2026-08-21T12:57:00.975999+09:00
2026-02-03,150A,408.0,409.0,406.0,406.0,3100,OK,kabutan,406.0,yahoo_jp,406.0,2026-08-21T12:57:00.975999+09:00
2026-02-04,150A,405.0,409.0,403.0,409.0,5300,OK,kabutan,409.0,yahoo_jp,409.0,2026-08-21T12:57:00.975999+09:00
2026-02-05,150A,406.0,409.0,402.0,409.0,5700,OK,kabutan,409.0,yahoo_jp,409.0,2026-08-21T12:57:00.975999+09:00
2026-02-06,150A,406.0,408.0,402.0,403.0,2700,OK,kabutan,403.0,yahoo_jp,403.0,2026-08-21T12:57:00.975999+09:00
2026-02-09,150A,411.0,415.0,402.0,406.0,4700,OK,kabutan,406.0,yahoo_jp,406.0,2026-08-21T12:57:00.975999+09:00
2026-02-10,150A,404.0,406.0,401.0,405.0,4300,OK,kabutan,405.0,yahoo_jp,405.0,2026-08-21T12:57:00.975999+09:00
2026-02-12,150A,410.0,411.0,403.0,405.0,10100,OK,kabutan,405.0,yahoo_jp,405.0,2026-08-21T12:57:00.975999+09:00
2026-02-13,150A,401.0,410.0,400.0,407.0,11100,OK,kabutan,407.0,yahoo_jp,407.0,2026-08-21T12:57:00.975999+09:00
2026-02-16,150A,403.0,407.0,400.0,400.0,7000,OK,kabutan,400.0,yahoo_jp,400.0,2026-08-21T12:57:00.975999+09:00
2026-02-17,150A,400.0,401.0,392.0,394.0,8800,OK,kabutan,394.0,yahoo_jp,394.0,2026-08-21T12:57:00.975999+09:00
2026-02-18,150A,394.0,398.0,394.0,398.0,8000,OK,kabutan,398.0,yahoo_jp,398.0,2026-08-21T12:57:00.975999+09:00
2026-02-19,150A,400.0,402.0,400.0,400.0,3700,OK,kabutan,400.0,yahoo_jp,400.0,2026-08-21T12:57:00.975999+09:00
2026-02-20,150A,401.0,403.0,401.0,401.0,3600,OK,kabutan,401.0,yahoo_jp,401.0,2026-08-21T12:57:00.975999+09:00
2026-02-24,150A,401.0,403.0,395.0,400.0,3700,OK,kabutan,400.0,yahoo_jp,400.0,2026-08-21T12:57:00.975999+09:00
2026-02-25,150A,403.0,403.0,399.0,400.0,3100,OK,kabutan,400.0,yahoo_jp,400.0,2026-08-21T12:57:00.975999+09:00
2026-02-26,150A,400.0,406.0,400.0,402.0,3500,OK,kabutan,402.0,yahoo_jp,402.0,2026-08-21T12:57:00.975999+09:00
2026-02-27,150A,401.0,403.0,400.0,402.0,1900,OK,kabutan,402.0,yahoo_jp,402.0,2026-08-21T12:57:00.975999+09:00
2026-03-02,150A,407.0,407.0,400.0,400.0,3800,OK,kabutan,400.0,yahoo_jp,400.0,2026-08-21T12:57:00.975999+09:00
2026-03-03,150A,401.0,402.0,398.0,398.0,4000,OK,kabutan,398.0,yahoo_jp,398.0,2026-08-21T12:57:00.975999+09:00
2026-03-04,150A,396.0,397.0,390.0,391.0,14600,OK,kabutan,391.0,yahoo_jp,391.0,2026-08-21T12:57:00.975999+09:00
2026-03-05,150A,392.0,403.0,391.0,393.0,3600,OK,kabutan,393.0,yahoo_jp,393.0,2026-08-21T12:57:00.975999+09:00
2026-03-06,150A,393.0,403.0,392.0,403.0,2700,OK,kabutan,403.0,yahoo_jp,403.0,2026-08-21T12:57:00.975999+09:00
2026-03-09,150A,392.0,394.0,390.0,391.0,3700,OK,kabutan,391.0,yahoo_jp,391.0,2026-08-21T12:57:00.975999+09:00
2026-03-10,150A,392.0,393.0,392.0,392.0,3100,OK,kabutan,392.0,yahoo_jp,392.0,2026-08-21T12:57:00.975999+09:00
2026-03-11,150A,395.0,395.0,393.0,393.0,1900,OK,kabutan,393.0,yahoo_jp,393.0,2026-08-21T12:57:00.975999+09:00
2026-03-12,150A,393.0,393.0,391.0,391.0,1200,OK,kabutan,391.0,yahoo_jp,391.0,2026-08-21T12:57:00.975999+09:00
2026-03-13,150A,391.0,392.0,390.0,391.0,1300,OK,kabutan,391.0,yahoo_jp,391.0,2026-08-21T12:57:00.975999+09:00
2026-03-16,150A,396.0,397.0,389.0,390.0,9400,OK,kabutan,390.0,yahoo_jp,390.0,2026-08-21T12:57:00.975999+09:00
2026-03-17,150A,390.0,390.0,358.0,372.0,23700,OK,kabutan,372.0,yahoo_jp,372.0,2026-08-21T12:57:00.975999+09:00
2026-03-18,150A,374.0,385.0,368.0,382.0,9300,OK,kabutan,382.0,yahoo_jp,382.0,2026-08-21T12:57:00.975999+09:00
2026-03-19,150A,376.0,376.0,367.0,368.0,5100,OK,kabutan,368.0,yahoo_jp,368.0,2026-08-21T12:57:00.975999+09:00
2026-03-23,150A,365.0,365.0,347.0,353.0,6400,OK,kabutan,353.0,yahoo_jp,353.0,2026-08-21T12:57:00.975999+09:00
2026-03-24,150A,351.0,354.0,346.0,346.0,4100,OK,kabutan,346.0,yahoo_jp,346.0,2026-08-21T12:57:00.975999+09:00
2026-03-25,150A,345.0,354.0,345.0,346.0,12400,OK,kabutan,346.0,yahoo_jp,346.0,2026-08-21T12:57:00.975999+09:00
2026-03-26,150A,346.0,347.0,340.0,340.0,15100,OK,kabutan,340.0,yahoo_jp,340.0,2026-08-21T12:57:00.975999+09:00
2026-03-27,150A,340.0,346.0,338.0,346.0,10400,OK,kabutan,346.0,yahoo_jp,346.0,2026-08-21T12:57:00.975999+09:00
2026-03-30,150A,341.0,346.0,339.0,346.0,1800,OK,kabutan,346.0,yahoo_jp,346.0,2026-08-21T12:57:00.975999+09:00
2026-03-31,150A,354.0,354.0,342.0,343.0,1500,OK,kabutan,343.0,yahoo_jp,343.0,2026-08-21T12:57:00.975999+09:00
2026-04-01,150A,347.0,358.0,345.0,357.0,3400,OK,kabutan,357.0,yahoo_jp,357.0,2026-08-21T12:57:00.975999+09:00
2026-04-02,150A,354.0,360.0,354.0,360.0,2100,OK,kabutan,360.0,yahoo_jp,360.0,2026-08-21T12:57:00.975999+09:00
2026-04-03,150A,361.0,361.0,360.0,360.0,700,OK,kabutan,360.0,yahoo_jp,360.0,2026-08-21T12:57:00.975999+09:00
2026-04-06,150A,362.0,371.0,362.0,369.0,2400,OK,kabutan,369.0,yahoo_jp,369.0,2026-08-21T12:57:00.975999+09:00
2026-04-07,150A,364.0,369.0,364.0,369.0,600,OK,kabutan,369.0,yahoo_jp,369.0,2026-08-21T12:57:00.975999+09:00
2026-04-08,150A,362.0,371.0,362.0,370.0,1200,OK,kabutan,370.0,yahoo_jp,370.0,2026-08-21T12:57:00.975999+09:00
2026-04-09,150A,373.0,374.0,372.0,372.0,600,OK,kabutan,372.0,yahoo_jp,372.0,2026-08-21T12:57:00.975999+09:00
2026-04-10,150A,375.0,375.0,365.0,370.0,2800,OK,kabutan,370.0,yahoo_jp,370.0,2026-08-21T12:57:00.975999+09:00
2026-04-13,150A,370.0,370.0,370.0,370.0,400,OK,kabutan,370.0,yahoo_jp,370.0,2026-08-21T12:57:00.975999+09:00
2026-04-14,150A,375.0,378.0,366.0,366.0,2600,OK,kabutan,366.0,yahoo_jp,366.0,2026-08-21T12:57:00.975999+09:00
2026-04-15,150A,368.0,376.0,368.0,370.0,700,OK,kabutan,370.0,yahoo_jp,370.0,2026-08-21T12:57:00.975999+09:00
2026-04-16,150A,371.0,371.0,368.0,368.0,10900,OK,kabutan,368.0,yahoo_jp,368.0,2026-08-21T12:57:00.975999+09:00
2026-04-17,150A,374.0,383.0,374.0,383.0,3300,OK,kabutan,383.0,yahoo_jp,383.0,2026-08-21T12:57:00.975999+09:00
2026-04-20,150A,381.0,382.0,372.0,372.0,2400,OK,kabutan,372.0,yahoo_jp,372.0,2026-08-21T12:57:00.975999+09:00
2026-04-21,150A,380.0,380.0,375.0,375.0,700,OK,kabutan,375.0,yahoo_jp,375.0,2026-08-21T12:57:00.975999+09:00
2026-04-22,150A,374.0,374.0,364.0,365.0,1600,OK,kabutan,365.0,yahoo_jp,365.0,2026-08-21T12:57:00.975999+09:00
2026-04-23,150A,367.0,373.0,367.0,373.0,10600,OK,kabutan,373.0,yahoo_jp,373.0,2026-08-21T12:57:00.975999+09:00
2026-04-24,150A,369.0,371.0,360.0,360.0,2400,OK,kabutan,360.0,yahoo_jp,360.0,2026-08-21T12:57:00.975999+09:00
2026-04-27,150A,363.0,370.0,361.0,361.0,2400,OK,kabutan,361.0,yahoo_jp,361.0,2026-08-21T12:57:00.975999+09:00
2026-04-28,150A,361.0,369.0,361.0,369.0,1900,OK,kabutan,369.0,yahoo_jp,369.0,2026-08-21T12:57:00.975999+09:00
2026-04-30,150A,369.0,369.0,366.0,366.0,400,OK,kabutan,366.0,yahoo_jp,366.0,2026-08-21T12:57:00.975999+09:00
2026-05-01,150A,371.0,371.0,364.0,365.0,3300,OK,kabutan,365.0,yahoo_jp,365.0,2026-08-21T12:57:00.975999+09:00
2026-05-07,150A,373.0,373.0,357.0,357.0,5300,OK,kabutan,357.0,yahoo_jp,357.0,2026-08-21T12:57:00.975999+09:00
2026-05-08,150A,357.0,360.0,351.0,360.0,1900,OK,kabutan,360.0,yahoo_jp,360.0,2026-08-21T12:57:00.975999+09:00
2026-05-11,150A,360.0,360.0,353.0,354.0,6000,OK,kabutan,354.0,yahoo_jp,354.0,2026-08-21T12:57:00.975999+09:00
2026-05-12,150A,354.0,356.0,352.0,352.0,1100,OK,kabutan,352.0,yahoo_jp,352.0,2026-08-21T12:57:00.975999+09:00
2026-05-13,150A,355.0,355.0,350.0,350.0,3300,OK,kabutan,350.0,yahoo_jp,350.0,2026-08-21T12:57:00.975999+09:00
2026-05-14,150A,349.0,349.0,331.0,340.0,9900,OK,kabutan,340.0,yahoo_jp,340.0,2026-08-21T12:57:00.975999+09:00
2026-05-15,150A,347.0,358.0,346.0,357.0,5300,OK,kabutan,357.0,yahoo_jp,357.0,2026-08-21T12:57:00.975999+09:00
2026-05-18,150A,349.0,369.0,349.0,356.0,8800,OK,kabutan,356.0,yahoo_jp,356.0,2026-08-21T12:57:00.975999+09:00
2026-05-19,150A,352.0,353.0,350.0,353.0,3700,OK,kabutan,353.0,yahoo_jp,353.0,2026-08-21T12:57:00.975999+09:00
2026-05-20,150A,355.0,380.0,355.0,374.0,20300,OK,kabutan,374.0,yahoo_jp,374.0,2026-08-21T12:57:00.975999+09:00
2026-05-21,150A,379.0,384.0,366.0,373.0,7100,OK,kabutan,373.0,yahoo_jp,373.0,2026-08-21T12:57:00.975999+09:00
2026-05-22,150A,373.0,375.0,373.0,373.0,1600,OK,kabutan,373.0,yahoo_jp,373.0,2026-08-21T12:57:00.975999+09:00
2026-05-25,150A,378.0,378.0,378.0,378.0,1100,OK,kabutan,378.0,yahoo_jp,378.0,2026-08-21T12:57:00.975999+09:00
2026-05-26,150A,363.0,371.0,362.0,370.0,4900,OK,kabutan,370.0,yahoo_jp,370.0,2026-08-21T12:57:00.975999+09:00
2026-05-27,150A,370.0,371.0,358.0,358.0,5000,OK,kabutan,358.0,yahoo_jp,358.0,2026-08-21T12:57:00.975999+09:00
2026-05-28,150A,358.0,359.0,358.0,358.0,900,OK,kabutan,358.0,yahoo_jp,358.0,2026-08-21T12:57:00.975999+09:00
2026-05-29,150A,361.0,366.0,357.0,365.0,2800,OK,kabutan,365.0,yahoo_jp,365.0,2026-08-21T12:57:00.975999+09:00
2026-06-01,150A,365.0,365.0,357.0,357.0,2100,OK,kabutan,357.0,yahoo_jp,357.0,2026-08-21T12:57:00.975999+09:00
2026-06-02,150A,357.0,357.0,353.0,353.0,1800,OK,kabutan,353.0,yahoo_jp,353.0,2026-08-21T12:57:00.975999+09:00
2026-06-03,150A,352.0,355.0,351.0,352.0,7200,OK,kabutan,352.0,yahoo_jp,352.0,2026-08-21T12:57:00.975999+09:00
2026-06-04,150A,350.0,356.0,350.0,356.0,1200,OK,kabutan,356.0,yahoo_jp,356.0,2026-08-21T12:57:00.975999+09:00
2026-06-05,150A,348.0,353.0,348.0,348.0,2900,OK,kabutan,348.0,yahoo_jp,348.0,2026-08-21T12:57:00.975999+09:00
2026-06-08,150A,351.0,351.0,336.0,341.0,4600,OK,kabutan,341.0,yahoo_jp,341.0,2026-08-21T12:57:00.975999+09:00
2026-06-09,150A,345.0,345.0,338.0,338.0,2500,OK,kabutan,338.0,yahoo_jp,338.0,2026-08-21T12:57:00.975999+09:00
2026-06-10,150A,336.0,337.0,336.0,337.0,600,OK,kabutan,337.0,yahoo_jp,337.0,2026-08-21T12:57:00.975999+09:00
2026-06-11,150A,342.0,342.0,335.0,336.0,2400,OK,kabutan,336.0,yahoo_jp,336.0,2026-08-21T12:57:00.975999+09:00
2026-06-12,150A,336.0,336.0,333.0,336.0,1500,OK,kabutan,336.0,yahoo_jp,336.0,2026-08-21T12:57:00.975999+09:00
2026-06-15,150A,337.0,343.0,337.0,340.0,1700,OK,kabutan,340.0,yahoo_jp,340.0,2026-08-21T12:57:00.975999+09:00
2026-06-16,150A,339.0,350.0,329.0,349.0,5700,OK,kabutan,349.0,yahoo_jp,349.0,2026-08-21T12:57:00.975999+09:00
2026-06-17,150A,349.0,352.0,349.0,352.0,700,OK,kabutan,352.0,yahoo_jp,352.0,2026-08-21T12:57:00.975999+09:00
2026-06-18,150A,356.0,356.0,331.0,352.0,3800,OK,kabutan,352.0,yahoo_jp,352.0,2026-08-21T12:57:00.975999+09:00
2026-06-19,150A,352.0,352.0,340.0,342.0,1700,OK,kabutan,342.0,yahoo_jp,342.0,2026-08-21T12:57:00.975999+09:00
2026-06-22,150A,341.0,345.0,340.0,342.0,1200,OK,kabutan,342.0,yahoo_jp,342.0,2026-08-21T12:57:00.975999+09:00
2026-06-23,150A,342.0,348.0,339.0,340.0,1700,OK,kabutan,340.0,yahoo_jp,340.0,2026-08-21T12:57:00.975999+09:00
2026-06-24,150A,340.0,342.0,339.0,340.0,800,OK,kabutan,340.0,yahoo_jp,340.0,2026-08-21T12:57:00.975999+09:00
2026-06-25,150A,340.0,340.0,340.0,340.0,700,OK,kabutan,340.0,yahoo_jp,340.0,2026-08-21T12:57:00.975999+09:00
2026-06-26,150A,340.0,348.0,340.0,343.0,500,OK,kabutan,343.0,yahoo_jp,343.0,2026-08-21T12:57:00.975999+09:00
2026-06-29,150A,348.0,356.0,348.0,351.0,900,OK,kabutan,351.0,yahoo_jp,351.0,2026-08-21T12:57:00.975999+09:00
2026-06-30,150A,351.0,351.0,350.0,350.0,11100,OK,kabutan,350.0,yahoo_jp,350.0,2026-08-21T12:57:00.975999+09:00
2026-07-01,150A,350.0,358.0,350.0,358.0,500,OK,kabutan,358.0,yahoo_jp,358.0,2026-08-21T12:57:00.975999+09:00
2026-07-02,150A,350.0,374.0,350.0,356.0,10400,OK,kabutan,356.0,yahoo_jp,356.0,2026-08-21T12:57:00.975999+09:00
2026-07-03,150A,356.0,364.0,356.0,357.0,1400,OK,kabutan,357.0,yahoo_jp,357.0,2026-08-21T12:57:00.975999+09:00
2026-07-06,150A,365.0,365.0,357.0,357.0,2400,OK,kabutan,357.0,yahoo_jp,357.0,2026-08-21T12:57:00.975999+09:00
2026-07-07,150A,356.0,356.0,354.0,354.0,700,OK,kabutan,354.0,yahoo_jp,354.0,2026-08-21T12:57:00.975999+09:00
2026-07-08,150A,378.0,390.0,353.0,361.0,21600,OK,kabutan,361.0,yahoo_jp,361.0,2026-08-21T12:57:00.975999+09:00
2026-07-09,150A,355.0,361.0,354.0,358.0,4900,OK,kabutan,358.0,yahoo_jp,358.0,2026-08-21T12:57:00.975999+09:00
2026-07-10,150A,365.0,366.0,357.0,360.0,800,OK,kabutan,360.0,yahoo_jp,360.0,2026-08-21T12:57:00.975999+09:00
2026-07-13,150A,360.0,371.0,360.0,371.0,500,OK,kabutan,371.0,yahoo_jp,371.0,2026-08-21T12:57:00.975999+09:00
2026-07-14,150A,376.0,376.0,376.0,376.0,1500,OK,kabutan,376.0,yahoo_jp,376.0,2026-08-21T12:57:00.975999+09:00
2026-07-15,150A,371.0,390.0,371.0,382.0,2500,OK,kabutan,382.0,yahoo_jp,382.0,2026-08-21T12:57:00.975999+09:00
2026-07-16,150A,462.0,462.0,462.0,462.0,5100,OK,kabutan,462.0,yahoo_jp,462.0,2026-08-21T12:57:00.975999+09:00
2026-07-17,150A,542.0,542.0,542.0,542.0,391500,OK,kabutan,542.0,yahoo_jp,542.0,2026-08-21T12:57:00.975999+09:00
2026-07-21,150A,492.0,685.0,490.0,685.0,3955900,OK,kabutan,685.0,yahoo_jp,685.0,2026-08-21T12:57:00.975999+09:00
2026-07-22,150A,647.0,697.0,605.0,697.0,2207700,OK,kabutan,697.0,yahoo_jp,697.0,2026-08-21T12:57:00.975999+09:00
2026-07-23,150A,663.0,677.0,623.0,656.0,909300,OK,kabutan,656.0,yahoo_jp,656.0,2026-08-21T12:57:00.975999+09:00
2026-07-24,150A,621.0,629.0,556.0,556.0,900900,OK,kabutan,556.0,yahoo_jp,556.0,2026-08-21T12:57:00.975999+09:00
2026-07-27,150A,546.0,550.0,485.0,537.0,757500,OK,kabutan,537.0,yahoo_jp,537.0,2026-08-21T12:57:00.975999+09:00
2026-07-28,150A,527.0,585.0,437.0,447.0,2376300,OK,kabutan,447.0,yahoo_jp,447.0,2026-08-21T12:57:00.975999+09:00
2026-07-29,150A,451.0,478.0,445.0,454.0,753900,OK,kabutan,454.0,yahoo_jp,454.0,2026-08-21T12:57:00.975999+09:00
2026-07-30,150A,448.0,468.0,437.0,447.0,421500,OK,kabutan,447.0,yahoo_jp,447.0,2026-08-21T12:57:00.975999+09:00
2026-07-31,150A,462.0,482.0,425.0,425.0,508900,OK,kabutan,425.0,yahoo_jp,425.0,2026-08-21T12:57:00.975999+09:00
2026-08-03,150A,441.0,475.0,427.0,462.0,472500,OK,kabutan,462.0,yahoo_jp,462.0,2026-08-21T12:57:00.975999+09:00
2026-08-04,150A,481.0,509.0,455.0,473.0,597100,OK,kabutan,473.0,yahoo_jp,473.0,2026-08-21T12:57:00.975999+09:00
2026-08-05,150A,475.0,518.0,475.0,504.0,286400,OK,kabutan,504.0,yahoo_jp,504.0,2026-08-21T12:57:00.975999+09:00
2026-08-06,150A,490.0,501.0,455.0,461.0,243600,OK,kabutan,461.0,yahoo_jp,461.0,2026-08-21T12:57:00.975999+09:00
2026-08-07,150A,464.0,481.0,461.0,473.0,101100,OK,kabutan,473.0,yahoo_jp,473.0,2026-08-21T12:57:00.975999+09:00
2026-08-10,150A,473.0,500.0,473.0,492.0,135700,OK,kabutan,492.0,yahoo_jp,492.0,2026-08-21T12:57:00.975999+09:00
2026-08-12,150A,492.0,509.0,483.0,501.0,143900,OK,kabutan,501.0,yahoo_jp,501.0,2026-08-21T12:57:00.975999+09:00
2026-08-13,150A,509.0,523.0,491.0,519.0,265800,OK,kabutan,519.0,yahoo_jp,519.0,2026-08-21T12:57:00.975999+09:00
2026-08-14,150A,619.0,619.0,619.0,619.0,20600,OK,kabutan,619.0,yahoo_jp,619.0,2026-08-21T12:57:00.975999+09:00
2026-08-17,150A,629.0,689.0,610.0,664.0,2293400,OK,kabutan,664.0,yahoo_jp,664.0,2026-08-21T12:57:00.975999+09:00
2026-08-17,3851,1200.0,1216.0,1183.0,1205.0,91600,OK,kabutan,1205.0,yahoo_jp,1205.0,2026-08-21T12:59:52.885747+09:00
2026-08-17,4073,540.0,540.0,502.0,507.0,77400,OK,kabutan,507.0,yahoo_jp,507.0,2026-08-21T13:02:48.718099+09:00
2026-08-17,4937,2075.0,2160.0,2035.0,2158.0,27300,OK,kabutan,2158.0,yahoo_jp,2158.0,2026-08-21T13:05:44.477097+09:00
2026-08-17,6570,3105.0,3360.0,2990.0,3035.0,80300,OK,kabutan,3035.0,yahoo_jp,3035.0,2026-08-21T13:08:34.828919+09:00
2026-08-18,150A,654.0,764.0,636.0,764.0,1806900,OK,kabutan,764.0,yahoo_jp,764.0,2026-08-21T12:57:00.975999+09:00
2026-08-18,3851,1190.0,1205.0,1150.0,1158.0,80600,OK,kabutan,1158.0,yahoo_jp,1158.0,2026-08-21T12:59:52.885747+09:00
2026-08-18,4073,511.0,527.0,499.0,527.0,35200,OK,kabutan,527.0,yahoo_jp,527.0,2026-08-21T13:02:48.718099+09:00
2026-08-18,4937,2184.0,2210.0,2107.0,2210.0,15800,OK,kabutan,2210.0,yahoo_jp,2210.0,2026-08-21T13:05:44.477097+09:00
2026-08-18,6570,3005.0,3275.0,3000.0,3250.0,68400,OK,kabutan,3250.0,yahoo_jp,3250.0,2026-08-21T13:08:34.828919+09:00
2026-08-19,150A,750.0,798.0,703.0,724.0,1354100,OK,kabutan,724.0,yahoo_jp,724.0,2026-08-21T12:57:00.975999+09:00
2026-08-19,3851,1159.0,1219.0,1159.0,1215.0,57700,OK,kabutan,1215.0,yahoo_jp,1215.0,2026-08-21T12:59:52.885747+09:00
2026-08-19,4073,537.0,537.0,499.0,505.0,37800,OK,kabutan,505.0,yahoo_jp,505.0,2026-08-21T13:02:48.718099+09:00
2026-08-19,4937,2210.0,2320.0,2195.0,2265.0,28000,OK,kabutan,2265.0,yahoo_jp,2265.0,2026-08-21T13:05:44.477097+09:00
2026-08-19,6570,3180.0,3540.0,3130.0,3510.0,71700,OK,kabutan,3510.0,yahoo_jp,3510.0,2026-08-21T13:08:34.828919+09:00
2026-08-20,150A,732.0,822.0,707.0,801.0,1584200,OK,kabutan,801.0,yahoo_jp,801.0,2026-08-21T12:57:00.975999+09:00
2026-08-20,3851,1213.0,1266.0,1208.0,1254.0,105300,OK,kabutan,1254.0,yahoo_jp,1254.0,2026-08-21T12:59:52.885747+09:00
2026-08-20,4073,495.0,503.0,484.0,500.0,42200,OK,kabutan,500.0,yahoo_jp,500.0,2026-08-21T13:02:48.718099+09:00
2026-08-20,4937,2251.0,2360.0,2251.0,2355.0,12800,OK,kabutan,2355.0,yahoo_jp,2355.0,2026-08-21T13:05:44.477097+09:00
2026-08-20,6570,3545.0,3985.0,3460.0,3970.0,188400,OK,kabutan,3970.0,yahoo_jp,3970.0,2026-08-21T13:08:34.828919+09:00
2026-08-21,150A,787.0,788.0,728.0,746.0,636800,OK,kabutan,746.0,yahoo_jp,746.0,2026-08-29T04:01:20.717892+09:00
2026-08-21,3851,1252.0,1252.0,1189.0,1238.0,73700,OK,kabutan,1238.0,yahoo_jp,1238.0,2026-08-29T04:01:35.775196+09:00
2026-08-21,4073,496.0,496.0,476.0,482.0,41400,OK,kabutan,482.0,yahoo_jp,482.0,2026-08-29T04:01:50.858981+09:00
2026-08-21,4937,2400.0,2457.0,2337.0,2457.0,14300,OK,kabutan,2457.0,yahoo_jp,2457.0,2026-08-29T04:02:05.688599+09:00
2026-08-21,6570,3835.0,3955.0,3595.0,3880.0,183400,OK,kabutan,3880.0,yahoo_jp,3880.0,2026-08-29T04:02:20.592546+09:00
2026-08-24,150A,736.0,758.0,685.0,752.0,536100,OK,kabutan,752.0,yahoo_jp,752.0,2026-08-29T04:01:20.717892+09:00
2026-08-24,3851,1230.0,1250.0,1199.0,1250.0,45900,OK,kabutan,1250.0,yahoo_jp,1250.0,2026-08-29T04:01:35.775196+09:00
2026-08-24,4073,486.0,519.0,483.0,496.0,147900,OK,kabutan,496.0,yahoo_jp,496.0,2026-08-29T04:01:50.858981+09:00
2026-08-24,4937,2460.0,2500.0,2400.0,2495.0,16900,OK,kabutan,2495.0,yahoo_jp,2495.0,2026-08-29T04:02:05.688599+09:00
2026-08-24,6570,3850.0,4280.0,3775.0,4220.0,154600,OK,kabutan,4220.0,yahoo_jp,4220.0,2026-08-29T04:02:20.592546+09:00
2026-08-25,150A,767.0,782.0,716.0,724.0,308100,OK,kabutan,724.0,yahoo_jp,724.0,2026-08-29T04:01:20.717892+09:00
2026-08-25,3851,1253.0,1275.0,1240.0,1266.0,42200,OK,kabutan,1266.0,yahoo_jp,1266.0,2026-08-29T04:01:35.775196+09:00
2026-08-25,4073,500.0,508.0,491.0,493.0,28000,OK,kabutan,493.0,yahoo_jp,493.0,2026-08-29T04:01:50.858981+09:00
2026-08-25,4937,2480.0,2480.0,2420.0,2421.0,4800,OK,kabutan,2421.0,yahoo_jp,2421.0,2026-08-29T04:02:05.688599+09:00
2026-08-25,6570,4200.0,4465.0,4065.0,4230.0,159200,OK,kabutan,4230.0,yahoo_jp,4230.0,2026-08-29T04:02:20.592546+09:00
2026-08-26,150A,726.0,770.0,724.0,765.0,253000,OK,kabutan,765.0,yahoo_jp,765.0,2026-08-29T04:01:20.717892+09:00
2026-08-26,3851,1270.0,1326.0,1270.0,1297.0,76100,OK,kabutan,1297.0,yahoo_jp,1297.0,2026-08-29T04:01:35.775196+09:00
2026-08-26,4073,498.0,500.0,488.0,489.0,17800,OK,kabutan,489.0,yahoo_jp,489.0,2026-08-29T04:01:50.858981+09:00
2026-08-26,4937,2371.0,2371.0,2228.0,2254.0,15600,OK,kabutan,2254.0,yahoo_jp,2254.0,2026-08-29T04:02:05.688599+09:00
2026-08-26,6570,4160.0,4275.0,3725.0,3770.0,161900,OK,kabutan,3770.0,yahoo_jp,3770.0,2026-08-29T04:02:20.592546+09:00
2026-08-27,150A,760.0,769.0,733.0,741.0,137700,OK,kabutan,741.0,yahoo_jp,741.0,2026-08-29T04:01:20.717892+09:00
2026-08-27,3851,1293.0,1307.0,1275.0,1297.0,38000,OK,kabutan,1297.0,yahoo_jp,1297.0,2026-08-29T04:01:35.775196+09:00
2026-08-27,4073,491.0,498.0,490.0,495.0,8000,OK,kabutan,495.0,yahoo_jp,495.0,2026-08-29T04:01:50.858981+09:00
2026-08-27,4937,2232.0,2314.0,2232.0,2284.0,8200,OK,kabutan,2284.0,yahoo_jp,2284.0,2026-08-29T04:02:05.688599+09:00
2026-08-27,6570,3670.0,3955.0,3610.0,3715.0,95600,OK,kabutan,3715.0,yahoo_jp,3715.0,2026-08-29T04:02:20.592546+09:00
2026-08-28,150A,747.0,790.0,738.0,,236600,SINGLE_SOURCE,yahoo_jp,765.0,,,2026-08-29T04:01:20.717892+09:00
2026-08-28,3851,1306.0,1307.0,1218.0,,90000,SINGLE_SOURCE,yahoo_jp,1232.0,,,2026-08-29T04:01:35.775196+09:00
2026-08-28,4073,496.0,507.0,496.0,,7000,SINGLE_SOURCE,yahoo_jp,507.0,,,2026-08-29T04:01:50.858981+09:00
2026-08-28,4937,2257.0,2330.0,2257.0,,3200,SINGLE_SOURCE,yahoo_jp,2330.0,,,2026-08-29T04:02:05.688599+09:00
2026-08-28,6570,3680.0,3910.0,3605.0,3675.0,58800,OK,kabutan,3675.0,yahoo_jp,3675.0,2026-09-01T15:38:26.516586+09:00
2025-07-22,1942,3443.0,3488.0,3432.0,,594200,SINGLE_SOURCE,kabutan,3464.0,,,2026-08-29T10:29:53.754773+09:00
2025-07-22,1944,4593.0,4651.0,4578.0,,424600,SINGLE_SOURCE,kabutan,4616.0,,,2026-08-29T10:32:39.883065+09:00
2025-07-22,1959,6250.0,6280.0,6165.0,,151700,SINGLE_SOURCE,kabutan,6237.0,,,2026-08-29T10:35:25.505569+09:00
2025-07-22,1969,3730.0,3787.0,3713.0,,371000,SINGLE_SOURCE,kabutan,3752.0,,,2026-08-29T10:38:13.832434+09:00
2025-07-23,1942,3462.0,3467.0,3376.0,,1009100,SINGLE_SOURCE,kabutan,3402.0,,,2026-08-29T10:29:53.754773+09:00
2025-07-23,1944,4607.0,4635.0,4553.0,,637600,SINGLE_SOURCE,kabutan,4588.0,,,2026-08-29T10:32:39.883065+09:00
2025-07-23,1959,6237.0,6239.0,6140.0,,220200,SINGLE_SOURCE,kabutan,6164.0,,,2026-08-29T10:35:25.505569+09:00
2025-07-23,1969,3750.0,3766.0,3578.0,,850200,SINGLE_SOURCE,kabutan,3598.0,,,2026-08-29T10:38:13.832434+09:00
2025-07-24,1942,3366.0,3424.0,3356.0,,1218900,SINGLE_SOURCE,kabutan,3413.0,,,2026-08-29T10:29:53.754773+09:00
2025-07-24,1944,4597.0,4610.0,4518.0,,668500,SINGLE_SOURCE,kabutan,4610.0,,,2026-08-29T10:32:39.883065+09:00
2025-07-24,1959,6140.0,6218.0,6090.0,,320500,SINGLE_SOURCE,kabutan,6196.0,,,2026-08-29T10:35:25.505569+09:00
2025-07-24,1969,3605.0,3636.0,3575.0,,688400,SINGLE_SOURCE,kabutan,3603.0,,,2026-08-29T10:38:13.832434+09:00
2025-07-25,1942,3400.0,3463.0,3385.0,,841900,SINGLE_SOURCE,kabutan,3458.0,,,2026-08-29T10:29:53.754773+09:00
2025-07-25,1944,4680.0,4686.0,4632.0,,539300,SINGLE_SOURCE,kabutan,4667.0,,,2026-08-29T10:32:39.883065+09:00
2025-07-25,1959,6260.0,6828.0,6200.0,,994100,SINGLE_SOURCE,kabutan,6676.0,,,2026-08-29T10:35:25.505569+09:00
2025-07-25,1969,3644.0,3715.0,3608.0,,541200,SINGLE_SOURCE,kabutan,3715.0,,,2026-08-29T10:38:13.832434+09:00
2025-07-28,1942,3461.0,3512.0,3427.0,,828900,SINGLE_SOURCE,kabutan,3428.0,,,2026-08-29T10:29:53.754773+09:00
2025-07-28,1944,4710.0,4743.0,4657.0,,612000,SINGLE_SOURCE,kabutan,4657.0,,,2026-08-29T10:32:39.883065+09:00
2025-07-28,1959,6876.0,7000.0,6581.0,,941400,SINGLE_SOURCE,kabutan,6582.0,,,2026-08-29T10:35:25.505569+09:00
2025-07-28,1969,3712.0,3734.0,3666.0,,482600,SINGLE_SOURCE,kabutan,3677.0,,,2026-08-29T10:38:13.832434+09:00
2025-07-29,1942,3389.0,3512.0,3378.0,,1056500,SINGLE_SOURCE,kabutan,3461.0,,,2026-08-29T10:29:53.754773+09:00
2025-07-29,1944,4657.0,4710.0,4641.0,,564000,SINGLE_SOURCE,kabutan,4685.0,,,2026-08-29T10:32:39.883065+09:00
2025-07-29,1959,6580.0,6580.0,6388.0,,511000,SINGLE_SOURCE,kabutan,6425.0,,,2026-08-29T10:35:25.505569+09:00
2025-07-29,1969,3641.0,3691.0,3603.0,,386200,SINGLE_SOURCE,kabutan,3670.0,,,2026-08-29T10:38:13.832434+09:00
2025-07-30,1942,3491.0,3560.0,3479.0,,1396300,SINGLE_SOURCE,kabutan,3546.0,,,2026-08-29T10:29:53.754773+09:00
2025-07-30,1944,4699.0,4735.0,4656.0,,643100,SINGLE_SOURCE,kabutan,4728.0,,,2026-08-29T10:32:39.883065+09:00
2025-07-30,1959,6408.0,6487.0,6395.0,,279800,SINGLE_SOURCE,kabutan,6464.0,,,2026-08-29T10:35:25.505569+09:00
2025-07-30,1969,3691.0,3710.0,3644.0,,371400,SINGLE_SOURCE,kabutan,3663.0,,,2026-08-29T10:38:13.832434+09:00
2025-07-31,1942,3562.0,3719.0,3431.0,,3338800,SINGLE_SOURCE,kabutan,3596.0,,,2026-08-29T10:29:53.754773+09:00
2025-07-31,1944,4740.0,4809.0,4734.0,,667700,SINGLE_SOURCE,kabutan,4768.0,,,2026-08-29T10:32:39.883065+09:00
2025-07-31,1959,6444.0,6482.0,6410.0,,281600,SINGLE_SOURCE,kabutan,6457.0,,,2026-08-29T10:35:25.505569+09:00
2025-07-31,1969,3679.0,3719.0,3666.0,,356000,SINGLE_SOURCE,kabutan,3688.0,,,2026-08-29T10:38:13.832434+09:00
2025-08-01,1942,3647.0,3788.0,3585.0,,1817600,SINGLE_SOURCE,kabutan,3725.0,,,2026-08-29T10:29:53.754773+09:00
2025-08-01,1944,4558.0,4910.0,4558.0,,1383000,SINGLE_SOURCE,kabutan,4833.0,,,2026-08-29T10:32:39.883065+09:00
2025-08-01,1959,6421.0,6674.0,6406.0,,335900,SINGLE_SOURCE,kabutan,6610.0,,,2026-08-29T10:35:25.505569+09:00
2025-08-01,1969,3685.0,3774.0,3628.0,,574600,SINGLE_SOURCE,kabutan,3750.0,,,2026-08-29T10:38:13.832434+09:00
2025-08-04,1942,3675.0,3763.0,3640.0,,1487100,SINGLE_SOURCE,kabutan,3703.0,,,2026-08-29T10:29:53.754773+09:00
2025-08-04,1944,4794.0,4936.0,4747.0,,741100,SINGLE_SOURCE,kabutan,4891.0,,,2026-08-29T10:32:39.883065+09:00
2025-08-04,1959,6592.0,6720.0,6564.0,,309600,SINGLE_SOURCE,kabutan,6710.0,,,2026-08-29T10:35:25.505569+09:00
2025-08-04,1969,3692.0,3784.0,3661.0,,412400,SINGLE_SOURCE,kabutan,3784.0,,,2026-08-29T10:38:13.832434+09:00
2025-08-05,1942,3671.0,3773.0,3664.0,,955800,SINGLE_SOURCE,kabutan,3744.0,,,2026-08-29T10:29:53.754773+09:00
2025-08-05,1944,4906.0,4946.0,4850.0,,666000,SINGLE_SOURCE,kabutan,4925.0,,,2026-08-29T10:32:39.883065+09:00
2025-08-05,1959,6810.0,6910.0,6762.0,,397600,SINGLE_SOURCE,kabutan,6871.0,,,2026-08-29T10:35:25.505569+09:00
2025-08-05,1969,3800.0,3866.0,3775.0,,685600,SINGLE_SOURCE,kabutan,3859.0,,,2026-08-29T10:38:13.832434+09:00
2025-08-06,1942,3750.0,3858.0,3746.0,,1071700,SINGLE_SOURCE,kabutan,3844.0,,,2026-08-29T10:29:53.754773+09:00
2025-08-06,1944,4950.0,5138.0,4937.0,,968400,SINGLE_SOURCE,kabutan,5120.0,,,2026-08-29T10:32:39.883065+09:00
2025-08-06,1959,6922.0,7088.0,6893.0,,367100,SINGLE_SOURCE,kabutan,7067.0,,,2026-08-29T10:35:25.505569+09:00
2025-08-06,1969,3866.0,3966.0,3866.0,,586400,SINGLE_SOURCE,kabutan,3960.0,,,2026-08-29T10:38:13.832434+09:00
2025-08-07,1942,3869.0,3910.0,3818.0,,1157800,SINGLE_SOURCE,kabutan,3881.0,,,2026-08-29T10:29:53.754773+09:00
2025-08-07,1944,5174.0,5239.0,5134.0,,908400,SINGLE_SOURCE,kabutan,5208.0,,,2026-08-29T10:32:39.883065+09:00
2025-08-07,1959,7150.0,7178.0,7067.0,,347100,SINGLE_SOURCE,kabutan,7121.0,,,2026-08-29T10:35:25.505569+09:00
2025-08-07,1969,3960.0,4010.0,3890.0,,630400,SINGLE_SOURCE,kabutan,3962.0,,,2026-08-29T10:38:13.832434+09:00
2025-08-08,1942,3880.0,3906.0,3838.0,,1335100,SINGLE_SOURCE,kabutan,3843.0,,,2026-08-29T10:29:53.754773+09:00
2025-08-08,1944,5227.0,5312.0,5205.0,,704800,SINGLE_SOURCE,kabutan,5282.0,,,2026-08-29T10:32:39.883065+09:00
2025-08-08,1959,7148.0,7240.0,7118.0,,279800,SINGLE_SOURCE,kabutan,7193.0,,,2026-08-29T10:35:25.505569+09:00
2025-08-08,1969,3979.0,4305.0,3965.0,,2410600,SINGLE_SOURCE,kabutan,4245.0,,,2026-08-29T10:38:13.832434+09:00
2025-08-12,1942,3909.0,3937.0,3869.0,,941100,SINGLE_SOURCE,kabutan,3909.0,,,2026-08-29T10:29:53.754773+09:00
2025-08-12,1944,5376.0,5418.0,5314.0,,869500,SINGLE_SOURCE,kabutan,5314.0,,,2026-08-29T10:32:39.883065+09:00
2025-08-12,1959,7250.0,7306.0,7200.0,,318400,SINGLE_SOURCE,kabutan,7242.0,,,2026-08-29T10:35:25.505569+09:00
2025-08-12,1969,4275.0,4438.0,4255.0,,1743600,SINGLE_SOURCE,kabutan,4399.0,,,2026-08-29T10:38:13.832434+09:00
2025-08-13,1942,3910.0,3970.0,3897.0,,911500,SINGLE_SOURCE,kabutan,3939.0,,,2026-08-29T10:29:53.754773+09:00
2025-08-13,1944,5313.0,5370.0,5257.0,,705600,SINGLE_SOURCE,kabutan,5322.0,,,2026-08-29T10:32:39.883065+09:00
2025-08-13,1959,7283.0,7292.0,7175.0,,221500,SINGLE_SOURCE,kabutan,7273.0,,,2026-08-29T10:35:25.505569+09:00
2025-08-13,1969,4431.0,4475.0,4337.0,,867000,SINGLE_SOURCE,kabutan,4426.0,,,2026-08-29T10:38:13.832434+09:00
2025-08-14,1942,3916.0,3960.0,3825.0,,1065700,SINGLE_SOURCE,kabutan,3956.0,,,2026-08-29T10:29:53.754773+09:00
2025-08-14,1944,5286.0,5357.0,5183.0,,580300,SINGLE_SOURCE,kabutan,5357.0,,,2026-08-29T10:32:39.883065+09:00
2025-08-14,1959,7271.0,7293.0,7173.0,,204100,SINGLE_SOURCE,kabutan,7272.0,,,2026-08-29T10:35:25.505569+09:00
2025-08-14,1969,4397.0,4425.0,4330.0,,631800,SINGLE_SOURCE,kabutan,4402.0,,,2026-08-29T10:38:13.832434+09:00
2025-08-15,1942,3934.0,3959.0,3906.0,,693300,SINGLE_SOURCE,kabutan,3954.0,,,2026-08-29T10:29:53.754773+09:00
2025-08-15,1944,5357.0,5360.0,5283.0,,489600,SINGLE_SOURCE,kabutan,5350.0,,,2026-08-29T10:32:39.883065+09:00
2025-08-15,1959,7221.0,7272.0,7187.0,,150900,SINGLE_SOURCE,kabutan,7267.0,,,2026-08-29T10:35:25.505569+09:00
2025-08-15,1969,4417.0,4421.0,4345.0,,633000,SINGLE_SOURCE,kabutan,4350.0,,,2026-08-29T10:38:13.832434+09:00
2025-08-18,1942,3963.0,3983.0,3891.0,,931600,SINGLE_SOURCE,kabutan,3902.0,,,2026-08-29T10:29:53.754773+09:00
2025-08-18,1944,5310.0,5352.0,5221.0,,555400,SINGLE_SOURCE,kabutan,5247.0,,,2026-08-29T10:32:39.883065+09:00
2025-08-18,1959,7247.0,7272.0,7173.0,,267300,SINGLE_SOURCE,kabutan,7209.0,,,2026-08-29T10:35:25.505569+09:00
2025-08-18,1969,4347.0,4370.0,4295.0,,572400,SINGLE_SOURCE,kabutan,4311.0,,,2026-08-29T10:38:13.832434+09:00
2025-08-19,1942,3851.0,3889.0,3826.0,,1154600,SINGLE_SOURCE,kabutan,3859.0,,,2026-08-29T10:29:53.754773+09:00
2025-08-19,1944,5244.0,5293.0,5165.0,,763300,SINGLE_SOURCE,kabutan,5287.0,,,2026-08-29T10:32:39.883065+09:00
2025-08-19,1959,7191.0,7195.0,7120.0,,213400,SINGLE_SOURCE,kabutan,7164.0,,,2026-08-29T10:35:25.505569+09:00
2025-08-19,1969,4298.0,4339.0,4247.0,,693400,SINGLE_SOURCE,kabutan,4261.0,,,2026-08-29T10:38:13.832434+09:00
2025-08-20,1942,3820.0,3858.0,3735.0,,1344500,SINGLE_SOURCE,kabutan,3857.0,,,2026-08-29T10:29:53.754773+09:00
2025-08-20,1944,5245.0,5308.0,5146.0,,580800,SINGLE_SOURCE,kabutan,5285.0,,,2026-08-29T10:32:39.883065+09:00
2025-08-20,1959,7105.0,7143.0,7023.0,,233500,SINGLE_SOURCE,kabutan,7111.0,,,2026-08-29T10:35:25.505569+09:00
2025-08-20,1969,4252.0,4270.0,4148.0,,932600,SINGLE_SOURCE,kabutan,4259.0,,,2026-08-29T10:38:13.832434+09:00
2025-08-21,1942,3852.0,3854.0,3801.0,,864200,SINGLE_SOURCE,kabutan,3845.0,,,2026-08-29T10:29:53.754773+09:00
2025-08-21,1944,5270.0,5279.0,5218.0,,367700,SINGLE_SOURCE,kabutan,5279.0,,,2026-08-29T10:32:39.883065+09:00
2025-08-21,1959,7063.0,7146.0,7040.0,,213200,SINGLE_SOURCE,kabutan,7128.0,,,2026-08-29T10:35:25.505569+09:00
2025-08-21,1969,4255.0,4268.0,4169.0,,712200,SINGLE_SOURCE,kabutan,4239.0,,,2026-08-29T10:38:13.832434+09:00
2025-08-22,1942,3859.0,3949.0,3833.0,,1005200,SINGLE_SOURCE,kabutan,3932.0,,,2026-08-29T10:29:53.754773+09:00
2025-08-22,1944,5319.0,5364.0,5265.0,,553700,SINGLE_SOURCE,kabutan,5351.0,,,2026-08-29T10:32:39.883065+09:00
2025-08-22,1959,7123.0,7196.0,7110.0,,148600,SINGLE_SOURCE,kabutan,7176.0,,,2026-08-29T10:35:25.505569+09:00
2025-08-22,1969,4269.0,4308.0,4246.0,,400400,SINGLE_SOURCE,kabutan,4293.0,,,2026-08-29T10:38:13.832434+09:00
2025-08-25,1942,3980.0,3995.0,3890.0,,1085400,SINGLE_SOURCE,kabutan,3895.0,,,2026-08-29T10:29:53.754773+09:00
2025-08-25,1944,5337.0,5393.0,5261.0,,427500,SINGLE_SOURCE,kabutan,5261.0,,,2026-08-29T10:32:39.883065+09:00
2025-08-25,1959,7174.0,7203.0,7043.0,,179800,SINGLE_SOURCE,kabutan,7067.0,,,2026-08-29T10:35:25.505569+09:00
2025-08-25,1969,4311.0,4324.0,4209.0,,551800,SINGLE_SOURCE,kabutan,4222.0,,,2026-08-29T10:38:13.832434+09:00
2025-08-26,1942,3896.0,3920.0,3828.0,,729500,SINGLE_SOURCE,kabutan,3875.0,,,2026-08-29T10:29:53.754773+09:00
2025-08-26,1944,5289.0,5306.0,5126.0,,803100,SINGLE_SOURCE,kabutan,5167.0,,,2026-08-29T10:32:39.883065+09:00
2025-08-26,1959,7067.0,7121.0,6988.0,,177100,SINGLE_SOURCE,kabutan,7031.0,,,2026-08-29T10:35:25.505569+09:00
2025-08-26,1969,4241.0,4261.0,4185.0,,683400,SINGLE_SOURCE,kabutan,4223.0,,,2026-08-29T10:38:13.832434+09:00
2025-08-27,1942,3890.0,3918.0,3876.0,,654400,SINGLE_SOURCE,kabutan,3888.0,,,2026-08-29T10:29:53.754773+09:00
2025-08-27,1944,5168.0,5239.0,5166.0,,367000,SINGLE_SOURCE,kabutan,5206.0,,,2026-08-29T10:32:39.883065+09:00
2025-08-27,1959,6948.0,7073.0,6942.0,,213500,SINGLE_SOURCE,kabutan,7026.0,,,2026-08-29T10:35:25.505569+09:00
2025-08-27,1969,4373.0,4427.0,4297.0,,1093000,SINGLE_SOURCE,kabutan,4316.0,,,2026-08-29T10:38:13.832434+09:00
2025-08-28,1942,3902.0,3943.0,3867.0,,662800,SINGLE_SOURCE,kabutan,3936.0,,,2026-08-29T10:29:53.754773+09:00
2025-08-28,1944,5185.0,5261.0,5183.0,,422400,SINGLE_SOURCE,kabutan,5254.0,,,2026-08-29T10:32:39.883065+09:00
2025-08-28,1959,6975.0,7075.0,6966.0,,209300,SINGLE_SOURCE,kabutan,7075.0,,,2026-08-29T10:35:25.505569+09:00
2025-08-28,1969,4315.0,4439.0,4305.0,,913000,SINGLE_SOURCE,kabutan,4422.0,,,2026-08-29T10:38:13.832434+09:00
2025-08-29,1942,3949.0,3982.0,3906.0,3978.0,676900,OK,kabutan,3978.0,yahoo_jp,3978.0,2026-08-29T10:29:53.754773+09:00
2025-08-29,1944,5235.0,5287.0,5197.0,5272.0,423500,OK,kabutan,5272.0,yahoo_jp,5272.0,2026-08-29T10:32:39.883065+09:00
2025-08-29,1959,7054.0,7132.0,7025.0,7108.0,131900,OK,kabutan,7108.0,yahoo_jp,7108.0,2026-08-29T10:35:25.505569+09:00
2025-08-29,1969,4440.0,4525.0,4423.0,,998600,MISMATCH,kabutan,4486.0,yahoo_jp,8973.0,2026-08-29T10:38:13.832434+09:00
2025-09-01,1942,3968.0,4097.0,3955.0,4087.0,1151200,OK,kabutan,4087.0,yahoo_jp,4087.0,2026-08-29T10:29:53.754773+09:00
2025-09-01,1944,5231.0,5342.0,5231.0,5316.0,352300,OK,kabutan,5316.0,yahoo_jp,5316.0,2026-08-29T10:32:39.883065+09:00
2025-09-01,1959,7099.0,7219.0,7076.0,7195.0,119500,OK,kabutan,7195.0,yahoo_jp,7195.0,2026-08-29T10:35:25.505569+09:00
2025-09-01,1969,4450.0,4583.0,4433.0,,539200,MISMATCH,kabutan,4501.0,yahoo_jp,9002.0,2026-08-29T10:38:13.832434+09:00
2025-09-02,1942,4110.0,4127.0,4021.0,4069.0,776700,OK,kabutan,4069.0,yahoo_jp,4069.0,2026-08-29T10:29:53.754773+09:00
2025-09-02,1944,5317.0,5348.0,5204.0,5265.0,304000,OK,kabutan,5265.0,yahoo_jp,5265.0,2026-08-29T10:32:39.883065+09:00
2025-09-02,1959,7145.0,7243.0,7101.0,7207.0,162700,OK,kabutan,7207.0,yahoo_jp,7207.0,2026-08-29T10:35:25.505569+09:00
2025-09-02,1969,4532.0,4541.0,4397.0,,606800,MISMATCH,kabutan,4458.0,yahoo_jp,8917.0,2026-08-29T10:38:13.832434+09:00
2025-09-03,1942,4086.0,4098.0,3962.0,3986.0,1227300,OK,kabutan,3986.0,yahoo_jp,3986.0,2026-08-29T10:29:53.754773+09:00
2025-09-03,1944,5293.0,5311.0,5194.0,5232.0,357300,OK,kabutan,5232.0,yahoo_jp,5232.0,2026-08-29T10:32:39.883065+09:00
2025-09-03,1959,7200.0,7223.0,7098.0,7121.0,139400,OK,kabutan,7121.0,yahoo_jp,7121.0,2026-08-29T10:35:25.505569+09:00
2025-09-03,1969,4462.0,4491.0,4355.0,,583400,MISMATCH,kabutan,4397.0,yahoo_jp,8795.0,2026-08-29T10:38:13.832434+09:00
2025-09-04,1942,4020.0,4089.0,4012.0,4047.0,1113100,OK,kabutan,4047.0,yahoo_jp,4047.0,2026-08-29T10:29:53.754773+09:00
2025-09-04,1944,5248.0,5312.0,5238.0,5285.0,350300,OK,kabutan,5285.0,yahoo_jp,5285.0,2026-08-29T10:32:39.883065+09:00
2025-09-04,1959,7122.0,7244.0,7121.0,7213.0,124800,OK,kabutan,7213.0,yahoo_jp,7213.0,2026-08-29T10:35:25.505569+09:00
2025-09-04,1969,4397.0,4432.0,4383.0,,754400,MISMATCH,kabutan,4418.0,yahoo_jp,8837.0,2026-08-29T10:38:13.832434+09:00
2025-09-05,1942,4050.0,4059.0,3976.0,4003.0,746600,OK,kabutan,4003.0,yahoo_jp,4003.0,2026-08-29T10:29:53.754773+09:00
2025-09-05,1944,5324.0,5330.0,5175.0,5215.0,448500,OK,kabutan,5215.0,yahoo_jp,5215.0,2026-08-29T10:32:39.883065+09:00
2025-09-05,1959,7249.0,7249.0,7166.0,7194.0,129800,OK,kabutan,7194.0,yahoo_jp,7194.0,2026-08-29T10:35:25.505569+09:00
2025-09-05,1969,4450.0,4450.0,4383.0,,433800,MISMATCH,kabutan,4420.0,yahoo_jp,8840.0,2026-08-29T10:38:13.832434+09:00
2025-09-08,1942,3969.0,4041.0,3950.0,4039.0,754100,OK,kabutan,4039.0,yahoo_jp,4039.0,2026-08-29T10:29:53.754773+09:00
2025-09-08,1944,5230.0,5270.0,5190.0,5243.0,394200,OK,kabutan,5243.0,yahoo_jp,5243.0,2026-08-29T10:32:39.883065+09:00
2025-09-08,1959,7209.0,7209.0,7131.0,7191.0,142600,OK,kabutan,7191.0,yahoo_jp,7191.0,2026-08-29T10:35:25.505569+09:00
2025-09-08,1969,4419.0,4438.0,4360.0,,478000,MISMATCH,kabutan,4417.0,yahoo_jp,8835.0,2026-08-29T10:38:13.832434+09:00
2025-09-09,1942,4048.0,4069.0,3996.0,4014.0,480600,OK,kabutan,4014.0,yahoo_jp,4014.0,2026-08-29T10:29:53.754773+09:00
2025-09-09,1944,5226.0,5287.0,5201.0,5247.0,342600,OK,kabutan,5247.0,yahoo_jp,5247.0,2026-08-29T10:32:39.883065+09:00
2025-09-09,1959,7239.0,7300.0,7188.0,7237.0,123200,OK,kabutan,7237.0,yahoo_jp,7237.0,2026-08-29T10:35:25.505569+09:00
2025-09-09,1969,4447.0,4467.0,4403.0,,497200,MISMATCH,kabutan,4455.0,yahoo_jp,8910.0,2026-08-29T10:38:13.832434+09:00
2025-09-10,1942,4035.0,4128.0,4033.0,4092.0,851100,OK,kabutan,4092.0,yahoo_jp,4092.0,2026-08-29T10:29:53.754773+09:00
2025-09-10,1944,5238.0,5336.0,5231.0,5288.0,350500,OK,kabutan,5288.0,yahoo_jp,5288.0,2026-08-29T10:32:39.883065+09:00
2025-09-10,1959,7249.0,7319.0,7217.0,7319.0,83000,OK,kabutan,7319.0,yahoo_jp,7319.0,2026-08-29T10:35:25.505569+09:00
2025-09-10,1969,4484.0,4520.0,4410.0,,426200,MISMATCH,kabutan,4446.0,yahoo_jp,8892.0,2026-08-29T10:38:13.832434+09:00
2025-09-11,1942,4106.0,4149.0,4073.0,4095.0,611700,OK,kabutan,4095.0,yahoo_jp,4095.0,2026-08-29T10:29:53.754773+09:00
2025-09-11,1944,5334.0,5400.0,5306.0,5341.0,323100,OK,kabutan,5341.0,yahoo_jp,5341.0,2026-08-29T10:32:39.883065+09:00
2025-09-11,1959,7418.0,7449.0,7342.0,7366.0,163300,OK,kabutan,7366.0,yahoo_jp,7366.0,2026-08-29T10:35:25.505569+09:00
2025-09-11,1969,4452.0,4475.0,4360.0,,685200,MISMATCH,kabutan,4392.0,yahoo_jp,8784.0,2026-08-29T10:38:13.832434+09:00
2025-09-12,1942,4144.0,4182.0,4066.0,4080.0,905500,OK,kabutan,4080.0,yahoo_jp,4080.0,2026-08-29T10:29:53.754773+09:00
2025-09-12,1944,5383.0,5390.0,5270.0,5270.0,403500,OK,kabutan,5270.0,yahoo_jp,5270.0,2026-08-29T10:32:39.883065+09:00
2025-09-12,1959,7365.0,7400.0,7303.0,7366.0,191100,OK,kabutan,7366.0,yahoo_jp,7366.0,2026-08-29T10:35:25.505569+09:00
2025-09-12,1969,4402.0,4402.0,4273.0,,1095400,MISMATCH,kabutan,4290.0,yahoo_jp,8580.0,2026-08-29T10:38:13.832434+09:00
2025-09-16,1942,4109.0,4115.0,4061.0,4089.0,547300,OK,kabutan,4089.0,yahoo_jp,4089.0,2026-08-29T10:29:53.754773+09:00
2025-09-16,1944,5278.0,5350.0,5278.0,5338.0,329900,OK,kabutan,5338.0,yahoo_jp,5338.0,2026-08-29T10:32:39.883065+09:00
2025-09-16,1959,7366.0,7416.0,7329.0,7407.0,108600,OK,kabutan,7407.0,yahoo_jp,7407.0,2026-08-29T10:35:25.505569+09:00
2025-09-16,1969,4299.0,4324.0,4236.0,,747600,MISMATCH,kabutan,4286.0,yahoo_jp,8572.0,2026-08-29T10:38:13.832434+09:00
2025-09-17,1942,4034.0,4057.0,3994.0,4020.0,869500,OK,kabutan,4020.0,yahoo_jp,4020.0,2026-08-29T10:29:53.754773+09:00
2025-09-17,1944,5270.0,5292.0,5177.0,5181.0,419800,OK,kabutan,5181.0,yahoo_jp,5181.0,2026-08-29T10:32:39.883065+09:00
2025-09-17,1959,7309.0,7319.0,7166.0,7178.0,139100,OK,kabutan,7178.0,yahoo_jp,7178.0,2026-08-29T10:35:25.505569+09:00
2025-09-17,1969,4269.0,4269.0,4180.0,,507800,MISMATCH,kabutan,4188.0,yahoo_jp,8376.0,2026-08-29T10:38:13.832434+09:00
2025-09-18,1942,4038.0,4073.0,4003.0,4057.0,799000,OK,kabutan,4057.0,yahoo_jp,4057.0,2026-08-29T10:29:53.754773+09:00
2025-09-18,1944,5181.0,5217.0,5130.0,5217.0,314400,OK,kabutan,5217.0,yahoo_jp,5217.0,2026-08-29T10:32:39.883065+09:00
2025-09-18,1959,7100.0,7199.0,7088.0,7161.0,194100,OK,kabutan,7161.0,yahoo_jp,7161.0,2026-08-29T10:35:25.505569+09:00
2025-09-18,1969,4180.0,4211.0,4116.0,,537400,MISMATCH,kabutan,4211.0,yahoo_jp,8422.0,2026-08-29T10:38:13.832434+09:00
2025-09-19,1942,4049.0,4169.0,4031.0,4154.0,1848600,OK,kabutan,4154.0,yahoo_jp,4154.0,2026-08-29T10:29:53.754773+09:00
2025-09-19,1944,5223.0,5297.0,5210.0,5256.0,503800,OK,kabutan,5256.0,yahoo_jp,5256.0,2026-08-29T10:32:39.883065+09:00
2025-09-19,1959,7226.0,7250.0,7160.0,7217.0,289700,OK,kabutan,7217.0,yahoo_jp,7217.0,2026-08-29T10:35:25.505569+09:00
2025-09-19,1969,4211.0,4307.0,4195.0,,871600,MISMATCH,kabutan,4286.0,yahoo_jp,8572.0,2026-08-29T10:38:13.832434+09:00
2025-09-22,1942,4199.0,4224.0,4108.0,4108.0,1000000,OK,kabutan,4108.0,yahoo_jp,4108.0,2026-08-29T10:29:53.754773+09:00
2025-09-22,1944,5256.0,5290.0,5207.0,5225.0,277800,OK,kabutan,5225.0,yahoo_jp,5225.0,2026-08-29T10:32:39.883065+09:00
2025-09-22,1959,7187.0,7227.0,7155.0,7200.0,150600,OK,kabutan,7200.0,yahoo_jp,7200.0,2026-08-29T10:35:25.505569+09:00
2025-09-22,1969,4298.0,4323.0,4225.0,,578000,MISMATCH,kabutan,4248.0,yahoo_jp,8496.0,2026-08-29T10:38:13.832434+09:00
2025-09-24,1942,4082.0,4108.0,4033.0,4060.0,721800,OK,kabutan,4060.0,yahoo_jp,4060.0,2026-08-29T10:29:53.754773+09:00
2025-09-24,1944,5025.0,5181.0,5014.0,5157.0,616600,OK,kabutan,5157.0,yahoo_jp,5157.0,2026-08-29T10:32:39.883065+09:00
2025-09-24,1959,7200.0,7227.0,7144.0,7207.0,146700,OK,kabutan,7207.0,yahoo_jp,7207.0,2026-08-29T10:35:25.505569+09:00
2025-09-24,1969,4248.0,4269.0,4202.0,,585200,MISMATCH,kabutan,4234.0,yahoo_jp,8468.0,2026-08-29T10:38:13.832434+09:00
2025-09-25,1942,4050.0,4070.0,4025.0,4057.0,559700,OK,kabutan,4057.0,yahoo_jp,4057.0,2026-08-29T10:29:53.754773+09:00
2025-09-25,1944,5166.0,5184.0,5121.0,5163.0,513900,OK,kabutan,5163.0,yahoo_jp,5163.0,2026-08-29T10:32:39.883065+09:00
2025-09-25,1959,7207.0,7211.0,7144.0,7175.0,154800,OK,kabutan,7175.0,yahoo_jp,7175.0,2026-08-29T10:35:25.505569+09:00
2025-09-25,1969,4223.0,4239.0,4186.0,,352200,MISMATCH,kabutan,4235.0,yahoo_jp,8470.0,2026-08-29T10:38:13.832434+09:00
2025-09-26,1942,4112.0,4189.0,4094.0,4172.0,954300,OK,kabutan,4172.0,yahoo_jp,4172.0,2026-08-29T10:29:53.754773+09:00
2025-09-26,1944,5189.0,5269.0,5166.0,5253.0,523300,OK,kabutan,5253.0,yahoo_jp,5253.0,2026-08-29T10:32:39.883065+09:00
2025-09-26,1959,7202.0,7412.0,7202.0,7370.0,245700,OK,kabutan,7370.0,yahoo_jp,7370.0,2026-08-29T10:35:25.505569+09:00
2025-09-26,1969,4302.0,4303.0,4235.0,,598000,MISMATCH,kabutan,4260.0,yahoo_jp,8520.0,2026-08-29T10:38:13.832434+09:00
2025-09-29,1942,4147.0,4152.0,4076.0,4113.0,608800,OK,kabutan,4113.0,yahoo_jp,4113.0,2026-08-29T10:29:53.754773+09:00
2025-09-29,1944,5249.0,5249.0,5100.0,5132.0,375800,OK,kabutan,5132.0,yahoo_jp,5132.0,2026-08-29T10:32:39.883065+09:00
2025-09-29,1959,7270.0,7292.0,7153.0,7207.0,135500,OK,kabutan,7207.0,yahoo_jp,7207.0,2026-08-29T10:35:25.505569+09:00
2025-09-29,1969,4220.0,4231.0,4089.0,4126.0,500100,OK,kabutan,4126.0,yahoo_jp,4126.0,2026-08-29T10:38:13.832434+09:00
2025-09-30,1942,4092.0,4098.0,4055.0,4056.0,627600,OK,kabutan,4056.0,yahoo_jp,4056.0,2026-08-29T10:29:53.754773+09:00
2025-09-30,1944,5103.0,5119.0,5029.0,5061.0,407600,OK,kabutan,5061.0,yahoo_jp,5061.0,2026-08-29T10:32:39.883065+09:00
2025-09-30,1959,7238.0,7238.0,7140.0,7154.0,110200,OK,kabutan,7154.0,yahoo_jp,7154.0,2026-08-29T10:35:25.505569+09:00
2025-09-30,1969,4095.0,4142.0,4028.0,4117.0,674800,OK,kabutan,4117.0,yahoo_jp,4117.0,2026-08-29T10:38:13.832434+09:00
2025-10-01,1942,4051.0,4056.0,3953.0,4001.0,595900,OK,kabutan,4001.0,yahoo_jp,4001.0,2026-08-29T10:29:53.754773+09:00
2025-10-01,1944,5081.0,5081.0,4978.0,5038.0,404000,OK,kabutan,5038.0,yahoo_jp,5038.0,2026-08-29T10:32:39.883065+09:00
2025-10-01,1959,7148.0,7193.0,6990.0,7072.0,141900,OK,kabutan,7072.0,yahoo_jp,7072.0,2026-08-29T10:35:25.505569+09:00
2025-10-01,1969,4117.0,4136.0,4019.0,4079.0,568000,OK,kabutan,4079.0,yahoo_jp,4079.0,2026-08-29T10:38:13.832434+09:00
2025-10-02,1942,4010.0,4028.0,3883.0,3891.0,875400,OK,kabutan,3891.0,yahoo_jp,3891.0,2026-08-29T10:29:53.754773+09:00
2025-10-02,1944,5005.0,5038.0,4894.0,4930.0,558400,OK,kabutan,4930.0,yahoo_jp,4930.0,2026-08-29T10:32:39.883065+09:00
2025-10-02,1959,7044.0,7056.0,6867.0,6905.0,162800,OK,kabutan,6905.0,yahoo_jp,6905.0,2026-08-29T10:35:25.505569+09:00
2025-10-02,1969,4063.0,4095.0,3975.0,3987.0,531000,OK,kabutan,3987.0,yahoo_jp,3987.0,2026-08-29T10:38:13.832434+09:00
2025-10-03,1942,3904.0,3997.0,3904.0,3997.0,612900,OK,kabutan,3997.0,yahoo_jp,3997.0,2026-08-29T10:29:53.754773+09:00
2025-10-03,1944,4925.0,5051.0,4918.0,5041.0,393800,OK,kabutan,5041.0,yahoo_jp,5041.0,2026-08-29T10:32:39.883065+09:00
2025-10-03,1959,6909.0,7065.0,6898.0,7005.0,343500,OK,kabutan,7005.0,yahoo_jp,7005.0,2026-08-29T10:35:25.505569+09:00
2025-10-03,1969,3985.0,4037.0,3955.0,3989.0,372600,OK,kabutan,3989.0,yahoo_jp,3989.0,2026-08-29T10:38:13.832434+09:00
2025-10-06,1942,4083.0,4175.0,4063.0,4158.0,1012100,OK,kabutan,4158.0,yahoo_jp,4158.0,2026-08-29T10:29:53.754773+09:00
2025-10-06,1944,5151.0,5279.0,5092.0,5230.0,556400,OK,kabutan,5230.0,yahoo_jp,5230.0,2026-08-29T10:32:39.883065+09:00
2025-10-06,1959,7155.0,7196.0,7054.0,7177.0,140200,OK,kabutan,7177.0,yahoo_jp,7177.0,2026-08-29T10:35:25.505569+09:00
2025-10-06,1969,4129.0,4380.0,4110.0,4319.0,1535500,OK,kabutan,4319.0,yahoo_jp,4319.0,2026-08-29T10:38:13.832434+09:00
2025-10-07,1942,4170.0,4170.0,4055.0,4082.0,750200,OK,kabutan,4082.0,yahoo_jp,4082.0,2026-08-29T10:29:53.754773+09:00
2025-10-07,1944,5213.0,5235.0,5123.0,5134.0,299300,OK,kabutan,5134.0,yahoo_jp,5134.0,2026-08-29T10:32:39.883065+09:00
2025-10-07,1959,7177.0,7218.0,7120.0,7168.0,125000,OK,kabutan,7168.0,yahoo_jp,7168.0,2026-08-29T10:35:25.505569+09:00
2025-10-07,1969,4337.0,4350.0,4235.0,4273.0,749000,OK,kabutan,4273.0,yahoo_jp,4273.0,2026-08-29T10:38:13.832434+09:00
2025-10-08,1942,4115.0,4290.0,4115.0,4189.0,1098700,OK,kabutan,4189.0,yahoo_jp,4189.0,2026-08-29T10:29:53.754773+09:00
2025-10-08,1944,5134.0,5282.0,5128.0,5155.0,335300,OK,kabutan,5155.0,yahoo_jp,5155.0,2026-08-29T10:32:39.883065+09:00
2025-10-08,1959,7168.0,7370.0,7156.0,7183.0,160600,OK,kabutan,7183.0,yahoo_jp,7183.0,2026-08-29T10:35:25.505569+09:00
2025-10-08,1969,4203.0,4388.0,4200.0,4230.0,518900,OK,kabutan,4230.0,yahoo_jp,4230.0,2026-08-29T10:38:13.832434+09:00
2025-10-09,1942,4202.0,4261.0,4201.0,4239.0,828400,OK,kabutan,4239.0,yahoo_jp,4239.0,2026-08-29T10:29:53.754773+09:00
2025-10-09,1944,5132.0,5186.0,5118.0,5177.0,297700,OK,kabutan,5177.0,yahoo_jp,5177.0,2026-08-29T10:32:39.883065+09:00
2025-10-09,1959,7164.0,7255.0,7147.0,7253.0,137000,OK,kabutan,7253.0,yahoo_jp,7253.0,2026-08-29T10:35:25.505569+09:00
2025-10-09,1969,4183.0,4231.0,4167.0,4192.0,433700,OK,kabutan,4192.0,yahoo_jp,4192.0,2026-08-29T10:38:13.832434+09:00
2025-10-10,1942,4269.0,4341.0,4189.0,4198.0,1707100,OK,kabutan,4198.0,yahoo_jp,4198.0,2026-08-29T10:29:53.754773+09:00
2025-10-10,1944,5110.0,5122.0,5051.0,5076.0,488000,OK,kabutan,5076.0,yahoo_jp,5076.0,2026-08-29T10:32:39.883065+09:00
2025-10-10,1959,7151.0,7180.0,7028.0,7105.0,195600,OK,kabutan,7105.0,yahoo_jp,7105.0,2026-08-29T10:35:25.505569+09:00
2025-10-10,1969,4087.0,4144.0,4066.0,4110.0,529000,OK,kabutan,4110.0,yahoo_jp,4110.0,2026-08-29T10:38:13.832434+09:00
2025-10-14,1942,4198.0,4330.0,4191.0,4209.0,1832200,OK,kabutan,4209.0,yahoo_jp,4209.0,2026-08-29T10:29:53.754773+09:00
2025-10-14,1944,5030.0,5136.0,4997.0,5057.0,373900,OK,kabutan,5057.0,yahoo_jp,5057.0,2026-08-29T10:32:39.883065+09:00
2025-10-14,1959,6968.0,7141.0,6954.0,6997.0,194400,OK,kabutan,6997.0,yahoo_jp,6997.0,2026-08-29T10:35:25.505569+09:00
2025-10-14,1969,4040.0,4134.0,4015.0,4034.0,427700,OK,kabutan,4034.0,yahoo_jp,4034.0,2026-08-29T10:38:13.832434+09:00
2025-10-15,1942,4239.0,4418.0,4226.0,4418.0,1883500,OK,kabutan,4418.0,yahoo_jp,4418.0,2026-08-29T10:29:53.754773+09:00
2025-10-15,1944,5105.0,5144.0,5087.0,5128.0,347700,OK,kabutan,5128.0,yahoo_jp,5128.0,2026-08-29T10:32:39.883065+09:00
2025-10-15,1959,7097.0,7236.0,7072.0,7230.0,187700,OK,kabutan,7230.0,yahoo_jp,7230.0,2026-08-29T10:35:25.505569+09:00
2025-10-15,1969,4068.0,4183.0,4055.0,4171.0,334200,OK,kabutan,4171.0,yahoo_jp,4171.0,2026-08-29T10:38:13.832434+09:00
2025-10-16,1942,4440.0,4515.0,4364.0,4420.0,1504000,OK,kabutan,4420.0,yahoo_jp,4420.0,2026-08-29T10:29:53.754773+09:00
2025-10-16,1944,5166.0,5188.0,5119.0,5175.0,393800,OK,kabutan,5175.0,yahoo_jp,5175.0,2026-08-29T10:32:39.883065+09:00
2025-10-16,1959,7277.0,7319.0,7210.0,7230.0,129500,OK,kabutan,7230.0,yahoo_jp,7230.0,2026-08-29T10:35:25.505569+09:00
2025-10-16,1969,4215.0,4225.0,4053.0,4070.0,519400,OK,kabutan,4070.0,yahoo_jp,4070.0,2026-08-29T10:38:13.832434+09:00
2025-10-17,1942,4382.0,4423.0,4292.0,4292.0,841000,OK,kabutan,4292.0,yahoo_jp,4292.0,2026-08-29T10:29:53.754773+09:00
2025-10-17,1944,5120.0,5190.0,5075.0,5106.0,502100,OK,kabutan,5106.0,yahoo_jp,5106.0,2026-08-29T10:32:39.883065+09:00
2025-10-17,1959,7222.0,7262.0,7173.0,7223.0,146500,OK,kabutan,7223.0,yahoo_jp,7223.0,2026-08-29T10:35:25.505569+09:00
2025-10-17,1969,4071.0,4165.0,4053.0,4150.0,692300,OK,kabutan,4150.0,yahoo_jp,4150.0,2026-08-29T10:38:13.832434+09:00
2025-10-20,1942,4350.0,4372.0,4305.0,4349.0,746100,OK,kabutan,4349.0,yahoo_jp,4349.0,2026-08-29T10:29:53.754773+09:00
2025-10-20,1944,5179.0,5187.0,5101.0,5135.0,392500,OK,kabutan,5135.0,yahoo_jp,5135.0,2026-08-29T10:32:39.883065+09:00
2025-10-20,1959,7303.0,7303.0,7219.0,7249.0,114000,OK,kabutan,7249.0,yahoo_jp,7249.0,2026-08-29T10:35:25.505569+09:00
2025-10-20,1969,4217.0,4257.0,4172.0,4208.0,755400,OK,kabutan,4208.0,yahoo_jp,4208.0,2026-08-29T10:38:13.832434+09:00
2025-10-21,1942,4390.0,4428.0,4313.0,4337.0,886000,OK,kabutan,4337.0,yahoo_jp,4337.0,2026-08-29T10:29:53.754773+09:00
2025-10-21,1944,5117.0,5193.0,5059.0,5132.0,274100,OK,kabutan,5132.0,yahoo_jp,5132.0,2026-08-29T10:32:39.883065+09:00
2025-10-21,1959,7262.0,7295.0,7199.0,7210.0,103800,OK,kabutan,7210.0,yahoo_jp,7210.0,2026-08-29T10:35:25.505569+09:00
2025-10-21,1969,4230.0,4288.0,4156.0,4189.0,641400,OK,kabutan,4189.0,yahoo_jp,4189.0,2026-08-29T10:38:13.832434+09:00
2025-10-22,1942,4360.0,4417.0,4343.0,4414.0,747000,OK,kabutan,4414.0,yahoo_jp,4414.0,2026-08-29T10:29:53.754773+09:00
2025-10-22,1944,5164.0,5218.0,5113.0,5214.0,346100,OK,kabutan,5214.0,yahoo_jp,5214.0,2026-08-29T10:32:39.883065+09:00
2025-10-22,1959,7405.0,7583.0,7375.0,7556.0,277600,OK,kabutan,7556.0,yahoo_jp,7556.0,2026-08-29T10:35:25.505569+09:00
2025-10-22,1969,4234.0,4286.0,4224.0,4256.0,641200,OK,kabutan,4256.0,yahoo_jp,4256.0,2026-08-29T10:38:13.832434+09:00
2025-10-23,1942,4361.0,4475.0,4352.0,4455.0,768800,OK,kabutan,4455.0,yahoo_jp,4455.0,2026-08-29T10:29:53.754773+09:00
2025-10-23,1944,5150.0,5280.0,5150.0,5264.0,257000,OK,kabutan,5264.0,yahoo_jp,5264.0,2026-08-29T10:32:39.883065+09:00
2025-10-23,1959,7512.0,7623.0,7450.0,7577.0,179000,OK,kabutan,7577.0,yahoo_jp,7577.0,2026-08-29T10:35:25.505569+09:00
2025-10-23,1969,4210.0,4323.0,4205.0,4293.0,386600,OK,kabutan,4293.0,yahoo_jp,4293.0,2026-08-29T10:38:13.832434+09:00
2025-10-24,1942,4480.0,4564.0,4418.0,4542.0,1066200,OK,kabutan,4542.0,yahoo_jp,4542.0,2026-08-29T10:29:53.754773+09:00
2025-10-24,1944,5273.0,5310.0,5216.0,5287.0,282100,OK,kabutan,5287.0,yahoo_jp,5287.0,2026-08-29T10:32:39.883065+09:00
2025-10-24,1959,7555.0,7620.0,7502.0,7588.0,130600,OK,kabutan,7588.0,yahoo_jp,7588.0,2026-08-29T10:35:25.505569+09:00
2025-10-24,1969,4335.0,4341.0,4274.0,4315.0,336900,OK,kabutan,4315.0,yahoo_jp,4315.0,2026-08-29T10:38:13.832434+09:00
2025-10-27,1942,4540.0,4592.0,4526.0,4574.0,983300,OK,kabutan,4574.0,yahoo_jp,4574.0,2026-08-29T10:29:53.754773+09:00
2025-10-27,1944,5290.0,5390.0,5290.0,5361.0,476100,OK,kabutan,5361.0,yahoo_jp,5361.0,2026-08-29T10:32:39.883065+09:00
2025-10-27,1959,7666.0,7733.0,7593.0,7703.0,194600,OK,kabutan,7703.0,yahoo_jp,7703.0,2026-08-29T10:35:25.505569+09:00
2025-10-27,1969,4385.0,4482.0,4365.0,4455.0,519900,OK,kabutan,4455.0,yahoo_jp,4455.0,2026-08-29T10:38:13.832434+09:00
2025-10-28,1942,4531.0,4565.0,4406.0,4433.0,1063300,OK,kabutan,4433.0,yahoo_jp,4433.0,2026-08-29T10:29:53.754773+09:00
2025-10-28,1944,5376.0,5384.0,5150.0,5158.0,835400,OK,kabutan,5158.0,yahoo_jp,5158.0,2026-08-29T10:32:39.883065+09:00
2025-10-28,1959,7662.0,7708.0,7406.0,7429.0,213700,OK,kabutan,7429.0,yahoo_jp,7429.0,2026-08-29T10:35:25.505569+09:00
2025-10-28,1969,4465.0,4467.0,4266.0,4276.0,648000,OK,kabutan,4276.0,yahoo_jp,4276.0,2026-08-29T10:38:13.832434+09:00
2025-10-29,1942,4853.0,4990.0,4716.0,4885.0,3866900,OK,kabutan,4885.0,yahoo_jp,4885.0,2026-08-29T10:29:53.754773+09:00
2025-10-29,1944,5998.0,6158.0,5967.0,6158.0,1475800,OK,kabutan,6158.0,yahoo_jp,6158.0,2026-08-29T10:32:39.883065+09:00
2025-10-29,1959,7830.0,8023.0,7787.0,7919.0,489600,OK,kabutan,7919.0,yahoo_jp,7919.0,2026-08-29T10:35:25.505569+09:00
2025-10-29,1969,4656.0,4744.0,4510.0,4588.0,1497700,OK,kabutan,4588.0,yahoo_jp,4588.0,2026-08-29T10:38:13.832434+09:00
2025-10-30,1942,4858.0,4955.0,4810.0,4942.0,1534900,OK,kabutan,4942.0,yahoo_jp,4942.0,2026-08-29T10:29:53.754773+09:00
2025-10-30,1944,6158.0,6280.0,5911.0,6046.0,1639100,OK,kabutan,6046.0,yahoo_jp,6046.0,2026-08-29T10:32:39.883065+09:00
2025-10-30,1959,7919.0,8065.0,7870.0,8049.0,316700,OK,kabutan,8049.0,yahoo_jp,8049.0,2026-08-29T10:35:25.505569+09:00
2025-10-30,1969,4646.0,4701.0,4603.0,4651.0,1528900,OK,kabutan,4651.0,yahoo_jp,4651.0,2026-08-29T10:38:13.832434+09:00
2025-10-31,1942,4965.0,5032.0,4567.0,4717.0,4893000,OK,kabutan,4717.0,yahoo_jp,4717.0,2026-08-29T10:29:53.754773+09:00
2025-10-31,1944,6077.0,6194.0,6059.0,6178.0,755600,OK,kabutan,6178.0,yahoo_jp,6178.0,2026-08-29T10:32:39.883065+09:00
2025-10-31,1959,8157.0,8369.0,7799.0,8158.0,627500,OK,kabutan,8158.0,yahoo_jp,8158.0,2026-08-29T10:35:25.505569+09:00
2025-10-31,1969,4675.0,4685.0,4560.0,4576.0,638400,OK,kabutan,4576.0,yahoo_jp,4576.0,2026-08-29T10:38:13.832434+09:00
2025-11-04,1942,4716.0,4923.0,4646.0,4826.0,2945300,OK,kabutan,4826.0,yahoo_jp,4826.0,2026-08-29T10:29:53.754773+09:00
2025-11-04,1944,6158.0,6396.0,6132.0,6265.0,629600,OK,kabutan,6265.0,yahoo_jp,6265.0,2026-08-29T10:32:39.883065+09:00
2025-11-04,1959,8193.0,8200.0,7712.0,7757.0,544000,OK,kabutan,7757.0,yahoo_jp,7757.0,2026-08-29T10:35:25.505569+09:00
2025-11-04,1969,4610.0,4620.0,4546.0,4572.0,536300,OK,kabutan,4572.0,yahoo_jp,4572.0,2026-08-29T10:38:13.832434+09:00
2025-11-05,1942,4783.0,4850.0,4572.0,4823.0,1906100,OK,kabutan,4823.0,yahoo_jp,4823.0,2026-08-29T10:29:53.754773+09:00
2025-11-05,1944,6190.0,6222.0,6000.0,6164.0,852100,OK,kabutan,6164.0,yahoo_jp,6164.0,2026-08-29T10:32:39.883065+09:00
2025-11-05,1959,7607.0,7744.0,7340.0,7562.0,381800,OK,kabutan,7562.0,yahoo_jp,7562.0,2026-08-29T10:35:25.505569+09:00
2025-11-05,1969,4537.0,4566.0,4308.0,4515.0,534400,OK,kabutan,4515.0,yahoo_jp,4515.0,2026-08-29T10:38:13.832434+09:00
2025-11-06,1942,4791.0,4929.0,4760.0,4912.0,1373100,OK,kabutan,4912.0,yahoo_jp,4912.0,2026-08-29T10:29:53.754773+09:00
2025-11-06,1944,6200.0,6362.0,6160.0,6292.0,466800,OK,kabutan,6292.0,yahoo_jp,6292.0,2026-08-29T10:32:39.883065+09:00
2025-11-06,1959,7610.0,7700.0,7533.0,7636.0,279900,OK,kabutan,7636.0,yahoo_jp,7636.0,2026-08-29T10:35:25.505569+09:00
2025-11-06,1969,4515.0,4592.0,4500.0,4572.0,490300,OK,kabutan,4572.0,yahoo_jp,4572.0,2026-08-29T10:38:13.832434+09:00
2025-11-07,1942,4855.0,4943.0,4819.0,4843.0,1249900,OK,kabutan,4843.0,yahoo_jp,4843.0,2026-08-29T10:29:53.754773+09:00
2025-11-07,1944,6223.0,6267.0,6185.0,6237.0,406200,OK,kabutan,6237.0,yahoo_jp,6237.0,2026-08-29T10:32:39.883065+09:00
2025-11-07,1959,7512.0,7523.0,7437.0,7464.0,313700,OK,kabutan,7464.0,yahoo_jp,7464.0,2026-08-29T10:35:25.505569+09:00
2025-11-07,1969,4505.0,4637.0,4500.0,4617.0,442900,OK,kabutan,4617.0,yahoo_jp,4617.0,2026-08-29T10:38:13.832434+09:00
2025-11-10,1942,4887.0,4888.0,4820.0,4864.0,967500,OK,kabutan,4864.0,yahoo_jp,4864.0,2026-08-29T10:29:53.754773+09:00
2025-11-10,1944,6226.0,6245.0,6162.0,6175.0,554200,OK,kabutan,6175.0,yahoo_jp,6175.0,2026-08-29T10:32:39.883065+09:00
2025-11-10,1959,7390.0,7467.0,7343.0,7397.0,398500,OK,kabutan,7397.0,yahoo_jp,7397.0,2026-08-29T10:35:25.505569+09:00
2025-11-10,1969,4641.0,4643.0,4572.0,4614.0,280100,OK,kabutan,4614.0,yahoo_jp,4614.0,2026-08-29T10:38:13.832434+09:00
2025-11-11,1942,4866.0,4908.0,4825.0,4884.0,1123600,OK,kabutan,4884.0,yahoo_jp,4884.0,2026-08-29T10:29:53.754773+09:00
2025-11-11,1944,6255.0,6288.0,6155.0,6203.0,405000,OK,kabutan,6203.0,yahoo_jp,6203.0,2026-08-29T10:32:39.883065+09:00
2025-11-11,1959,7358.0,7432.0,7312.0,7372.0,324000,OK,kabutan,7372.0,yahoo_jp,7372.0,2026-08-29T10:35:25.505569+09:00
2025-11-11,1969,4620.0,4646.0,4540.0,4634.0,431900,OK,kabutan,4634.0,yahoo_jp,4634.0,2026-08-29T10:38:13.832434+09:00
2025-11-12,1942,4853.0,4880.0,4772.0,4833.0,1212800,OK,kabutan,4833.0,yahoo_jp,4833.0,2026-08-29T10:29:53.754773+09:00
2025-11-12,1944,6207.0,6265.0,6170.0,6197.0,313200,OK,kabutan,6197.0,yahoo_jp,6197.0,2026-08-29T10:32:39.883065+09:00
2025-11-12,1959,7370.0,7460.0,7333.0,7417.0,245800,OK,kabutan,7417.0,yahoo_jp,7417.0,2026-08-29T10:35:25.505569+09:00
2025-11-12,1969,4652.0,4703.0,4619.0,4703.0,495000,OK,kabutan,4703.0,yahoo_jp,4703.0,2026-08-29T10:38:13.832434+09:00
2025-11-13,1942,4841.0,5076.0,4835.0,5033.0,1458500,OK,kabutan,5033.0,yahoo_jp,5033.0,2026-08-29T10:29:53.754773+09:00
2025-11-13,1944,6197.0,6445.0,6195.0,6388.0,524800,OK,kabutan,6388.0,yahoo_jp,6388.0,2026-08-29T10:32:39.883065+09:00
2025-11-13,1959,7427.0,7590.0,7424.0,7523.0,237500,OK,kabutan,7523.0,yahoo_jp,7523.0,2026-08-29T10:35:25.505569+09:00
2025-11-13,1969,4745.0,4846.0,4725.0,4791.0,638000,OK,kabutan,4791.0,yahoo_jp,4791.0,2026-08-29T10:38:13.832434+09:00
2025-11-14,1942,4881.0,4916.0,4830.0,4846.0,1173100,OK,kabutan,4846.0,yahoo_jp,4846.0,2026-08-29T10:29:53.754773+09:00
2025-11-14,1944,6275.0,6310.0,6154.0,6207.0,409200,OK,kabutan,6207.0,yahoo_jp,6207.0,2026-08-29T10:32:39.883065+09:00
2025-11-14,1959,7474.0,7564.0,7430.0,7509.0,213100,OK,kabutan,7509.0,yahoo_jp,7509.0,2026-08-29T10:35:25.505569+09:00
2025-11-14,1969,4750.0,4861.0,4558.0,4560.0,1480600,OK,kabutan,4560.0,yahoo_jp,4560.0,2026-08-29T10:38:13.832434+09:00
2025-11-17,1942,4860.0,4909.0,4780.0,4909.0,863600,OK,kabutan,4909.0,yahoo_jp,4909.0,2026-08-29T10:29:53.754773+09:00
2025-11-17,1944,6185.0,6323.0,6159.0,6311.0,438100,OK,kabutan,6311.0,yahoo_jp,6311.0,2026-08-29T10:32:39.883065+09:00
2025-11-17,1959,7603.0,7669.0,7517.0,7669.0,228500,OK,kabutan,7669.0,yahoo_jp,7669.0,2026-08-29T10:35:25.505569+09:00
2025-11-17,1969,4490.0,4575.0,4371.0,4550.0,755500,OK,kabutan,4550.0,yahoo_jp,4550.0,2026-08-29T10:38:13.832434+09:00
2025-11-18,1942,4856.0,4867.0,4621.0,4624.0,1126400,OK,kabutan,4624.0,yahoo_jp,4624.0,2026-08-29T10:29:53.754773+09:00
2025-11-18,1944,6231.0,6300.0,6110.0,6170.0,425900,OK,kabutan,6170.0,yahoo_jp,6170.0,2026-08-29T10:32:39.883065+09:00
2025-11-18,1959,7560.0,7597.0,7279.0,7296.0,222400,OK,kabutan,7296.0,yahoo_jp,7296.0,2026-08-29T10:35:25.505569+09:00
2025-11-18,1969,4492.0,4500.0,4236.0,4245.0,696600,OK,kabutan,4245.0,yahoo_jp,4245.0,2026-08-29T10:38:13.832434+09:00
2025-11-19,1942,4650.0,4778.0,4532.0,4730.0,1228300,OK,kabutan,4730.0,yahoo_jp,4730.0,2026-08-29T10:29:53.754773+09:00
2025-11-19,1944,6201.0,6256.0,6145.0,6189.0,450400,OK,kabutan,6189.0,yahoo_jp,6189.0,2026-08-29T10:32:39.883065+09:00
2025-11-19,1959,7360.0,7516.0,7301.0,7461.0,183400,OK,kabutan,7461.0,yahoo_jp,7461.0,2026-08-29T10:35:25.505569+09:00
2025-11-19,1969,4238.0,4362.0,4174.0,4320.0,655900,OK,kabutan,4320.0,yahoo_jp,4320.0,2026-08-29T10:38:13.832434+09:00
2025-11-20,1942,4800.0,4885.0,4777.0,4851.0,1159300,OK,kabutan,4851.0,yahoo_jp,4851.0,2026-08-29T10:29:53.754773+09:00
2025-11-20,1944,6300.0,6376.0,6239.0,6317.0,343500,OK,kabutan,6317.0,yahoo_jp,6317.0,2026-08-29T10:32:39.883065+09:00
2025-11-20,1959,7761.0,7761.0,7618.0,7686.0,230700,OK,kabutan,7686.0,yahoo_jp,7686.0,2026-08-29T10:35:25.505569+09:00
2025-11-20,1969,4440.0,4462.0,4376.0,4392.0,453000,OK,kabutan,4392.0,yahoo_jp,4392.0,2026-08-29T10:38:13.832434+09:00
2025-11-21,1942,4711.0,4875.0,4711.0,4852.0,1013800,OK,kabutan,4852.0,yahoo_jp,4852.0,2026-08-29T10:29:53.754773+09:00
2025-11-21,1944,6261.0,6372.0,6257.0,6349.0,399400,OK,kabutan,6349.0,yahoo_jp,6349.0,2026-08-29T10:32:39.883065+09:00
2025-11-21,1959,7593.0,7820.0,7593.0,7806.0,270300,OK,kabutan,7806.0,yahoo_jp,7806.0,2026-08-29T10:35:25.505569+09:00
2025-11-21,1969,4332.0,4401.0,4330.0,4395.0,482900,OK,kabutan,4395.0,yahoo_jp,4395.0,2026-08-29T10:38:13.832434+09:00
2025-11-25,1942,4815.0,4858.0,4713.0,4825.0,1105700,OK,kabutan,4825.0,yahoo_jp,4825.0,2026-08-29T10:29:53.754773+09:00
2025-11-25,1944,6249.0,6416.0,6210.0,6331.0,389500,OK,kabutan,6331.0,yahoo_jp,6331.0,2026-08-29T10:32:39.883065+09:00
2025-11-25,1959,7845.0,7895.0,7756.0,7794.0,161600,OK,kabutan,7794.0,yahoo_jp,7794.0,2026-08-29T10:35:25.505569+09:00
2025-11-25,1969,4396.0,4424.0,4323.0,4366.0,306100,OK,kabutan,4366.0,yahoo_jp,4366.0,2026-08-29T10:38:13.832434+09:00
2025-11-26,1942,4873.0,4948.0,4811.0,4828.0,1045900,OK,kabutan,4828.0,yahoo_jp,4828.0,2026-08-29T10:29:53.754773+09:00
2025-11-26,1944,6250.0,6391.0,6227.0,6391.0,573100,OK,kabutan,6391.0,yahoo_jp,6391.0,2026-08-29T10:32:39.883065+09:00
2025-11-26,1959,7850.0,7967.0,7844.0,7920.0,149600,OK,kabutan,7920.0,yahoo_jp,7920.0,2026-08-29T10:35:25.505569+09:00
2025-11-26,1969,4400.0,4423.0,4352.0,4386.0,294500,OK,kabutan,4386.0,yahoo_jp,4386.0,2026-08-29T10:38:13.832434+09:00
2025-11-27,1942,4950.0,4970.0,4860.0,4906.0,973500,OK,kabutan,4906.0,yahoo_jp,4906.0,2026-08-29T10:29:53.754773+09:00
2025-11-27,1944,6402.0,6531.0,6394.0,6446.0,764200,OK,kabutan,6446.0,yahoo_jp,6446.0,2026-08-29T10:32:39.883065+09:00
2025-11-27,1959,8000.0,8074.0,7939.0,7946.0,203900,OK,kabutan,7946.0,yahoo_jp,7946.0,2026-08-29T10:35:25.505569+09:00
2025-11-27,1969,4425.0,4622.0,4406.0,4552.0,604100,OK,kabutan,4552.0,yahoo_jp,4552.0,2026-08-29T10:38:13.832434+09:00
2025-11-28,1942,4916.0,4981.0,4885.0,4948.0,570900,OK,kabutan,4948.0,yahoo_jp,4948.0,2026-08-29T10:29:53.754773+09:00
2025-11-28,1944,6412.0,6524.0,6343.0,6484.0,433700,OK,kabutan,6484.0,yahoo_jp,6484.0,2026-08-29T10:32:39.883065+09:00
2025-11-28,1959,7922.0,7964.0,7782.0,7921.0,179300,OK,kabutan,7921.0,yahoo_jp,7921.0,2026-08-29T10:35:25.505569+09:00
2025-11-28,1969,4573.0,4600.0,4518.0,4542.0,337400,OK,kabutan,4542.0,yahoo_jp,4542.0,2026-08-29T10:38:13.832434+09:00
2025-12-01,1942,4932.0,4959.0,4772.0,4800.0,1126300,OK,kabutan,4800.0,yahoo_jp,4800.0,2026-08-29T10:29:53.754773+09:00
2025-12-01,1944,6554.0,6583.0,6411.0,6411.0,470700,OK,kabutan,6411.0,yahoo_jp,6411.0,2026-08-29T10:32:39.883065+09:00
2025-12-01,1959,7979.0,8000.0,7720.0,7722.0,175100,OK,kabutan,7722.0,yahoo_jp,7722.0,2026-08-29T10:35:25.505569+09:00
2025-12-01,1969,4561.0,4574.0,4397.0,4428.0,575700,OK,kabutan,4428.0,yahoo_jp,4428.0,2026-08-29T10:38:13.832434+09:00
2025-12-02,1942,4768.0,4825.0,4726.0,4794.0,561500,OK,kabutan,4794.0,yahoo_jp,4794.0,2026-08-29T10:29:53.754773+09:00
2025-12-02,1944,6364.0,6421.0,6280.0,6350.0,356400,OK,kabutan,6350.0,yahoo_jp,6350.0,2026-08-29T10:32:39.883065+09:00
2025-12-02,1959,7684.0,7697.0,7572.0,7639.0,142800,OK,kabutan,7639.0,yahoo_jp,7639.0,2026-08-29T10:35:25.505569+09:00
2025-12-02,1969,4422.0,4424.0,4336.0,4363.0,356500,OK,kabutan,4363.0,yahoo_jp,4363.0,2026-08-29T10:38:13.832434+09:00
2025-12-03,1942,4828.0,4847.0,4781.0,4821.0,633300,OK,kabutan,4821.0,yahoo_jp,4821.0,2026-08-29T10:29:53.754773+09:00
2025-12-03,1944,6368.0,6533.0,6340.0,6479.0,490200,OK,kabutan,6479.0,yahoo_jp,6479.0,2026-08-29T10:32:39.883065+09:00
2025-12-03,1959,7666.0,7666.0,7533.0,7604.0,201100,OK,kabutan,7604.0,yahoo_jp,7604.0,2026-08-29T10:35:25.505569+09:00
2025-12-03,1969,4400.0,4426.0,4256.0,4319.0,729700,OK,kabutan,4319.0,yahoo_jp,4319.0,2026-08-29T10:38:13.832434+09:00
2025-12-04,1942,4830.0,4860.0,4765.0,4770.0,687600,OK,kabutan,4770.0,yahoo_jp,4770.0,2026-08-29T10:29:53.754773+09:00
2025-12-04,1944,6481.0,6528.0,6424.0,6480.0,444000,OK,kabutan,6480.0,yahoo_jp,6480.0,2026-08-29T10:32:39.883065+09:00
2025-12-04,1959,7616.0,7647.0,7535.0,7555.0,169200,OK,kabutan,7555.0,yahoo_jp,7555.0,2026-08-29T10:35:25.505569+09:00
2025-12-04,1969,4347.0,4404.0,4337.0,4380.0,435700,OK,kabutan,4380.0,yahoo_jp,4380.0,2026-08-29T10:38:13.832434+09:00
2025-12-05,1942,4801.0,4806.0,4744.0,4771.0,528000,OK,kabutan,4771.0,yahoo_jp,4771.0,2026-08-29T10:29:53.754773+09:00
2025-12-05,1944,6496.0,6522.0,6424.0,6436.0,378900,OK,kabutan,6436.0,yahoo_jp,6436.0,2026-08-29T10:32:39.883065+09:00
2025-12-05,1959,7573.0,7615.0,7533.0,7576.0,151500,OK,kabutan,7576.0,yahoo_jp,7576.0,2026-08-29T10:35:25.505569+09:00
2025-12-05,1969,4386.0,4491.0,4374.0,4448.0,449600,OK,kabutan,4448.0,yahoo_jp,4448.0,2026-08-29T10:38:13.832434+09:00
2025-12-08,1942,4874.0,4880.0,4799.0,4859.0,614900,OK,kabutan,4859.0,yahoo_jp,4859.0,2026-08-29T10:29:53.754773+09:00
2025-12-08,1944,6494.0,6577.0,6467.0,6533.0,348700,OK,kabutan,6533.0,yahoo_jp,6533.0,2026-08-29T10:32:39.883065+09:00
2025-12-08,1959,7726.0,7803.0,7686.0,7706.0,167800,OK,kabutan,7706.0,yahoo_jp,7706.0,2026-08-29T10:35:25.505569+09:00
2025-12-08,1969,4498.0,4586.0,4465.0,4533.0,379300,OK,kabutan,4533.0,yahoo_jp,4533.0,2026-08-29T10:38:13.832434+09:00
2025-12-09,1942,4859.0,4902.0,4841.0,4895.0,377300,OK,kabutan,4895.0,yahoo_jp,4895.0,2026-08-29T10:29:53.754773+09:00
2025-12-09,1944,6565.0,6616.0,6478.0,6542.0,329600,OK,kabutan,6542.0,yahoo_jp,6542.0,2026-08-29T10:32:39.883065+09:00
2025-12-09,1959,7800.0,7820.0,7714.0,7790.0,135800,OK,kabutan,7790.0,yahoo_jp,7790.0,2026-08-29T10:35:25.505569+09:00
2025-12-09,1969,4541.0,4564.0,4471.0,4498.0,308700,OK,kabutan,4498.0,yahoo_jp,4498.0,2026-08-29T10:38:13.832434+09:00
2025-12-10,1942,4917.0,4931.0,4849.0,4865.0,468700,OK,kabutan,4865.0,yahoo_jp,4865.0,2026-08-29T10:29:53.754773+09:00
2025-12-10,1944,6697.0,6747.0,6604.0,6747.0,628700,OK,kabutan,6747.0,yahoo_jp,6747.0,2026-08-29T10:32:39.883065+09:00
2025-12-10,1959,7837.0,7849.0,7592.0,7642.0,222900,OK,kabutan,7642.0,yahoo_jp,7642.0,2026-08-29T10:35:25.505569+09:00
2025-12-10,1969,4524.0,4588.0,4493.0,4534.0,343200,OK,kabutan,4534.0,yahoo_jp,4534.0,2026-08-29T10:38:13.832434+09:00
2025-12-11,1942,4911.0,4928.0,4797.0,4797.0,620300,OK,kabutan,4797.0,yahoo_jp,4797.0,2026-08-29T10:29:53.754773+09:00
2025-12-11,1944,6847.0,6951.0,6626.0,6697.0,855100,OK,kabutan,6697.0,yahoo_jp,6697.0,2026-08-29T10:32:39.883065+09:00
2025-12-11,1959,7688.0,7713.0,7596.0,7596.0,187400,OK,kabutan,7596.0,yahoo_jp,7596.0,2026-08-29T10:35:25.505569+09:00
2025-12-11,1969,4564.0,4564.0,4408.0,4414.0,517700,OK,kabutan,4414.0,yahoo_jp,4414.0,2026-08-29T10:38:13.832434+09:00
2025-12-12,1942,4852.0,4927.0,4825.0,4909.0,535400,OK,kabutan,4909.0,yahoo_jp,4909.0,2026-08-29T10:29:53.754773+09:00
2025-12-12,1944,6769.0,6903.0,6700.0,6891.0,534000,OK,kabutan,6891.0,yahoo_jp,6891.0,2026-08-29T10:32:39.883065+09:00
2025-12-12,1959,7708.0,7750.0,7652.0,7730.0,134700,OK,kabutan,7730.0,yahoo_jp,7730.0,2026-08-29T10:35:25.505569+09:00
2025-12-12,1969,4484.0,4624.0,4450.0,4624.0,458200,OK,kabutan,4624.0,yahoo_jp,4624.0,2026-08-29T10:38:13.832434+09:00
2025-12-15,1942,4862.0,4939.0,4836.0,4925.0,324900,OK,kabutan,4925.0,yahoo_jp,4925.0,2026-08-29T10:29:53.754773+09:00
2025-12-15,1944,6840.0,6927.0,6820.0,6862.0,376600,OK,kabutan,6862.0,yahoo_jp,6862.0,2026-08-29T10:32:39.883065+09:00
2025-12-15,1959,7700.0,7761.0,7650.0,7733.0,158200,OK,kabutan,7733.0,yahoo_jp,7733.0,2026-08-29T10:35:25.505569+09:00
2025-12-15,1969,4642.0,4659.0,4533.0,4659.0,492200,OK,kabutan,4659.0,yahoo_jp,4659.0,2026-08-29T10:38:13.832434+09:00
2025-12-16,1942,4949.0,4952.0,4829.0,4829.0,636000,OK,kabutan,4829.0,yahoo_jp,4829.0,2026-08-29T10:29:53.754773+09:00
2025-12-16,1944,6945.0,6945.0,6731.0,6731.0,443700,OK,kabutan,6731.0,yahoo_jp,6731.0,2026-08-29T10:32:39.883065+09:00
2025-12-16,1959,7656.0,7719.0,7573.0,7670.0,137600,OK,kabutan,7670.0,yahoo_jp,7670.0,2026-08-29T10:35:25.505569+09:00
2025-12-16,1969,4627.0,4643.0,4490.0,4512.0,443500,OK,kabutan,4512.0,yahoo_jp,4512.0,2026-08-29T10:38:13.832434+09:00
2025-12-17,1942,4836.0,4861.0,4726.0,4809.0,523000,OK,kabutan,4809.0,yahoo_jp,4809.0,2026-08-29T10:29:53.754773+09:00
2025-12-17,1944,6727.0,6744.0,6575.0,6636.0,435500,OK,kabutan,6636.0,yahoo_jp,6636.0,2026-08-29T10:32:39.883065+09:00
2025-12-17,1959,7628.0,7628.0,7447.0,7528.0,185500,OK,kabutan,7528.0,yahoo_jp,7528.0,2026-08-29T10:35:25.505569+09:00
2025-12-17,1969,4540.0,4545.0,4424.0,4466.0,264900,OK,kabutan,4466.0,yahoo_jp,4466.0,2026-08-29T10:38:13.832434+09:00
2025-12-18,1942,4811.0,4855.0,4776.0,4829.0,415900,OK,kabutan,4829.0,yahoo_jp,4829.0,2026-08-29T10:29:53.754773+09:00
2025-12-18,1944,6604.0,6674.0,6585.0,6611.0,291900,OK,kabutan,6611.0,yahoo_jp,6611.0,2026-08-29T10:32:39.883065+09:00
2025-12-18,1959,7512.0,7599.0,7481.0,7546.0,127500,OK,kabutan,7546.0,yahoo_jp,7546.0,2026-08-29T10:35:25.505569+09:00
2025-12-18,1969,4449.0,4507.0,4436.0,4485.0,332100,OK,kabutan,4485.0,yahoo_jp,4485.0,2026-08-29T10:38:13.832434+09:00
2025-12-19,1942,4916.0,5065.0,4896.0,5045.0,1275200,OK,kabutan,5045.0,yahoo_jp,5045.0,2026-08-29T10:29:53.754773+09:00
2025-12-19,1944,6745.0,6893.0,6702.0,6861.0,667800,OK,kabutan,6861.0,yahoo_jp,6861.0,2026-08-29T10:32:39.883065+09:00
2025-12-19,1959,7584.0,7712.0,7529.0,7693.0,246800,OK,kabutan,7693.0,yahoo_jp,7693.0,2026-08-29T10:35:25.505569+09:00
2025-12-19,1969,4485.0,4566.0,4475.0,4559.0,511600,OK,kabutan,4559.0,yahoo_jp,4559.0,2026-08-29T10:38:13.832434+09:00
2025-12-22,1942,5071.0,5127.0,5042.0,5068.0,746600,OK,kabutan,5068.0,yahoo_jp,5068.0,2026-08-29T10:29:53.754773+09:00
2025-12-22,1944,6900.0,6940.0,6869.0,6880.0,412000,OK,kabutan,6880.0,yahoo_jp,6880.0,2026-08-29T10:32:39.883065+09:00
2025-12-22,1959,7760.0,7760.0,7669.0,7741.0,171100,OK,kabutan,7741.0,yahoo_jp,7741.0,2026-08-29T10:35:25.505569+09:00
2025-12-22,1969,4598.0,4602.0,4425.0,4456.0,519100,OK,kabutan,4456.0,yahoo_jp,4456.0,2026-08-29T10:38:13.832434+09:00
2025-12-23,1942,5065.0,5089.0,4998.0,5054.0,588100,OK,kabutan,5054.0,yahoo_jp,5054.0,2026-08-29T10:29:53.754773+09:00
2025-12-23,1944,6879.0,6927.0,6798.0,6903.0,306000,OK,kabutan,6903.0,yahoo_jp,6903.0,2026-08-29T10:32:39.883065+09:00
2025-12-23,1959,7702.0,7732.0,7624.0,7682.0,216100,OK,kabutan,7682.0,yahoo_jp,7682.0,2026-08-29T10:35:25.505569+09:00
2025-12-23,1969,4435.0,4440.0,4382.0,4407.0,390700,OK,kabutan,4407.0,yahoo_jp,4407.0,2026-08-29T10:38:13.832434+09:00
2025-12-24,1942,5070.0,5111.0,5046.0,5060.0,434900,OK,kabutan,5060.0,yahoo_jp,5060.0,2026-08-29T10:29:53.754773+09:00
2025-12-24,1944,6920.0,6985.0,6843.0,6862.0,276100,OK,kabutan,6862.0,yahoo_jp,6862.0,2026-08-29T10:32:39.883065+09:00
2025-12-24,1959,7699.0,7766.0,7677.0,7693.0,189300,OK,kabutan,7693.0,yahoo_jp,7693.0,2026-08-29T10:35:25.505569+09:00
2025-12-24,1969,4438.0,4497.0,4410.0,4459.0,403300,OK,kabutan,4459.0,yahoo_jp,4459.0,2026-08-29T10:38:13.832434+09:00
2025-12-25,1942,5061.0,5086.0,5033.0,5063.0,296700,OK,kabutan,5063.0,yahoo_jp,5063.0,2026-08-29T10:29:53.754773+09:00
2025-12-25,1944,6910.0,6910.0,6829.0,6869.0,137300,OK,kabutan,6869.0,yahoo_jp,6869.0,2026-08-29T10:32:39.883065+09:00
2025-12-25,1959,7693.0,7760.0,7652.0,7722.0,100100,OK,kabutan,7722.0,yahoo_jp,7722.0,2026-08-29T10:35:25.505569+09:00
2025-12-25,1969,4497.0,4512.0,4438.0,4469.0,279700,OK,kabutan,4469.0,yahoo_jp,4469.0,2026-08-29T10:38:13.832434+09:00
2025-12-26,1942,5065.0,5124.0,5017.0,5048.0,449900,OK,kabutan,5048.0,yahoo_jp,5048.0,2026-08-29T10:29:53.754773+09:00
2025-12-26,1944,6894.0,6907.0,6843.0,6867.0,297400,OK,kabutan,6867.0,yahoo_jp,6867.0,2026-08-29T10:32:39.883065+09:00
2025-12-26,1959,7759.0,7779.0,7656.0,7706.0,121100,OK,kabutan,7706.0,yahoo_jp,7706.0,2026-08-29T10:35:25.505569+09:00
2025-12-26,1969,4477.0,4493.0,4389.0,4417.0,350300,OK,kabutan,4417.0,yahoo_jp,4417.0,2026-08-29T10:38:13.832434+09:00
2025-12-29,1942,5040.0,5073.0,4983.0,5043.0,502200,OK,kabutan,5043.0,yahoo_jp,5043.0,2026-08-29T10:29:53.754773+09:00
2025-12-29,1944,6909.0,6942.0,6817.0,6877.0,332700,OK,kabutan,6877.0,yahoo_jp,6877.0,2026-08-29T10:32:39.883065+09:00
2025-12-29,1959,7751.0,7800.0,7621.0,7743.0,109500,OK,kabutan,7743.0,yahoo_jp,7743.0,2026-08-29T10:35:25.505569+09:00
2025-12-29,1969,4449.0,4470.0,4414.0,4445.0,297700,OK,kabutan,4445.0,yahoo_jp,4445.0,2026-08-29T10:38:13.832434+09:00
2025-12-30,1942,5010.0,5093.0,4994.0,5028.0,473500,OK,kabutan,5028.0,yahoo_jp,5028.0,2026-08-29T10:29:53.754773+09:00
2025-12-30,1944,6867.0,6911.0,6793.0,6793.0,357100,OK,kabutan,6793.0,yahoo_jp,6793.0,2026-08-29T10:32:39.883065+09:00
2025-12-30,1959,7676.0,7784.0,7652.0,7697.0,125400,OK,kabutan,7697.0,yahoo_jp,7697.0,2026-08-29T10:35:25.505569+09:00
2025-12-30,1969,4462.0,4509.0,4430.0,4435.0,244600,OK,kabutan,4435.0,yahoo_jp,4435.0,2026-08-29T10:38:13.832434+09:00
2026-01-05,1942,5150.0,5271.0,5112.0,5218.0,878900,OK,kabutan,5218.0,yahoo_jp,5218.0,2026-08-29T10:29:53.754773+09:00
2026-01-05,1944,6922.0,7024.0,6897.0,7011.0,456400,OK,kabutan,7011.0,yahoo_jp,7011.0,2026-08-29T10:32:39.883065+09:00
2026-01-05,1959,7847.0,7872.0,7738.0,7805.0,165500,OK,kabutan,7805.0,yahoo_jp,7805.0,2026-08-29T10:35:25.505569+09:00
2026-01-05,1969,4546.0,4607.0,4513.0,4546.0,383900,OK,kabutan,4546.0,yahoo_jp,4546.0,2026-08-29T10:38:13.832434+09:00
2026-01-06,1942,5298.0,5535.0,5283.0,5508.0,1314500,OK,kabutan,5508.0,yahoo_jp,5508.0,2026-08-29T10:29:53.754773+09:00
2026-01-06,1944,7015.0,7224.0,7013.0,7210.0,436100,OK,kabutan,7210.0,yahoo_jp,7210.0,2026-08-29T10:32:39.883065+09:00
2026-01-06,1959,7866.0,8034.0,7852.0,8034.0,157400,OK,kabutan,8034.0,yahoo_jp,8034.0,2026-08-29T10:35:25.505569+09:00
2026-01-06,1969,4654.0,4792.0,4577.0,4739.0,665200,OK,kabutan,4739.0,yahoo_jp,4739.0,2026-08-29T10:38:13.832434+09:00
2026-01-07,1942,5413.0,5495.0,5404.0,5455.0,893800,OK,kabutan,5455.0,yahoo_jp,5455.0,2026-08-29T10:29:53.754773+09:00
2026-01-07,1944,7060.0,7209.0,7060.0,7119.0,443600,OK,kabutan,7119.0,yahoo_jp,7119.0,2026-08-29T10:32:39.883065+09:00
2026-01-07,1959,7884.0,7945.0,7833.0,7918.0,217100,OK,kabutan,7918.0,yahoo_jp,7918.0,2026-08-29T10:35:25.505569+09:00
2026-01-07,1969,4621.0,4711.0,4590.0,4705.0,526200,OK,kabutan,4705.0,yahoo_jp,4705.0,2026-08-29T10:38:13.832434+09:00
2026-01-08,1942,5410.0,5527.0,5405.0,5447.0,681400,OK,kabutan,5447.0,yahoo_jp,5447.0,2026-08-29T10:29:53.754773+09:00
2026-01-08,1944,7100.0,7259.0,7100.0,7220.0,364300,OK,kabutan,7220.0,yahoo_jp,7220.0,2026-08-29T10:32:39.883065+09:00
2026-01-08,1959,7930.0,8133.0,7930.0,8048.0,138100,OK,kabutan,8048.0,yahoo_jp,8048.0,2026-08-29T10:35:25.505569+09:00
2026-01-08,1969,4700.0,4786.0,4700.0,4715.0,333700,OK,kabutan,4715.0,yahoo_jp,4715.0,2026-08-29T10:38:13.832434+09:00
2026-01-09,1942,5382.0,5568.0,5304.0,5533.0,1031700,OK,kabutan,5533.0,yahoo_jp,5533.0,2026-08-29T10:29:53.754773+09:00
2026-01-09,1944,7145.0,7259.0,7044.0,7235.0,517700,OK,kabutan,7235.0,yahoo_jp,7235.0,2026-08-29T10:32:39.883065+09:00
2026-01-09,1959,8008.0,8085.0,7920.0,8064.0,255200,OK,kabutan,8064.0,yahoo_jp,8064.0,2026-08-29T10:35:25.505569+09:00
2026-01-09,1969,4700.0,4711.0,4621.0,4695.0,301700,OK,kabutan,4695.0,yahoo_jp,4695.0,2026-08-29T10:38:13.832434+09:00
2026-01-13,1942,5731.0,5734.0,5588.0,5622.0,941300,OK,kabutan,5622.0,yahoo_jp,5622.0,2026-08-29T10:29:53.754773+09:00
2026-01-13,1944,7425.0,7476.0,7316.0,7436.0,508500,OK,kabutan,7436.0,yahoo_jp,7436.0,2026-08-29T10:32:39.883065+09:00
2026-01-13,1959,8198.0,8300.0,8096.0,8252.0,221000,OK,kabutan,8252.0,yahoo_jp,8252.0,2026-08-29T10:35:25.505569+09:00
2026-01-13,1969,4801.0,4801.0,4726.0,4795.0,314400,OK,kabutan,4795.0,yahoo_jp,4795.0,2026-08-29T10:38:13.832434+09:00
2026-01-14,1942,5640.0,5680.0,5557.0,5680.0,824300,OK,kabutan,5680.0,yahoo_jp,5680.0,2026-08-29T10:29:53.754773+09:00
2026-01-14,1944,7408.0,7475.0,7316.0,7440.0,564200,OK,kabutan,7440.0,yahoo_jp,7440.0,2026-08-29T10:32:39.883065+09:00
2026-01-14,1959,8252.0,8340.0,8184.0,8288.0,126900,OK,kabutan,8288.0,yahoo_jp,8288.0,2026-08-29T10:35:25.505569+09:00
2026-01-14,1969,4835.0,4838.0,4753.0,4827.0,290800,OK,kabutan,4827.0,yahoo_jp,4827.0,2026-08-29T10:38:13.832434+09:00
2026-01-15,1942,5670.0,5790.0,5643.0,5697.0,829300,OK,kabutan,5697.0,yahoo_jp,5697.0,2026-08-29T10:29:53.754773+09:00
2026-01-15,1944,7440.0,7499.0,7403.0,7425.0,453800,OK,kabutan,7425.0,yahoo_jp,7425.0,2026-08-29T10:32:39.883065+09:00
2026-01-15,1959,8288.0,8488.0,8288.0,8369.0,126500,OK,kabutan,8369.0,yahoo_jp,8369.0,2026-08-29T10:35:25.505569+09:00
2026-01-15,1969,4811.0,4890.0,4797.0,4803.0,373500,OK,kabutan,4803.0,yahoo_jp,4803.0,2026-08-29T10:38:13.832434+09:00
2026-01-16,1942,5745.0,5899.0,5682.0,5885.0,969700,OK,kabutan,5885.0,yahoo_jp,5885.0,2026-08-29T10:29:53.754773+09:00
2026-01-16,1944,7430.0,7552.0,7384.0,7552.0,404700,OK,kabutan,7552.0,yahoo_jp,7552.0,2026-08-29T10:32:39.883065+09:00
2026-01-16,1959,8350.0,8552.0,8341.0,8517.0,155500,OK,kabutan,8517.0,yahoo_jp,8517.0,2026-08-29T10:35:25.505569+09:00
2026-01-16,1969,4801.0,4849.0,4747.0,4820.0,359800,OK,kabutan,4820.0,yahoo_jp,4820.0,2026-08-29T10:38:13.832434+09:00
2026-01-19,1942,5850.0,5929.0,5806.0,5883.0,724700,OK,kabutan,5883.0,yahoo_jp,5883.0,2026-08-29T10:29:53.754773+09:00
2026-01-19,1944,7521.0,7568.0,7426.0,7547.0,615300,OK,kabutan,7547.0,yahoo_jp,7547.0,2026-08-29T10:32:39.883065+09:00
2026-01-19,1959,8499.0,8579.0,8428.0,8471.0,189300,OK,kabutan,8471.0,yahoo_jp,8471.0,2026-08-29T10:35:25.505569+09:00
2026-01-19,1969,4806.0,4822.0,4742.0,4773.0,353100,OK,kabutan,4773.0,yahoo_jp,4773.0,2026-08-29T10:38:13.832434+09:00
2026-01-20,1942,5876.0,5878.0,5719.0,5741.0,713900,OK,kabutan,5741.0,yahoo_jp,5741.0,2026-08-29T10:29:53.754773+09:00
2026-01-20,1944,7554.0,7575.0,7391.0,7477.0,554500,OK,kabutan,7477.0,yahoo_jp,7477.0,2026-08-29T10:32:39.883065+09:00
2026-01-20,1959,8409.0,8477.0,8209.0,8353.0,143700,OK,kabutan,8353.0,yahoo_jp,8353.0,2026-08-29T10:35:25.505569+09:00
2026-01-20,1969,4747.0,4773.0,4636.0,4693.0,430700,OK,kabutan,4693.0,yahoo_jp,4693.0,2026-08-29T10:38:13.832434+09:00
2026-01-21,1942,5659.0,5800.0,5612.0,5740.0,1070200,OK,kabutan,5740.0,yahoo_jp,5740.0,2026-08-29T10:29:53.754773+09:00
2026-01-21,1944,7411.0,7608.0,7382.0,7550.0,464600,OK,kabutan,7550.0,yahoo_jp,7550.0,2026-08-29T10:32:39.883065+09:00
2026-01-21,1959,8232.0,8401.0,8232.0,8368.0,117500,OK,kabutan,8368.0,yahoo_jp,8368.0,2026-08-29T10:35:25.505569+09:00
2026-01-21,1969,4601.0,4690.0,4601.0,4676.0,456700,OK,kabutan,4676.0,yahoo_jp,4676.0,2026-08-29T10:38:13.832434+09:00
2026-01-22,1942,5770.0,5793.0,5683.0,5743.0,1056600,OK,kabutan,5743.0,yahoo_jp,5743.0,2026-08-29T10:29:53.754773+09:00
2026-01-22,1944,7577.0,7634.0,7500.0,7584.0,630000,OK,kabutan,7584.0,yahoo_jp,7584.0,2026-08-29T10:32:39.883065+09:00
2026-01-22,1959,8398.0,8466.0,8358.0,8443.0,139600,OK,kabutan,8443.0,yahoo_jp,8443.0,2026-08-29T10:35:25.505569+09:00
2026-01-22,1969,4683.0,4702.0,4616.0,4642.0,528900,OK,kabutan,4642.0,yahoo_jp,4642.0,2026-08-29T10:38:13.832434+09:00
2026-01-23,1942,5743.0,5795.0,5706.0,5767.0,1002500,OK,kabutan,5767.0,yahoo_jp,5767.0,2026-08-29T10:29:53.754773+09:00
2026-01-23,1944,7573.0,7680.0,7555.0,7676.0,595000,OK,kabutan,7676.0,yahoo_jp,7676.0,2026-08-29T10:32:39.883065+09:00
2026-01-23,1959,8443.0,8577.0,8432.0,8496.0,183000,OK,kabutan,8496.0,yahoo_jp,8496.0,2026-08-29T10:35:25.505569+09:00
2026-01-23,1969,4640.0,4737.0,4628.0,4678.0,349300,OK,kabutan,4678.0,yahoo_jp,4678.0,2026-08-29T10:38:13.832434+09:00
2026-01-26,1942,5583.0,5678.0,5526.0,5560.0,1806500,OK,kabutan,5560.0,yahoo_jp,5560.0,2026-08-29T10:29:53.754773+09:00
2026-01-26,1944,7550.0,7650.0,7501.0,7542.0,614700,OK,kabutan,7542.0,yahoo_jp,7542.0,2026-08-29T10:32:39.883065+09:00
2026-01-26,1959,8375.0,8488.0,8341.0,8341.0,149400,OK,kabutan,8341.0,yahoo_jp,8341.0,2026-08-29T10:35:25.505569+09:00
2026-01-26,1969,4615.0,4670.0,4566.0,4582.0,406800,OK,kabutan,4582.0,yahoo_jp,4582.0,2026-08-29T10:38:13.832434+09:00
2026-01-27,1942,5541.0,5557.0,5413.0,5472.0,1098400,OK,kabutan,5472.0,yahoo_jp,5472.0,2026-08-29T10:29:53.754773+09:00
2026-01-27,1944,7490.0,7542.0,7388.0,7485.0,592100,OK,kabutan,7485.0,yahoo_jp,7485.0,2026-08-29T10:32:39.883065+09:00
2026-01-27,1959,8272.0,8325.0,8140.0,8325.0,257300,OK,kabutan,8325.0,yahoo_jp,8325.0,2026-08-29T10:35:25.505569+09:00
2026-01-27,1969,4550.0,4603.0,4492.0,4593.0,445800,OK,kabutan,4593.0,yahoo_jp,4593.0,2026-08-29T10:38:13.832434+09:00
2026-01-28,1942,5461.0,5582.0,5410.0,5571.0,1454200,OK,kabutan,5571.0,yahoo_jp,5571.0,2026-08-29T10:29:53.754773+09:00
2026-01-28,1944,7450.0,7509.0,7376.0,7447.0,485200,OK,kabutan,7447.0,yahoo_jp,7447.0,2026-08-29T10:32:39.883065+09:00
2026-01-28,1959,8224.0,8248.0,8135.0,8171.0,196500,OK,kabutan,8171.0,yahoo_jp,8171.0,2026-08-29T10:35:25.505569+09:00
2026-01-28,1969,4528.0,4594.0,4497.0,4560.0,439400,OK,kabutan,4560.0,yahoo_jp,4560.0,2026-08-29T10:38:13.832434+09:00
2026-01-29,1942,5573.0,6010.0,5402.0,5759.0,6910500,OK,kabutan,5759.0,yahoo_jp,5759.0,2026-08-29T10:29:53.754773+09:00
2026-01-29,1944,7401.0,7663.0,7184.0,7562.0,1443300,OK,kabutan,7562.0,yahoo_jp,7562.0,2026-08-29T10:32:39.883065+09:00
2026-01-29,1959,8261.0,8391.0,8117.0,8330.0,223200,OK,kabutan,8330.0,yahoo_jp,8330.0,2026-08-29T10:35:25.505569+09:00
2026-01-29,1969,4514.0,4594.0,4415.0,4512.0,544500,OK,kabutan,4512.0,yahoo_jp,4512.0,2026-08-29T10:38:13.832434+09:00
2026-01-30,1942,5470.0,5691.0,5435.0,5563.0,4024700,OK,kabutan,5563.0,yahoo_jp,5563.0,2026-08-29T10:29:53.754773+09:00
2026-01-30,1944,6900.0,7040.0,6771.0,6838.0,1997400,OK,kabutan,6838.0,yahoo_jp,6838.0,2026-08-29T10:32:39.883065+09:00
2026-01-30,1959,8303.0,8306.0,7788.0,8061.0,418000,OK,kabutan,8061.0,yahoo_jp,8061.0,2026-08-29T10:35:25.505569+09:00
2026-01-30,1969,4506.0,4518.0,4443.0,4470.0,423500,OK,kabutan,4470.0,yahoo_jp,4470.0,2026-08-29T10:38:13.832434+09:00
2026-02-02,1942,5522.0,5696.0,5460.0,5557.0,1536400,OK,kabutan,5557.0,yahoo_jp,5557.0,2026-08-29T10:29:53.754773+09:00
2026-02-02,1944,6996.0,6996.0,6570.0,6650.0,1603300,OK,kabutan,6650.0,yahoo_jp,6650.0,2026-08-29T10:32:39.883065+09:00
2026-02-02,1959,8260.0,8718.0,8188.0,8271.0,472700,OK,kabutan,8271.0,yahoo_jp,8271.0,2026-08-29T10:35:25.505569+09:00
2026-02-02,1969,4540.0,4614.0,4488.0,4563.0,512000,OK,kabutan,4563.0,yahoo_jp,4563.0,2026-08-29T10:38:13.832434+09:00
2026-02-03,1942,5627.0,5830.0,5612.0,5825.0,1704300,OK,kabutan,5825.0,yahoo_jp,5825.0,2026-08-29T10:29:53.754773+09:00
2026-02-03,1944,6750.0,6943.0,6693.0,6902.0,966400,OK,kabutan,6902.0,yahoo_jp,6902.0,2026-08-29T10:32:39.883065+09:00
2026-02-03,1959,8421.0,8649.0,8375.0,8649.0,317800,OK,kabutan,8649.0,yahoo_jp,8649.0,2026-08-29T10:35:25.505569+09:00
2026-02-03,1969,4580.0,4752.0,4568.0,4697.0,923200,OK,kabutan,4697.0,yahoo_jp,4697.0,2026-08-29T10:38:13.832434+09:00
2026-02-04,1942,5906.0,5918.0,5609.0,5753.0,1686400,OK,kabutan,5753.0,yahoo_jp,5753.0,2026-08-29T10:29:53.754773+09:00
2026-02-04,1944,6952.0,6997.0,6719.0,6938.0,891000,OK,kabutan,6938.0,yahoo_jp,6938.0,2026-08-29T10:32:39.883065+09:00
2026-02-04,1959,8649.0,8759.0,8582.0,8716.0,224400,OK,kabutan,8716.0,yahoo_jp,8716.0,2026-08-29T10:35:25.505569+09:00
2026-02-04,1969,4700.0,4724.0,4637.0,4661.0,455100,OK,kabutan,4661.0,yahoo_jp,4661.0,2026-08-29T10:38:13.832434+09:00
2026-02-05,1942,5738.0,5758.0,5525.0,5621.0,1217600,OK,kabutan,5621.0,yahoo_jp,5621.0,2026-08-29T10:29:53.754773+09:00
2026-02-05,1944,7045.0,7172.0,6879.0,7010.0,880600,OK,kabutan,7010.0,yahoo_jp,7010.0,2026-08-29T10:32:39.883065+09:00
2026-02-05,1959,8760.0,8834.0,8561.0,8723.0,275400,OK,kabutan,8723.0,yahoo_jp,8723.0,2026-08-29T10:35:25.505569+09:00
2026-02-05,1969,4684.0,4765.0,4631.0,4764.0,616800,OK,kabutan,4764.0,yahoo_jp,4764.0,2026-08-29T10:38:13.832434+09:00
2026-02-06,1942,5632.0,5809.0,5598.0,5753.0,1019100,OK,kabutan,5753.0,yahoo_jp,5753.0,2026-08-29T10:29:53.754773+09:00
2026-02-06,1944,7050.0,7342.0,7034.0,7297.0,649100,OK,kabutan,7297.0,yahoo_jp,7297.0,2026-08-29T10:32:39.883065+09:00
2026-02-06,1959,8786.0,8890.0,8679.0,8875.0,161900,OK,kabutan,8875.0,yahoo_jp,8875.0,2026-08-29T10:35:25.505569+09:00
2026-02-06,1969,4752.0,4985.0,4732.0,4969.0,773000,OK,kabutan,4969.0,yahoo_jp,4969.0,2026-08-29T10:38:13.832434+09:00
2026-02-09,1942,5927.0,5999.0,5816.0,5972.0,1371700,OK,kabutan,5972.0,yahoo_jp,5972.0,2026-08-29T10:29:53.754773+09:00
2026-02-09,1944,7550.0,7896.0,7447.0,7885.0,1377600,OK,kabutan,7885.0,yahoo_jp,7885.0,2026-08-29T10:32:39.883065+09:00
2026-02-09,1959,9175.0,9182.0,9028.0,9161.0,170300,OK,kabutan,9161.0,yahoo_jp,9161.0,2026-08-29T10:35:25.505569+09:00
2026-02-09,1969,5139.0,5355.0,5060.0,5275.0,1065800,OK,kabutan,5275.0,yahoo_jp,5275.0,2026-08-29T10:38:13.832434+09:00
2026-02-10,1942,6000.0,6074.0,5985.0,6022.0,1663900,OK,kabutan,6022.0,yahoo_jp,6022.0,2026-08-29T10:29:53.754773+09:00
2026-02-10,1944,7892.0,7967.0,7812.0,7901.0,729400,OK,kabutan,7901.0,yahoo_jp,7901.0,2026-08-29T10:32:39.883065+09:00
2026-02-10,1959,9180.0,9279.0,9136.0,9226.0,120000,OK,kabutan,9226.0,yahoo_jp,9226.0,2026-08-29T10:35:25.505569+09:00
2026-02-10,1969,5344.0,5490.0,5285.0,5453.0,912900,OK,kabutan,5453.0,yahoo_jp,5453.0,2026-08-29T10:38:13.832434+09:00
2026-02-12,1942,6050.0,6444.0,6045.0,6408.0,2212900,OK,kabutan,6408.0,yahoo_jp,6408.0,2026-08-29T10:29:53.754773+09:00
2026-02-12,1944,7969.0,8357.0,7945.0,8357.0,1086300,OK,kabutan,8357.0,yahoo_jp,8357.0,2026-08-29T10:32:39.883065+09:00
2026-02-12,1959,9184.0,9430.0,9180.0,9379.0,170600,OK,kabutan,9379.0,yahoo_jp,9379.0,2026-08-29T10:35:25.505569+09:00
2026-02-12,1969,5535.0,5710.0,5526.0,5683.0,1348300,OK,kabutan,5683.0,yahoo_jp,5683.0,2026-08-29T10:38:13.832434+09:00
2026-02-13,1942,6308.0,6460.0,6172.0,6342.0,1967000,OK,kabutan,6342.0,yahoo_jp,6342.0,2026-08-29T10:29:53.754773+09:00
2026-02-13,1944,8185.0,8228.0,7855.0,8033.0,915600,OK,kabutan,8033.0,yahoo_jp,8033.0,2026-08-29T10:32:39.883065+09:00
2026-02-13,1959,9247.0,9346.0,9071.0,9157.0,341200,OK,kabutan,9157.0,yahoo_jp,9157.0,2026-08-29T10:35:25.505569+09:00
2026-02-13,1969,5633.0,5749.0,5123.0,5149.0,2192600,OK,kabutan,5149.0,yahoo_jp,5149.0,2026-08-29T10:38:13.832434+09:00
2026-02-16,1942,6300.0,6326.0,6193.0,6284.0,2655000,OK,kabutan,6284.0,yahoo_jp,6284.0,2026-08-29T10:29:53.754773+09:00
2026-02-16,1944,8012.0,8029.0,7792.0,7881.0,789000,OK,kabutan,7881.0,yahoo_jp,7881.0,2026-08-29T10:32:39.883065+09:00
2026-02-16,1959,9160.0,9333.0,9114.0,9333.0,192700,OK,kabutan,9333.0,yahoo_jp,9333.0,2026-08-29T10:35:25.505569+09:00
2026-02-16,1969,5249.0,5319.0,5105.0,5305.0,723900,OK,kabutan,5305.0,yahoo_jp,5305.0,2026-08-29T10:38:13.832434+09:00
2026-02-17,1942,6402.0,6723.0,6323.0,6700.0,5117900,OK,kabutan,6700.0,yahoo_jp,6700.0,2026-08-29T10:29:53.754773+09:00
2026-02-17,1944,7939.0,8048.0,7830.0,8003.0,571000,OK,kabutan,8003.0,yahoo_jp,8003.0,2026-08-29T10:32:39.883065+09:00
2026-02-17,1959,9378.0,9599.0,9369.0,9552.0,278700,OK,kabutan,9552.0,yahoo_jp,9552.0,2026-08-29T10:35:25.505569+09:00
2026-02-17,1969,5208.0,5224.0,5013.0,5013.0,1134100,OK,kabutan,5013.0,yahoo_jp,5013.0,2026-08-29T10:38:13.832434+09:00
2026-02-18,1942,6701.0,6950.0,6660.0,6695.0,2327100,OK,kabutan,6695.0,yahoo_jp,6695.0,2026-08-29T10:29:53.754773+09:00
2026-02-18,1944,8000.0,8156.0,7949.0,8095.0,651000,OK,kabutan,8095.0,yahoo_jp,8095.0,2026-08-29T10:32:39.883065+09:00
2026-02-18,1959,9636.0,9822.0,9636.0,9725.0,276100,OK,kabutan,9725.0,yahoo_jp,9725.0,2026-08-29T10:35:25.505569+09:00
2026-02-18,1969,4975.0,5062.0,4926.0,4968.0,801900,OK,kabutan,4968.0,yahoo_jp,4968.0,2026-08-29T10:38:13.832434+09:00
2026-02-19,1942,6670.0,6744.0,6617.0,6664.0,2502100,OK,kabutan,6664.0,yahoo_jp,6664.0,2026-08-29T10:29:53.754773+09:00
2026-02-19,1944,8001.0,8083.0,7962.0,8061.0,696300,OK,kabutan,8061.0,yahoo_jp,8061.0,2026-08-29T10:32:39.883065+09:00
2026-02-19,1959,9735.0,9874.0,9671.0,9845.0,181700,OK,kabutan,9845.0,yahoo_jp,9845.0,2026-08-29T10:35:25.505569+09:00
2026-02-19,1969,4898.0,4968.0,4840.0,4876.0,1063000,OK,kabutan,4876.0,yahoo_jp,4876.0,2026-08-29T10:38:13.832434+09:00
2026-02-20,1942,6694.0,6770.0,6545.0,6688.0,1645500,OK,kabutan,6688.0,yahoo_jp,6688.0,2026-08-29T10:29:53.754773+09:00
2026-02-20,1944,8050.0,8107.0,7910.0,8084.0,735300,OK,kabutan,8084.0,yahoo_jp,8084.0,2026-08-29T10:32:39.883065+09:00
2026-02-20,1959,9890.0,9960.0,9767.0,9865.0,205300,OK,kabutan,9865.0,yahoo_jp,9865.0,2026-08-29T10:35:25.505569+09:00
2026-02-20,1969,4870.0,5020.0,4800.0,4994.0,863700,OK,kabutan,4994.0,yahoo_jp,4994.0,2026-08-29T10:38:13.832434+09:00
2026-02-24,1942,6701.0,6760.0,6512.0,6617.0,5870300,OK,kabutan,6617.0,yahoo_jp,6617.0,2026-08-29T10:29:53.754773+09:00
2026-02-24,1944,8203.0,8253.0,8000.0,8216.0,708500,OK,kabutan,8216.0,yahoo_jp,8216.0,2026-08-29T10:32:39.883065+09:00
2026-02-24,1959,9969.0,10165.0,9827.0,10130.0,293500,OK,kabutan,10130.0,yahoo_jp,10130.0,2026-08-29T10:35:25.505569+09:00
2026-02-24,1969,4984.0,5049.0,4908.0,5020.0,844000,OK,kabutan,5020.0,yahoo_jp,5020.0,2026-08-29T10:38:13.832434+09:00
2026-02-25,1942,6595.0,6631.0,6421.0,6531.0,2034900,OK,kabutan,6531.0,yahoo_jp,6531.0,2026-08-29T10:29:53.754773+09:00
2026-02-25,1944,8181.0,8285.0,7953.0,8154.0,750800,OK,kabutan,8154.0,yahoo_jp,8154.0,2026-08-29T10:32:39.883065+09:00
2026-02-25,1959,10200.0,10350.0,10130.0,10180.0,305800,OK,kabutan,10180.0,yahoo_jp,10180.0,2026-08-29T10:35:25.505569+09:00
2026-02-25,1969,5039.0,5088.0,4891.0,5003.0,854900,OK,kabutan,5003.0,yahoo_jp,5003.0,2026-08-29T10:38:13.832434+09:00
2026-02-26,1942,6597.0,6785.0,6560.0,6662.0,2117500,OK,kabutan,6662.0,yahoo_jp,6662.0,2026-08-29T10:29:53.754773+09:00
2026-02-26,1944,8200.0,8515.0,8159.0,8330.0,645200,OK,kabutan,8330.0,yahoo_jp,8330.0,2026-08-29T10:32:39.883065+09:00
2026-02-26,1959,10240.0,10375.0,10160.0,10190.0,233000,OK,kabutan,10190.0,yahoo_jp,10190.0,2026-08-29T10:35:25.505569+09:00
2026-02-26,1969,5003.0,5062.0,4961.0,4997.0,592500,OK,kabutan,4997.0,yahoo_jp,4997.0,2026-08-29T10:38:13.832434+09:00
2026-02-27,1942,6635.0,6986.0,6630.0,6986.0,2239900,OK,kabutan,6986.0,yahoo_jp,6986.0,2026-08-29T10:29:53.754773+09:00
2026-02-27,1944,8255.0,8537.0,8243.0,8488.0,644100,OK,kabutan,8488.0,yahoo_jp,8488.0,2026-08-29T10:32:39.883065+09:00
2026-02-27,1959,10305.0,10580.0,10250.0,10565.0,278000,OK,kabutan,10565.0,yahoo_jp,10565.0,2026-08-29T10:35:25.505569+09:00
2026-02-27,1969,5049.0,5250.0,5005.0,5240.0,1537700,OK,kabutan,5240.0,yahoo_jp,5240.0,2026-08-29T10:38:13.832434+09:00
2026-03-02,1942,6712.0,6971.0,6711.0,6890.0,1908500,OK,kabutan,6890.0,yahoo_jp,6890.0,2026-08-29T10:29:53.754773+09:00
2026-03-02,1944,8140.0,8415.0,8122.0,8391.0,564100,OK,kabutan,8391.0,yahoo_jp,8391.0,2026-08-29T10:32:39.883065+09:00
2026-03-02,1959,10115.0,10435.0,10020.0,10415.0,259200,OK,kabutan,10415.0,yahoo_jp,10415.0,2026-08-29T10:35:25.505569+09:00
2026-03-02,1969,5100.0,5291.0,5071.0,5269.0,786700,OK,kabutan,5269.0,yahoo_jp,5269.0,2026-08-29T10:38:13.832434+09:00
2026-03-03,1942,6840.0,6954.0,6690.0,6690.0,1716900,OK,kabutan,6690.0,yahoo_jp,6690.0,2026-08-29T10:29:53.754773+09:00
2026-03-03,1944,8440.0,8580.0,8270.0,8312.0,522100,OK,kabutan,8312.0,yahoo_jp,8312.0,2026-08-29T10:32:39.883065+09:00
2026-03-03,1959,10415.0,10495.0,10110.0,10145.0,268800,OK,kabutan,10145.0,yahoo_jp,10145.0,2026-08-29T10:35:25.505569+09:00
2026-03-03,1969,5300.0,5404.0,5088.0,5088.0,1039000,OK,kabutan,5088.0,yahoo_jp,5088.0,2026-08-29T10:38:13.832434+09:00
2026-03-04,1942,6607.0,6695.0,6328.0,6457.0,2002100,OK,kabutan,6457.0,yahoo_jp,6457.0,2026-08-29T10:29:53.754773+09:00
2026-03-04,1944,8162.0,8280.0,7980.0,8160.0,978700,OK,kabutan,8160.0,yahoo_jp,8160.0,2026-08-29T10:32:39.883065+09:00
2026-03-04,1959,10045.0,10215.0,9626.0,9842.0,464100,OK,kabutan,9842.0,yahoo_jp,9842.0,2026-08-29T10:35:25.505569+09:00
2026-03-04,1969,4935.0,5027.0,4761.0,4934.0,1116000,OK,kabutan,4934.0,yahoo_jp,4934.0,2026-08-29T10:38:13.832434+09:00
2026-03-05,1942,6578.0,6676.0,6458.0,6553.0,1093700,OK,kabutan,6553.0,yahoo_jp,6553.0,2026-08-29T10:29:53.754773+09:00
2026-03-05,1944,8365.0,8407.0,8065.0,8134.0,906400,OK,kabutan,8134.0,yahoo_jp,8134.0,2026-08-29T10:32:39.883065+09:00
2026-03-05,1959,10145.0,10240.0,9866.0,10055.0,223000,OK,kabutan,10055.0,yahoo_jp,10055.0,2026-08-29T10:35:25.505569+09:00
2026-03-05,1969,5163.0,5194.0,4980.0,5070.0,689700,OK,kabutan,5070.0,yahoo_jp,5070.0,2026-08-29T10:38:13.832434+09:00
2026-03-06,1942,6400.0,6500.0,6231.0,6391.0,1228500,OK,kabutan,6391.0,yahoo_jp,6391.0,2026-08-29T10:29:53.754773+09:00
2026-03-06,1944,7930.0,8009.0,7790.0,7909.0,607000,OK,kabutan,7909.0,yahoo_jp,7909.0,2026-08-29T10:32:39.883065+09:00
2026-03-06,1959,9865.0,9951.0,9724.0,9870.0,231700,OK,kabutan,9870.0,yahoo_jp,9870.0,2026-08-29T10:35:25.505569+09:00
2026-03-06,1969,5020.0,5061.0,4893.0,5017.0,537900,OK,kabutan,5017.0,yahoo_jp,5017.0,2026-08-29T10:38:13.832434+09:00
2026-03-09,1942,5950.0,6024.0,5761.0,5944.0,1813000,OK,kabutan,5944.0,yahoo_jp,5944.0,2026-08-29T10:29:53.754773+09:00
2026-03-09,1944,7392.0,7509.0,7194.0,7340.0,941200,OK,kabutan,7340.0,yahoo_jp,7340.0,2026-08-29T10:32:39.883065+09:00
2026-03-09,1959,9270.0,9371.0,9115.0,9298.0,318800,OK,kabutan,9298.0,yahoo_jp,9298.0,2026-08-29T10:35:25.505569+09:00
2026-03-09,1969,4666.0,4743.0,4509.0,4708.0,656700,OK,kabutan,4708.0,yahoo_jp,4708.0,2026-08-29T10:38:13.832434+09:00
2026-03-10,1942,6122.0,6216.0,6057.0,6120.0,1234600,OK,kabutan,6120.0,yahoo_jp,6120.0,2026-08-29T10:29:53.754773+09:00
2026-03-10,1944,7528.0,7676.0,7507.0,7579.0,667400,OK,kabutan,7579.0,yahoo_jp,7579.0,2026-08-29T10:32:39.883065+09:00
2026-03-10,1959,9520.0,9654.0,9441.0,9473.0,347500,OK,kabutan,9473.0,yahoo_jp,9473.0,2026-08-29T10:35:25.505569+09:00
2026-03-10,1969,4800.0,4897.0,4785.0,4817.0,742600,OK,kabutan,4817.0,yahoo_jp,4817.0,2026-08-29T10:38:13.832434+09:00
2026-03-11,1942,6284.0,6331.0,6220.0,6239.0,1208800,OK,kabutan,6239.0,yahoo_jp,6239.0,2026-08-29T10:29:53.754773+09:00
2026-03-11,1944,7641.0,7790.0,7641.0,7691.0,623100,OK,kabutan,7691.0,yahoo_jp,7691.0,2026-08-29T10:32:39.883065+09:00
2026-03-11,1959,9923.0,9923.0,9745.0,9761.0,252100,OK,kabutan,9761.0,yahoo_jp,9761.0,2026-08-29T10:35:25.505569+09:00
2026-03-11,1969,4887.0,4928.0,4831.0,4859.0,591600,OK,kabutan,4859.0,yahoo_jp,4859.0,2026-08-29T10:38:13.832434+09:00
2026-03-12,1942,6139.0,6199.0,6088.0,6125.0,800400,OK,kabutan,6125.0,yahoo_jp,6125.0,2026-08-29T10:29:53.754773+09:00
2026-03-12,1944,7541.0,7603.0,7435.0,7484.0,434800,OK,kabutan,7484.0,yahoo_jp,7484.0,2026-08-29T10:32:39.883065+09:00
2026-03-12,1959,9602.0,9653.0,9469.0,9526.0,233000,OK,kabutan,9526.0,yahoo_jp,9526.0,2026-08-29T10:35:25.505569+09:00
2026-03-12,1969,4819.0,4883.0,4710.0,4747.0,623700,OK,kabutan,4747.0,yahoo_jp,4747.0,2026-08-29T10:38:13.832434+09:00
2026-03-13,1942,5951.0,6152.0,5950.0,6112.0,1057400,OK,kabutan,6112.0,yahoo_jp,6112.0,2026-08-29T10:29:53.754773+09:00
2026-03-13,1944,7335.0,7615.0,7301.0,7526.0,687700,OK,kabutan,7526.0,yahoo_jp,7526.0,2026-08-29T10:32:39.883065+09:00
2026-03-13,1959,9273.0,9636.0,9273.0,9571.0,311700,OK,kabutan,9571.0,yahoo_jp,9571.0,2026-08-29T10:35:25.505569+09:00
2026-03-13,1969,4634.0,4770.0,4634.0,4749.0,418700,OK,kabutan,4749.0,yahoo_jp,4749.0,2026-08-29T10:38:13.832434+09:00
2026-03-16,1942,6097.0,6120.0,5976.0,6044.0,808600,OK,kabutan,6044.0,yahoo_jp,6044.0,2026-08-29T10:29:53.754773+09:00
2026-03-16,1944,7493.0,7496.0,7326.0,7387.0,665500,OK,kabutan,7387.0,yahoo_jp,7387.0,2026-08-29T10:32:39.883065+09:00
2026-03-16,1959,9463.0,9619.0,9392.0,9574.0,312700,OK,kabutan,9574.0,yahoo_jp,9574.0,2026-08-29T10:35:25.505569+09:00
2026-03-16,1969,4740.0,4758.0,4610.0,4670.0,677400,OK,kabutan,4670.0,yahoo_jp,4670.0,2026-08-29T10:38:13.832434+09:00
2026-03-17,1942,6183.0,6273.0,6144.0,6227.0,897900,OK,kabutan,6227.0,yahoo_jp,6227.0,2026-08-29T10:29:53.754773+09:00
2026-03-17,1944,7449.0,7578.0,7437.0,7498.0,570100,OK,kabutan,7498.0,yahoo_jp,7498.0,2026-08-29T10:32:39.883065+09:00
2026-03-17,1959,9686.0,9778.0,9615.0,9694.0,183200,OK,kabutan,9694.0,yahoo_jp,9694.0,2026-08-29T10:35:25.505569+09:00
2026-03-17,1969,4726.0,4779.0,4699.0,4742.0,290300,OK,kabutan,4742.0,yahoo_jp,4742.0,2026-08-29T10:38:13.832434+09:00
2026-03-18,1942,6203.0,6363.0,6160.0,6352.0,834100,OK,kabutan,6352.0,yahoo_jp,6352.0,2026-08-29T10:29:53.754773+09:00
2026-03-18,1944,7547.0,7656.0,7465.0,7635.0,589500,OK,kabutan,7635.0,yahoo_jp,7635.0,2026-08-29T10:32:39.883065+09:00
2026-03-18,1959,9721.0,9978.0,9721.0,9962.0,222900,OK,kabutan,9962.0,yahoo_jp,9962.0,2026-08-29T10:35:25.505569+09:00
2026-03-18,1969,4812.0,4913.0,4758.0,4844.0,545300,OK,kabutan,4844.0,yahoo_jp,4844.0,2026-08-29T10:38:13.832434+09:00
2026-03-19,1942,6206.0,6227.0,6011.0,6195.0,1381600,OK,kabutan,6195.0,yahoo_jp,6195.0,2026-08-29T10:29:53.754773+09:00
2026-03-19,1944,7485.0,7503.0,7300.0,7310.0,683300,OK,kabutan,7310.0,yahoo_jp,7310.0,2026-08-29T10:32:39.883065+09:00
2026-03-19,1959,9729.0,9775.0,9530.0,9624.0,265300,OK,kabutan,9624.0,yahoo_jp,9624.0,2026-08-29T10:35:25.505569+09:00
2026-03-19,1969,4680.0,4680.0,4571.0,4585.0,960100,OK,kabutan,4585.0,yahoo_jp,4585.0,2026-08-29T10:38:13.832434+09:00
2026-03-23,1942,5995.0,6017.0,5794.0,5918.0,1264800,OK,kabutan,5918.0,yahoo_jp,5918.0,2026-08-29T10:29:53.754773+09:00
2026-03-23,1944,6945.0,7030.0,6763.0,6937.0,735400,OK,kabutan,6937.0,yahoo_jp,6937.0,2026-08-29T10:32:39.883065+09:00
2026-03-23,1959,9351.0,9390.0,9092.0,9198.0,199600,OK,kabutan,9198.0,yahoo_jp,9198.0,2026-08-29T10:35:25.505569+09:00
2026-03-23,1969,4463.0,4463.0,4328.0,4405.0,623400,OK,kabutan,4405.0,yahoo_jp,4405.0,2026-08-29T10:38:13.832434+09:00
2026-03-24,1942,6098.0,6119.0,5925.0,6048.0,622700,OK,kabutan,6048.0,yahoo_jp,6048.0,2026-08-29T10:29:53.754773+09:00
2026-03-24,1944,7137.0,7212.0,7052.0,7212.0,572500,OK,kabutan,7212.0,yahoo_jp,7212.0,2026-08-29T10:32:39.883065+09:00
2026-03-24,1959,9493.0,9507.0,9265.0,9428.0,191300,OK,kabutan,9428.0,yahoo_jp,9428.0,2026-08-29T10:35:25.505569+09:00
2026-03-24,1969,4512.0,4582.0,4415.0,4582.0,554700,OK,kabutan,4582.0,yahoo_jp,4582.0,2026-08-29T10:38:13.832434+09:00
2026-03-25,1942,6298.0,6352.0,6230.0,6332.0,927900,OK,kabutan,6332.0,yahoo_jp,6332.0,2026-08-29T10:29:53.754773+09:00
2026-03-25,1944,7362.0,7465.0,7321.0,7421.0,579500,OK,kabutan,7421.0,yahoo_jp,7421.0,2026-08-29T10:32:39.883065+09:00
2026-03-25,1959,9899.0,9950.0,9842.0,9874.0,280100,OK,kabutan,9874.0,yahoo_jp,9874.0,2026-08-29T10:35:25.505569+09:00
2026-03-25,1969,4652.0,4687.0,4619.0,4687.0,426500,OK,kabutan,4687.0,yahoo_jp,4687.0,2026-08-29T10:38:13.832434+09:00
2026-03-26,1942,6375.0,6400.0,6234.0,6306.0,577100,OK,kabutan,6306.0,yahoo_jp,6306.0,2026-08-29T10:29:53.754773+09:00
2026-03-26,1944,7400.0,7467.0,7266.0,7386.0,552300,OK,kabutan,7386.0,yahoo_jp,7386.0,2026-08-29T10:32:39.883065+09:00
2026-03-26,1959,9980.0,10025.0,9747.0,9834.0,257800,OK,kabutan,9834.0,yahoo_jp,9834.0,2026-08-29T10:35:25.505569+09:00
2026-03-26,1969,4708.0,4720.0,4579.0,4628.0,484100,OK,kabutan,4628.0,yahoo_jp,4628.0,2026-08-29T10:38:13.832434+09:00
2026-03-27,1942,6206.0,6241.0,6117.0,6216.0,814700,OK,kabutan,6216.0,yahoo_jp,6216.0,2026-08-29T10:29:53.754773+09:00
2026-03-27,1944,7245.0,7320.0,7140.0,7269.0,679300,OK,kabutan,7269.0,yahoo_jp,7269.0,2026-08-29T10:32:39.883065+09:00
2026-03-27,1959,9703.0,9753.0,9543.0,9710.0,293100,OK,kabutan,9710.0,yahoo_jp,9710.0,2026-08-29T10:35:25.505569+09:00
2026-03-27,1969,4526.0,4587.0,4475.0,4582.0,706200,OK,kabutan,4582.0,yahoo_jp,4582.0,2026-08-29T10:38:13.832434+09:00
2026-03-30,1942,5910.0,6010.0,5838.0,5995.0,1011100,OK,kabutan,5995.0,yahoo_jp,5995.0,2026-08-29T10:29:53.754773+09:00
2026-03-30,1944,6804.0,7160.0,6803.0,7116.0,527500,OK,kabutan,7116.0,yahoo_jp,7116.0,2026-08-29T10:32:39.883065+09:00
2026-03-30,1959,9251.0,9416.0,9161.0,9401.0,206600,OK,kabutan,9401.0,yahoo_jp,9401.0,2026-08-29T10:35:25.505569+09:00
2026-03-30,1969,4316.0,4393.0,4265.0,4393.0,542400,OK,kabutan,4393.0,yahoo_jp,4393.0,2026-08-29T10:38:13.832434+09:00
2026-03-31,1942,5795.0,5985.0,5680.0,5862.0,1683800,OK,kabutan,5862.0,yahoo_jp,5862.0,2026-08-29T10:29:53.754773+09:00
2026-03-31,1944,6866.0,7119.0,6834.0,6972.0,531400,OK,kabutan,6972.0,yahoo_jp,6972.0,2026-08-29T10:32:39.883065+09:00
2026-03-31,1959,9228.0,9494.0,9177.0,9347.0,238600,OK,kabutan,9347.0,yahoo_jp,9347.0,2026-08-29T10:35:25.505569+09:00
2026-03-31,1969,4280.0,4360.0,4209.0,4291.0,626400,OK,kabutan,4291.0,yahoo_jp,4291.0,2026-08-29T10:38:13.832434+09:00
2026-04-01,1942,6098.0,6200.0,6031.0,6200.0,918500,OK,kabutan,6200.0,yahoo_jp,6200.0,2026-08-29T10:29:53.754773+09:00
2026-04-01,1944,7307.0,7342.0,7178.0,7312.0,371000,OK,kabutan,7312.0,yahoo_jp,7312.0,2026-08-29T10:32:39.883065+09:00
2026-04-01,1959,9497.0,9716.0,9470.0,9716.0,203700,OK,kabutan,9716.0,yahoo_jp,9716.0,2026-08-29T10:35:25.505569+09:00
2026-04-01,1969,4501.0,4505.0,4399.0,4487.0,501800,OK,kabutan,4487.0,yahoo_jp,4487.0,2026-08-29T10:38:13.832434+09:00
2026-04-02,1942,6280.0,6306.0,6002.0,6022.0,717700,OK,kabutan,6022.0,yahoo_jp,6022.0,2026-08-29T10:29:53.754773+09:00
2026-04-02,1944,7400.0,7461.0,7144.0,7144.0,371300,OK,kabutan,7144.0,yahoo_jp,7144.0,2026-08-29T10:32:39.883065+09:00
2026-04-02,1959,9721.0,9886.0,9515.0,9535.0,162500,OK,kabutan,9535.0,yahoo_jp,9535.0,2026-08-29T10:35:25.505569+09:00
2026-04-02,1969,4557.0,4621.0,4378.0,4389.0,497300,OK,kabutan,4389.0,yahoo_jp,4389.0,2026-08-29T10:38:13.832434+09:00
2026-04-03,1942,6122.0,6139.0,6041.0,6113.0,361200,OK,kabutan,6113.0,yahoo_jp,6113.0,2026-08-29T10:29:53.754773+09:00
2026-04-03,1944,7252.0,7297.0,7169.0,7191.0,288000,OK,kabutan,7191.0,yahoo_jp,7191.0,2026-08-29T10:32:39.883065+09:00
2026-04-03,1959,9541.0,9609.0,9381.0,9535.0,207900,OK,kabutan,9535.0,yahoo_jp,9535.0,2026-08-29T10:35:25.505569+09:00
2026-04-03,1969,4442.0,4462.0,4380.0,4443.0,431200,OK,kabutan,4443.0,yahoo_jp,4443.0,2026-08-29T10:38:13.832434+09:00
2026-04-06,1942,6110.0,6162.0,6063.0,6063.0,474500,OK,kabutan,6063.0,yahoo_jp,6063.0,2026-08-29T10:29:53.754773+09:00
2026-04-06,1944,7172.0,7219.0,7118.0,7118.0,246100,OK,kabutan,7118.0,yahoo_jp,7118.0,2026-08-29T10:32:39.883065+09:00
2026-04-06,1959,9479.0,9545.0,9448.0,9484.0,143300,OK,kabutan,9484.0,yahoo_jp,9484.0,2026-08-29T10:35:25.505569+09:00
2026-04-06,1969,4456.0,4460.0,4395.0,4395.0,269000,OK,kabutan,4395.0,yahoo_jp,4395.0,2026-08-29T10:38:13.832434+09:00
2026-04-07,1942,6080.0,6119.0,6010.0,6075.0,439900,OK,kabutan,6075.0,yahoo_jp,6075.0,2026-08-29T10:29:53.754773+09:00
2026-04-07,1944,7082.0,7170.0,7036.0,7123.0,326700,OK,kabutan,7123.0,yahoo_jp,7123.0,2026-08-29T10:32:39.883065+09:00
2026-04-07,1959,9408.0,9493.0,9346.0,9391.0,183000,OK,kabutan,9391.0,yahoo_jp,9391.0,2026-08-29T10:35:25.505569+09:00
2026-04-07,1969,4432.0,4488.0,4423.0,4458.0,310000,OK,kabutan,4458.0,yahoo_jp,4458.0,2026-08-29T10:38:13.832434+09:00
2026-04-08,1942,6350.0,6361.0,6231.0,6300.0,784700,OK,kabutan,6300.0,yahoo_jp,6300.0,2026-08-29T10:29:53.754773+09:00
2026-04-08,1944,7418.0,7426.0,7266.0,7396.0,528800,OK,kabutan,7396.0,yahoo_jp,7396.0,2026-08-29T10:32:39.883065+09:00
2026-04-08,1959,9691.0,9738.0,9544.0,9636.0,366900,OK,kabutan,9636.0,yahoo_jp,9636.0,2026-08-29T10:35:25.505569+09:00
2026-04-08,1969,4662.0,4694.0,4609.0,4651.0,563300,OK,kabutan,4651.0,yahoo_jp,4651.0,2026-08-29T10:38:13.832434+09:00
2026-04-09,1942,6366.0,6408.0,6268.0,6385.0,921400,OK,kabutan,6385.0,yahoo_jp,6385.0,2026-08-29T10:29:53.754773+09:00
2026-04-09,1944,7458.0,7520.0,7370.0,7448.0,363400,OK,kabutan,7448.0,yahoo_jp,7448.0,2026-08-29T10:32:39.883065+09:00
2026-04-09,1959,9679.0,9813.0,9644.0,9712.0,157800,OK,kabutan,9712.0,yahoo_jp,9712.0,2026-08-29T10:35:25.505569+09:00
2026-04-09,1969,4666.0,4714.0,4610.0,4639.0,421900,OK,kabutan,4639.0,yahoo_jp,4639.0,2026-08-29T10:38:13.832434+09:00
2026-04-10,1942,6399.0,6453.0,6288.0,6333.0,655500,OK,kabutan,6333.0,yahoo_jp,6333.0,2026-08-29T10:29:53.754773+09:00
2026-04-10,1944,7431.0,7500.0,7372.0,7426.0,349900,OK,kabutan,7426.0,yahoo_jp,7426.0,2026-08-29T10:32:39.883065+09:00
2026-04-10,1959,9692.0,9781.0,9617.0,9624.0,113600,OK,kabutan,9624.0,yahoo_jp,9624.0,2026-08-29T10:35:25.505569+09:00
2026-04-10,1969,4610.0,4639.0,4537.0,4540.0,381500,OK,kabutan,4540.0,yahoo_jp,4540.0,2026-08-29T10:38:13.832434+09:00
2026-04-13,1942,6265.0,6368.0,6205.0,6243.0,502000,OK,kabutan,6243.0,yahoo_jp,6243.0,2026-08-29T10:29:53.754773+09:00
2026-04-13,1944,7305.0,7449.0,7222.0,7303.0,354200,OK,kabutan,7303.0,yahoo_jp,7303.0,2026-08-29T10:32:39.883065+09:00
2026-04-13,1959,9548.0,9668.0,9366.0,9393.0,140000,OK,kabutan,9393.0,yahoo_jp,9393.0,2026-08-29T10:35:25.505569+09:00
2026-04-13,1969,4499.0,4561.0,4427.0,4489.0,412500,OK,kabutan,4489.0,yahoo_jp,4489.0,2026-08-29T10:38:13.832434+09:00
2026-04-14,1942,6280.0,6379.0,6266.0,6326.0,591700,OK,kabutan,6326.0,yahoo_jp,6326.0,2026-08-29T10:29:53.754773+09:00
2026-04-14,1944,7428.0,7498.0,7323.0,7325.0,418400,OK,kabutan,7325.0,yahoo_jp,7325.0,2026-08-29T10:32:39.883065+09:00
2026-04-14,1959,9507.0,9605.0,9440.0,9477.0,130500,OK,kabutan,9477.0,yahoo_jp,9477.0,2026-08-29T10:35:25.505569+09:00
2026-04-14,1969,4537.0,4537.0,4488.0,4530.0,336000,OK,kabutan,4530.0,yahoo_jp,4530.0,2026-08-29T10:38:13.832434+09:00
2026-04-15,1942,6375.0,6427.0,6110.0,6110.0,849500,OK,kabutan,6110.0,yahoo_jp,6110.0,2026-08-29T10:29:53.754773+09:00
2026-04-15,1944,7340.0,7369.0,6902.0,6903.0,1116300,OK,kabutan,6903.0,yahoo_jp,6903.0,2026-08-29T10:32:39.883065+09:00
2026-04-15,1959,9551.0,9609.0,9300.0,9300.0,156600,OK,kabutan,9300.0,yahoo_jp,9300.0,2026-08-29T10:35:25.505569+09:00
2026-04-15,1969,4530.0,4571.0,4461.0,4485.0,446900,OK,kabutan,4485.0,yahoo_jp,4485.0,2026-08-29T10:38:13.832434+09:00
2026-04-16,1942,6091.0,6202.0,6052.0,6188.0,918500,OK,kabutan,6188.0,yahoo_jp,6188.0,2026-08-29T10:29:53.754773+09:00
2026-04-16,1944,6980.0,7148.0,6905.0,7113.0,755800,OK,kabutan,7113.0,yahoo_jp,7113.0,2026-08-29T10:32:39.883065+09:00
2026-04-16,1959,9302.0,9397.0,9212.0,9312.0,141400,OK,kabutan,9312.0,yahoo_jp,9312.0,2026-08-29T10:35:25.505569+09:00
2026-04-16,1969,4532.0,4559.0,4488.0,4507.0,317500,OK,kabutan,4507.0,yahoo_jp,4507.0,2026-08-29T10:38:13.832434+09:00
2026-04-17,1942,6154.0,6195.0,6118.0,6141.0,499600,OK,kabutan,6141.0,yahoo_jp,6141.0,2026-08-29T10:29:53.754773+09:00
2026-04-17,1944,7040.0,7150.0,7009.0,7056.0,660000,OK,kabutan,7056.0,yahoo_jp,7056.0,2026-08-29T10:32:39.883065+09:00
2026-04-17,1959,9202.0,9394.0,9202.0,9333.0,210100,OK,kabutan,9333.0,yahoo_jp,9333.0,2026-08-29T10:35:25.505569+09:00
2026-04-17,1969,4484.0,4522.0,4427.0,4508.0,486500,OK,kabutan,4508.0,yahoo_jp,4508.0,2026-08-29T10:38:13.832434+09:00
2026-04-20,1942,6190.0,6217.0,6111.0,6139.0,372400,OK,kabutan,6139.0,yahoo_jp,6139.0,2026-08-29T10:29:53.754773+09:00
2026-04-20,1944,7151.0,7196.0,7004.0,7099.0,300300,OK,kabutan,7099.0,yahoo_jp,7099.0,2026-08-29T10:32:39.883065+09:00
2026-04-20,1959,9351.0,9373.0,9272.0,9312.0,118500,OK,kabutan,9312.0,yahoo_jp,9312.0,2026-08-29T10:35:25.505569+09:00
2026-04-20,1969,4535.0,4560.0,4464.0,4481.0,367600,OK,kabutan,4481.0,yahoo_jp,4481.0,2026-08-29T10:38:13.832434+09:00
2026-04-21,1942,6167.0,6198.0,6120.0,6145.0,709200,OK,kabutan,6145.0,yahoo_jp,6145.0,2026-08-29T10:29:53.754773+09:00
2026-04-21,1944,7099.0,7124.0,6998.0,7014.0,471300,OK,kabutan,7014.0,yahoo_jp,7014.0,2026-08-29T10:32:39.883065+09:00
2026-04-21,1959,9364.0,9469.0,9314.0,9352.0,132100,OK,kabutan,9352.0,yahoo_jp,9352.0,2026-08-29T10:35:25.505569+09:00
2026-04-21,1969,4551.0,4594.0,4480.0,4503.0,523400,OK,kabutan,4503.0,yahoo_jp,4503.0,2026-08-29T10:38:13.832434+09:00
2026-04-22,1942,6122.0,6140.0,6007.0,6052.0,808400,OK,kabutan,6052.0,yahoo_jp,6052.0,2026-08-29T10:29:53.754773+09:00
2026-04-22,1944,7016.0,7042.0,6911.0,7001.0,479700,OK,kabutan,7001.0,yahoo_jp,7001.0,2026-08-29T10:32:39.883065+09:00
2026-04-22,1959,9314.0,9325.0,9195.0,9226.0,121100,OK,kabutan,9226.0,yahoo_jp,9226.0,2026-08-29T10:35:25.505569+09:00
2026-04-22,1969,4460.0,4467.0,4370.0,4390.0,404800,OK,kabutan,4390.0,yahoo_jp,4390.0,2026-08-29T10:38:13.832434+09:00
2026-04-23,1942,6002.0,6092.0,5908.0,6077.0,1031900,OK,kabutan,6077.0,yahoo_jp,6077.0,2026-08-29T10:29:53.754773+09:00
2026-04-23,1944,7019.0,7189.0,6986.0,7135.0,722400,OK,kabutan,7135.0,yahoo_jp,7135.0,2026-08-29T10:32:39.883065+09:00
2026-04-23,1959,9132.0,9496.0,9111.0,9429.0,250200,OK,kabutan,9429.0,yahoo_jp,9429.0,2026-08-29T10:35:25.505569+09:00
2026-04-23,1969,4320.0,4330.0,4225.0,4270.0,911000,OK,kabutan,4270.0,yahoo_jp,4270.0,2026-08-29T10:38:13.832434+09:00
2026-04-24,1942,6096.0,6109.0,5989.0,6073.0,738400,OK,kabutan,6073.0,yahoo_jp,6073.0,2026-08-29T10:29:53.754773+09:00
2026-04-24,1944,7141.0,7241.0,7116.0,7213.0,548900,OK,kabutan,7213.0,yahoo_jp,7213.0,2026-08-29T10:32:39.883065+09:00
2026-04-24,1959,9430.0,9570.0,9339.0,9506.0,207400,OK,kabutan,9506.0,yahoo_jp,9506.0,2026-08-29T10:35:25.505569+09:00
2026-04-24,1969,4319.0,4378.0,4250.0,4374.0,381400,OK,kabutan,4374.0,yahoo_jp,4374.0,2026-08-29T10:38:13.832434+09:00
2026-04-27,1942,6004.0,6110.0,5892.0,5982.0,1078500,OK,kabutan,5982.0,yahoo_jp,5982.0,2026-08-29T10:29:53.754773+09:00
2026-04-27,1944,7063.0,7094.0,6830.0,6932.0,1689400,OK,kabutan,6932.0,yahoo_jp,6932.0,2026-08-29T10:32:39.883065+09:00
2026-04-27,1959,9436.0,9452.0,9169.0,9169.0,288000,OK,kabutan,9169.0,yahoo_jp,9169.0,2026-08-29T10:35:25.505569+09:00
2026-04-27,1969,4337.0,4425.0,4283.0,4358.0,353200,OK,kabutan,4358.0,yahoo_jp,4358.0,2026-08-29T10:38:13.832434+09:00
2026-04-28,1942,6412.0,6797.0,6022.0,6797.0,9927100,OK,kabutan,6797.0,yahoo_jp,6797.0,2026-08-29T10:29:53.754773+09:00
2026-04-28,1944,7932.0,7932.0,7932.0,7932.0,279100,OK,kabutan,7932.0,yahoo_jp,7932.0,2026-08-29T10:32:39.883065+09:00
2026-04-28,1959,9350.0,9999.0,9342.0,9724.0,1144100,OK,kabutan,9724.0,yahoo_jp,9724.0,2026-08-29T10:35:25.505569+09:00
2026-04-28,1969,4398.0,4736.0,4387.0,4707.0,1234200,OK,kabutan,4707.0,yahoo_jp,4707.0,2026-08-29T10:38:13.832434+09:00
2026-04-30,1942,6697.0,6838.0,6522.0,6838.0,2659900,OK,kabutan,6838.0,yahoo_jp,6838.0,2026-08-29T10:29:53.754773+09:00
2026-04-30,1944,7949.0,8382.0,7824.0,8382.0,3084200,OK,kabutan,8382.0,yahoo_jp,8382.0,2026-08-29T10:32:39.883065+09:00
2026-04-30,1959,9720.0,9841.0,9455.0,9674.0,623400,OK,kabutan,9674.0,yahoo_jp,9674.0,2026-08-29T10:35:25.505569+09:00
2026-04-30,1969,4590.0,4604.0,4457.0,4506.0,687100,OK,kabutan,4506.0,yahoo_jp,4506.0,2026-08-29T10:38:13.832434+09:00
2026-05-01,1942,6900.0,7029.0,6729.0,6734.0,1585800,OK,kabutan,6734.0,yahoo_jp,6734.0,2026-08-29T10:29:53.754773+09:00
2026-05-01,1944,8290.0,8324.0,8082.0,8140.0,1274000,OK,kabutan,8140.0,yahoo_jp,8140.0,2026-08-29T10:32:39.883065+09:00
2026-05-01,1959,9700.0,9782.0,9228.0,9230.0,381500,OK,kabutan,9230.0,yahoo_jp,9230.0,2026-08-29T10:35:25.505569+09:00
2026-05-01,1969,4560.0,4560.0,4414.0,4425.0,372400,OK,kabutan,4425.0,yahoo_jp,4425.0,2026-08-29T10:38:13.832434+09:00
2026-05-07,1942,6834.0,7025.0,6818.0,7025.0,1967000,OK,kabutan,7025.0,yahoo_jp,7025.0,2026-08-29T10:29:53.754773+09:00
2026-05-07,1944,8263.0,8525.0,8218.0,8525.0,1596700,OK,kabutan,8525.0,yahoo_jp,8525.0,2026-08-29T10:32:39.883065+09:00
2026-05-07,1959,9649.0,9682.0,9491.0,9566.0,423300,OK,kabutan,9566.0,yahoo_jp,9566.0,2026-08-29T10:35:25.505569+09:00
2026-05-07,1969,4635.0,4753.0,4582.0,4693.0,893800,OK,kabutan,4693.0,yahoo_jp,4693.0,2026-08-29T10:38:13.832434+09:00
2026-05-08,1942,6912.0,7054.0,6841.0,7046.0,1397700,OK,kabutan,7046.0,yahoo_jp,7046.0,2026-08-29T10:29:53.754773+09:00
2026-05-08,1944,8306.0,8422.0,8173.0,8310.0,880100,OK,kabutan,8310.0,yahoo_jp,8310.0,2026-08-29T10:32:39.883065+09:00
2026-05-08,1959,9592.0,9726.0,9486.0,9535.0,278800,OK,kabutan,9535.0,yahoo_jp,9535.0,2026-08-29T10:35:25.505569+09:00
2026-05-08,1969,4676.0,4735.0,4615.0,4634.0,718500,OK,kabutan,4634.0,yahoo_jp,4634.0,2026-08-29T10:38:13.832434+09:00
2026-05-11,1942,7050.0,7198.0,7014.0,7165.0,1230500,OK,kabutan,7165.0,yahoo_jp,7165.0,2026-08-29T10:29:53.754773+09:00
2026-05-11,1944,8250.0,8386.0,8180.0,8226.0,702000,OK,kabutan,8226.0,yahoo_jp,8226.0,2026-08-29T10:32:39.883065+09:00
2026-05-11,1959,9551.0,9903.0,9551.0,9903.0,226000,OK,kabutan,9903.0,yahoo_jp,9903.0,2026-08-29T10:35:25.505569+09:00
2026-05-11,1969,4695.0,4750.0,4613.0,4674.0,1042200,OK,kabutan,4674.0,yahoo_jp,4674.0,2026-08-29T10:38:13.832434+09:00
2026-05-12,1942,7270.0,7460.0,7209.0,7346.0,1450100,OK,kabutan,7346.0,yahoo_jp,7346.0,2026-08-29T10:29:53.754773+09:00
2026-05-12,1944,8300.0,8422.0,8133.0,8133.0,705800,OK,kabutan,8133.0,yahoo_jp,8133.0,2026-08-29T10:32:39.883065+09:00
2026-05-12,1959,10015.0,10125.0,9829.0,9867.0,196600,OK,kabutan,9867.0,yahoo_jp,9867.0,2026-08-29T10:35:25.505569+09:00
2026-05-12,1969,4780.0,5018.0,4505.0,4640.0,2679500,OK,kabutan,4640.0,yahoo_jp,4640.0,2026-08-29T10:38:13.832434+09:00
2026-05-13,1942,7280.0,7372.0,7190.0,7267.0,898200,OK,kabutan,7267.0,yahoo_jp,7267.0,2026-08-29T10:29:53.754773+09:00
2026-05-13,1944,8028.0,8207.0,7973.0,7995.0,818700,OK,kabutan,7995.0,yahoo_jp,7995.0,2026-08-29T10:32:39.883065+09:00
2026-05-13,1959,9854.0,9934.0,9693.0,9838.0,130700,OK,kabutan,9838.0,yahoo_jp,9838.0,2026-08-29T10:35:25.505569+09:00
2026-05-13,1969,4630.0,4931.0,4613.0,4862.0,1128200,OK,kabutan,4862.0,yahoo_jp,4862.0,2026-08-29T10:38:13.832434+09:00
2026-05-14,1942,7250.0,7250.0,6912.0,6929.0,1185500,OK,kabutan,6929.0,yahoo_jp,6929.0,2026-08-29T10:29:53.754773+09:00
2026-05-14,1944,7988.0,8005.0,7695.0,7722.0,664500,OK,kabutan,7722.0,yahoo_jp,7722.0,2026-08-29T10:32:39.883065+09:00
2026-05-14,1959,9742.0,9742.0,9470.0,9495.0,227900,OK,kabutan,9495.0,yahoo_jp,9495.0,2026-08-29T10:35:25.505569+09:00
2026-05-14,1969,4888.0,4899.0,4505.0,4505.0,1221900,OK,kabutan,4505.0,yahoo_jp,4505.0,2026-08-29T10:38:13.832434+09:00
2026-05-15,1942,6968.0,7047.0,6741.0,6845.0,999100,OK,kabutan,6845.0,yahoo_jp,6845.0,2026-08-29T10:29:53.754773+09:00
2026-05-15,1944,7774.0,7815.0,7354.0,7458.0,761700,OK,kabutan,7458.0,yahoo_jp,7458.0,2026-08-29T10:32:39.883065+09:00
2026-05-15,1959,9563.0,9610.0,9244.0,9336.0,201400,OK,kabutan,9336.0,yahoo_jp,9336.0,2026-08-29T10:35:25.505569+09:00
2026-05-15,1969,4567.0,4629.0,4481.0,4520.0,676700,OK,kabutan,4520.0,yahoo_jp,4520.0,2026-08-29T10:38:13.832434+09:00
2026-05-18,1942,6800.0,6823.0,6441.0,6470.0,1318600,OK,kabutan,6470.0,yahoo_jp,6470.0,2026-08-29T10:29:53.754773+09:00
2026-05-18,1944,7423.0,7440.0,6905.0,6916.0,910100,OK,kabutan,6916.0,yahoo_jp,6916.0,2026-08-29T10:32:39.883065+09:00
2026-05-18,1959,9392.0,9392.0,8950.0,8950.0,252600,OK,kabutan,8950.0,yahoo_jp,8950.0,2026-08-29T10:35:25.505569+09:00
2026-05-18,1969,4450.0,4457.0,4232.0,4261.0,825100,OK,kabutan,4261.0,yahoo_jp,4261.0,2026-08-29T10:38:13.832434+09:00
2026-05-19,1942,6500.0,6587.0,6330.0,6422.0,1076500,OK,kabutan,6422.0,yahoo_jp,6422.0,2026-08-29T10:29:53.754773+09:00
2026-05-19,1944,6900.0,7050.0,6790.0,7050.0,806000,OK,kabutan,7050.0,yahoo_jp,7050.0,2026-08-29T10:32:39.883065+09:00
2026-05-19,1959,8960.0,9125.0,8874.0,8971.0,246500,OK,kabutan,8971.0,yahoo_jp,8971.0,2026-08-29T10:35:25.505569+09:00
2026-05-19,1969,4250.0,4414.0,4243.0,4316.0,659700,OK,kabutan,4316.0,yahoo_jp,4316.0,2026-08-29T10:38:13.832434+09:00
2026-05-20,1942,6322.0,6355.0,6028.0,6088.0,1166500,OK,kabutan,6088.0,yahoo_jp,6088.0,2026-08-29T10:29:53.754773+09:00
2026-05-20,1944,7009.0,7050.0,6650.0,6728.0,1007200,OK,kabutan,6728.0,yahoo_jp,6728.0,2026-08-29T10:32:39.883065+09:00
2026-05-20,1959,8938.0,9045.0,8614.0,8720.0,375700,OK,kabutan,8720.0,yahoo_jp,8720.0,2026-08-29T10:35:25.505569+09:00
2026-05-20,1969,4310.0,4344.0,4169.0,4184.0,680900,OK,kabutan,4184.0,yahoo_jp,4184.0,2026-08-29T10:38:13.832434+09:00
2026-05-21,1942,6250.0,6252.0,6037.0,6089.0,1103700,OK,kabutan,6089.0,yahoo_jp,6089.0,2026-08-29T10:29:53.754773+09:00
2026-05-21,1944,6928.0,6948.0,6793.0,6819.0,638800,OK,kabutan,6819.0,yahoo_jp,6819.0,2026-08-29T10:32:39.883065+09:00
2026-05-21,1959,8800.0,8899.0,8748.0,8765.0,215700,OK,kabutan,8765.0,yahoo_jp,8765.0,2026-08-29T10:35:25.505569+09:00
2026-05-21,1969,4234.0,4276.0,4146.0,4173.0,606000,OK,kabutan,4173.0,yahoo_jp,4173.0,2026-08-29T10:38:13.832434+09:00
2026-05-22,1942,6105.0,6129.0,5913.0,5966.0,1276300,OK,kabutan,5966.0,yahoo_jp,5966.0,2026-08-29T10:29:53.754773+09:00
2026-05-22,1944,6919.0,6930.0,6720.0,6798.0,704100,OK,kabutan,6798.0,yahoo_jp,6798.0,2026-08-29T10:32:39.883065+09:00
2026-05-22,1959,8817.0,8972.0,8790.0,8900.0,243100,OK,kabutan,8900.0,yahoo_jp,8900.0,2026-08-29T10:35:25.505569+09:00
2026-05-22,1969,4157.0,4200.0,4090.0,4163.0,549300,OK,kabutan,4163.0,yahoo_jp,4163.0,2026-08-29T10:38:13.832434+09:00
2026-05-25,1942,6060.0,6442.0,6008.0,6442.0,1278200,OK,kabutan,6442.0,yahoo_jp,6442.0,2026-08-29T10:29:53.754773+09:00
2026-05-25,1944,6871.0,7244.0,6850.0,7197.0,780200,OK,kabutan,7197.0,yahoo_jp,7197.0,2026-08-29T10:32:39.883065+09:00
2026-05-25,1959,8960.0,9156.0,8957.0,9082.0,184400,OK,kabutan,9082.0,yahoo_jp,9082.0,2026-08-29T10:35:25.505569+09:00
2026-05-25,1969,4189.0,4325.0,4175.0,4265.0,637800,OK,kabutan,4265.0,yahoo_jp,4265.0,2026-08-29T10:38:13.832434+09:00
2026-05-26,1942,6500.0,6768.0,6442.0,6603.0,1211200,OK,kabutan,6603.0,yahoo_jp,6603.0,2026-08-29T10:29:53.754773+09:00
2026-05-26,1944,7206.0,7384.0,7088.0,7256.0,594500,OK,kabutan,7256.0,yahoo_jp,7256.0,2026-08-29T10:32:39.883065+09:00
2026-05-26,1959,9180.0,9346.0,9083.0,9205.0,190800,OK,kabutan,9205.0,yahoo_jp,9205.0,2026-08-29T10:35:25.505569+09:00
2026-05-26,1969,4318.0,4500.0,4287.0,4484.0,676600,OK,kabutan,4484.0,yahoo_jp,4484.0,2026-08-29T10:38:13.832434+09:00
2026-05-27,1942,6682.0,6710.0,6433.0,6475.0,783000,OK,kabutan,6475.0,yahoo_jp,6475.0,2026-08-29T10:29:53.754773+09:00
2026-05-27,1944,7300.0,7342.0,7050.0,7050.0,528200,OK,kabutan,7050.0,yahoo_jp,7050.0,2026-08-29T10:32:39.883065+09:00
2026-05-27,1959,9205.0,9236.0,9082.0,9159.0,165000,OK,kabutan,9159.0,yahoo_jp,9159.0,2026-08-29T10:35:25.505569+09:00
2026-05-27,1969,4660.0,4776.0,4555.0,4570.0,1268000,OK,kabutan,4570.0,yahoo_jp,4570.0,2026-08-29T10:38:13.832434+09:00
2026-05-28,1942,6492.0,6626.0,6459.0,6568.0,782800,OK,kabutan,6568.0,yahoo_jp,6568.0,2026-08-29T10:29:53.754773+09:00
2026-05-28,1944,7052.0,7305.0,7027.0,7235.0,837100,OK,kabutan,7235.0,yahoo_jp,7235.0,2026-08-29T10:32:39.883065+09:00
2026-05-28,1959,9296.0,9377.0,9155.0,9265.0,207800,OK,kabutan,9265.0,yahoo_jp,9265.0,2026-08-29T10:35:25.505569+09:00
2026-05-28,1969,4800.0,4970.0,4658.0,4704.0,1724300,OK,kabutan,4704.0,yahoo_jp,4704.0,2026-08-29T10:38:13.832434+09:00
2026-05-29,1942,6579.0,6648.0,6488.0,6538.0,1430500,OK,kabutan,6538.0,yahoo_jp,6538.0,2026-08-29T10:29:53.754773+09:00
2026-05-29,1944,7230.0,7261.0,7090.0,7179.0,1122700,OK,kabutan,7179.0,yahoo_jp,7179.0,2026-08-29T10:32:39.883065+09:00
2026-05-29,1959,9268.0,9387.0,9183.0,9323.0,233000,OK,kabutan,9323.0,yahoo_jp,9323.0,2026-08-29T10:35:25.505569+09:00
2026-05-29,1969,4741.0,4778.0,4616.0,4729.0,951700,OK,kabutan,4729.0,yahoo_jp,4729.0,2026-08-29T10:38:13.832434+09:00
2026-06-01,1942,6594.0,6609.0,6077.0,6087.0,1217500,OK,kabutan,6087.0,yahoo_jp,6087.0,2026-08-29T10:29:53.754773+09:00
2026-06-01,1944,7180.0,7211.0,6823.0,6823.0,640800,OK,kabutan,6823.0,yahoo_jp,6823.0,2026-08-29T10:32:39.883065+09:00
2026-06-01,1959,9320.0,9330.0,8900.0,8963.0,420300,OK,kabutan,8963.0,yahoo_jp,8963.0,2026-08-29T10:35:25.505569+09:00
2026-06-01,1969,4671.0,4700.0,4440.0,4440.0,779000,OK,kabutan,4440.0,yahoo_jp,4440.0,2026-08-29T10:38:13.832434+09:00
2026-06-02,1942,6007.0,6127.0,5932.0,6067.0,958800,OK,kabutan,6067.0,yahoo_jp,6067.0,2026-08-29T10:29:53.754773+09:00
2026-06-02,1944,6723.0,6817.0,6571.0,6777.0,709800,OK,kabutan,6777.0,yahoo_jp,6777.0,2026-08-29T10:32:39.883065+09:00
2026-06-02,1959,8963.0,8963.0,8680.0,8765.0,356100,OK,kabutan,8765.0,yahoo_jp,8765.0,2026-08-29T10:35:25.505569+09:00
2026-06-02,1969,4430.0,4541.0,4329.0,4526.0,955700,OK,kabutan,4526.0,yahoo_jp,4526.0,2026-08-29T10:38:13.832434+09:00
2026-06-03,1942,6000.0,6032.0,5762.0,5802.0,2413900,OK,kabutan,5802.0,yahoo_jp,5802.0,2026-08-29T10:29:53.754773+09:00
2026-06-03,1944,6770.0,6804.0,6533.0,6533.0,1067000,OK,kabutan,6533.0,yahoo_jp,6533.0,2026-08-29T10:32:39.883065+09:00
2026-06-03,1959,8842.0,8842.0,8553.0,8680.0,184000,OK,kabutan,8680.0,yahoo_jp,8680.0,2026-08-29T10:35:25.505569+09:00
2026-06-03,1969,4572.0,4605.0,4461.0,4572.0,737300,OK,kabutan,4572.0,yahoo_jp,4572.0,2026-08-29T10:38:13.832434+09:00
2026-06-04,1942,5820.0,5909.0,5777.0,5786.0,1104600,OK,kabutan,5786.0,yahoo_jp,5786.0,2026-08-29T10:29:53.754773+09:00
2026-06-04,1944,6503.0,6608.0,6451.0,6563.0,771200,OK,kabutan,6563.0,yahoo_jp,6563.0,2026-08-29T10:32:39.883065+09:00
2026-06-04,1959,8670.0,8723.0,8566.0,8628.0,157700,OK,kabutan,8628.0,yahoo_jp,8628.0,2026-08-29T10:35:25.505569+09:00
2026-06-04,1969,4570.0,4629.0,4512.0,4545.0,560200,OK,kabutan,4545.0,yahoo_jp,4545.0,2026-08-29T10:38:13.832434+09:00
2026-06-05,1942,5823.0,5914.0,5794.0,5854.0,747600,OK,kabutan,5854.0,yahoo_jp,5854.0,2026-08-29T10:29:53.754773+09:00
2026-06-05,1944,6500.0,6672.0,6471.0,6621.0,860000,OK,kabutan,6621.0,yahoo_jp,6621.0,2026-08-29T10:32:39.883065+09:00
2026-06-05,1959,8727.0,8787.0,8680.0,8730.0,152700,OK,kabutan,8730.0,yahoo_jp,8730.0,2026-08-29T10:35:25.505569+09:00
2026-06-05,1969,4558.0,4810.0,4541.0,4717.0,938900,OK,kabutan,4717.0,yahoo_jp,4717.0,2026-08-29T10:38:13.832434+09:00
2026-06-08,1942,5814.0,5865.0,5700.0,5745.0,889300,OK,kabutan,5745.0,yahoo_jp,5745.0,2026-08-29T10:29:53.754773+09:00
2026-06-08,1944,6521.0,6816.0,6495.0,6762.0,994600,OK,kabutan,6762.0,yahoo_jp,6762.0,2026-08-29T10:32:39.883065+09:00
2026-06-08,1959,8580.0,8620.0,8447.0,8531.0,267500,OK,kabutan,8531.0,yahoo_jp,8531.0,2026-08-29T10:35:25.505569+09:00
2026-06-08,1969,4700.0,4700.0,4473.0,4632.0,692700,OK,kabutan,4632.0,yahoo_jp,4632.0,2026-08-29T10:38:13.832434+09:00
2026-06-09,1942,5765.0,6015.0,5765.0,5997.0,1331800,OK,kabutan,5997.0,yahoo_jp,5997.0,2026-08-29T10:29:53.754773+09:00
2026-06-09,1944,6833.0,7090.0,6826.0,7034.0,1006600,OK,kabutan,7034.0,yahoo_jp,7034.0,2026-08-29T10:32:39.883065+09:00
2026-06-09,1959,8610.0,8776.0,8584.0,8651.0,216400,OK,kabutan,8651.0,yahoo_jp,8651.0,2026-08-29T10:35:25.505569+09:00
2026-06-09,1969,4669.0,4854.0,4646.0,4789.0,852000,OK,kabutan,4789.0,yahoo_jp,4789.0,2026-08-29T10:38:13.832434+09:00
2026-06-10,1942,6033.0,6087.0,5907.0,5935.0,969800,OK,kabutan,5935.0,yahoo_jp,5935.0,2026-08-29T10:29:53.754773+09:00
2026-06-10,1944,7098.0,7214.0,6900.0,6916.0,839500,OK,kabutan,6916.0,yahoo_jp,6916.0,2026-08-29T10:32:39.883065+09:00
2026-06-10,1959,8787.0,8870.0,8696.0,8738.0,214200,OK,kabutan,8738.0,yahoo_jp,8738.0,2026-08-29T10:35:25.505569+09:00
2026-06-10,1969,4747.0,4794.0,4632.0,4667.0,422600,OK,kabutan,4667.0,yahoo_jp,4667.0,2026-08-29T10:38:13.832434+09:00
2026-06-11,1942,5862.0,5886.0,5692.0,5801.0,778200,OK,kabutan,5801.0,yahoo_jp,5801.0,2026-08-29T10:29:53.754773+09:00
2026-06-11,1944,6778.0,6844.0,6653.0,6831.0,688000,OK,kabutan,6831.0,yahoo_jp,6831.0,2026-08-29T10:32:39.883065+09:00
2026-06-11,1959,8701.0,8735.0,8465.0,8659.0,192600,OK,kabutan,8659.0,yahoo_jp,8659.0,2026-08-29T10:35:25.505569+09:00
2026-06-11,1969,4623.0,4665.0,4452.0,4560.0,549300,OK,kabutan,4560.0,yahoo_jp,4560.0,2026-08-29T10:38:13.832434+09:00
2026-06-12,1942,5944.0,5944.0,5711.0,5773.0,1376000,OK,kabutan,5773.0,yahoo_jp,5773.0,2026-08-29T10:29:53.754773+09:00
2026-06-12,1944,6934.0,6982.0,6750.0,6780.0,566200,OK,kabutan,6780.0,yahoo_jp,6780.0,2026-08-29T10:32:39.883065+09:00
2026-06-12,1959,8805.0,8948.0,8753.0,8792.0,232300,OK,kabutan,8792.0,yahoo_jp,8792.0,2026-08-29T10:35:25.505569+09:00
2026-06-12,1969,4630.0,4688.0,4502.0,4583.0,814500,OK,kabutan,4583.0,yahoo_jp,4583.0,2026-08-29T10:38:13.832434+09:00
2026-06-15,1942,6163.0,6396.0,6163.0,6342.0,1390100,OK,kabutan,6342.0,yahoo_jp,6342.0,2026-08-29T10:29:53.754773+09:00
2026-06-15,1944,7080.0,7342.0,7080.0,7304.0,842500,OK,kabutan,7304.0,yahoo_jp,7304.0,2026-08-29T10:32:39.883065+09:00
2026-06-15,1959,9209.0,9424.0,9169.0,9282.0,312700,OK,kabutan,9282.0,yahoo_jp,9282.0,2026-08-29T10:35:25.505569+09:00
2026-06-15,1969,4641.0,4846.0,4641.0,4806.0,852200,OK,kabutan,4806.0,yahoo_jp,4806.0,2026-08-29T10:38:13.832434+09:00
2026-06-16,1942,6320.0,6320.0,6185.0,6237.0,920800,OK,kabutan,6237.0,yahoo_jp,6237.0,2026-08-29T10:29:53.754773+09:00
2026-06-16,1944,7370.0,7375.0,7243.0,7295.0,799100,OK,kabutan,7295.0,yahoo_jp,7295.0,2026-08-29T10:32:39.883065+09:00
2026-06-16,1959,9241.0,9331.0,9133.0,9199.0,230100,OK,kabutan,9199.0,yahoo_jp,9199.0,2026-08-29T10:35:25.505569+09:00
2026-06-16,1969,4748.0,4799.0,4631.0,4657.0,711600,OK,kabutan,4657.0,yahoo_jp,4657.0,2026-08-29T10:38:13.832434+09:00
2026-06-17,1942,6400.0,6500.0,6388.0,6467.0,836500,OK,kabutan,6467.0,yahoo_jp,6467.0,2026-08-29T10:29:53.754773+09:00
2026-06-17,1944,7670.0,7829.0,7650.0,7737.0,1222400,OK,kabutan,7737.0,yahoo_jp,7737.0,2026-08-29T10:32:39.883065+09:00
2026-06-17,1959,9274.0,9362.0,9187.0,9297.0,182000,OK,kabutan,9297.0,yahoo_jp,9297.0,2026-08-29T10:35:25.505569+09:00
2026-06-17,1969,4720.0,4780.0,4685.0,4722.0,414500,OK,kabutan,4722.0,yahoo_jp,4722.0,2026-08-29T10:38:13.832434+09:00
2026-06-18,1942,6499.0,6670.0,6467.0,6611.0,759400,OK,kabutan,6611.0,yahoo_jp,6611.0,2026-08-29T10:29:53.754773+09:00
2026-06-18,1944,7870.0,8060.0,7707.0,7964.0,1013300,OK,kabutan,7964.0,yahoo_jp,7964.0,2026-08-29T10:32:39.883065+09:00
2026-06-18,1959,9353.0,9668.0,9291.0,9640.0,222000,OK,kabutan,9640.0,yahoo_jp,9640.0,2026-08-29T10:35:25.505569+09:00
2026-06-18,1969,4734.0,4888.0,4732.0,4885.0,484200,OK,kabutan,4885.0,yahoo_jp,4885.0,2026-08-29T10:38:13.832434+09:00
2026-06-19,1942,6660.0,6829.0,6589.0,6829.0,2033200,OK,kabutan,6829.0,yahoo_jp,6829.0,2026-08-29T10:29:53.754773+09:00
2026-06-19,1944,8114.0,8317.0,8030.0,8272.0,2174500,OK,kabutan,8272.0,yahoo_jp,8272.0,2026-08-29T10:32:39.883065+09:00
2026-06-19,1959,9643.0,9825.0,9454.0,9463.0,288400,OK,kabutan,9463.0,yahoo_jp,9463.0,2026-08-29T10:35:25.505569+09:00
2026-06-19,1969,4918.0,4963.0,4751.0,4842.0,888200,OK,kabutan,4842.0,yahoo_jp,4842.0,2026-08-29T10:38:13.832434+09:00
2026-06-22,1942,6720.0,6848.0,6634.0,6736.0,1069300,OK,kabutan,6736.0,yahoo_jp,6736.0,2026-08-29T10:29:53.754773+09:00
2026-06-22,1944,8179.0,8382.0,8073.0,8367.0,924600,OK,kabutan,8367.0,yahoo_jp,8367.0,2026-08-29T10:32:39.883065+09:00
2026-06-22,1959,9400.0,9549.0,9191.0,9549.0,182100,OK,kabutan,9549.0,yahoo_jp,9549.0,2026-08-29T10:35:25.505569+09:00
2026-06-22,1969,4784.0,5000.0,4747.0,5000.0,746300,OK,kabutan,5000.0,yahoo_jp,5000.0,2026-08-29T10:38:13.832434+09:00
2026-06-23,1942,6797.0,6842.0,6635.0,6635.0,916300,OK,kabutan,6635.0,yahoo_jp,6635.0,2026-08-29T10:29:53.754773+09:00
2026-06-23,1944,8499.0,8572.0,8061.0,8073.0,1026000,OK,kabutan,8073.0,yahoo_jp,8073.0,2026-08-29T10:32:39.883065+09:00
2026-06-23,1959,9624.0,9750.0,9313.0,9313.0,214800,OK,kabutan,9313.0,yahoo_jp,9313.0,2026-08-29T10:35:25.505569+09:00
2026-06-23,1969,5001.0,5064.0,4921.0,4930.0,785000,OK,kabutan,4930.0,yahoo_jp,4930.0,2026-08-29T10:38:13.832434+09:00
2026-06-24,1942,6735.0,6790.0,6660.0,6732.0,942700,OK,kabutan,6732.0,yahoo_jp,6732.0,2026-08-29T10:29:53.754773+09:00
2026-06-24,1944,8141.0,8412.0,8133.0,8209.0,837100,OK,kabutan,8209.0,yahoo_jp,8209.0,2026-08-29T10:32:39.883065+09:00
2026-06-24,1959,9351.0,9555.0,9311.0,9545.0,201900,OK,kabutan,9545.0,yahoo_jp,9545.0,2026-08-29T10:35:25.505569+09:00
2026-06-24,1969,4874.0,5020.0,4851.0,4952.0,529700,OK,kabutan,4952.0,yahoo_jp,4952.0,2026-08-29T10:38:13.832434+09:00
2026-06-25,1942,6832.0,6840.0,6613.0,6673.0,762900,OK,kabutan,6673.0,yahoo_jp,6673.0,2026-08-29T10:29:53.754773+09:00
2026-06-25,1944,8500.0,8500.0,8155.0,8162.0,873000,OK,kabutan,8162.0,yahoo_jp,8162.0,2026-08-29T10:32:39.883065+09:00
2026-06-25,1959,9695.0,9697.0,9492.0,9496.0,217700,OK,kabutan,9496.0,yahoo_jp,9496.0,2026-08-29T10:35:25.505569+09:00
2026-06-25,1969,5030.0,5030.0,4903.0,4973.0,466700,OK,kabutan,4973.0,yahoo_jp,4973.0,2026-08-29T10:38:13.832434+09:00
2026-06-26,1942,6640.0,6785.0,6608.0,6720.0,805700,OK,kabutan,6720.0,yahoo_jp,6720.0,2026-08-29T10:29:53.754773+09:00
2026-06-26,1944,8224.0,8263.0,8041.0,8095.0,722300,OK,kabutan,8095.0,yahoo_jp,8095.0,2026-08-29T10:32:39.883065+09:00
2026-06-26,1959,9575.0,9575.0,9266.0,9336.0,166300,OK,kabutan,9336.0,yahoo_jp,9336.0,2026-08-29T10:35:25.505569+09:00
2026-06-26,1969,5143.0,5267.0,5038.0,5100.0,955300,OK,kabutan,5100.0,yahoo_jp,5100.0,2026-08-29T10:38:13.832434+09:00
2026-06-29,1942,6740.0,6850.0,6682.0,6797.0,840400,OK,kabutan,6797.0,yahoo_jp,6797.0,2026-08-29T10:29:53.754773+09:00
2026-06-29,1944,8090.0,8189.0,7930.0,8030.0,487500,OK,kabutan,8030.0,yahoo_jp,8030.0,2026-08-29T10:32:39.883065+09:00
2026-06-29,1959,9378.0,9485.0,9256.0,9357.0,168700,OK,kabutan,9357.0,yahoo_jp,9357.0,2026-08-29T10:35:25.505569+09:00
2026-06-29,1969,5162.0,5227.0,5002.0,5092.0,664000,OK,kabutan,5092.0,yahoo_jp,5092.0,2026-08-29T10:38:13.832434+09:00
2026-06-30,1942,6850.0,6871.0,6694.0,6722.0,731000,OK,kabutan,6722.0,yahoo_jp,6722.0,2026-08-29T10:29:53.754773+09:00
2026-06-30,1944,8077.0,8094.0,7920.0,7946.0,467000,OK,kabutan,7946.0,yahoo_jp,7946.0,2026-08-29T10:32:39.883065+09:00
2026-06-30,1959,9477.0,9477.0,9280.0,9306.0,200600,OK,kabutan,9306.0,yahoo_jp,9306.0,2026-08-29T10:35:25.505569+09:00
2026-06-30,1969,5116.0,5160.0,5000.0,5082.0,418500,OK,kabutan,5082.0,yahoo_jp,5082.0,2026-08-29T10:38:13.832434+09:00
2026-07-01,1942,6795.0,6870.0,6675.0,6726.0,655200,OK,kabutan,6726.0,yahoo_jp,6726.0,2026-08-29T10:29:53.754773+09:00
2026-07-01,1944,8011.0,8077.0,7777.0,7809.0,409100,OK,kabutan,7809.0,yahoo_jp,7809.0,2026-08-29T10:32:39.883065+09:00
2026-07-01,1959,9302.0,9342.0,9200.0,9269.0,210000,OK,kabutan,9269.0,yahoo_jp,9269.0,2026-08-29T10:35:25.505569+09:00
2026-07-01,1969,5169.0,5289.0,5087.0,5091.0,500200,OK,kabutan,5091.0,yahoo_jp,5091.0,2026-08-29T10:38:13.832434+09:00
2026-07-02,1942,6676.0,6785.0,6530.0,6643.0,928000,OK,kabutan,6643.0,yahoo_jp,6643.0,2026-08-29T10:29:53.754773+09:00
2026-07-02,1944,7755.0,7930.0,7597.0,7837.0,558600,OK,kabutan,7837.0,yahoo_jp,7837.0,2026-08-29T10:32:39.883065+09:00
2026-07-02,1959,9220.0,9256.0,9019.0,9132.0,127900,OK,kabutan,9132.0,yahoo_jp,9132.0,2026-08-29T10:35:25.505569+09:00
2026-07-02,1969,5091.0,5158.0,5008.0,5111.0,543100,OK,kabutan,5111.0,yahoo_jp,5111.0,2026-08-29T10:38:13.832434+09:00
2026-07-03,1942,6675.0,6772.0,6594.0,6772.0,763200,OK,kabutan,6772.0,yahoo_jp,6772.0,2026-08-29T10:29:53.754773+09:00
2026-07-03,1944,7931.0,7980.0,7799.0,7936.0,612500,OK,kabutan,7936.0,yahoo_jp,7936.0,2026-08-29T10:32:39.883065+09:00
2026-07-03,1959,9216.0,9248.0,9066.0,9172.0,112400,OK,kabutan,9172.0,yahoo_jp,9172.0,2026-08-29T10:35:25.505569+09:00
2026-07-03,1969,5159.0,5175.0,5049.0,5150.0,398600,OK,kabutan,5150.0,yahoo_jp,5150.0,2026-08-29T10:38:13.832434+09:00
2026-07-06,1942,6833.0,6949.0,6790.0,6857.0,513100,OK,kabutan,6857.0,yahoo_jp,6857.0,2026-08-29T10:29:53.754773+09:00
2026-07-06,1944,8010.0,8107.0,7957.0,8038.0,570300,OK,kabutan,8038.0,yahoo_jp,8038.0,2026-08-29T10:32:39.883065+09:00
2026-07-06,1959,9237.0,9339.0,9237.0,9299.0,108700,OK,kabutan,9299.0,yahoo_jp,9299.0,2026-08-29T10:35:25.505569+09:00
2026-07-06,1969,5195.0,5268.0,5155.0,5186.0,361700,OK,kabutan,5186.0,yahoo_jp,5186.0,2026-08-29T10:38:13.832434+09:00
2026-07-07,1942,6773.0,7007.0,6757.0,6808.0,987200,OK,kabutan,6808.0,yahoo_jp,6808.0,2026-08-29T10:29:53.754773+09:00
2026-07-07,1944,8015.0,8246.0,7972.0,8142.0,624200,OK,kabutan,8142.0,yahoo_jp,8142.0,2026-08-29T10:32:39.883065+09:00
2026-07-07,1959,9289.0,9491.0,9283.0,9348.0,194200,OK,kabutan,9348.0,yahoo_jp,9348.0,2026-08-29T10:35:25.505569+09:00
2026-07-07,1969,5240.0,5290.0,5077.0,5113.0,536000,OK,kabutan,5113.0,yahoo_jp,5113.0,2026-08-29T10:38:13.832434+09:00
2026-07-08,1942,6672.0,6840.0,6468.0,6468.0,851400,OK,kabutan,6468.0,yahoo_jp,6468.0,2026-08-29T10:29:53.754773+09:00
2026-07-08,1944,8026.0,8130.0,7754.0,7792.0,809300,OK,kabutan,7792.0,yahoo_jp,7792.0,2026-08-29T10:32:39.883065+09:00
2026-07-08,1959,9200.0,9380.0,9003.0,9007.0,163500,OK,kabutan,9007.0,yahoo_jp,9007.0,2026-08-29T10:35:25.505569+09:00
2026-07-08,1969,5080.0,5088.0,4883.0,4883.0,457600,OK,kabutan,4883.0,yahoo_jp,4883.0,2026-08-29T10:38:13.832434+09:00
2026-07-09,1942,6400.0,6452.0,6323.0,6382.0,855500,OK,kabutan,6382.0,yahoo_jp,6382.0,2026-08-29T10:29:53.754773+09:00
2026-07-09,1944,7750.0,7883.0,7667.0,7702.0,445500,OK,kabutan,7702.0,yahoo_jp,7702.0,2026-08-29T10:32:39.883065+09:00
2026-07-09,1959,8970.0,9087.0,8883.0,8883.0,152000,OK,kabutan,8883.0,yahoo_jp,8883.0,2026-08-29T10:35:25.505569+09:00
2026-07-09,1969,4822.0,4860.0,4766.0,4794.0,547800,OK,kabutan,4794.0,yahoo_jp,4794.0,2026-08-29T10:38:13.832434+09:00
2026-07-10,1942,6282.0,6423.0,6281.0,6351.0,770600,OK,kabutan,6351.0,yahoo_jp,6351.0,2026-08-29T10:29:53.754773+09:00
2026-07-10,1944,7737.0,7880.0,7634.0,7634.0,462200,OK,kabutan,7634.0,yahoo_jp,7634.0,2026-08-29T10:32:39.883065+09:00
2026-07-10,1959,8900.0,8965.0,8800.0,8800.0,166500,OK,kabutan,8800.0,yahoo_jp,8800.0,2026-08-29T10:35:25.505569+09:00
2026-07-10,1969,4864.0,4896.0,4780.0,4795.0,372800,OK,kabutan,4795.0,yahoo_jp,4795.0,2026-08-29T10:38:13.832434+09:00
2026-07-13,1942,6360.0,6389.0,6105.0,6130.0,735100,OK,kabutan,6130.0,yahoo_jp,6130.0,2026-08-29T10:29:53.754773+09:00
2026-07-13,1944,7620.0,7675.0,7316.0,7387.0,526300,OK,kabutan,7387.0,yahoo_jp,7387.0,2026-08-29T10:32:39.883065+09:00
2026-07-13,1959,8804.0,8810.0,8525.0,8579.0,188000,OK,kabutan,8579.0,yahoo_jp,8579.0,2026-08-29T10:35:25.505569+09:00
2026-07-13,1969,4819.0,4835.0,4627.0,4644.0,462900,OK,kabutan,4644.0,yahoo_jp,4644.0,2026-08-29T10:38:13.832434+09:00
2026-07-14,1942,6135.0,6188.0,6019.0,6148.0,824500,OK,kabutan,6148.0,yahoo_jp,6148.0,2026-08-29T10:29:53.754773+09:00
2026-07-14,1944,7425.0,7450.0,7277.0,7374.0,460700,OK,kabutan,7374.0,yahoo_jp,7374.0,2026-08-29T10:32:39.883065+09:00
2026-07-14,1959,8579.0,8912.0,8549.0,8857.0,298500,OK,kabutan,8857.0,yahoo_jp,8857.0,2026-08-29T10:35:25.505569+09:00
2026-07-14,1969,4672.0,4689.0,4562.0,4625.0,365500,OK,kabutan,4625.0,yahoo_jp,4625.0,2026-08-29T10:38:13.832434+09:00
2026-07-15,1942,6244.0,6332.0,6136.0,6330.0,970200,OK,kabutan,6330.0,yahoo_jp,6330.0,2026-08-29T10:29:53.754773+09:00
2026-07-15,1944,7445.0,7564.0,7377.0,7553.0,420700,OK,kabutan,7553.0,yahoo_jp,7553.0,2026-08-29T10:32:39.883065+09:00
2026-07-15,1959,8896.0,8989.0,8825.0,8945.0,189800,OK,kabutan,8945.0,yahoo_jp,8945.0,2026-08-29T10:35:25.505569+09:00
2026-07-15,1969,4718.0,4762.0,4636.0,4749.0,571700,OK,kabutan,4749.0,yahoo_jp,4749.0,2026-08-29T10:38:13.832434+09:00
2026-07-16,1942,6231.0,6351.0,6086.0,6114.0,815300,OK,kabutan,6114.0,yahoo_jp,6114.0,2026-08-29T10:29:53.754773+09:00
2026-07-16,1944,7536.0,7579.0,7387.0,7391.0,441800,OK,kabutan,7391.0,yahoo_jp,7391.0,2026-08-29T10:32:39.883065+09:00
2026-07-16,1959,8873.0,9100.0,8834.0,8865.0,150300,OK,kabutan,8865.0,yahoo_jp,8865.0,2026-08-29T10:35:25.505569+09:00
2026-07-16,1969,4686.0,4770.0,4670.0,4681.0,423000,OK,kabutan,4681.0,yahoo_jp,4681.0,2026-08-29T10:38:13.832434+09:00
2026-07-17,1942,6000.0,6068.0,5712.0,5845.0,1519900,OK,kabutan,5845.0,yahoo_jp,5845.0,2026-08-29T10:29:53.754773+09:00
2026-07-17,1944,7244.0,7347.0,6951.0,7084.0,750600,OK,kabutan,7084.0,yahoo_jp,7084.0,2026-08-29T10:32:39.883065+09:00
2026-07-17,1959,8794.0,8920.0,8350.0,8546.0,201500,OK,kabutan,8546.0,yahoo_jp,8546.0,2026-08-29T10:35:25.505569+09:00
2026-07-17,1969,4654.0,4682.0,4434.0,4491.0,559500,OK,kabutan,4491.0,yahoo_jp,4491.0,2026-08-29T10:38:13.832434+09:00
2026-07-21,1942,5900.0,5975.0,5811.0,5939.0,717400,OK,kabutan,5939.0,yahoo_jp,5939.0,2026-08-29T10:29:53.754773+09:00
2026-07-21,1944,7083.0,7260.0,7036.0,7216.0,770200,OK,kabutan,7216.0,yahoo_jp,7216.0,2026-08-29T10:32:39.883065+09:00
2026-07-21,1959,8580.0,8718.0,8495.0,8655.0,161100,OK,kabutan,8655.0,yahoo_jp,8655.0,2026-08-29T10:35:25.505569+09:00
2026-07-21,1969,4490.0,4556.0,4410.0,4529.0,519700,OK,kabutan,4529.0,yahoo_jp,4529.0,2026-08-29T10:38:13.832434+09:00
2026-07-22,1942,5995.0,6093.0,5933.0,5959.0,826800,OK,kabutan,5959.0,yahoo_jp,5959.0,2026-08-29T10:29:53.754773+09:00
2026-07-22,1944,7260.0,7434.0,7211.0,7340.0,659500,OK,kabutan,7340.0,yahoo_jp,7340.0,2026-08-29T10:32:39.883065+09:00
2026-07-22,1959,8719.0,8849.0,8661.0,8712.0,168400,OK,kabutan,8712.0,yahoo_jp,8712.0,2026-08-29T10:35:25.505569+09:00
2026-07-22,1969,4556.0,4571.0,4455.0,4455.0,567300,OK,kabutan,4455.0,yahoo_jp,4455.0,2026-08-29T10:38:13.832434+09:00
2026-07-23,1942,5980.0,6063.0,5962.0,5988.0,750600,OK,kabutan,5988.0,yahoo_jp,5988.0,2026-08-29T10:29:53.754773+09:00
2026-07-23,1944,7367.0,7512.0,7340.0,7395.0,684200,OK,kabutan,7395.0,yahoo_jp,7395.0,2026-08-29T10:32:39.883065+09:00
2026-07-23,1959,8740.0,8890.0,8706.0,8768.0,155300,OK,kabutan,8768.0,yahoo_jp,8768.0,2026-08-29T10:35:25.505569+09:00
2026-07-23,1969,4473.0,4542.0,4468.0,4490.0,317000,OK,kabutan,4490.0,yahoo_jp,4490.0,2026-08-29T10:38:13.832434+09:00
2026-07-24,1942,5971.0,6013.0,5840.0,5974.0,757400,OK,kabutan,5974.0,yahoo_jp,5974.0,2026-08-29T10:29:53.754773+09:00
2026-07-24,1944,7310.0,7520.0,7269.0,7474.0,649900,OK,kabutan,7474.0,yahoo_jp,7474.0,2026-08-29T10:32:39.883065+09:00
2026-07-24,1959,8767.0,8885.0,8681.0,8869.0,172200,OK,kabutan,8869.0,yahoo_jp,8869.0,2026-08-29T10:35:25.505569+09:00
2026-07-24,1969,4491.0,4505.0,4323.0,4429.0,574300,OK,kabutan,4429.0,yahoo_jp,4429.0,2026-08-29T10:38:13.832434+09:00
2026-07-27,1942,6074.0,6100.0,5830.0,6085.0,942100,OK,kabutan,6085.0,yahoo_jp,6085.0,2026-08-29T10:29:53.754773+09:00
2026-07-27,1944,7774.0,7838.0,7459.0,7795.0,1175200,OK,kabutan,7795.0,yahoo_jp,7795.0,2026-08-29T10:32:39.883065+09:00
2026-07-27,1959,8900.0,9102.0,8870.0,9102.0,343900,OK,kabutan,9102.0,yahoo_jp,9102.0,2026-08-29T10:35:25.505569+09:00
2026-07-27,1969,4515.0,4526.0,4405.0,4518.0,419400,OK,kabutan,4518.0,yahoo_jp,4518.0,2026-08-29T10:38:13.832434+09:00
2026-07-28,1942,5990.0,6050.0,5847.0,5905.0,1062500,OK,kabutan,5905.0,yahoo_jp,5905.0,2026-08-29T10:29:53.754773+09:00
2026-07-28,1944,7750.0,7862.0,7548.0,7696.0,1649000,OK,kabutan,7696.0,yahoo_jp,7696.0,2026-08-29T10:32:39.883065+09:00
2026-07-28,1959,9047.0,9056.0,8835.0,8945.0,183900,OK,kabutan,8945.0,yahoo_jp,8945.0,2026-08-29T10:35:25.505569+09:00
2026-07-28,1969,4455.0,4481.0,4340.0,4390.0,625300,OK,kabutan,4390.0,yahoo_jp,4390.0,2026-08-29T10:38:13.832434+09:00
2026-07-29,1942,5950.0,5981.0,5496.0,5596.0,2398500,OK,kabutan,5596.0,yahoo_jp,5596.0,2026-08-29T10:29:53.754773+09:00
2026-07-29,1944,7510.0,7655.0,7114.0,7202.0,1803400,OK,kabutan,7202.0,yahoo_jp,7202.0,2026-08-29T10:32:39.883065+09:00
2026-07-29,1959,9075.0,9368.0,8760.0,8912.0,431200,OK,kabutan,8912.0,yahoo_jp,8912.0,2026-08-29T10:35:25.505569+09:00
2026-07-29,1969,4350.0,4367.0,4086.0,4148.0,1135900,OK,kabutan,4148.0,yahoo_jp,4148.0,2026-08-29T10:38:13.832434+09:00
2026-07-30,1942,5525.0,5688.0,5451.0,5488.0,1645400,OK,kabutan,5488.0,yahoo_jp,5488.0,2026-08-29T10:29:53.754773+09:00
2026-07-30,1944,7003.0,7390.0,6991.0,7203.0,3924000,OK,kabutan,7203.0,yahoo_jp,7203.0,2026-08-29T10:32:39.883065+09:00
2026-07-30,1959,8857.0,9055.0,7949.0,8177.0,649800,OK,kabutan,8177.0,yahoo_jp,8177.0,2026-08-29T10:35:25.505569+09:00
2026-07-30,1969,4090.0,4280.0,4086.0,4231.0,693400,OK,kabutan,4231.0,yahoo_jp,4231.0,2026-08-29T10:38:13.832434+09:00
2026-07-31,1942,5688.0,5833.0,5033.0,5368.0,6796200,OK,kabutan,5368.0,yahoo_jp,5368.0,2026-08-29T10:29:53.754773+09:00
2026-07-31,1944,7450.0,7583.0,7051.0,7090.0,1541600,OK,kabutan,7090.0,yahoo_jp,7090.0,2026-08-29T10:32:39.883065+09:00
2026-07-31,1959,8627.0,8689.0,8317.0,8491.0,597900,OK,kabutan,8491.0,yahoo_jp,8491.0,2026-08-29T10:35:25.505569+09:00
2026-07-31,1969,4337.0,4418.0,4261.0,4264.0,781900,OK,kabutan,4264.0,yahoo_jp,4264.0,2026-08-29T10:38:13.832434+09:00
2026-08-03,1942,5268.0,5344.0,5150.0,5323.0,1732200,OK,kabutan,5323.0,yahoo_jp,5323.0,2026-08-29T10:29:53.754773+09:00
2026-08-03,1944,7079.0,7089.0,6852.0,6963.0,992600,OK,kabutan,6963.0,yahoo_jp,6963.0,2026-08-29T10:32:39.883065+09:00
2026-08-03,1959,8112.0,8284.0,8074.0,8137.0,430300,OK,kabutan,8137.0,yahoo_jp,8137.0,2026-08-29T10:35:25.505569+09:00
2026-08-03,1969,4252.0,4252.0,4090.0,4192.0,571100,OK,kabutan,4192.0,yahoo_jp,4192.0,2026-08-29T10:38:13.832434+09:00
2026-08-04,1942,5333.0,5538.0,5321.0,5515.0,1116500,OK,kabutan,5515.0,yahoo_jp,5515.0,2026-08-29T10:29:53.754773+09:00
2026-08-04,1944,6979.0,7179.0,6957.0,7158.0,686000,OK,kabutan,7158.0,yahoo_jp,7158.0,2026-08-29T10:32:39.883065+09:00
2026-08-04,1959,8220.0,8375.0,8190.0,8276.0,222000,OK,kabutan,8276.0,yahoo_jp,8276.0,2026-08-29T10:35:25.505569+09:00
2026-08-04,1969,4226.0,4276.0,4206.0,4244.0,308100,OK,kabutan,4244.0,yahoo_jp,4244.0,2026-08-29T10:38:13.832434+09:00
2026-08-05,1942,5584.0,5704.0,5496.0,5684.0,1322200,OK,kabutan,5684.0,yahoo_jp,5684.0,2026-08-29T10:29:53.754773+09:00
2026-08-05,1944,7350.0,7350.0,7190.0,7320.0,715500,OK,kabutan,7320.0,yahoo_jp,7320.0,2026-08-29T10:32:39.883065+09:00
2026-08-05,1959,8319.0,8393.0,8220.0,8272.0,194200,OK,kabutan,8272.0,yahoo_jp,8272.0,2026-08-29T10:35:25.505569+09:00
2026-08-05,1969,4267.0,4444.0,4206.0,4440.0,1960200,OK,kabutan,4440.0,yahoo_jp,4440.0,2026-08-29T10:38:13.832434+09:00
2026-08-06,1942,5815.0,5848.0,5618.0,5642.0,1490600,OK,kabutan,5642.0,yahoo_jp,5642.0,2026-08-29T10:29:53.754773+09:00
2026-08-06,1944,7350.0,7489.0,7131.0,7202.0,782100,OK,kabutan,7202.0,yahoo_jp,7202.0,2026-08-29T10:32:39.883065+09:00
2026-08-06,1959,8337.0,8445.0,8226.0,8289.0,171300,OK,kabutan,8289.0,yahoo_jp,8289.0,2026-08-29T10:35:25.505569+09:00
2026-08-06,1969,4427.0,4431.0,4195.0,4195.0,973200,OK,kabutan,4195.0,yahoo_jp,4195.0,2026-08-29T10:38:13.832434+09:00
2026-08-07,1942,5650.0,5725.0,5450.0,5500.0,1258100,OK,kabutan,5500.0,yahoo_jp,5500.0,2026-08-29T10:29:53.754773+09:00
2026-08-07,1944,7158.0,7171.0,6904.0,6971.0,1060100,OK,kabutan,6971.0,yahoo_jp,6971.0,2026-08-29T10:32:39.883065+09:00
2026-08-07,1959,8226.0,8249.0,8106.0,8150.0,164000,OK,kabutan,8150.0,yahoo_jp,8150.0,2026-08-29T10:35:25.505569+09:00
2026-08-07,1969,4187.0,4207.0,4093.0,4114.0,996000,OK,kabutan,4114.0,yahoo_jp,4114.0,2026-08-29T10:38:13.832434+09:00
2026-08-10,1942,5475.0,5483.0,5297.0,5297.0,1445000,OK,kabutan,5297.0,yahoo_jp,5297.0,2026-08-29T10:29:53.754773+09:00
2026-08-10,1944,6930.0,6932.0,6669.0,6705.0,1627100,OK,kabutan,6705.0,yahoo_jp,6705.0,2026-08-29T10:32:39.883065+09:00
2026-08-10,1959,8165.0,8198.0,8012.0,8095.0,158600,OK,kabutan,8095.0,yahoo_jp,8095.0,2026-08-29T10:35:25.505569+09:00
2026-08-10,1969,4130.0,4148.0,3985.0,3996.0,1023000,OK,kabutan,3996.0,yahoo_jp,3996.0,2026-08-29T10:38:13.832434+09:00
2026-08-12,1942,5350.0,5461.0,5350.0,5422.0,1027700,OK,kabutan,5422.0,yahoo_jp,5422.0,2026-08-29T10:29:53.754773+09:00
2026-08-12,1944,6732.0,6824.0,6661.0,6822.0,895700,OK,kabutan,6822.0,yahoo_jp,6822.0,2026-08-29T10:32:39.883065+09:00
2026-08-12,1959,8110.0,8229.0,8101.0,8180.0,166800,OK,kabutan,8180.0,yahoo_jp,8180.0,2026-08-29T10:35:25.505569+09:00
2026-08-12,1969,4030.0,4186.0,4029.0,4135.0,795400,OK,kabutan,4135.0,yahoo_jp,4135.0,2026-08-29T10:38:13.832434+09:00
2026-08-13,1942,5390.0,5544.0,5388.0,5504.0,839900,OK,kabutan,5504.0,yahoo_jp,5504.0,2026-08-29T10:29:53.754773+09:00
2026-08-13,1944,6887.0,6954.0,6814.0,6920.0,601100,OK,kabutan,6920.0,yahoo_jp,6920.0,2026-08-29T10:32:39.883065+09:00
2026-08-13,1959,8260.0,8339.0,8229.0,8272.0,229200,OK,kabutan,8272.0,yahoo_jp,8272.0,2026-08-29T10:35:25.505569+09:00
2026-08-13,1969,4179.0,4293.0,4154.0,4270.0,961700,OK,kabutan,4270.0,yahoo_jp,4270.0,2026-08-29T10:38:13.832434+09:00
2026-08-14,1942,5524.0,5608.0,5484.0,5520.0,928100,OK,kabutan,5520.0,yahoo_jp,5520.0,2026-08-29T10:29:53.754773+09:00
2026-08-14,1944,6902.0,6958.0,6865.0,6912.0,592300,OK,kabutan,6912.0,yahoo_jp,6912.0,2026-08-29T10:32:39.883065+09:00
2026-08-14,1959,8301.0,8468.0,8284.0,8396.0,271700,OK,kabutan,8396.0,yahoo_jp,8396.0,2026-08-29T10:35:25.505569+09:00
2026-08-14,1969,4247.0,4377.0,4238.0,4338.0,971900,OK,kabutan,4338.0,yahoo_jp,4338.0,2026-08-29T10:38:13.832434+09:00
2026-08-17,1942,5590.0,5756.0,5588.0,5740.0,1056200,OK,kabutan,5740.0,yahoo_jp,5740.0,2026-08-29T10:29:53.754773+09:00
2026-08-17,1944,7008.0,7155.0,6977.0,7083.0,604900,OK,kabutan,7083.0,yahoo_jp,7083.0,2026-08-29T10:32:39.883065+09:00
2026-08-17,1959,8455.0,8546.0,8392.0,8467.0,252400,OK,kabutan,8467.0,yahoo_jp,8467.0,2026-08-29T10:35:25.505569+09:00
2026-08-17,1969,4400.0,4467.0,4320.0,4373.0,737500,OK,kabutan,4373.0,yahoo_jp,4373.0,2026-08-29T10:38:13.832434+09:00
2026-08-18,1942,5737.0,5746.0,5593.0,5610.0,975000,OK,kabutan,5610.0,yahoo_jp,5610.0,2026-08-29T10:29:53.754773+09:00
2026-08-18,1944,7040.0,7044.0,6852.0,6856.0,636700,OK,kabutan,6856.0,yahoo_jp,6856.0,2026-08-29T10:32:39.883065+09:00
2026-08-18,1959,8510.0,8513.0,8252.0,8277.0,209800,OK,kabutan,8277.0,yahoo_jp,8277.0,2026-08-29T10:35:25.505569+09:00
2026-08-18,1969,4372.0,4419.0,4258.0,4258.0,696400,OK,kabutan,4258.0,yahoo_jp,4258.0,2026-08-29T10:38:13.832434+09:00
2026-08-19,1942,5414.0,5460.0,5288.0,5288.0,1068600,OK,kabutan,5288.0,yahoo_jp,5288.0,2026-08-29T10:29:53.754773+09:00
2026-08-19,1944,6680.0,6689.0,6540.0,6570.0,994400,OK,kabutan,6570.0,yahoo_jp,6570.0,2026-08-29T10:32:39.883065+09:00
2026-08-19,1959,8153.0,8154.0,7987.0,8024.0,233700,OK,kabutan,8024.0,yahoo_jp,8024.0,2026-08-29T10:35:25.505569+09:00
2026-08-19,1969,4188.0,4188.0,4080.0,4149.0,621200,OK,kabutan,4149.0,yahoo_jp,4149.0,2026-08-29T10:38:13.832434+09:00
2026-08-20,1942,5321.0,5409.0,5304.0,5407.0,670300,OK,kabutan,5407.0,yahoo_jp,5407.0,2026-08-29T10:29:53.754773+09:00
2026-08-20,1944,6570.0,6714.0,6551.0,6700.0,803800,OK,kabutan,6700.0,yahoo_jp,6700.0,2026-08-29T10:32:39.883065+09:00
2026-08-20,1959,8149.0,8241.0,8073.0,8233.0,185000,OK,kabutan,8233.0,yahoo_jp,8233.0,2026-08-29T10:35:25.505569+09:00
2026-08-20,1969,4219.0,4282.0,4195.0,4261.0,534200,OK,kabutan,4261.0,yahoo_jp,4261.0,2026-08-29T10:38:13.832434+09:00
2026-08-21,1942,5325.0,5363.0,5291.0,5337.0,546800,OK,kabutan,5337.0,yahoo_jp,5337.0,2026-08-29T10:29:53.754773+09:00
2026-08-21,1944,6663.0,6690.0,6604.0,6686.0,442200,OK,kabutan,6686.0,yahoo_jp,6686.0,2026-08-29T10:32:39.883065+09:00
2026-08-21,1959,8167.0,8225.0,8091.0,8179.0,183000,OK,kabutan,8179.0,yahoo_jp,8179.0,2026-08-29T10:35:25.505569+09:00
2026-08-21,1969,4191.0,4220.0,4168.0,4220.0,326700,OK,kabutan,4220.0,yahoo_jp,4220.0,2026-08-29T10:38:13.832434+09:00
2026-08-24,1942,5288.0,5419.0,5257.0,5399.0,731300,OK,kabutan,5399.0,yahoo_jp,5399.0,2026-08-29T10:29:53.754773+09:00
2026-08-24,1944,6590.0,6848.0,6570.0,6820.0,612800,OK,kabutan,6820.0,yahoo_jp,6820.0,2026-08-29T10:32:39.883065+09:00
2026-08-24,1959,8066.0,8220.0,7994.0,8220.0,322600,OK,kabutan,8220.0,yahoo_jp,8220.0,2026-08-29T10:35:25.505569+09:00
2026-08-24,1969,4175.0,4324.0,4156.0,4303.0,509000,OK,kabutan,4303.0,yahoo_jp,4303.0,2026-08-29T10:38:13.832434+09:00
2026-08-25,1942,5392.0,5422.0,5360.0,5400.0,497800,OK,kabutan,5400.0,yahoo_jp,5400.0,2026-08-29T10:29:53.754773+09:00
2026-08-25,1944,6838.0,6900.0,6824.0,6861.0,529400,OK,kabutan,6861.0,yahoo_jp,6861.0,2026-08-29T10:32:39.883065+09:00
2026-08-25,1959,8243.0,8287.0,8170.0,8236.0,156800,OK,kabutan,8236.0,yahoo_jp,8236.0,2026-08-29T10:35:25.505569+09:00
2026-08-25,1969,4269.0,4321.0,4250.0,4314.0,567300,OK,kabutan,4314.0,yahoo_jp,4314.0,2026-08-29T10:38:13.832434+09:00
2026-08-26,1942,5412.0,5474.0,5407.0,5446.0,425700,OK,kabutan,5446.0,yahoo_jp,5446.0,2026-08-29T10:29:53.754773+09:00
2026-08-26,1944,6902.0,6981.0,6902.0,6950.0,525600,OK,kabutan,6950.0,yahoo_jp,6950.0,2026-08-29T10:32:39.883065+09:00
2026-08-26,1959,8171.0,8287.0,8155.0,8258.0,105800,OK,kabutan,8258.0,yahoo_jp,8258.0,2026-08-29T10:35:25.505569+09:00
2026-08-26,1969,4314.0,4357.0,4287.0,4316.0,349500,OK,kabutan,4316.0,yahoo_jp,4316.0,2026-08-29T10:38:13.832434+09:00
2026-08-27,1942,5477.0,5545.0,5456.0,5483.0,479900,OK,kabutan,5483.0,yahoo_jp,5483.0,2026-08-29T10:29:53.754773+09:00
2026-08-27,1944,6961.0,6983.0,6924.0,6975.0,465000,OK,kabutan,6975.0,yahoo_jp,6975.0,2026-08-29T10:32:39.883065+09:00
2026-08-27,1959,8257.0,8294.0,8235.0,8255.0,90500,OK,kabutan,8255.0,yahoo_jp,8255.0,2026-08-29T10:35:25.505569+09:00
2026-08-27,1969,4330.0,4380.0,4329.0,4361.0,381200,OK,kabutan,4361.0,yahoo_jp,4361.0,2026-08-29T10:38:13.832434+09:00
2026-08-28,1942,5479.0,5484.0,5396.0,5474.0,612700,OK,kabutan,5474.0,yahoo_jp,5474.0,2026-09-01T15:41:18.978709+09:00
2026-08-28,1944,6901.0,6935.0,6834.0,6837.0,1153000,OK,kabutan,6837.0,yahoo_jp,6837.0,2026-09-01T15:44:10.913871+09:00
2026-08-28,1959,8217.0,8251.0,8151.0,8178.0,163500,OK,kabutan,8178.0,yahoo_jp,8178.0,2026-09-01T15:47:01.918589+09:00
2026-08-28,1969,4320.0,4360.0,4301.0,4318.0,374400,OK,kabutan,4318.0,yahoo_jp,4318.0,2026-09-01T15:49:54.785917+09:00
2025-07-22,4440,1350.0,1364.0,1312.0,,36300,SINGLE_SOURCE,kabutan,1331.0,,,2026-08-31T01:00:42.707252+09:00
2025-07-22,4707,346.0,347.0,344.0,,5600,SINGLE_SOURCE,kabutan,345.0,,,2026-08-31T01:03:35.001718+09:00
2025-07-22,5137,394.0,402.0,386.0,,76800,SINGLE_SOURCE,kabutan,387.0,,,2026-08-31T01:06:31.383114+09:00
2025-07-22,5243,1270.0,1307.0,1262.0,,309500,SINGLE_SOURCE,kabutan,1266.0,,,2026-08-31T01:09:25.432385+09:00
2025-07-22,6027,2887.0,3015.0,2880.0,,140500,SINGLE_SOURCE,kabutan,2899.0,,,2026-08-31T01:12:18.540209+09:00
2025-07-22,6647,1880.0,1897.0,1880.0,,500,SINGLE_SOURCE,kabutan,1897.0,,,2026-08-31T01:15:10.658508+09:00
2025-07-22,6904,435.0,436.0,434.0,,13400,SINGLE_SOURCE,kabutan,434.0,,,2026-08-31T01:18:03.239168+09:00
2025-07-22,7093,580.0,585.0,578.0,,1500,SINGLE_SOURCE,kabutan,585.0,,,2026-08-31T01:20:55.466489+09:00
2025-07-22,9344,752.0,758.0,750.0,,1300,SINGLE_SOURCE,kabutan,758.0,,,2026-08-31T01:23:50.902752+09:00
2025-07-23,4440,1340.0,1369.0,1327.0,,40100,SINGLE_SOURCE,kabutan,1364.0,,,2026-08-31T01:00:42.707252+09:00
2025-07-23,4707,346.0,349.0,344.0,,11900,SINGLE_SOURCE,kabutan,347.0,,,2026-08-31T01:03:35.001718+09:00
2025-07-23,5137,388.0,393.0,382.0,,49800,SINGLE_SOURCE,kabutan,393.0,,,2026-08-31T01:06:31.383114+09:00
2025-07-23,5243,1250.0,1298.0,1247.0,,220000,SINGLE_SOURCE,kabutan,1293.0,,,2026-08-31T01:09:25.432385+09:00
2025-07-23,6027,2878.0,2922.0,2841.0,,223600,SINGLE_SOURCE,kabutan,2881.0,,,2026-08-31T01:12:18.540209+09:00
2025-07-23,6647,1897.0,1897.0,1884.0,,200,SINGLE_SOURCE,kabutan,1884.0,,,2026-08-31T01:15:10.658508+09:00
2025-07-23,6904,434.0,437.0,434.0,,31300,SINGLE_SOURCE,kabutan,436.0,,,2026-08-31T01:18:03.239168+09:00
2025-07-23,7093,575.0,583.0,573.0,,5800,SINGLE_SOURCE,kabutan,573.0,,,2026-08-31T01:20:55.466489+09:00
2025-07-23,9344,759.0,769.0,754.0,,2600,SINGLE_SOURCE,kabutan,754.0,,,2026-08-31T01:23:50.902752+09:00
2025-07-24,4440,1374.0,1390.0,1345.0,,40700,SINGLE_SOURCE,kabutan,1379.0,,,2026-08-31T01:00:42.707252+09:00
2025-07-24,4707,348.0,352.0,348.0,,14100,SINGLE_SOURCE,kabutan,352.0,,,2026-08-31T01:03:35.001718+09:00
2025-07-24,5137,395.0,400.0,387.0,,52700,SINGLE_SOURCE,kabutan,394.0,,,2026-08-31T01:06:31.383114+09:00
2025-07-24,5243,1300.0,1325.0,1296.0,,176300,SINGLE_SOURCE,kabutan,1306.0,,,2026-08-31T01:09:25.432385+09:00
2025-07-24,6027,2949.0,3020.0,2920.0,,151900,SINGLE_SOURCE,kabutan,3010.0,,,2026-08-31T01:12:18.540209+09:00
2025-07-24,6647,1879.0,1879.0,1853.0,,1100,SINGLE_SOURCE,kabutan,1858.0,,,2026-08-31T01:15:10.658508+09:00
2025-07-24,6904,435.0,438.0,435.0,,14600,SINGLE_SOURCE,kabutan,437.0,,,2026-08-31T01:18:03.239168+09:00
2025-07-24,7093,583.0,583.0,568.0,,7400,SINGLE_SOURCE,kabutan,572.0,,,2026-08-31T01:20:55.466489+09:00
2025-07-24,9344,754.0,765.0,754.0,,200,SINGLE_SOURCE,kabutan,765.0,,,2026-08-31T01:23:50.902752+09:00
2025-07-25,4440,1382.0,1408.0,1366.0,,30400,SINGLE_SOURCE,kabutan,1394.0,,,2026-08-31T01:00:42.707252+09:00
2025-07-25,4707,352.0,353.0,350.0,,9500,SINGLE_SOURCE,kabutan,352.0,,,2026-08-31T01:03:35.001718+09:00
2025-07-25,5137,399.0,416.0,398.0,,101400,SINGLE_SOURCE,kabutan,416.0,,,2026-08-31T01:06:31.383114+09:00
2025-07-25,5243,1288.0,1315.0,1286.0,,145300,SINGLE_SOURCE,kabutan,1310.0,,,2026-08-31T01:09:25.432385+09:00
2025-07-25,6027,3025.0,3070.0,2979.0,,117000,SINGLE_SOURCE,kabutan,2989.0,,,2026-08-31T01:12:18.540209+09:00
2025-07-25,6647,1896.0,1896.0,1871.0,,1900,SINGLE_SOURCE,kabutan,1871.0,,,2026-08-31T01:15:10.658508+09:00
2025-07-25,6904,437.0,438.0,435.0,,9400,SINGLE_SOURCE,kabutan,436.0,,,2026-08-31T01:18:03.239168+09:00
2025-07-25,7093,572.0,572.0,569.0,,600,SINGLE_SOURCE,kabutan,570.0,,,2026-08-31T01:20:55.466489+09:00
2025-07-25,9344,783.0,783.0,756.0,,5700,SINGLE_SOURCE,kabutan,769.0,,,2026-08-31T01:23:50.902752+09:00
2025-07-28,4440,1410.0,1430.0,1355.0,,26100,SINGLE_SOURCE,kabutan,1373.0,,,2026-08-31T01:00:42.707252+09:00
2025-07-28,4707,352.0,355.0,352.0,,15200,SINGLE_SOURCE,kabutan,355.0,,,2026-08-31T01:03:35.001718+09:00
2025-07-28,5137,423.0,430.0,413.0,,104800,SINGLE_SOURCE,kabutan,413.0,,,2026-08-31T01:06:31.383114+09:00
2025-07-28,5243,1335.0,1335.0,1301.0,,179800,SINGLE_SOURCE,kabutan,1311.0,,,2026-08-31T01:09:25.432385+09:00
2025-07-28,6027,2965.0,3010.0,2950.0,,72400,SINGLE_SOURCE,kabutan,2960.0,,,2026-08-31T01:12:18.540209+09:00
2025-07-28,6647,1862.0,1862.0,1862.0,,400,SINGLE_SOURCE,kabutan,1862.0,,,2026-08-31T01:15:10.658508+09:00
2025-07-28,6904,436.0,438.0,435.0,,16100,SINGLE_SOURCE,kabutan,437.0,,,2026-08-31T01:18:03.239168+09:00
2025-07-28,7093,572.0,594.0,570.0,,6900,SINGLE_SOURCE,kabutan,594.0,,,2026-08-31T01:20:55.466489+09:00
2025-07-28,9344,770.0,770.0,756.0,,3700,SINGLE_SOURCE,kabutan,760.0,,,2026-08-31T01:23:50.902752+09:00
2025-07-29,4440,1373.0,1378.0,1340.0,,20200,SINGLE_SOURCE,kabutan,1348.0,,,2026-08-31T01:00:42.707252+09:00
2025-07-29,4707,360.0,370.0,357.0,,101600,SINGLE_SOURCE,kabutan,368.0,,,2026-08-31T01:03:35.001718+09:00
2025-07-29,5137,418.0,420.0,408.0,,56100,SINGLE_SOURCE,kabutan,415.0,,,2026-08-31T01:06:31.383114+09:00
2025-07-29,5243,1323.0,1327.0,1293.0,,165600,SINGLE_SOURCE,kabutan,1324.0,,,2026-08-31T01:09:25.432385+09:00
2025-07-29,6027,2950.0,3025.0,2950.0,,105200,SINGLE_SOURCE,kabutan,2966.0,,,2026-08-31T01:12:18.540209+09:00
2025-07-29,6647,1846.0,1846.0,1846.0,,200,SINGLE_SOURCE,kabutan,1846.0,,,2026-08-31T01:15:10.658508+09:00
2025-07-29,6904,436.0,437.0,435.0,,7900,SINGLE_SOURCE,kabutan,435.0,,,2026-08-31T01:18:03.239168+09:00
2025-07-29,7093,595.0,598.0,584.0,,2100,SINGLE_SOURCE,kabutan,584.0,,,2026-08-31T01:20:55.466489+09:00
2025-07-29,9344,760.0,761.0,756.0,,3400,SINGLE_SOURCE,kabutan,757.0,,,2026-08-31T01:23:50.902752+09:00
2025-07-30,4440,1348.0,1395.0,1346.0,,22000,SINGLE_SOURCE,kabutan,1395.0,,,2026-08-31T01:00:42.707252+09:00
2025-07-30,4707,372.0,373.0,368.0,,36300,SINGLE_SOURCE,kabutan,370.0,,,2026-08-31T01:03:35.001718+09:00
2025-07-30,5137,415.0,427.0,411.0,,62100,SINGLE_SOURCE,kabutan,427.0,,,2026-08-31T01:06:31.383114+09:00
2025-07-30,5243,1303.0,1310.0,1290.0,,147900,SINGLE_SOURCE,kabutan,1299.0,,,2026-08-31T01:09:25.432385+09:00
2025-07-30,6027,2955.0,2990.0,2926.0,,56700,SINGLE_SOURCE,kabutan,2990.0,,,2026-08-31T01:12:18.540209+09:00
2025-07-30,6647,1836.0,1836.0,1836.0,,100,SINGLE_SOURCE,kabutan,1836.0,,,2026-08-31T01:15:10.658508+09:00
2025-07-30,6904,435.0,437.0,435.0,,4300,SINGLE_SOURCE,kabutan,435.0,,,2026-08-31T01:18:03.239168+09:00
2025-07-30,7093,590.0,590.0,581.0,,1700,SINGLE_SOURCE,kabutan,589.0,,,2026-08-31T01:20:55.466489+09:00
2025-07-30,9344,756.0,763.0,755.0,,1900,SINGLE_SOURCE,kabutan,763.0,,,2026-08-31T01:23:50.902752+09:00
2025-07-31,4440,1395.0,1397.0,1366.0,,17400,SINGLE_SOURCE,kabutan,1377.0,,,2026-08-31T01:00:42.707252+09:00
2025-07-31,4707,372.0,372.0,353.0,,23100,SINGLE_SOURCE,kabutan,365.0,,,2026-08-31T01:03:35.001718+09:00
2025-07-31,5137,427.0,433.0,418.0,,86000,SINGLE_SOURCE,kabutan,431.0,,,2026-08-31T01:06:31.383114+09:00
2025-07-31,5243,1300.0,1321.0,1295.0,,155000,SINGLE_SOURCE,kabutan,1302.0,,,2026-08-31T01:09:25.432385+09:00
2025-07-31,6027,2990.0,3025.0,2976.0,,63000,SINGLE_SOURCE,kabutan,3025.0,,,2026-08-31T01:12:18.540209+09:00
2025-07-31,6647,1836.0,1836.0,1836.0,,0,SINGLE_SOURCE|NO_TRADE,kabutan,1836.0,,,2026-08-31T01:15:10.658508+09:00
2025-07-31,6904,436.0,437.0,435.0,,18200,SINGLE_SOURCE,kabutan,435.0,,,2026-08-31T01:18:03.239168+09:00
2025-07-31,7093,597.0,600.0,595.0,,6700,SINGLE_SOURCE,kabutan,595.0,,,2026-08-31T01:20:55.466489+09:00
2025-07-31,9344,762.0,762.0,752.0,,5400,SINGLE_SOURCE,kabutan,759.0,,,2026-08-31T01:23:50.902752+09:00
2025-08-01,4440,1377.0,1395.0,1373.0,,10900,SINGLE_SOURCE,kabutan,1395.0,,,2026-08-31T01:00:42.707252+09:00
2025-08-01,4707,364.0,368.0,357.0,,10100,SINGLE_SOURCE,kabutan,366.0,,,2026-08-31T01:03:35.001718+09:00
2025-08-01,5137,427.0,429.0,417.0,,46400,SINGLE_SOURCE,kabutan,427.0,,,2026-08-31T01:06:31.383114+09:00
2025-08-01,5243,1300.0,1322.0,1277.0,,178100,SINGLE_SOURCE,kabutan,1317.0,,,2026-08-31T01:09:25.432385+09:00
2025-08-01,6027,3025.0,3065.0,3010.0,,48800,SINGLE_SOURCE,kabutan,3050.0,,,2026-08-31T01:12:18.540209+09:00
2025-08-01,6647,1836.0,1872.0,1832.0,,500,SINGLE_SOURCE,kabutan,1870.0,,,2026-08-31T01:15:10.658508+09:00
2025-08-01,6904,435.0,437.0,435.0,,11500,SINGLE_SOURCE,kabutan,436.0,,,2026-08-31T01:18:03.239168+09:00
2025-08-01,7093,595.0,599.0,595.0,,1000,SINGLE_SOURCE,kabutan,598.0,,,2026-08-31T01:20:55.466489+09:00
2025-08-01,9344,774.0,774.0,761.0,,3400,SINGLE_SOURCE,kabutan,762.0,,,2026-08-31T01:23:50.902752+09:00
2025-08-04,4440,1355.0,1396.0,1354.0,,19600,SINGLE_SOURCE,kabutan,1395.0,,,2026-08-31T01:00:42.707252+09:00
2025-08-04,4707,366.0,368.0,357.0,,42800,SINGLE_SOURCE,kabutan,368.0,,,2026-08-31T01:03:35.001718+09:00
2025-08-04,5137,417.0,431.0,415.0,,59800,SINGLE_SOURCE,kabutan,427.0,,,2026-08-31T01:06:31.383114+09:00
2025-08-04,5243,1298.0,1316.0,1294.0,,160800,SINGLE_SOURCE,kabutan,1301.0,,,2026-08-31T01:09:25.432385+09:00
2025-08-04,6027,3000.0,3040.0,2980.0,,53400,SINGLE_SOURCE,kabutan,3035.0,,,2026-08-31T01:12:18.540209+09:00
2025-08-04,6647,1886.0,1886.0,1886.0,,100,SINGLE_SOURCE,kabutan,1886.0,,,2026-08-31T01:15:10.658508+09:00
2025-08-04,6904,435.0,437.0,435.0,,6300,SINGLE_SOURCE,kabutan,436.0,,,2026-08-31T01:18:03.239168+09:00
2025-08-04,7093,596.0,596.0,583.0,,4600,SINGLE_SOURCE,kabutan,590.0,,,2026-08-31T01:20:55.466489+09:00
2025-08-04,9344,755.0,783.0,755.0,,4000,SINGLE_SOURCE,kabutan,776.0,,,2026-08-31T01:23:50.902752+09:00
2025-08-05,4440,1397.0,1408.0,1393.0,,5600,SINGLE_SOURCE,kabutan,1407.0,,,2026-08-31T01:00:42.707252+09:00
2025-08-05,4707,368.0,373.0,365.0,,26900,SINGLE_SOURCE,kabutan,370.0,,,2026-08-31T01:03:35.001718+09:00
2025-08-05,5137,428.0,451.0,428.0,,166200,SINGLE_SOURCE,kabutan,449.0,,,2026-08-31T01:06:31.383114+09:00
2025-08-05,5243,1306.0,1345.0,1304.0,,224900,SINGLE_SOURCE,kabutan,1333.0,,,2026-08-31T01:09:25.432385+09:00
2025-08-05,6027,3050.0,3095.0,3045.0,,65900,SINGLE_SOURCE,kabutan,3075.0,,,2026-08-31T01:12:18.540209+09:00
2025-08-05,6647,1886.0,1925.0,1885.0,,4400,SINGLE_SOURCE,kabutan,1925.0,,,2026-08-31T01:15:10.658508+09:00
2025-08-05,6904,436.0,438.0,436.0,,15600,SINGLE_SOURCE,kabutan,436.0,,,2026-08-31T01:18:03.239168+09:00
2025-08-05,7093,580.0,584.0,580.0,,3300,SINGLE_SOURCE,kabutan,583.0,,,2026-08-31T01:20:55.466489+09:00
2025-08-05,9344,779.0,779.0,764.0,,4200,SINGLE_SOURCE,kabutan,774.0,,,2026-08-31T01:23:50.902752+09:00
2025-08-06,4440,1408.0,1414.0,1371.0,,13300,SINGLE_SOURCE,kabutan,1374.0,,,2026-08-31T01:00:42.707252+09:00
2025-08-06,4707,368.0,380.0,367.0,,33600,SINGLE_SOURCE,kabutan,373.0,,,2026-08-31T01:03:35.001718+09:00
2025-08-06,5137,449.0,449.0,432.0,,162100,SINGLE_SOURCE,kabutan,444.0,,,2026-08-31T01:06:31.383114+09:00
2025-08-06,5243,1336.0,1366.0,1333.0,,127800,SINGLE_SOURCE,kabutan,1342.0,,,2026-08-31T01:09:25.432385+09:00
2025-08-06,6027,3085.0,3085.0,3000.0,,77400,SINGLE_SOURCE,kabutan,3030.0,,,2026-08-31T01:12:18.540209+09:00
2025-08-06,6647,1919.0,1919.0,1883.0,,800,SINGLE_SOURCE,kabutan,1919.0,,,2026-08-31T01:15:10.658508+09:00
2025-08-06,6904,436.0,438.0,436.0,,11100,SINGLE_SOURCE,kabutan,438.0,,,2026-08-31T01:18:03.239168+09:00
2025-08-06,7093,583.0,600.0,583.0,,5400,SINGLE_SOURCE,kabutan,598.0,,,2026-08-31T01:20:55.466489+09:00
2025-08-06,9344,772.0,780.0,771.0,,4200,SINGLE_SOURCE,kabutan,780.0,,,2026-08-31T01:23:50.902752+09:00
2025-08-07,4440,1375.0,1432.0,1370.0,,23100,SINGLE_SOURCE,kabutan,1394.0,,,2026-08-31T01:00:42.707252+09:00
2025-08-07,4707,372.0,376.0,372.0,,12200,SINGLE_SOURCE,kabutan,374.0,,,2026-08-31T01:03:35.001718+09:00
2025-08-07,5137,450.0,453.0,438.0,,72000,SINGLE_SOURCE,kabutan,444.0,,,2026-08-31T01:06:31.383114+09:00
2025-08-07,5243,1336.0,1385.0,1336.0,,164200,SINGLE_SOURCE,kabutan,1377.0,,,2026-08-31T01:09:25.432385+09:00
2025-08-07,6027,3040.0,3125.0,3040.0,,124500,SINGLE_SOURCE,kabutan,3090.0,,,2026-08-31T01:12:18.540209+09:00
2025-08-07,6647,1917.0,1975.0,1910.0,,4000,SINGLE_SOURCE,kabutan,1975.0,,,2026-08-31T01:15:10.658508+09:00
2025-08-07,6904,438.0,439.0,436.0,,13200,SINGLE_SOURCE,kabutan,439.0,,,2026-08-31T01:18:03.239168+09:00
2025-08-07,7093,593.0,603.0,588.0,,3800,SINGLE_SOURCE,kabutan,603.0,,,2026-08-31T01:20:55.466489+09:00
2025-08-07,9344,789.0,796.0,783.0,,4200,SINGLE_SOURCE,kabutan,796.0,,,2026-08-31T01:23:50.902752+09:00
2025-08-08,4440,1392.0,1395.0,1377.0,,11900,SINGLE_SOURCE,kabutan,1388.0,,,2026-08-31T01:00:42.707252+09:00
2025-08-08,4707,373.0,376.0,368.0,,23700,SINGLE_SOURCE,kabutan,373.0,,,2026-08-31T01:03:35.001718+09:00
2025-08-08,5137,443.0,446.0,416.0,,153400,SINGLE_SOURCE,kabutan,420.0,,,2026-08-31T01:06:31.383114+09:00
2025-08-08,5243,1384.0,1395.0,1367.0,,201900,SINGLE_SOURCE,kabutan,1369.0,,,2026-08-31T01:09:25.432385+09:00
2025-08-08,6027,3090.0,3110.0,3040.0,,80700,SINGLE_SOURCE,kabutan,3075.0,,,2026-08-31T01:12:18.540209+09:00
2025-08-08,6647,1975.0,1975.0,1911.0,,1300,SINGLE_SOURCE,kabutan,1911.0,,,2026-08-31T01:15:10.658508+09:00
2025-08-08,6904,437.0,441.0,437.0,,26300,SINGLE_SOURCE,kabutan,439.0,,,2026-08-31T01:18:03.239168+09:00
2025-08-08,7093,600.0,602.0,594.0,,4700,SINGLE_SOURCE,kabutan,602.0,,,2026-08-31T01:20:55.466489+09:00
2025-08-08,9344,797.0,797.0,787.0,,2200,SINGLE_SOURCE,kabutan,787.0,,,2026-08-31T01:23:50.902752+09:00
2025-08-12,4440,1400.0,1400.0,1349.0,,25200,SINGLE_SOURCE,kabutan,1386.0,,,2026-08-31T01:00:42.707252+09:00
2025-08-12,4707,373.0,377.0,370.0,,27400,SINGLE_SOURCE,kabutan,377.0,,,2026-08-31T01:03:35.001718+09:00
2025-08-12,5137,423.0,453.0,422.0,,258400,SINGLE_SOURCE,kabutan,434.0,,,2026-08-31T01:06:31.383114+09:00
2025-08-12,5243,1370.0,1396.0,1345.0,,249800,SINGLE_SOURCE,kabutan,1347.0,,,2026-08-31T01:09:25.432385+09:00
2025-08-12,6027,3075.0,3090.0,3020.0,,84900,SINGLE_SOURCE,kabutan,3055.0,,,2026-08-31T01:12:18.540209+09:00
2025-08-12,6647,1914.0,1954.0,1914.0,,1800,SINGLE_SOURCE,kabutan,1914.0,,,2026-08-31T01:15:10.658508+09:00
2025-08-12,6904,441.0,443.0,439.0,,30200,SINGLE_SOURCE,kabutan,442.0,,,2026-08-31T01:18:03.239168+09:00
2025-08-12,7093,601.0,604.0,595.0,,12300,SINGLE_SOURCE,kabutan,598.0,,,2026-08-31T01:20:55.466489+09:00
2025-08-12,9344,787.0,795.0,778.0,,7300,SINGLE_SOURCE,kabutan,778.0,,,2026-08-31T01:23:50.902752+09:00
2025-08-13,4440,1380.0,1380.0,1334.0,,17600,SINGLE_SOURCE,kabutan,1350.0,,,2026-08-31T01:00:42.707252+09:00
2025-08-13,4707,378.0,379.0,375.0,,15900,SINGLE_SOURCE,kabutan,376.0,,,2026-08-31T01:03:35.001718+09:00
2025-08-13,5137,436.0,514.0,436.0,,1504600,SINGLE_SOURCE,kabutan,445.0,,,2026-08-31T01:06:31.383114+09:00
2025-08-13,5243,1332.0,1368.0,1326.0,,175100,SINGLE_SOURCE,kabutan,1340.0,,,2026-08-31T01:09:25.432385+09:00
2025-08-13,6027,3090.0,3100.0,3010.0,,289900,SINGLE_SOURCE,kabutan,3080.0,,,2026-08-31T01:12:18.540209+09:00
2025-08-13,6647,1886.0,1886.0,1881.0,,700,SINGLE_SOURCE,kabutan,1881.0,,,2026-08-31T01:15:10.658508+09:00
2025-08-13,6904,482.0,497.0,478.0,,211500,SINGLE_SOURCE,kabutan,482.0,,,2026-08-31T01:18:03.239168+09:00
2025-08-13,7093,599.0,619.0,599.0,,24700,SINGLE_SOURCE,kabutan,613.0,,,2026-08-31T01:20:55.466489+09:00
2025-08-13,9344,782.0,817.0,782.0,,9300,SINGLE_SOURCE,kabutan,817.0,,,2026-08-31T01:23:50.902752+09:00
2025-08-14,4440,1345.0,1350.0,1328.0,,14100,SINGLE_SOURCE,kabutan,1350.0,,,2026-08-31T01:00:42.707252+09:00
2025-08-14,4707,377.0,377.0,373.0,,9400,SINGLE_SOURCE,kabutan,373.0,,,2026-08-31T01:03:35.001718+09:00
2025-08-14,5137,442.0,461.0,431.0,,719200,SINGLE_SOURCE,kabutan,448.0,,,2026-08-31T01:06:31.383114+09:00
2025-08-14,5243,1359.0,1425.0,1327.0,,399100,SINGLE_SOURCE,kabutan,1420.0,,,2026-08-31T01:09:25.432385+09:00
2025-08-14,6027,3410.0,3780.0,3410.0,,1399300,SINGLE_SOURCE,kabutan,3685.0,,,2026-08-31T01:12:18.540209+09:00
2025-08-14,6647,1919.0,1919.0,1862.0,,500,SINGLE_SOURCE,kabutan,1883.0,,,2026-08-31T01:15:10.658508+09:00
2025-08-14,6904,482.0,482.0,466.0,,56000,SINGLE_SOURCE,kabutan,466.0,,,2026-08-31T01:18:03.239168+09:00
2025-08-14,7093,613.0,613.0,600.0,,14600,SINGLE_SOURCE,kabutan,602.0,,,2026-08-31T01:20:55.466489+09:00
2025-08-14,9344,808.0,817.0,782.0,,12700,SINGLE_SOURCE,kabutan,817.0,,,2026-08-31T01:23:50.902752+09:00
2025-08-15,4440,1354.0,1354.0,1315.0,,17300,SINGLE_SOURCE,kabutan,1319.0,,,2026-08-31T01:00:42.707252+09:00
2025-08-15,4707,373.0,384.0,373.0,,39000,SINGLE_SOURCE,kabutan,383.0,,,2026-08-31T01:03:35.001718+09:00
2025-08-15,5137,447.0,456.0,447.0,,201200,SINGLE_SOURCE,kabutan,456.0,,,2026-08-31T01:06:31.383114+09:00
2025-08-15,5243,1435.0,1437.0,1376.0,,263100,SINGLE_SOURCE,kabutan,1378.0,,,2026-08-31T01:09:25.432385+09:00
2025-08-15,6027,3850.0,3895.0,3610.0,,559400,SINGLE_SOURCE,kabutan,3615.0,,,2026-08-31T01:12:18.540209+09:00
2025-08-15,6647,1880.0,1880.0,1878.0,,200,SINGLE_SOURCE,kabutan,1878.0,,,2026-08-31T01:15:10.658508+09:00
2025-08-15,6904,463.0,476.0,463.0,,30800,SINGLE_SOURCE,kabutan,476.0,,,2026-08-31T01:18:03.239168+09:00
2025-08-15,7093,608.0,608.0,600.0,,17700,SINGLE_SOURCE,kabutan,602.0,,,2026-08-31T01:20:55.466489+09:00
2025-08-15,9344,817.0,817.0,809.0,,4800,SINGLE_SOURCE,kabutan,812.0,,,2026-08-31T01:23:50.902752+09:00
2025-08-18,4440,1318.0,1367.0,1318.0,,23300,SINGLE_SOURCE,kabutan,1350.0,,,2026-08-31T01:00:42.707252+09:00
2025-08-18,4707,388.0,391.0,384.0,,70700,SINGLE_SOURCE,kabutan,391.0,,,2026-08-31T01:03:35.001718+09:00
2025-08-18,5137,464.0,479.0,459.0,,324100,SINGLE_SOURCE,kabutan,471.0,,,2026-08-31T01:06:31.383114+09:00
2025-08-18,5243,1407.0,1452.0,1405.0,,339900,SINGLE_SOURCE,kabutan,1434.0,,,2026-08-31T01:09:25.432385+09:00
2025-08-18,6027,3600.0,3715.0,3585.0,,385800,SINGLE_SOURCE,kabutan,3700.0,,,2026-08-31T01:12:18.540209+09:00
2025-08-18,6647,1875.0,1885.0,1875.0,,200,SINGLE_SOURCE,kabutan,1885.0,,,2026-08-31T01:15:10.658508+09:00
2025-08-18,6904,478.0,480.0,471.0,,13600,SINGLE_SOURCE,kabutan,476.0,,,2026-08-31T01:18:03.239168+09:00
2025-08-18,7093,610.0,610.0,598.0,,5200,SINGLE_SOURCE,kabutan,598.0,,,2026-08-31T01:20:55.466489+09:00
2025-08-18,9344,816.0,816.0,801.0,,7700,SINGLE_SOURCE,kabutan,801.0,,,2026-08-31T01:23:50.902752+09:00
2025-08-19,4440,1380.0,1440.0,1380.0,,54500,SINGLE_SOURCE,kabutan,1438.0,,,2026-08-31T01:00:42.707252+09:00
2025-08-19,4707,391.0,391.0,388.0,,10600,SINGLE_SOURCE,kabutan,389.0,,,2026-08-31T01:03:35.001718+09:00
2025-08-19,5137,452.0,492.0,447.0,,491300,SINGLE_SOURCE,kabutan,489.0,,,2026-08-31T01:06:31.383114+09:00
2025-08-19,5243,1430.0,1434.0,1411.0,,136300,SINGLE_SOURCE,kabutan,1420.0,,,2026-08-31T01:09:25.432385+09:00
2025-08-19,6027,3670.0,3675.0,3520.0,,294000,SINGLE_SOURCE,kabutan,3560.0,,,2026-08-31T01:12:18.540209+09:00
2025-08-19,6647,1925.0,1942.0,1925.0,,200,SINGLE_SOURCE,kabutan,1942.0,,,2026-08-31T01:15:10.658508+09:00
2025-08-19,6904,477.0,482.0,475.0,,23500,SINGLE_SOURCE,kabutan,482.0,,,2026-08-31T01:18:03.239168+09:00
2025-08-19,7093,597.0,598.0,593.0,,9600,SINGLE_SOURCE,kabutan,593.0,,,2026-08-31T01:20:55.466489+09:00
2025-08-19,9344,801.0,802.0,791.0,,5900,SINGLE_SOURCE,kabutan,802.0,,,2026-08-31T01:23:50.902752+09:00
2025-08-20,4440,1448.0,1468.0,1386.0,,30400,SINGLE_SOURCE,kabutan,1407.0,,,2026-08-31T01:00:42.707252+09:00
2025-08-20,4707,391.0,391.0,385.0,,12500,SINGLE_SOURCE,kabutan,385.0,,,2026-08-31T01:03:35.001718+09:00
2025-08-20,5137,489.0,510.0,461.0,,439800,SINGLE_SOURCE,kabutan,508.0,,,2026-08-31T01:06:31.383114+09:00
2025-08-20,5243,1469.0,1470.0,1401.0,,601100,SINGLE_SOURCE,kabutan,1405.0,,,2026-08-31T01:09:25.432385+09:00
2025-08-20,6027,3565.0,3565.0,3390.0,,204500,SINGLE_SOURCE,kabutan,3425.0,,,2026-08-31T01:12:18.540209+09:00
2025-08-20,6647,1902.0,1902.0,1902.0,,300,SINGLE_SOURCE,kabutan,1902.0,,,2026-08-31T01:15:10.658508+09:00
2025-08-20,6904,481.0,482.0,480.0,,5100,SINGLE_SOURCE,kabutan,480.0,,,2026-08-31T01:18:03.239168+09:00
2025-08-20,7093,593.0,593.0,577.0,,27000,SINGLE_SOURCE,kabutan,590.0,,,2026-08-31T01:20:55.466489+09:00
2025-08-20,9344,802.0,808.0,798.0,,3200,SINGLE_SOURCE,kabutan,808.0,,,2026-08-31T01:23:50.902752+09:00
2025-08-21,4440,1415.0,1484.0,1415.0,,55100,SINGLE_SOURCE,kabutan,1464.0,,,2026-08-31T01:00:42.707252+09:00
2025-08-21,4707,384.0,393.0,384.0,,26900,SINGLE_SOURCE,kabutan,393.0,,,2026-08-31T01:03:35.001718+09:00
2025-08-21,5137,498.0,509.0,487.0,,250100,SINGLE_SOURCE,kabutan,499.0,,,2026-08-31T01:06:31.383114+09:00
2025-08-21,5243,1402.0,1414.0,1383.0,,176700,SINGLE_SOURCE,kabutan,1385.0,,,2026-08-31T01:09:25.432385+09:00
2025-08-21,6027,3380.0,3405.0,3335.0,,104500,SINGLE_SOURCE,kabutan,3335.0,,,2026-08-31T01:12:18.540209+09:00
2025-08-21,6647,1934.0,1934.0,1894.0,,800,SINGLE_SOURCE,kabutan,1894.0,,,2026-08-31T01:15:10.658508+09:00
2025-08-21,6904,480.0,480.0,478.0,,7500,SINGLE_SOURCE,kabutan,479.0,,,2026-08-31T01:18:03.239168+09:00
2025-08-21,7093,593.0,593.0,570.0,,15200,SINGLE_SOURCE,kabutan,570.0,,,2026-08-31T01:20:55.466489+09:00
2025-08-21,9344,838.0,844.0,817.0,,13300,SINGLE_SOURCE,kabutan,829.0,,,2026-08-31T01:23:50.902752+09:00
2025-08-22,4440,1464.0,1464.0,1422.0,,27800,SINGLE_SOURCE,kabutan,1428.0,,,2026-08-31T01:00:42.707252+09:00
2025-08-22,4707,393.0,394.0,390.0,,18300,SINGLE_SOURCE,kabutan,390.0,,,2026-08-31T01:03:35.001718+09:00
2025-08-22,5137,498.0,506.0,480.0,,235400,SINGLE_SOURCE,kabutan,480.0,,,2026-08-31T01:06:31.383114+09:00
2025-08-22,5243,1392.0,1422.0,1385.0,,161700,SINGLE_SOURCE,kabutan,1387.0,,,2026-08-31T01:09:25.432385+09:00
2025-08-22,6027,3300.0,3310.0,3230.0,,143500,SINGLE_SOURCE,kabutan,3250.0,,,2026-08-31T01:12:18.540209+09:00
2025-08-22,6647,1892.0,1936.0,1892.0,,1000,SINGLE_SOURCE,kabutan,1936.0,,,2026-08-31T01:15:10.658508+09:00
2025-08-22,6904,482.0,482.0,475.0,,9300,SINGLE_SOURCE,kabutan,475.0,,,2026-08-31T01:18:03.239168+09:00
2025-08-22,7093,568.0,586.0,564.0,,7000,SINGLE_SOURCE,kabutan,585.0,,,2026-08-31T01:20:55.466489+09:00
2025-08-22,9344,844.0,844.0,828.0,,6000,SINGLE_SOURCE,kabutan,839.0,,,2026-08-31T01:23:50.902752+09:00
2025-08-25,4440,1428.0,1457.0,1402.0,,21600,SINGLE_SOURCE,kabutan,1402.0,,,2026-08-31T01:00:42.707252+09:00
2025-08-25,4707,395.0,398.0,391.0,,38900,SINGLE_SOURCE,kabutan,393.0,,,2026-08-31T01:03:35.001718+09:00
2025-08-25,5137,486.0,492.0,473.0,,150900,SINGLE_SOURCE,kabutan,479.0,,,2026-08-31T01:06:31.383114+09:00
2025-08-25,5243,1388.0,1392.0,1361.0,,145300,SINGLE_SOURCE,kabutan,1364.0,,,2026-08-31T01:09:25.432385+09:00
2025-08-25,6027,3280.0,3415.0,3275.0,,142800,SINGLE_SOURCE,kabutan,3415.0,,,2026-08-31T01:12:18.540209+09:00
2025-08-25,6647,1936.0,1936.0,1892.0,,1200,SINGLE_SOURCE,kabutan,1892.0,,,2026-08-31T01:15:10.658508+09:00
2025-08-25,6904,476.0,480.0,472.0,,22000,SINGLE_SOURCE,kabutan,474.0,,,2026-08-31T01:18:03.239168+09:00
2025-08-25,7093,582.0,600.0,582.0,,15000,SINGLE_SOURCE,kabutan,592.0,,,2026-08-31T01:20:55.466489+09:00
2025-08-25,9344,848.0,849.0,834.0,,6700,SINGLE_SOURCE,kabutan,834.0,,,2026-08-31T01:23:50.902752+09:00
2025-08-26,4440,1415.0,1433.0,1415.0,,13000,SINGLE_SOURCE,kabutan,1424.0,,,2026-08-31T01:00:42.707252+09:00
2025-08-26,4707,394.0,395.0,388.0,,39200,SINGLE_SOURCE,kabutan,389.0,,,2026-08-31T01:03:35.001718+09:00
2025-08-26,5137,482.0,502.0,477.0,,196000,SINGLE_SOURCE,kabutan,496.0,,,2026-08-31T01:06:31.383114+09:00
2025-08-26,5243,1365.0,1369.0,1352.0,,88300,SINGLE_SOURCE,kabutan,1359.0,,,2026-08-31T01:09:25.432385+09:00
2025-08-26,6027,3400.0,3410.0,3315.0,,97500,SINGLE_SOURCE,kabutan,3355.0,,,2026-08-31T01:12:18.540209+09:00
2025-08-26,6647,1891.0,1909.0,1890.0,,900,SINGLE_SOURCE,kabutan,1909.0,,,2026-08-31T01:15:10.658508+09:00
2025-08-26,6904,474.0,474.0,470.0,,6100,SINGLE_SOURCE,kabutan,472.0,,,2026-08-31T01:18:03.239168+09:00
2025-08-26,7093,598.0,598.0,586.0,,2000,SINGLE_SOURCE,kabutan,595.0,,,2026-08-31T01:20:55.466489+09:00
2025-08-26,9344,834.0,838.0,832.0,,3900,SINGLE_SOURCE,kabutan,832.0,,,2026-08-31T01:23:50.902752+09:00
2025-08-27,4440,1431.0,1431.0,1395.0,,41100,SINGLE_SOURCE,kabutan,1400.0,,,2026-08-31T01:00:42.707252+09:00
2025-08-27,4707,386.0,388.0,385.0,,25700,SINGLE_SOURCE,kabutan,388.0,,,2026-08-31T01:03:35.001718+09:00
2025-08-27,5137,497.0,515.0,492.0,,176400,SINGLE_SOURCE,kabutan,505.0,,,2026-08-31T01:06:31.383114+09:00
2025-08-27,5243,1363.0,1365.0,1333.0,,109900,SINGLE_SOURCE,kabutan,1356.0,,,2026-08-31T01:09:25.432385+09:00
2025-08-27,6027,3380.0,3410.0,3315.0,,135300,SINGLE_SOURCE,kabutan,3360.0,,,2026-08-31T01:12:18.540209+09:00
2025-08-27,6647,1873.0,1873.0,1873.0,,100,SINGLE_SOURCE,kabutan,1873.0,,,2026-08-31T01:15:10.658508+09:00
2025-08-27,6904,472.0,472.0,466.0,,14000,SINGLE_SOURCE,kabutan,466.0,,,2026-08-31T01:18:03.239168+09:00
2025-08-27,7093,588.0,600.0,588.0,,4900,SINGLE_SOURCE,kabutan,591.0,,,2026-08-31T01:20:55.466489+09:00
2025-08-27,9344,832.0,833.0,831.0,,1400,SINGLE_SOURCE,kabutan,833.0,,,2026-08-31T01:23:50.902752+09:00
2025-08-28,4440,1387.0,1428.0,1386.0,,14300,SINGLE_SOURCE,kabutan,1408.0,,,2026-08-31T01:00:42.707252+09:00
2025-08-28,4707,389.0,389.0,375.0,,46400,SINGLE_SOURCE,kabutan,384.0,,,2026-08-31T01:03:35.001718+09:00
2025-08-28,5137,505.0,511.0,495.0,,157100,SINGLE_SOURCE,kabutan,500.0,,,2026-08-31T01:06:31.383114+09:00
2025-08-28,5243,1336.0,1341.0,1320.0,,115900,SINGLE_SOURCE,kabutan,1325.0,,,2026-08-31T01:09:25.432385+09:00
2025-08-28,6027,3340.0,3345.0,3260.0,,106300,SINGLE_SOURCE,kabutan,3260.0,,,2026-08-31T01:12:18.540209+09:00
2025-08-28,6647,1871.0,1875.0,1871.0,,400,SINGLE_SOURCE,kabutan,1875.0,,,2026-08-31T01:15:10.658508+09:00
2025-08-28,6904,466.0,466.0,459.0,,23400,SINGLE_SOURCE,kabutan,462.0,,,2026-08-31T01:18:03.239168+09:00
2025-08-28,7093,591.0,600.0,582.0,,10100,SINGLE_SOURCE,kabutan,590.0,,,2026-08-31T01:20:55.466489+09:00
2025-08-28,9344,846.0,846.0,836.0,,2300,SINGLE_SOURCE,kabutan,836.0,,,2026-08-31T01:23:50.902752+09:00
2025-08-29,4440,1405.0,1418.0,1392.0,,9600,SINGLE_SOURCE,kabutan,1409.0,,,2026-08-31T01:00:42.707252+09:00
2025-08-29,4707,385.0,390.0,375.0,,120400,SINGLE_SOURCE,kabutan,377.0,,,2026-08-31T01:03:35.001718+09:00
2025-08-29,5137,497.0,504.0,477.0,,253000,SINGLE_SOURCE,kabutan,497.0,,,2026-08-31T01:06:31.383114+09:00
2025-08-29,5243,1319.0,1331.0,1303.0,,148000,SINGLE_SOURCE,kabutan,1323.0,,,2026-08-31T01:09:25.432385+09:00
2025-08-29,6027,3270.0,3305.0,3265.0,,76900,SINGLE_SOURCE,kabutan,3285.0,,,2026-08-31T01:12:18.540209+09:00
2025-08-29,6647,1875.0,1875.0,1875.0,,0,SINGLE_SOURCE|NO_TRADE,kabutan,1875.0,,,2026-08-31T01:15:10.658508+09:00
2025-08-29,6904,462.0,462.0,460.0,,5000,SINGLE_SOURCE,kabutan,461.0,,,2026-08-31T01:18:03.239168+09:00
2025-08-29,7093,588.0,600.0,575.0,,19400,SINGLE_SOURCE,kabutan,599.0,,,2026-08-31T01:20:55.466489+09:00
2025-08-29,9344,836.0,842.0,833.0,,4700,SINGLE_SOURCE,kabutan,833.0,,,2026-08-31T01:23:50.902752+09:00
2025-09-01,4440,1413.0,1413.0,1336.0,1348.0,24700,OK,kabutan,1348.0,yahoo_jp,1348.0,2026-08-31T01:00:42.707252+09:00
2025-09-01,4707,377.0,381.0,365.0,378.0,132200,OK,kabutan,378.0,yahoo_jp,378.0,2026-08-31T01:03:35.001718+09:00
2025-09-01,5137,489.0,505.0,482.0,491.0,129700,OK,kabutan,491.0,yahoo_jp,491.0,2026-08-31T01:06:31.383114+09:00
2025-09-01,5243,1320.0,1331.0,1277.0,1297.0,253800,OK,kabutan,1297.0,yahoo_jp,1297.0,2026-08-31T01:09:25.432385+09:00
2025-09-01,6027,3290.0,3440.0,3280.0,3405.0,134600,OK,kabutan,3405.0,yahoo_jp,3405.0,2026-08-31T01:12:18.540209+09:00
2025-09-01,6647,1850.0,1931.0,1850.0,1931.0,700,OK,kabutan,1931.0,yahoo_jp,1931.0,2026-08-31T01:15:10.658508+09:00
2025-09-01,6904,461.0,462.0,460.0,461.0,4000,OK,kabutan,461.0,yahoo_jp,461.0,2026-08-31T01:18:03.239168+09:00
2025-09-01,7093,600.0,604.0,590.0,600.0,9100,OK,kabutan,600.0,yahoo_jp,600.0,2026-08-31T01:20:55.466489+09:00
2025-09-01,9344,841.0,847.0,832.0,833.0,3800,OK,kabutan,833.0,yahoo_jp,833.0,2026-08-31T01:23:50.902752+09:00
2025-09-02,4440,1360.0,1375.0,1348.0,1354.0,12900,OK,kabutan,1354.0,yahoo_jp,1354.0,2026-08-31T01:00:42.707252+09:00
2025-09-02,4707,377.0,377.0,368.0,369.0,44800,OK,kabutan,369.0,yahoo_jp,369.0,2026-08-31T01:03:35.001718+09:00
2025-09-02,5137,494.0,521.0,494.0,509.0,275900,OK,kabutan,509.0,yahoo_jp,509.0,2026-08-31T01:06:31.383114+09:00
2025-09-02,5243,1296.0,1314.0,1280.0,1300.0,169600,OK,kabutan,1300.0,yahoo_jp,1300.0,2026-08-31T01:09:25.432385+09:00
2025-09-02,6027,3410.0,3450.0,3370.0,3405.0,112100,OK,kabutan,3405.0,yahoo_jp,3405.0,2026-08-31T01:12:18.540209+09:00
2025-09-02,6647,1931.0,1931.0,1931.0,,0,SINGLE_SOURCE|NO_TRADE,kabutan,1931.0,,,2026-08-31T01:15:10.658508+09:00
2025-09-02,6904,462.0,466.0,462.0,466.0,8300,OK,kabutan,466.0,yahoo_jp,466.0,2026-08-31T01:18:03.239168+09:00
2025-09-02,7093,597.0,601.0,595.0,599.0,7300,OK,kabutan,599.0,yahoo_jp,599.0,2026-08-31T01:20:55.466489+09:00
2025-09-02,9344,830.0,836.0,826.0,836.0,2000,OK,kabutan,836.0,yahoo_jp,836.0,2026-08-31T01:23:50.902752+09:00
2025-09-03,4440,1355.0,1394.0,1329.0,1335.0,23700,OK,kabutan,1335.0,yahoo_jp,1335.0,2026-08-31T01:00:42.707252+09:00
2025-09-03,4707,369.0,379.0,369.0,372.0,46400,OK,kabutan,372.0,yahoo_jp,372.0,2026-08-31T01:03:35.001718+09:00
2025-09-03,5137,506.0,506.0,481.0,486.0,235000,OK,kabutan,486.0,yahoo_jp,486.0,2026-08-31T01:06:31.383114+09:00
2025-09-03,5243,1286.0,1304.0,1265.0,1270.0,174100,OK,kabutan,1270.0,yahoo_jp,1270.0,2026-08-31T01:09:25.432385+09:00
2025-09-03,6027,3440.0,3515.0,3435.0,3495.0,182400,OK,kabutan,3495.0,yahoo_jp,3495.0,2026-08-31T01:12:18.540209+09:00
2025-09-03,6647,1931.0,1931.0,1931.0,,0,SINGLE_SOURCE|NO_TRADE,kabutan,1931.0,,,2026-08-31T01:15:10.658508+09:00
2025-09-03,6904,466.0,468.0,462.0,462.0,6200,OK,kabutan,462.0,yahoo_jp,462.0,2026-08-31T01:18:03.239168+09:00
2025-09-03,7093,603.0,605.0,592.0,600.0,10700,OK,kabutan,600.0,yahoo_jp,600.0,2026-08-31T01:20:55.466489+09:00
2025-09-03,9344,826.0,826.0,808.0,808.0,7300,OK,kabutan,808.0,yahoo_jp,808.0,2026-08-31T01:23:50.902752+09:00
2025-09-04,4440,1334.0,1335.0,1303.0,1322.0,13000,OK,kabutan,1322.0,yahoo_jp,1322.0,2026-08-31T01:00:42.707252+09:00
2025-09-04,4707,375.0,376.0,371.0,375.0,10800,OK,kabutan,375.0,yahoo_jp,375.0,2026-08-31T01:03:35.001718+09:00
2025-09-04,5137,487.0,498.0,486.0,492.0,114600,OK,kabutan,492.0,yahoo_jp,492.0,2026-08-31T01:06:31.383114+09:00
2025-09-04,5243,1282.0,1293.0,1271.0,1277.0,95200,OK,kabutan,1277.0,yahoo_jp,1277.0,2026-08-31T01:09:25.432385+09:00
2025-09-04,6027,3530.0,3655.0,3530.0,3625.0,175500,OK,kabutan,3625.0,yahoo_jp,3625.0,2026-08-31T01:12:18.540209+09:00
2025-09-04,6647,1931.0,1931.0,1931.0,,0,SINGLE_SOURCE|NO_TRADE,kabutan,1931.0,,,2026-08-31T01:15:10.658508+09:00
2025-09-04,6904,464.0,467.0,463.0,467.0,6900,OK,kabutan,467.0,yahoo_jp,467.0,2026-08-31T01:18:03.239168+09:00
2025-09-04,7093,600.0,609.0,595.0,609.0,10600,OK,kabutan,609.0,yahoo_jp,609.0,2026-08-31T01:20:55.466489+09:00
2025-09-04,9344,808.0,829.0,808.0,829.0,2100,OK,kabutan,829.0,yahoo_jp,829.0,2026-08-31T01:23:50.902752+09:00
2025-09-05,4440,1323.0,1339.0,1307.0,1325.0,17000,OK,kabutan,1325.0,yahoo_jp,1325.0,2026-08-31T01:00:42.707252+09:00
2025-09-05,4707,374.0,378.0,367.0,378.0,43700,OK,kabutan,378.0,yahoo_jp,378.0,2026-08-31T01:03:35.001718+09:00
2025-09-05,5137,489.0,492.0,478.0,487.0,158900,OK,kabutan,487.0,yahoo_jp,487.0,2026-08-31T01:06:31.383114+09:00
2025-09-05,5243,1270.0,1281.0,1248.0,1249.0,192200,OK,kabutan,1249.0,yahoo_jp,1249.0,2026-08-31T01:09:25.432385+09:00
2025-09-05,6027,3610.0,3765.0,3580.0,3725.0,219100,OK,kabutan,3725.0,yahoo_jp,3725.0,2026-08-31T01:12:18.540209+09:00
2025-09-05,6647,1931.0,1931.0,1931.0,,0,SINGLE_SOURCE|NO_TRADE,kabutan,1931.0,,,2026-08-31T01:15:10.658508+09:00
2025-09-05,6904,467.0,469.0,464.0,469.0,7300,OK,kabutan,469.0,yahoo_jp,469.0,2026-08-31T01:18:03.239168+09:00
2025-09-05,7093,605.0,605.0,593.0,602.0,5300,OK,kabutan,602.0,yahoo_jp,602.0,2026-08-31T01:20:55.466489+09:00
2025-09-05,9344,829.0,829.0,829.0,,0,SINGLE_SOURCE|NO_TRADE,kabutan,829.0,,,2026-08-31T01:23:50.902752+09:00
2025-09-08,4440,1328.0,1358.0,1328.0,1345.0,6500,OK,kabutan,1345.0,yahoo_jp,1345.0,2026-08-31T01:00:42.707252+09:00
2025-09-08,4707,376.0,376.0,372.0,372.0,18300,OK,kabutan,372.0,yahoo_jp,372.0,2026-08-31T01:03:35.001718+09:00
2025-09-08,5137,491.0,506.0,489.0,496.0,145700,OK,kabutan,496.0,yahoo_jp,496.0,2026-08-31T01:06:31.383114+09:00
2025-09-08,5243,1268.0,1298.0,1260.0,1291.0,145200,OK,kabutan,1291.0,yahoo_jp,1291.0,2026-08-31T01:09:25.432385+09:00
2025-09-08,6027,3705.0,3775.0,3650.0,3750.0,246600,OK,kabutan,3750.0,yahoo_jp,3750.0,2026-08-31T01:12:18.540209+09:00
2025-09-08,6647,1922.0,1922.0,1902.0,1902.0,200,OK,kabutan,1902.0,yahoo_jp,1902.0,2026-08-31T01:15:10.658508+09:00
2025-09-08,6904,466.0,471.0,464.0,471.0,12600,OK,kabutan,471.0,yahoo_jp,471.0,2026-08-31T01:18:03.239168+09:00
2025-09-08,7093,632.0,660.0,616.0,625.0,68900,OK,kabutan,625.0,yahoo_jp,625.0,2026-08-31T01:20:55.466489+09:00
2025-09-08,9344,814.0,831.0,814.0,821.0,2800,OK,kabutan,821.0,yahoo_jp,821.0,2026-08-31T01:23:50.902752+09:00
2025-09-09,4440,1350.0,1369.0,1326.0,1334.0,11000,OK,kabutan,1334.0,yahoo_jp,1334.0,2026-08-31T01:00:42.707252+09:00
2025-09-09,4707,371.0,372.0,369.0,369.0,18600,OK,kabutan,369.0,yahoo_jp,369.0,2026-08-31T01:03:35.001718+09:00
2025-09-09,5137,500.0,510.0,491.0,497.0,120400,OK,kabutan,497.0,yahoo_jp,497.0,2026-08-31T01:06:31.383114+09:00
2025-09-09,5243,1301.0,1331.0,1301.0,1320.0,186500,OK,kabutan,1320.0,yahoo_jp,1320.0,2026-08-31T01:09:25.432385+09:00
2025-09-09,6027,3770.0,3775.0,3515.0,3560.0,285700,OK,kabutan,3560.0,yahoo_jp,3560.0,2026-08-31T01:12:18.540209+09:00
2025-09-09,6647,1882.0,1922.0,1882.0,1922.0,200,OK,kabutan,1922.0,yahoo_jp,1922.0,2026-08-31T01:15:10.658508+09:00
2025-09-09,6904,469.0,471.0,468.0,469.0,6000,OK,kabutan,469.0,yahoo_jp,469.0,2026-08-31T01:18:03.239168+09:00
2025-09-09,7093,665.0,715.0,642.0,685.0,273000,OK,kabutan,685.0,yahoo_jp,685.0,2026-08-31T01:20:55.466489+09:00
2025-09-09,9344,819.0,835.0,819.0,835.0,2400,OK,kabutan,835.0,yahoo_jp,835.0,2026-08-31T01:23:50.902752+09:00
2025-09-10,4440,1337.0,1355.0,1328.0,1348.0,6800,OK,kabutan,1348.0,yahoo_jp,1348.0,2026-08-31T01:00:42.707252+09:00
2025-09-10,4707,368.0,370.0,368.0,370.0,8800,OK,kabutan,370.0,yahoo_jp,370.0,2026-08-31T01:03:35.001718+09:00
2025-09-10,5137,497.0,502.0,483.0,498.0,130000,OK,kabutan,498.0,yahoo_jp,498.0,2026-08-31T01:06:31.383114+09:00
2025-09-10,5243,1340.0,1342.0,1302.0,1321.0,135800,OK,kabutan,1321.0,yahoo_jp,1321.0,2026-08-31T01:09:25.432385+09:00
2025-09-10,6027,3615.0,3735.0,3560.0,3720.0,287700,OK,kabutan,3720.0,yahoo_jp,3720.0,2026-08-31T01:12:18.540209+09:00
2025-09-10,6647,1922.0,1927.0,1905.0,1927.0,1400,OK,kabutan,1927.0,yahoo_jp,1927.0,2026-08-31T01:15:10.658508+09:00
2025-09-10,6904,469.0,470.0,467.0,467.0,4700,OK,kabutan,467.0,yahoo_jp,467.0,2026-08-31T01:18:03.239168+09:00
2025-09-10,7093,684.0,684.0,636.0,643.0,46500,OK,kabutan,643.0,yahoo_jp,643.0,2026-08-31T01:20:55.466489+09:00
2025-09-10,9344,835.0,842.0,835.0,842.0,3300,OK,kabutan,842.0,yahoo_jp,842.0,2026-08-31T01:23:50.902752+09:00
2025-09-11,4440,1356.0,1379.0,1343.0,1361.0,9600,OK,kabutan,1361.0,yahoo_jp,1361.0,2026-08-31T01:00:42.707252+09:00
2025-09-11,4707,371.0,374.0,369.0,371.0,4300,OK,kabutan,371.0,yahoo_jp,371.0,2026-08-31T01:03:35.001718+09:00
2025-09-11,5137,500.0,506.0,492.0,497.0,175000,OK,kabutan,497.0,yahoo_jp,497.0,2026-08-31T01:06:31.383114+09:00
2025-09-11,5243,1336.0,1339.0,1272.0,1285.0,140000,OK,kabutan,1285.0,yahoo_jp,1285.0,2026-08-31T01:09:25.432385+09:00
2025-09-11,6027,3755.0,3760.0,3600.0,3680.0,163700,OK,kabutan,3680.0,yahoo_jp,3680.0,2026-08-31T01:12:18.540209+09:00
2025-09-11,6647,1930.0,1946.0,1930.0,1946.0,300,OK,kabutan,1946.0,yahoo_jp,1946.0,2026-08-31T01:15:10.658508+09:00
2025-09-11,6904,468.0,468.0,463.0,465.0,12200,OK,kabutan,465.0,yahoo_jp,465.0,2026-08-31T01:18:03.239168+09:00
2025-09-11,7093,641.0,657.0,620.0,621.0,21900,OK,kabutan,621.0,yahoo_jp,621.0,2026-08-31T01:20:55.466489+09:00
2025-09-11,9344,842.0,842.0,830.0,839.0,3600,OK,kabutan,839.0,yahoo_jp,839.0,2026-08-31T01:23:50.902752+09:00
2025-09-12,4440,1351.0,1351.0,1283.0,1305.0,30700,OK,kabutan,1305.0,yahoo_jp,1305.0,2026-08-31T01:00:42.707252+09:00
2025-09-12,4707,370.0,371.0,369.0,369.0,17300,OK,kabutan,369.0,yahoo_jp,369.0,2026-08-31T01:03:35.001718+09:00
2025-09-12,5137,505.0,505.0,485.0,485.0,174700,OK,kabutan,485.0,yahoo_jp,485.0,2026-08-31T01:06:31.383114+09:00
2025-09-12,5243,1312.0,1313.0,1273.0,1278.0,150000,OK,kabutan,1278.0,yahoo_jp,1278.0,2026-08-31T01:09:25.432385+09:00
2025-09-12,6027,3730.0,3730.0,3570.0,3610.0,133200,OK,kabutan,3610.0,yahoo_jp,3610.0,2026-08-31T01:12:18.540209+09:00
2025-09-12,6647,1946.0,1946.0,1946.0,,0,SINGLE_SOURCE|NO_TRADE,kabutan,1946.0,,,2026-08-31T01:15:10.658508+09:00
2025-09-12,6904,463.0,468.0,463.0,467.0,11000,OK,kabutan,467.0,yahoo_jp,467.0,2026-08-31T01:18:03.239168+09:00
2025-09-12,7093,630.0,680.0,630.0,672.0,80300,OK,kabutan,672.0,yahoo_jp,672.0,2026-08-31T01:20:55.466489+09:00
2025-09-12,9344,839.0,848.0,839.0,848.0,2200,OK,kabutan,848.0,yahoo_jp,848.0,2026-08-31T01:23:50.902752+09:00
2025-09-16,4440,1305.0,1305.0,1264.0,1284.0,28500,OK,kabutan,1284.0,yahoo_jp,1284.0,2026-08-31T01:00:42.707252+09:00
2025-09-16,4707,369.0,370.0,368.0,370.0,7100,OK,kabutan,370.0,yahoo_jp,370.0,2026-08-31T01:03:35.001718+09:00
2025-09-16,5137,487.0,499.0,485.0,489.0,134800,OK,kabutan,489.0,yahoo_jp,489.0,2026-08-31T01:06:31.383114+09:00
2025-09-16,5243,1277.0,1294.0,1273.0,1284.0,78100,OK,kabutan,1284.0,yahoo_jp,1284.0,2026-08-31T01:09:25.432385+09:00
2025-09-16,6027,3550.0,3565.0,3460.0,3480.0,180400,OK,kabutan,3480.0,yahoo_jp,3480.0,2026-08-31T01:12:18.540209+09:00
2025-09-16,6647,1945.0,1945.0,1945.0,1945.0,100,OK,kabutan,1945.0,yahoo_jp,1945.0,2026-08-31T01:15:10.658508+09:00
2025-09-16,6904,468.0,468.0,466.0,466.0,5100,OK,kabutan,466.0,yahoo_jp,466.0,2026-08-31T01:18:03.239168+09:00
2025-09-16,7093,672.0,696.0,665.0,679.0,26200,OK,kabutan,679.0,yahoo_jp,679.0,2026-08-31T01:20:55.466489+09:00
2025-09-16,9344,847.0,853.0,823.0,845.0,4600,OK,kabutan,845.0,yahoo_jp,845.0,2026-08-31T01:23:50.902752+09:00
2025-09-17,4440,1284.0,1297.0,1274.0,1297.0,5900,OK,kabutan,1297.0,yahoo_jp,1297.0,2026-08-31T01:00:42.707252+09:00
2025-09-17,4707,373.0,373.0,367.0,368.0,7200,OK,kabutan,368.0,yahoo_jp,368.0,2026-08-31T01:03:35.001718+09:00
2025-09-17,5137,494.0,500.0,485.0,486.0,108200,OK,kabutan,486.0,yahoo_jp,486.0,2026-08-31T01:06:31.383114+09:00
2025-09-17,5243,1272.0,1280.0,1264.0,1274.0,77800,OK,kabutan,1274.0,yahoo_jp,1274.0,2026-08-31T01:09:25.432385+09:00
2025-09-17,6027,3500.0,3515.0,3415.0,3430.0,120500,OK,kabutan,3430.0,yahoo_jp,3430.0,2026-08-31T01:12:18.540209+09:00
2025-09-17,6647,1945.0,1945.0,1945.0,,0,SINGLE_SOURCE|NO_TRADE,kabutan,1945.0,,,2026-08-31T01:15:10.658508+09:00
2025-09-17,6904,467.0,467.0,465.0,467.0,4700,OK,kabutan,467.0,yahoo_jp,467.0,2026-08-31T01:18:03.239168+09:00
2025-09-17,7093,689.0,689.0,650.0,652.0,16200,OK,kabutan,652.0,yahoo_jp,652.0,2026-08-31T01:20:55.466489+09:00
2025-09-17,9344,830.0,839.0,826.0,836.0,2600,OK,kabutan,836.0,yahoo_jp,836.0,2026-08-31T01:23:50.902752+09:00
2025-09-18,4440,1304.0,1305.0,1280.0,1302.0,14900,OK,kabutan,1302.0,yahoo_jp,1302.0,2026-08-31T01:00:42.707252+09:00
2025-09-18,4707,369.0,370.0,368.0,370.0,12000,OK,kabutan,370.0,yahoo_jp,370.0,2026-08-31T01:03:35.001718+09:00
2025-09-18,5137,485.0,491.0,481.0,482.0,144500,OK,kabutan,482.0,yahoo_jp,482.0,2026-08-31T01:06:31.383114+09:00
2025-09-18,5243,1273.0,1357.0,1273.0,1325.0,287600,OK,kabutan,1325.0,yahoo_jp,1325.0,2026-08-31T01:09:25.432385+09:00
2025-09-18,6027,3410.0,3430.0,3360.0,3375.0,131100,OK,kabutan,3375.0,yahoo_jp,3375.0,2026-08-31T01:12:18.540209+09:00
2025-09-18,6647,1945.0,1945.0,1945.0,,0,SINGLE_SOURCE|NO_TRADE,kabutan,1945.0,,,2026-08-31T01:15:10.658508+09:00
2025-09-18,6904,467.0,473.0,465.0,473.0,16900,OK,kabutan,473.0,yahoo_jp,473.0,2026-08-31T01:18:03.239168+09:00
2025-09-18,7093,632.0,636.0,610.0,620.0,46800,OK,kabutan,620.0,yahoo_jp,620.0,2026-08-31T01:20:55.466489+09:00
2025-09-18,9344,831.0,858.0,831.0,858.0,13900,OK,kabutan,858.0,yahoo_jp,858.0,2026-08-31T01:23:50.902752+09:00
2025-09-19,4440,1299.0,1299.0,1197.0,1237.0,96000,OK,kabutan,1237.0,yahoo_jp,1237.0,2026-08-31T01:00:42.707252+09:00
2025-09-19,4707,370.0,372.0,369.0,370.0,18600,OK,kabutan,370.0,yahoo_jp,370.0,2026-08-31T01:03:35.001718+09:00
2025-09-19,5137,481.0,482.0,460.0,473.0,273700,OK,kabutan,473.0,yahoo_jp,473.0,2026-08-31T01:06:31.383114+09:00
2025-09-19,5243,1346.0,1366.0,1296.0,1357.0,238300,OK,kabutan,1357.0,yahoo_jp,1357.0,2026-08-31T01:09:25.432385+09:00
2025-09-19,6027,3415.0,3440.0,3310.0,3370.0,152300,OK,kabutan,3370.0,yahoo_jp,3370.0,2026-08-31T01:12:18.540209+09:00
2025-09-19,6647,1946.0,1946.0,1946.0,1946.0,200,OK,kabutan,1946.0,yahoo_jp,1946.0,2026-08-31T01:15:10.658508+09:00
2025-09-19,6904,474.0,479.0,471.0,472.0,17600,OK,kabutan,472.0,yahoo_jp,472.0,2026-08-31T01:18:03.239168+09:00
2025-09-19,7093,626.0,652.0,622.0,626.0,29100,OK,kabutan,626.0,yahoo_jp,626.0,2026-08-31T01:20:55.466489+09:00
2025-09-19,9344,858.0,866.0,858.0,865.0,14000,OK,kabutan,865.0,yahoo_jp,865.0,2026-08-31T01:23:50.902752+09:00
2025-09-22,4440,1250.0,1319.0,1250.0,1315.0,40700,OK,kabutan,1315.0,yahoo_jp,1315.0,2026-08-31T01:00:42.707252+09:00
2025-09-22,4707,369.0,372.0,368.0,370.0,6600,OK,kabutan,370.0,yahoo_jp,370.0,2026-08-31T01:03:35.001718+09:00
2025-09-22,5137,477.0,492.0,474.0,474.0,134400,OK,kabutan,474.0,yahoo_jp,474.0,2026-08-31T01:06:31.383114+09:00
2025-09-22,5243,1376.0,1404.0,1352.0,1355.0,213200,OK,kabutan,1355.0,yahoo_jp,1355.0,2026-08-31T01:09:25.432385+09:00
2025-09-22,6027,3430.0,3470.0,3410.0,3420.0,90900,OK,kabutan,3420.0,yahoo_jp,3420.0,2026-08-31T01:12:18.540209+09:00
2025-09-22,6647,1946.0,1946.0,1933.0,1940.0,500,OK,kabutan,1940.0,yahoo_jp,1940.0,2026-08-31T01:15:10.658508+09:00
2025-09-22,6904,472.0,473.0,468.0,468.0,14100,OK,kabutan,468.0,yahoo_jp,468.0,2026-08-31T01:18:03.239168+09:00
2025-09-22,7093,623.0,726.0,623.0,726.0,310400,OK,kabutan,726.0,yahoo_jp,726.0,2026-08-31T01:20:55.466489+09:00
2025-09-22,9344,891.0,891.0,851.0,866.0,9500,OK,kabutan,866.0,yahoo_jp,866.0,2026-08-31T01:23:50.902752+09:00
2025-09-24,4440,1329.0,1330.0,1268.0,1296.0,23500,OK,kabutan,1296.0,yahoo_jp,1296.0,2026-08-31T01:00:42.707252+09:00
2025-09-24,4707,371.0,374.0,371.0,373.0,5900,OK,kabutan,373.0,yahoo_jp,373.0,2026-08-31T01:03:35.001718+09:00
2025-09-24,5137,474.0,475.0,466.0,472.0,137600,OK,kabutan,472.0,yahoo_jp,472.0,2026-08-31T01:06:31.383114+09:00
2025-09-24,5243,1355.0,1355.0,1311.0,1313.0,143900,OK,kabutan,1313.0,yahoo_jp,1313.0,2026-08-31T01:09:25.432385+09:00
2025-09-24,6027,3360.0,3360.0,3260.0,3260.0,149800,OK,kabutan,3260.0,yahoo_jp,3260.0,2026-08-31T01:12:18.540209+09:00
2025-09-24,6647,1960.0,1966.0,1960.0,1965.0,1300,OK,kabutan,1965.0,yahoo_jp,1965.0,2026-08-31T01:15:10.658508+09:00
2025-09-24,6904,476.0,476.0,469.0,474.0,8900,OK,kabutan,474.0,yahoo_jp,474.0,2026-08-31T01:18:03.239168+09:00
2025-09-24,7093,800.0,876.0,761.0,876.0,709100,OK,kabutan,876.0,yahoo_jp,876.0,2026-08-31T01:20:55.466489+09:00
2025-09-24,9344,866.0,894.0,861.0,890.0,6200,OK,kabutan,890.0,yahoo_jp,890.0,2026-08-31T01:23:50.902752+09:00
2025-09-25,4440,1300.0,1304.0,1277.0,1288.0,5700,OK,kabutan,1288.0,yahoo_jp,1288.0,2026-08-31T01:00:42.707252+09:00
2025-09-25,4707,374.0,378.0,373.0,374.0,12900,OK,kabutan,374.0,yahoo_jp,374.0,2026-08-31T01:03:35.001718+09:00
2025-09-25,5137,470.0,472.0,463.0,463.0,120700,OK,kabutan,463.0,yahoo_jp,463.0,2026-08-31T01:06:31.383114+09:00
2025-09-25,5243,1329.0,1329.0,1291.0,1291.0,93600,OK,kabutan,1291.0,yahoo_jp,1291.0,2026-08-31T01:09:25.432385+09:00
2025-09-25,6027,3260.0,3300.0,3220.0,3235.0,140900,OK,kabutan,3235.0,yahoo_jp,3235.0,2026-08-31T01:12:18.540209+09:00
2025-09-25,6647,1973.0,1976.0,1972.0,1972.0,1500,OK,kabutan,1972.0,yahoo_jp,1972.0,2026-08-31T01:15:10.658508+09:00
2025-09-25,6904,472.0,474.0,471.0,472.0,2600,OK,kabutan,472.0,yahoo_jp,472.0,2026-08-31T01:18:03.239168+09:00
2025-09-25,7093,915.0,915.0,732.0,754.0,906200,OK,kabutan,754.0,yahoo_jp,754.0,2026-08-31T01:20:55.466489+09:00
2025-09-25,9344,895.0,906.0,879.0,898.0,16700,OK,kabutan,898.0,yahoo_jp,898.0,2026-08-31T01:23:50.902752+09:00
2025-09-26,4440,1288.0,1315.0,1288.0,1307.0,21300,OK,kabutan,1307.0,yahoo_jp,1307.0,2026-08-31T01:00:42.707252+09:00
2025-09-26,4707,377.0,379.0,366.0,373.0,36100,OK,kabutan,373.0,yahoo_jp,373.0,2026-08-31T01:03:35.001718+09:00
2025-09-26,5137,461.0,474.0,461.0,470.0,120700,OK,kabutan,470.0,yahoo_jp,470.0,2026-08-31T01:06:31.383114+09:00
2025-09-26,5243,1275.0,1299.0,1274.0,1285.0,115000,OK,kabutan,1285.0,yahoo_jp,1285.0,2026-08-31T01:09:25.432385+09:00
2025-09-26,6027,3240.0,3380.0,3220.0,3310.0,234200,OK,kabutan,3310.0,yahoo_jp,3310.0,2026-08-31T01:12:18.540209+09:00
2025-09-26,6647,1976.0,1977.0,1948.0,1974.0,1300,OK,kabutan,1974.0,yahoo_jp,1974.0,2026-08-31T01:15:10.658508+09:00
2025-09-26,6904,472.0,475.0,471.0,473.0,8300,OK,kabutan,473.0,yahoo_jp,473.0,2026-08-31T01:18:03.239168+09:00
2025-09-26,7093,711.0,712.0,652.0,663.0,219700,OK,kabutan,663.0,yahoo_jp,663.0,2026-08-31T01:20:55.466489+09:00
2025-09-26,9344,888.0,888.0,877.0,883.0,900,OK,kabutan,883.0,yahoo_jp,883.0,2026-08-31T01:23:50.902752+09:00
2025-09-29,4440,1302.0,1330.0,1282.0,1282.0,12000,OK,kabutan,1282.0,yahoo_jp,1282.0,2026-08-31T01:00:42.707252+09:00
2025-09-29,4707,377.0,378.0,374.0,374.0,10100,OK,kabutan,374.0,yahoo_jp,374.0,2026-08-31T01:03:35.001718+09:00
2025-09-29,5137,472.0,480.0,465.0,465.0,137000,OK,kabutan,465.0,yahoo_jp,465.0,2026-08-31T01:06:31.383114+09:00
2025-09-29,5243,1296.0,1300.0,1269.0,1272.0,135200,OK,kabutan,1272.0,yahoo_jp,1272.0,2026-08-31T01:09:25.432385+09:00
2025-09-29,6027,3340.0,3370.0,3225.0,3230.0,160300,OK,kabutan,3230.0,yahoo_jp,3230.0,2026-08-31T01:12:18.540209+09:00
2025-09-29,6647,1980.0,2000.0,1980.0,2000.0,3300,OK,kabutan,2000.0,yahoo_jp,2000.0,2026-08-31T01:15:10.658508+09:00
2025-09-29,6904,470.0,474.0,470.0,473.0,3700,OK,kabutan,473.0,yahoo_jp,473.0,2026-08-31T01:18:03.239168+09:00
2025-09-29,7093,665.0,673.0,620.0,629.0,201000,OK,kabutan,629.0,yahoo_jp,629.0,2026-08-31T01:20:55.466489+09:00
2025-09-29,9344,883.0,903.0,883.0,900.0,5700,OK,kabutan,900.0,yahoo_jp,900.0,2026-08-31T01:23:50.902752+09:00
2025-09-30,4440,1291.0,1291.0,1256.0,1256.0,10100,OK,kabutan,1256.0,yahoo_jp,1256.0,2026-08-31T01:00:42.707252+09:00
2025-09-30,4707,375.0,376.0,371.0,371.0,6700,OK,kabutan,371.0,yahoo_jp,371.0,2026-08-31T01:03:35.001718+09:00
2025-09-30,5137,473.0,480.0,466.0,468.0,113400,OK,kabutan,468.0,yahoo_jp,468.0,2026-08-31T01:06:31.383114+09:00
2025-09-30,5243,1262.0,1265.0,1184.0,1233.0,391700,OK,kabutan,1233.0,yahoo_jp,1233.0,2026-08-31T01:09:25.432385+09:00
2025-09-30,6027,3230.0,3230.0,3140.0,3140.0,126300,OK,kabutan,3140.0,yahoo_jp,3140.0,2026-08-31T01:12:18.540209+09:00
2025-09-30,6647,2000.0,2000.0,2000.0,2000.0,1700,OK,kabutan,2000.0,yahoo_jp,2000.0,2026-08-31T01:15:10.658508+09:00
2025-09-30,6904,473.0,473.0,469.0,469.0,5800,OK,kabutan,469.0,yahoo_jp,469.0,2026-08-31T01:18:03.239168+09:00
2025-09-30,7093,635.0,636.0,614.0,625.0,51000,OK,kabutan,625.0,yahoo_jp,625.0,2026-08-31T01:20:55.466489+09:00
2025-09-30,9344,905.0,918.0,905.0,905.0,11200,OK,kabutan,905.0,yahoo_jp,905.0,2026-08-31T01:23:50.902752+09:00
2025-10-01,4440,1250.0,1257.0,1200.0,1214.0,33200,OK,kabutan,1214.0,yahoo_jp,1214.0,2026-08-31T01:00:42.707252+09:00
2025-10-01,4707,375.0,375.0,363.0,363.0,14100,OK,kabutan,363.0,yahoo_jp,363.0,2026-08-31T01:03:35.001718+09:00
2025-10-01,5137,468.0,472.0,449.0,451.0,190700,OK,kabutan,451.0,yahoo_jp,451.0,2026-08-31T01:06:31.383114+09:00
2025-10-01,5243,1220.0,1223.0,1192.0,1197.0,196800,OK,kabutan,1197.0,yahoo_jp,1197.0,2026-08-31T01:09:25.432385+09:00
2025-10-01,6027,3110.0,3110.0,3030.0,3070.0,142600,OK,kabutan,3070.0,yahoo_jp,3070.0,2026-08-31T01:12:18.540209+09:00
2025-10-01,6647,2000.0,2027.0,2000.0,2005.0,800,OK,kabutan,2005.0,yahoo_jp,2005.0,2026-08-31T01:15:10.658508+09:00
2025-10-01,6904,469.0,470.0,465.0,465.0,9000,OK,kabutan,465.0,yahoo_jp,465.0,2026-08-31T01:18:03.239168+09:00
2025-10-01,7093,621.0,622.0,605.0,606.0,39800,OK,kabutan,606.0,yahoo_jp,606.0,2026-08-31T01:20:55.466489+09:00
2025-10-01,9344,918.0,918.0,885.0,885.0,7300,OK,kabutan,885.0,yahoo_jp,885.0,2026-08-31T01:23:50.902752+09:00
2025-10-02,4440,1220.0,1236.0,1201.0,1204.0,11400,OK,kabutan,1204.0,yahoo_jp,1204.0,2026-08-31T01:00:42.707252+09:00
2025-10-02,4707,364.0,364.0,355.0,355.0,9000,OK,kabutan,355.0,yahoo_jp,355.0,2026-08-31T01:03:35.001718+09:00
2025-10-02,5137,455.0,467.0,440.0,447.0,156100,OK,kabutan,447.0,yahoo_jp,447.0,2026-08-31T01:06:31.383114+09:00
2025-10-02,5243,1196.0,1215.0,1166.0,1170.0,152200,OK,kabutan,1170.0,yahoo_jp,1170.0,2026-08-31T01:09:25.432385+09:00
2025-10-02,6027,3115.0,3160.0,3030.0,3045.0,150900,OK,kabutan,3045.0,yahoo_jp,3045.0,2026-08-31T01:12:18.540209+09:00
2025-10-02,6647,2010.0,2028.0,1993.0,1993.0,900,OK,kabutan,1993.0,yahoo_jp,1993.0,2026-08-31T01:15:10.658508+09:00
2025-10-02,6904,463.0,469.0,463.0,463.0,2900,OK,kabutan,463.0,yahoo_jp,463.0,2026-08-31T01:18:03.239168+09:00
2025-10-02,7093,610.0,689.0,610.0,674.0,384800,OK,kabutan,674.0,yahoo_jp,674.0,2026-08-31T01:20:55.466489+09:00
2025-10-02,9344,883.0,895.0,875.0,880.0,2900,OK,kabutan,880.0,yahoo_jp,880.0,2026-08-31T01:23:50.902752+09:00
2025-10-03,4440,1204.0,1237.0,1202.0,1228.0,11000,OK,kabutan,1228.0,yahoo_jp,1228.0,2026-08-31T01:00:42.707252+09:00
2025-10-03,4707,356.0,359.0,351.0,352.0,13400,OK,kabutan,352.0,yahoo_jp,352.0,2026-08-31T01:03:35.001718+09:00
2025-10-03,5137,447.0,458.0,447.0,452.0,110600,OK,kabutan,452.0,yahoo_jp,452.0,2026-08-31T01:06:31.383114+09:00
2025-10-03,5243,1153.0,1201.0,1152.0,1190.0,108700,OK,kabutan,1190.0,yahoo_jp,1190.0,2026-08-31T01:09:25.432385+09:00
2025-10-03,6027,3050.0,3100.0,3025.0,3045.0,94800,OK,kabutan,3045.0,yahoo_jp,3045.0,2026-08-31T01:12:18.540209+09:00
2025-10-03,6647,2000.0,2050.0,1972.0,1996.0,1900,OK,kabutan,1996.0,yahoo_jp,1996.0,2026-08-31T01:15:10.658508+09:00
2025-10-03,6904,463.0,464.0,461.0,462.0,5000,OK,kabutan,462.0,yahoo_jp,462.0,2026-08-31T01:18:03.239168+09:00
2025-10-03,7093,684.0,684.0,622.0,650.0,229300,OK,kabutan,650.0,yahoo_jp,650.0,2026-08-31T01:20:55.466489+09:00
2025-10-03,9344,876.0,895.0,875.0,875.0,4100,OK,kabutan,875.0,yahoo_jp,875.0,2026-08-31T01:23:50.902752+09:00
2025-10-06,4440,1258.0,1279.0,1233.0,1249.0,17500,OK,kabutan,1249.0,yahoo_jp,1249.0,2026-08-31T01:00:42.707252+09:00
2025-10-06,4707,360.0,366.0,357.0,359.0,25900,OK,kabutan,359.0,yahoo_jp,359.0,2026-08-31T01:03:35.001718+09:00
2025-10-06,5137,457.0,460.0,449.0,456.0,67500,OK,kabutan,456.0,yahoo_jp,456.0,2026-08-31T01:06:31.383114+09:00
2025-10-06,5243,1220.0,1273.0,1208.0,1273.0,193800,OK,kabutan,1273.0,yahoo_jp,1273.0,2026-08-31T01:09:25.432385+09:00
2025-10-06,6027,3100.0,3110.0,3030.0,3040.0,147200,OK,kabutan,3040.0,yahoo_jp,3040.0,2026-08-31T01:12:18.540209+09:00
2025-10-06,6647,2048.0,2048.0,2013.0,2013.0,1200,OK,kabutan,2013.0,yahoo_jp,2013.0,2026-08-31T01:15:10.658508+09:00
2025-10-06,6904,463.0,465.0,461.0,461.0,6600,OK,kabutan,461.0,yahoo_jp,461.0,2026-08-31T01:18:03.239168+09:00
2025-10-06,7093,590.0,605.0,570.0,580.0,170100,OK,kabutan,580.0,yahoo_jp,580.0,2026-08-31T01:20:55.466489+09:00
2025-10-06,9344,860.0,886.0,853.0,886.0,6000,OK,kabutan,886.0,yahoo_jp,886.0,2026-08-31T01:23:50.902752+09:00
2025-10-07,4440,1251.0,1251.0,1210.0,1220.0,21800,OK,kabutan,1220.0,yahoo_jp,1220.0,2026-08-31T01:00:42.707252+09:00
2025-10-07,4707,357.0,360.0,354.0,360.0,8700,OK,kabutan,360.0,yahoo_jp,360.0,2026-08-31T01:03:35.001718+09:00
2025-10-07,5137,456.0,460.0,446.0,456.0,83500,OK,kabutan,456.0,yahoo_jp,456.0,2026-08-31T01:06:31.383114+09:00
2025-10-07,5243,1290.0,1344.0,1261.0,1344.0,544000,OK,kabutan,1344.0,yahoo_jp,1344.0,2026-08-31T01:09:25.432385+09:00
2025-10-07,6027,3070.0,3070.0,3005.0,3035.0,118400,OK,kabutan,3035.0,yahoo_jp,3035.0,2026-08-31T01:12:18.540209+09:00
2025-10-07,6647,2014.0,2079.0,2012.0,2016.0,1800,OK,kabutan,2016.0,yahoo_jp,2016.0,2026-08-31T01:15:10.658508+09:00
2025-10-07,6904,462.0,463.0,461.0,461.0,8200,OK,kabutan,461.0,yahoo_jp,461.0,2026-08-31T01:18:03.239168+09:00
2025-10-07,7093,582.0,587.0,576.0,584.0,55400,OK,kabutan,584.0,yahoo_jp,584.0,2026-08-31T01:20:55.466489+09:00
2025-10-07,9344,886.0,900.0,886.0,900.0,13500,OK,kabutan,900.0,yahoo_jp,900.0,2026-08-31T01:23:50.902752+09:00
2025-10-08,4440,1249.0,1249.0,1210.0,1228.0,25400,OK,kabutan,1228.0,yahoo_jp,1228.0,2026-08-31T01:00:42.707252+09:00
2025-10-08,4707,360.0,362.0,360.0,361.0,6400,OK,kabutan,361.0,yahoo_jp,361.0,2026-08-31T01:03:35.001718+09:00
2025-10-08,5137,452.0,476.0,451.0,473.0,131400,OK,kabutan,473.0,yahoo_jp,473.0,2026-08-31T01:06:31.383114+09:00
2025-10-08,5243,1640.0,1644.0,1625.0,1644.0,733200,OK,kabutan,1644.0,yahoo_jp,1644.0,2026-08-31T01:09:25.432385+09:00
2025-10-08,6027,3035.0,3090.0,3015.0,3075.0,105400,OK,kabutan,3075.0,yahoo_jp,3075.0,2026-08-31T01:12:18.540209+09:00
2025-10-08,6647,2009.0,2011.0,2001.0,2001.0,1000,OK,kabutan,2001.0,yahoo_jp,2001.0,2026-08-31T01:15:10.658508+09:00
2025-10-08,6904,462.0,462.0,460.0,461.0,9400,OK,kabutan,461.0,yahoo_jp,461.0,2026-08-31T01:18:03.239168+09:00
2025-10-08,7093,578.0,586.0,576.0,582.0,27900,OK,kabutan,582.0,yahoo_jp,582.0,2026-08-31T01:20:55.466489+09:00
2025-10-08,9344,895.0,900.0,885.0,894.0,5000,OK,kabutan,894.0,yahoo_jp,894.0,2026-08-31T01:23:50.902752+09:00
2025-10-09,4440,1225.0,1239.0,1205.0,1212.0,19400,OK,kabutan,1212.0,yahoo_jp,1212.0,2026-08-31T01:00:42.707252+09:00
2025-10-09,4707,360.0,361.0,358.0,358.0,4800,OK,kabutan,358.0,yahoo_jp,358.0,2026-08-31T01:03:35.001718+09:00
2025-10-09,5137,475.0,475.0,454.0,458.0,154500,OK,kabutan,458.0,yahoo_jp,458.0,2026-08-31T01:06:31.383114+09:00
2025-10-09,5243,1650.0,1657.0,1498.0,1513.0,2961400,OK,kabutan,1513.0,yahoo_jp,1513.0,2026-08-31T01:09:25.432385+09:00
2025-10-09,6027,3035.0,3095.0,2986.0,2996.0,138500,OK,kabutan,2996.0,yahoo_jp,2996.0,2026-08-31T01:12:18.540209+09:00
2025-10-09,6647,2000.0,2000.0,2000.0,2000.0,100,OK,kabutan,2000.0,yahoo_jp,2000.0,2026-08-31T01:15:10.658508+09:00
2025-10-09,6904,461.0,470.0,461.0,464.0,15400,OK,kabutan,464.0,yahoo_jp,464.0,2026-08-31T01:18:03.239168+09:00
2025-10-09,7093,585.0,585.0,575.0,577.0,26600,OK,kabutan,577.0,yahoo_jp,577.0,2026-08-31T01:20:55.466489+09:00
2025-10-09,9344,898.0,900.0,889.0,900.0,3300,OK,kabutan,900.0,yahoo_jp,900.0,2026-08-31T01:23:50.902752+09:00
2025-10-10,4440,1212.0,1236.0,1175.0,1183.0,58000,OK,kabutan,1183.0,yahoo_jp,1183.0,2026-08-31T01:00:42.707252+09:00
2025-10-10,4707,356.0,358.0,355.0,355.0,3500,OK,kabutan,355.0,yahoo_jp,355.0,2026-08-31T01:03:35.001718+09:00
2025-10-10,5137,458.0,458.0,429.0,435.0,216600,OK,kabutan,435.0,yahoo_jp,435.0,2026-08-31T01:06:31.383114+09:00
2025-10-10,5243,1512.0,1599.0,1492.0,1500.0,1203200,OK,kabutan,1500.0,yahoo_jp,1500.0,2026-08-31T01:09:25.432385+09:00
2025-10-10,6027,2985.0,3035.0,2984.0,3020.0,132600,OK,kabutan,3020.0,yahoo_jp,3020.0,2026-08-31T01:12:18.540209+09:00
2025-10-10,6647,1985.0,1985.0,1980.0,1980.0,1200,OK,kabutan,1980.0,yahoo_jp,1980.0,2026-08-31T01:15:10.658508+09:00
2025-10-10,6904,461.0,464.0,461.0,463.0,7000,OK,kabutan,463.0,yahoo_jp,463.0,2026-08-31T01:18:03.239168+09:00
2025-10-10,7093,580.0,602.0,578.0,593.0,37200,OK,kabutan,593.0,yahoo_jp,593.0,2026-08-31T01:20:55.466489+09:00
2025-10-10,9344,890.0,898.0,882.0,898.0,5100,OK,kabutan,898.0,yahoo_jp,898.0,2026-08-31T01:23:50.902752+09:00
2025-10-14,4440,1163.0,1260.0,1093.0,1110.0,201700,OK,kabutan,1110.0,yahoo_jp,1110.0,2026-08-31T01:00:42.707252+09:00
2025-10-14,4707,353.0,353.0,333.0,340.0,21300,OK,kabutan,340.0,yahoo_jp,340.0,2026-08-31T01:03:35.001718+09:00
2025-10-14,5137,427.0,435.0,420.0,420.0,131600,OK,kabutan,420.0,yahoo_jp,420.0,2026-08-31T01:06:31.383114+09:00
2025-10-14,5243,1490.0,1536.0,1410.0,1415.0,594900,OK,kabutan,1415.0,yahoo_jp,1415.0,2026-08-31T01:09:25.432385+09:00
2025-10-14,6027,2900.0,2968.0,2877.0,2934.0,212600,OK,kabutan,2934.0,yahoo_jp,2934.0,2026-08-31T01:12:18.540209+09:00
2025-10-14,6647,1963.0,1998.0,1963.0,1980.0,2900,OK,kabutan,1980.0,yahoo_jp,1980.0,2026-08-31T01:15:10.658508+09:00
2025-10-14,6904,463.0,467.0,461.0,463.0,7800,OK,kabutan,463.0,yahoo_jp,463.0,2026-08-31T01:18:03.239168+09:00
2025-10-14,7093,578.0,598.0,558.0,565.0,41500,OK,kabutan,565.0,yahoo_jp,565.0,2026-08-31T01:20:55.466489+09:00
2025-10-14,9344,896.0,896.0,860.0,861.0,8200,OK,kabutan,861.0,yahoo_jp,861.0,2026-08-31T01:23:50.902752+09:00
2025-10-15,4440,1160.0,1178.0,1112.0,1114.0,80500,OK,kabutan,1114.0,yahoo_jp,1114.0,2026-08-31T01:00:42.707252+09:00
2025-10-15,4707,343.0,354.0,343.0,354.0,15100,OK,kabutan,354.0,yahoo_jp,354.0,2026-08-31T01:03:35.001718+09:00
2025-10-15,5137,425.0,433.0,424.0,432.0,115500,OK,kabutan,432.0,yahoo_jp,432.0,2026-08-31T01:06:31.383114+09:00
2025-10-15,5243,1415.0,1516.0,1415.0,1490.0,389800,OK,kabutan,1490.0,yahoo_jp,1490.0,2026-08-31T01:09:25.432385+09:00
2025-10-15,6027,2907.0,2984.0,2907.0,2950.0,155400,OK,kabutan,2950.0,yahoo_jp,2950.0,2026-08-31T01:12:18.540209+09:00
2025-10-15,6647,1980.0,2022.0,1980.0,2022.0,300,OK,kabutan,2022.0,yahoo_jp,2022.0,2026-08-31T01:15:10.658508+09:00
2025-10-15,6904,463.0,466.0,462.0,465.0,3800,OK,kabutan,465.0,yahoo_jp,465.0,2026-08-31T01:18:03.239168+09:00
2025-10-15,7093,565.0,597.0,565.0,592.0,28000,OK,kabutan,592.0,yahoo_jp,592.0,2026-08-31T01:20:55.466489+09:00
2025-10-15,9344,858.0,874.0,858.0,865.0,8900,OK,kabutan,865.0,yahoo_jp,865.0,2026-08-31T01:23:50.902752+09:00
2025-10-16,4440,1116.0,1142.0,1105.0,1132.0,47200,OK,kabutan,1132.0,yahoo_jp,1132.0,2026-08-31T01:00:42.707252+09:00
2025-10-16,4707,355.0,360.0,351.0,360.0,10500,OK,kabutan,360.0,yahoo_jp,360.0,2026-08-31T01:03:35.001718+09:00
2025-10-16,5137,435.0,444.0,429.0,435.0,106700,OK,kabutan,435.0,yahoo_jp,435.0,2026-08-31T01:06:31.383114+09:00
2025-10-16,5243,1500.0,1514.0,1448.0,1458.0,208200,OK,kabutan,1458.0,yahoo_jp,1458.0,2026-08-31T01:09:25.432385+09:00
2025-10-16,6027,3000.0,3080.0,3000.0,3030.0,141600,OK,kabutan,3030.0,yahoo_jp,3030.0,2026-08-31T01:12:18.540209+09:00
2025-10-16,6647,2028.0,2038.0,2020.0,2020.0,800,OK,kabutan,2020.0,yahoo_jp,2020.0,2026-08-31T01:15:10.658508+09:00
2025-10-16,6904,463.0,465.0,462.0,462.0,3200,OK,kabutan,462.0,yahoo_jp,462.0,2026-08-31T01:18:03.239168+09:00
2025-10-16,7093,598.0,608.0,597.0,600.0,26500,OK,kabutan,600.0,yahoo_jp,600.0,2026-08-31T01:20:55.466489+09:00
2025-10-16,9344,863.0,895.0,857.0,865.0,26100,OK,kabutan,865.0,yahoo_jp,865.0,2026-08-31T01:23:50.902752+09:00
2025-10-17,4440,1120.0,1143.0,1107.0,1133.0,26900,OK,kabutan,1133.0,yahoo_jp,1133.0,2026-08-31T01:00:42.707252+09:00
2025-10-17,4707,346.0,350.0,343.0,345.0,17200,OK,kabutan,345.0,yahoo_jp,345.0,2026-08-31T01:03:35.001718+09:00
2025-10-17,5137,431.0,431.0,418.0,423.0,92900,OK,kabutan,423.0,yahoo_jp,423.0,2026-08-31T01:06:31.383114+09:00
2025-10-17,5243,1487.0,1487.0,1402.0,1409.0,214400,OK,kabutan,1409.0,yahoo_jp,1409.0,2026-08-31T01:09:25.432385+09:00
2025-10-17,6027,3040.0,3060.0,3025.0,3035.0,109900,OK,kabutan,3035.0,yahoo_jp,3035.0,2026-08-31T01:12:18.540209+09:00
2025-10-17,6647,2003.0,2003.0,2003.0,2003.0,400,OK,kabutan,2003.0,yahoo_jp,2003.0,2026-08-31T01:15:10.658508+09:00
2025-10-17,6904,466.0,466.0,461.0,463.0,5000,OK,kabutan,463.0,yahoo_jp,463.0,2026-08-31T01:18:03.239168+09:00
2025-10-17,7093,596.0,601.0,585.0,585.0,12800,OK,kabutan,585.0,yahoo_jp,585.0,2026-08-31T01:20:55.466489+09:00
2025-10-17,9344,853.0,865.0,849.0,850.0,5300,OK,kabutan,850.0,yahoo_jp,850.0,2026-08-31T01:23:50.902752+09:00
2025-10-20,4440,1140.0,1185.0,1132.0,1185.0,54900,OK,kabutan,1185.0,yahoo_jp,1185.0,2026-08-31T01:00:42.707252+09:00
2025-10-20,4707,345.0,345.0,342.0,343.0,5000,OK,kabutan,343.0,yahoo_jp,343.0,2026-08-31T01:03:35.001718+09:00
2025-10-20,5137,425.0,432.0,418.0,420.0,108400,OK,kabutan,420.0,yahoo_jp,420.0,2026-08-31T01:06:31.383114+09:00
2025-10-20,5243,1421.0,1496.0,1420.0,1472.0,268700,OK,kabutan,1472.0,yahoo_jp,1472.0,2026-08-31T01:09:25.432385+09:00
2025-10-20,6027,3080.0,3180.0,3060.0,3145.0,156500,OK,kabutan,3145.0,yahoo_jp,3145.0,2026-08-31T01:12:18.540209+09:00
2025-10-20,6647,2025.0,2038.0,2011.0,2022.0,600,OK,kabutan,2022.0,yahoo_jp,2022.0,2026-08-31T01:15:10.658508+09:00
2025-10-20,6904,464.0,465.0,461.0,463.0,6800,OK,kabutan,463.0,yahoo_jp,463.0,2026-08-31T01:18:03.239168+09:00
2025-10-20,7093,588.0,620.0,588.0,615.0,25400,OK,kabutan,615.0,yahoo_jp,615.0,2026-08-31T01:20:55.466489+09:00
2025-10-20,9344,865.0,884.0,863.0,884.0,6200,OK,kabutan,884.0,yahoo_jp,884.0,2026-08-31T01:23:50.902752+09:00
2025-10-21,4440,1187.0,1203.0,1159.0,1185.0,25700,OK,kabutan,1185.0,yahoo_jp,1185.0,2026-08-31T01:00:42.707252+09:00
2025-10-21,4707,344.0,344.0,339.0,341.0,14600,OK,kabutan,341.0,yahoo_jp,341.0,2026-08-31T01:03:35.001718+09:00
2025-10-21,5137,420.0,424.0,410.0,422.0,176600,OK,kabutan,422.0,yahoo_jp,422.0,2026-08-31T01:06:31.383114+09:00
2025-10-21,5243,1462.0,1475.0,1430.0,1434.0,206900,OK,kabutan,1434.0,yahoo_jp,1434.0,2026-08-31T01:09:25.432385+09:00
2025-10-21,6027,3145.0,3205.0,3140.0,3180.0,88900,OK,kabutan,3180.0,yahoo_jp,3180.0,2026-08-31T01:12:18.540209+09:00
2025-10-21,6647,2040.0,2050.0,2031.0,2038.0,1000,OK,kabutan,2038.0,yahoo_jp,2038.0,2026-08-31T01:15:10.658508+09:00
2025-10-21,6904,463.0,465.0,462.0,463.0,5400,OK,kabutan,463.0,yahoo_jp,463.0,2026-08-31T01:18:03.239168+09:00
2025-10-21,7093,621.0,698.0,618.0,660.0,149000,OK,kabutan,660.0,yahoo_jp,660.0,2026-08-31T01:20:55.466489+09:00
2025-10-21,9344,883.0,890.0,881.0,890.0,5300,OK,kabutan,890.0,yahoo_jp,890.0,2026-08-31T01:23:50.902752+09:00
2025-10-22,4440,1185.0,1196.0,1185.0,1189.0,14300,OK,kabutan,1189.0,yahoo_jp,1189.0,2026-08-31T01:00:42.707252+09:00
2025-10-22,4707,341.0,344.0,341.0,344.0,2900,OK,kabutan,344.0,yahoo_jp,344.0,2026-08-31T01:03:35.001718+09:00
2025-10-22,5137,422.0,440.0,421.0,439.0,185500,OK,kabutan,439.0,yahoo_jp,439.0,2026-08-31T01:06:31.383114+09:00
2025-10-22,5243,1444.0,1485.0,1434.0,1485.0,147400,OK,kabutan,1485.0,yahoo_jp,1485.0,2026-08-31T01:09:25.432385+09:00
2025-10-22,6027,3205.0,3250.0,3170.0,3245.0,127100,OK,kabutan,3245.0,yahoo_jp,3245.0,2026-08-31T01:12:18.540209+09:00
2025-10-22,6647,2050.0,2098.0,2050.0,2056.0,3600,OK,kabutan,2056.0,yahoo_jp,2056.0,2026-08-31T01:15:10.658508+09:00
2025-10-22,6904,466.0,467.0,465.0,466.0,8100,OK,kabutan,466.0,yahoo_jp,466.0,2026-08-31T01:18:03.239168+09:00
2025-10-22,7093,660.0,709.0,641.0,699.0,99300,OK,kabutan,699.0,yahoo_jp,699.0,2026-08-31T01:20:55.466489+09:00
2025-10-22,9344,891.0,897.0,881.0,885.0,3000,OK,kabutan,885.0,yahoo_jp,885.0,2026-08-31T01:23:50.902752+09:00
2025-10-23,4440,1186.0,1186.0,1158.0,1162.0,11300,OK,kabutan,1162.0,yahoo_jp,1162.0,2026-08-31T01:00:42.707252+09:00
2025-10-23,4707,343.0,345.0,342.0,345.0,7000,OK,kabutan,345.0,yahoo_jp,345.0,2026-08-31T01:03:35.001718+09:00
2025-10-23,5137,435.0,440.0,425.0,430.0,201300,OK,kabutan,430.0,yahoo_jp,430.0,2026-08-31T01:06:31.383114+09:00
2025-10-23,5243,1485.0,1485.0,1453.0,1454.0,114500,OK,kabutan,1454.0,yahoo_jp,1454.0,2026-08-31T01:09:25.432385+09:00
2025-10-23,6027,3215.0,3230.0,3145.0,3190.0,106300,OK,kabutan,3190.0,yahoo_jp,3190.0,2026-08-31T01:12:18.540209+09:00
2025-10-23,6647,2056.0,2092.0,2050.0,2052.0,600,OK,kabutan,2052.0,yahoo_jp,2052.0,2026-08-31T01:15:10.658508+09:00
2025-10-23,6904,465.0,466.0,462.0,465.0,11800,OK,kabutan,465.0,yahoo_jp,465.0,2026-08-31T01:18:03.239168+09:00
2025-10-23,7093,692.0,710.0,672.0,697.0,88700,OK,kabutan,697.0,yahoo_jp,697.0,2026-08-31T01:20:55.466489+09:00
2025-10-23,9344,870.0,896.0,870.0,888.0,1000,OK,kabutan,888.0,yahoo_jp,888.0,2026-08-31T01:23:50.902752+09:00
2025-10-24,4440,1161.0,1176.0,1143.0,1170.0,14800,OK,kabutan,1170.0,yahoo_jp,1170.0,2026-08-31T01:00:42.707252+09:00
2025-10-24,4707,345.0,351.0,345.0,348.0,9700,OK,kabutan,348.0,yahoo_jp,348.0,2026-08-31T01:03:35.001718+09:00
2025-10-24,5137,430.0,430.0,413.0,424.0,163900,OK,kabutan,424.0,yahoo_jp,424.0,2026-08-31T01:06:31.383114+09:00
2025-10-24,5243,1440.0,1464.0,1435.0,1456.0,114200,OK,kabutan,1456.0,yahoo_jp,1456.0,2026-08-31T01:09:25.432385+09:00
2025-10-24,6027,3140.0,3175.0,3100.0,3105.0,106800,OK,kabutan,3105.0,yahoo_jp,3105.0,2026-08-31T01:12:18.540209+09:00
2025-10-24,6647,2055.0,2133.0,2055.0,2133.0,1800,OK,kabutan,2133.0,yahoo_jp,2133.0,2026-08-31T01:15:10.658508+09:00
2025-10-24,6904,468.0,473.0,468.0,471.0,20800,OK,kabutan,471.0,yahoo_jp,471.0,2026-08-31T01:18:03.239168+09:00
2025-10-24,7093,687.0,779.0,651.0,737.0,221700,OK,kabutan,737.0,yahoo_jp,737.0,2026-08-31T01:20:55.466489+09:00
2025-10-24,9344,884.0,888.0,881.0,888.0,2100,OK,kabutan,888.0,yahoo_jp,888.0,2026-08-31T01:23:50.902752+09:00
2025-10-27,4440,1181.0,1181.0,1158.0,1167.0,12800,OK,kabutan,1167.0,yahoo_jp,1167.0,2026-08-31T01:00:42.707252+09:00
2025-10-27,4707,353.0,355.0,349.0,352.0,14100,OK,kabutan,352.0,yahoo_jp,352.0,2026-08-31T01:03:35.001718+09:00
2025-10-27,5137,432.0,435.0,426.0,432.0,134800,OK,kabutan,432.0,yahoo_jp,432.0,2026-08-31T01:06:31.383114+09:00
2025-10-27,5243,1456.0,1476.0,1421.0,1424.0,177600,OK,kabutan,1424.0,yahoo_jp,1424.0,2026-08-31T01:09:25.432385+09:00
2025-10-27,6027,3140.0,3175.0,3105.0,3145.0,70200,OK,kabutan,3145.0,yahoo_jp,3145.0,2026-08-31T01:12:18.540209+09:00
2025-10-27,6647,2140.0,2358.0,2140.0,2261.0,5700,OK,kabutan,2261.0,yahoo_jp,2261.0,2026-08-31T01:15:10.658508+09:00
2025-10-27,6904,472.0,475.0,471.0,475.0,14400,OK,kabutan,475.0,yahoo_jp,475.0,2026-08-31T01:18:03.239168+09:00
2025-10-27,7093,722.0,829.0,696.0,734.0,189900,OK,kabutan,734.0,yahoo_jp,734.0,2026-08-31T01:20:55.466489+09:00
2025-10-27,9344,873.0,890.0,873.0,890.0,6500,OK,kabutan,890.0,yahoo_jp,890.0,2026-08-31T01:23:50.902752+09:00
2025-10-28,4440,1167.0,1167.0,1136.0,1136.0,10400,OK,kabutan,1136.0,yahoo_jp,1136.0,2026-08-31T01:00:42.707252+09:00
2025-10-28,4707,355.0,355.0,350.0,350.0,8500,OK,kabutan,350.0,yahoo_jp,350.0,2026-08-31T01:03:35.001718+09:00
2025-10-28,5137,432.0,448.0,427.0,431.0,285700,OK,kabutan,431.0,yahoo_jp,431.0,2026-08-31T01:06:31.383114+09:00
2025-10-28,5243,1418.0,1418.0,1370.0,1371.0,193900,OK,kabutan,1371.0,yahoo_jp,1371.0,2026-08-31T01:09:25.432385+09:00
2025-10-28,6027,3145.0,3145.0,3045.0,3080.0,64400,OK,kabutan,3080.0,yahoo_jp,3080.0,2026-08-31T01:12:18.540209+09:00
2025-10-28,6647,2298.0,2448.0,2298.0,2443.0,6200,OK,kabutan,2443.0,yahoo_jp,2443.0,2026-08-31T01:15:10.658508+09:00
2025-10-28,6904,476.0,476.0,473.0,475.0,7900,OK,kabutan,475.0,yahoo_jp,475.0,2026-08-31T01:18:03.239168+09:00
2025-10-28,7093,720.0,818.0,712.0,727.0,207800,OK,kabutan,727.0,yahoo_jp,727.0,2026-08-31T01:20:55.466489+09:00
2025-10-28,9344,882.0,887.0,880.0,881.0,1200,OK,kabutan,881.0,yahoo_jp,881.0,2026-08-31T01:23:50.902752+09:00
2025-10-29,4440,1136.0,1136.0,1107.0,1107.0,7500,OK,kabutan,1107.0,yahoo_jp,1107.0,2026-08-31T01:00:42.707252+09:00
2025-10-29,4707,350.0,351.0,345.0,345.0,10100,OK,kabutan,345.0,yahoo_jp,345.0,2026-08-31T01:03:35.001718+09:00
2025-10-29,5137,431.0,431.0,409.0,419.0,173200,OK,kabutan,419.0,yahoo_jp,419.0,2026-08-31T01:06:31.383114+09:00
2025-10-29,5243,1376.0,1377.0,1298.0,1306.0,246200,OK,kabutan,1306.0,yahoo_jp,1306.0,2026-08-31T01:09:25.432385+09:00
2025-10-29,6027,3060.0,3080.0,2873.0,2894.0,233500,OK,kabutan,2894.0,yahoo_jp,2894.0,2026-08-31T01:12:18.540209+09:00
2025-10-29,6647,2444.0,2444.0,2402.0,2420.0,5600,OK,kabutan,2420.0,yahoo_jp,2420.0,2026-08-31T01:15:10.658508+09:00
2025-10-29,6904,475.0,475.0,470.0,470.0,6900,OK,kabutan,470.0,yahoo_jp,470.0,2026-08-31T01:18:03.239168+09:00
2025-10-29,7093,741.0,812.0,644.0,644.0,581700,OK,kabutan,644.0,yahoo_jp,644.0,2026-08-31T01:20:55.466489+09:00
2025-10-29,9344,881.0,882.0,878.0,881.0,5900,OK,kabutan,881.0,yahoo_jp,881.0,2026-08-31T01:23:50.902752+09:00
2025-10-30,4440,1106.0,1115.0,1095.0,1102.0,14000,OK,kabutan,1102.0,yahoo_jp,1102.0,2026-08-31T01:00:42.707252+09:00
2025-10-30,4707,344.0,345.0,342.0,343.0,4100,OK,kabutan,343.0,yahoo_jp,343.0,2026-08-31T01:03:35.001718+09:00
2025-10-30,5137,420.0,425.0,410.0,421.0,108200,OK,kabutan,421.0,yahoo_jp,421.0,2026-08-31T01:06:31.383114+09:00
2025-10-30,5243,1306.0,1351.0,1302.0,1339.0,235400,OK,kabutan,1339.0,yahoo_jp,1339.0,2026-08-31T01:09:25.432385+09:00
2025-10-30,6027,2889.0,2979.0,2862.0,2950.0,276300,OK,kabutan,2950.0,yahoo_jp,2950.0,2026-08-31T01:12:18.540209+09:00
2025-10-30,6647,2420.0,2430.0,2375.0,2391.0,3200,OK,kabutan,2391.0,yahoo_jp,2391.0,2026-08-31T01:15:10.658508+09:00
2025-10-30,6904,470.0,475.0,470.0,475.0,6700,OK,kabutan,475.0,yahoo_jp,475.0,2026-08-31T01:18:03.239168+09:00
2025-10-30,7093,634.0,713.0,633.0,683.0,138200,OK,kabutan,683.0,yahoo_jp,683.0,2026-08-31T01:20:55.466489+09:00
2025-10-30,9344,881.0,888.0,880.0,888.0,9500,OK,kabutan,888.0,yahoo_jp,888.0,2026-08-31T01:23:50.902752+09:00
2025-10-31,4440,1106.0,1106.0,1080.0,1083.0,8600,OK,kabutan,1083.0,yahoo_jp,1083.0,2026-08-31T01:00:42.707252+09:00
2025-10-31,4707,345.0,345.0,343.0,343.0,2100,OK,kabutan,343.0,yahoo_jp,343.0,2026-08-31T01:03:35.001718+09:00
2025-10-31,5137,420.0,445.0,420.0,436.0,237100,OK,kabutan,436.0,yahoo_jp,436.0,2026-08-31T01:06:31.383114+09:00
2025-10-31,5243,1349.0,1353.0,1296.0,1298.0,304800,OK,kabutan,1298.0,yahoo_jp,1298.0,2026-08-31T01:09:25.432385+09:00
2025-10-31,6027,2997.0,3050.0,2976.0,3050.0,120900,OK,kabutan,3050.0,yahoo_jp,3050.0,2026-08-31T01:12:18.540209+09:00
2025-10-31,6647,2399.0,2444.0,2376.0,2418.0,3200,OK,kabutan,2418.0,yahoo_jp,2418.0,2026-08-31T01:15:10.658508+09:00
2025-10-31,6904,478.0,478.0,466.0,467.0,14900,OK,kabutan,467.0,yahoo_jp,467.0,2026-08-31T01:18:03.239168+09:00
2025-10-31,7093,673.0,723.0,673.0,673.0,48700,OK,kabutan,673.0,yahoo_jp,673.0,2026-08-31T01:20:55.466489+09:00
2025-10-31,9344,888.0,889.0,885.0,889.0,1400,OK,kabutan,889.0,yahoo_jp,889.0,2026-08-31T01:23:50.902752+09:00
2025-11-04,4440,1076.0,1087.0,1064.0,1081.0,11500,OK,kabutan,1081.0,yahoo_jp,1081.0,2026-08-31T01:00:42.707252+09:00
2025-11-04,4707,344.0,345.0,343.0,345.0,2600,OK,kabutan,345.0,yahoo_jp,345.0,2026-08-31T01:03:35.001718+09:00
2025-11-04,5137,436.0,438.0,423.0,423.0,118200,OK,kabutan,423.0,yahoo_jp,423.0,2026-08-31T01:06:31.383114+09:00
2025-11-04,5243,1293.0,1296.0,1261.0,1272.0,137500,OK,kabutan,1272.0,yahoo_jp,1272.0,2026-08-31T01:09:25.432385+09:00
2025-11-04,6027,3005.0,3030.0,2950.0,2950.0,119800,OK,kabutan,2950.0,yahoo_jp,2950.0,2026-08-31T01:12:18.540209+09:00
2025-11-04,6647,2398.0,2438.0,2201.0,2248.0,9700,OK,kabutan,2248.0,yahoo_jp,2248.0,2026-08-31T01:15:10.658508+09:00
2025-11-04,6904,470.0,477.0,469.0,476.0,11200,OK,kabutan,476.0,yahoo_jp,476.0,2026-08-31T01:18:03.239168+09:00
2025-11-04,7093,653.0,667.0,646.0,647.0,47900,OK,kabutan,647.0,yahoo_jp,647.0,2026-08-31T01:20:55.466489+09:00
2025-11-04,9344,889.0,889.0,878.0,878.0,800,OK,kabutan,878.0,yahoo_jp,878.0,2026-08-31T01:23:50.902752+09:00
2025-11-05,4440,1066.0,1074.0,1030.0,1053.0,19000,OK,kabutan,1053.0,yahoo_jp,1053.0,2026-08-31T01:00:42.707252+09:00
2025-11-05,4707,346.0,348.0,341.0,347.0,7200,OK,kabutan,347.0,yahoo_jp,347.0,2026-08-31T01:03:35.001718+09:00
2025-11-05,5137,422.0,423.0,407.0,413.0,193500,OK,kabutan,413.0,yahoo_jp,413.0,2026-08-31T01:06:31.383114+09:00
2025-11-05,5243,1255.0,1305.0,1240.0,1300.0,217000,OK,kabutan,1300.0,yahoo_jp,1300.0,2026-08-31T01:09:25.432385+09:00
2025-11-05,6027,2913.0,2922.0,2831.0,2889.0,177700,OK,kabutan,2889.0,yahoo_jp,2889.0,2026-08-31T01:12:18.540209+09:00
2025-11-05,6647,2148.0,2167.0,2103.0,2147.0,5300,OK,kabutan,2147.0,yahoo_jp,2147.0,2026-08-31T01:15:10.658508+09:00
2025-11-05,6904,476.0,480.0,471.0,476.0,10400,OK,kabutan,476.0,yahoo_jp,476.0,2026-08-31T01:18:03.239168+09:00
2025-11-05,7093,638.0,638.0,600.0,619.0,60000,OK,kabutan,619.0,yahoo_jp,619.0,2026-08-31T01:20:55.466489+09:00
2025-11-05,9344,878.0,878.0,863.0,870.0,800,OK,kabutan,870.0,yahoo_jp,870.0,2026-08-31T01:23:50.902752+09:00
2025-11-06,4440,1053.0,1083.0,1053.0,1061.0,8400,OK,kabutan,1061.0,yahoo_jp,1061.0,2026-08-31T01:00:42.707252+09:00
2025-11-06,4707,352.0,352.0,349.0,351.0,9300,OK,kabutan,351.0,yahoo_jp,351.0,2026-08-31T01:03:35.001718+09:00
2025-11-06,5137,413.0,416.0,399.0,405.0,297200,OK,kabutan,405.0,yahoo_jp,405.0,2026-08-31T01:06:31.383114+09:00
2025-11-06,5243,1529.0,1600.0,1504.0,1600.0,2628800,OK,kabutan,1600.0,yahoo_jp,1600.0,2026-08-31T01:09:25.432385+09:00
2025-11-06,6027,2915.0,2958.0,2885.0,2901.0,122700,OK,kabutan,2901.0,yahoo_jp,2901.0,2026-08-31T01:12:18.540209+09:00
2025-11-06,6647,2297.0,2306.0,2197.0,2197.0,3900,OK,kabutan,2197.0,yahoo_jp,2197.0,2026-08-31T01:15:10.658508+09:00
2025-11-06,6904,477.0,478.0,471.0,476.0,6900,OK,kabutan,476.0,yahoo_jp,476.0,2026-08-31T01:18:03.239168+09:00
2025-11-06,7093,619.0,666.0,611.0,642.0,47900,OK,kabutan,642.0,yahoo_jp,642.0,2026-08-31T01:20:55.466489+09:00
2025-11-06,9344,871.0,885.0,864.0,870.0,8900,OK,kabutan,870.0,yahoo_jp,870.0,2026-08-31T01:23:50.902752+09:00
2025-11-07,4440,1057.0,1057.0,1044.0,1057.0,4300,OK,kabutan,1057.0,yahoo_jp,1057.0,2026-08-31T01:00:42.707252+09:00
2025-11-07,4707,353.0,353.0,347.0,348.0,3000,OK,kabutan,348.0,yahoo_jp,348.0,2026-08-31T01:03:35.001718+09:00
2025-11-07,5137,397.0,426.0,396.0,426.0,214300,OK,kabutan,426.0,yahoo_jp,426.0,2026-08-31T01:06:31.383114+09:00
2025-11-07,5243,1505.0,1584.0,1468.0,1527.0,2186500,OK,kabutan,1527.0,yahoo_jp,1527.0,2026-08-31T01:09:25.432385+09:00
2025-11-07,6027,2890.0,2961.0,2856.0,2891.0,137200,OK,kabutan,2891.0,yahoo_jp,2891.0,2026-08-31T01:12:18.540209+09:00
2025-11-07,6647,2197.0,2228.0,2197.0,2227.0,2700,OK,kabutan,2227.0,yahoo_jp,2227.0,2026-08-31T01:15:10.658508+09:00
2025-11-07,6904,478.0,479.0,474.0,476.0,4900,OK,kabutan,476.0,yahoo_jp,476.0,2026-08-31T01:18:03.239168+09:00
2025-11-07,7093,645.0,655.0,614.0,622.0,54000,OK,kabutan,622.0,yahoo_jp,622.0,2026-08-31T01:20:55.466489+09:00
2025-11-07,9344,870.0,870.0,869.0,870.0,2200,OK,kabutan,870.0,yahoo_jp,870.0,2026-08-31T01:23:50.902752+09:00
2025-11-10,4440,1057.0,1083.0,1042.0,1078.0,8000,OK,kabutan,1078.0,yahoo_jp,1078.0,2026-08-31T01:00:42.707252+09:00
2025-11-10,4707,349.0,350.0,346.0,348.0,2800,OK,kabutan,348.0,yahoo_jp,348.0,2026-08-31T01:03:35.001718+09:00
2025-11-10,5137,430.0,432.0,418.0,425.0,184800,OK,kabutan,425.0,yahoo_jp,425.0,2026-08-31T01:06:31.383114+09:00
2025-11-10,5243,1491.0,1517.0,1440.0,1457.0,615400,OK,kabutan,1457.0,yahoo_jp,1457.0,2026-08-31T01:09:25.432385+09:00
2025-11-10,6027,2906.0,2947.0,2889.0,2947.0,82400,OK,kabutan,2947.0,yahoo_jp,2947.0,2026-08-31T01:12:18.540209+09:00
2025-11-10,6647,2277.0,2332.0,2277.0,2332.0,800,OK,kabutan,2332.0,yahoo_jp,2332.0,2026-08-31T01:15:10.658508+09:00
2025-11-10,6904,475.0,481.0,475.0,481.0,16700,OK,kabutan,481.0,yahoo_jp,481.0,2026-08-31T01:18:03.239168+09:00
2025-11-10,7093,622.0,632.0,613.0,613.0,21800,OK,kabutan,613.0,yahoo_jp,613.0,2026-08-31T01:20:55.466489+09:00
2025-11-10,9344,884.0,884.0,866.0,866.0,3800,OK,kabutan,866.0,yahoo_jp,866.0,2026-08-31T01:23:50.902752+09:00
2025-11-11,4440,1083.0,1083.0,1055.0,1066.0,11900,OK,kabutan,1066.0,yahoo_jp,1066.0,2026-08-31T01:00:42.707252+09:00
2025-11-11,4707,348.0,349.0,347.0,347.0,1000,OK,kabutan,347.0,yahoo_jp,347.0,2026-08-31T01:03:35.001718+09:00
2025-11-11,5137,428.0,432.0,423.0,430.0,190600,OK,kabutan,430.0,yahoo_jp,430.0,2026-08-31T01:06:31.383114+09:00
2025-11-11,5243,1454.0,1469.0,1408.0,1416.0,260700,OK,kabutan,1416.0,yahoo_jp,1416.0,2026-08-31T01:09:25.432385+09:00
2025-11-11,6027,2997.0,3015.0,2947.0,2988.0,161200,OK,kabutan,2988.0,yahoo_jp,2988.0,2026-08-31T01:12:18.540209+09:00
2025-11-11,6647,2232.0,2293.0,2232.0,2262.0,600,OK,kabutan,2262.0,yahoo_jp,2262.0,2026-08-31T01:15:10.658508+09:00
2025-11-11,6904,481.0,482.0,475.0,475.0,11000,OK,kabutan,475.0,yahoo_jp,475.0,2026-08-31T01:18:03.239168+09:00
2025-11-11,7093,613.0,626.0,613.0,617.0,14400,OK,kabutan,617.0,yahoo_jp,617.0,2026-08-31T01:20:55.466489+09:00
2025-11-11,9344,873.0,892.0,873.0,884.0,14600,OK,kabutan,884.0,yahoo_jp,884.0,2026-08-31T01:23:50.902752+09:00
2025-11-12,4440,1077.0,1084.0,1062.0,1079.0,3900,OK,kabutan,1079.0,yahoo_jp,1079.0,2026-08-31T01:00:42.707252+09:00
2025-11-12,4707,347.0,348.0,346.0,348.0,3400,OK,kabutan,348.0,yahoo_jp,348.0,2026-08-31T01:03:35.001718+09:00
2025-11-12,5137,424.0,439.0,418.0,438.0,186600,OK,kabutan,438.0,yahoo_jp,438.0,2026-08-31T01:06:31.383114+09:00
2025-11-12,5243,1420.0,1526.0,1420.0,1493.0,465400,OK,kabutan,1493.0,yahoo_jp,1493.0,2026-08-31T01:09:25.432385+09:00
2025-11-12,6027,3015.0,3085.0,2985.0,3035.0,305600,OK,kabutan,3035.0,yahoo_jp,3035.0,2026-08-31T01:12:18.540209+09:00
2025-11-12,6647,2216.0,2276.0,2176.0,2226.0,1500,OK,kabutan,2226.0,yahoo_jp,2226.0,2026-08-31T01:15:10.658508+09:00
2025-11-12,6904,480.0,496.0,479.0,496.0,37200,OK,kabutan,496.0,yahoo_jp,496.0,2026-08-31T01:18:03.239168+09:00
2025-11-12,7093,617.0,631.0,616.0,618.0,14100,OK,kabutan,618.0,yahoo_jp,618.0,2026-08-31T01:20:55.466489+09:00
2025-11-12,9344,873.0,892.0,873.0,884.0,2300,OK,kabutan,884.0,yahoo_jp,884.0,2026-08-31T01:23:50.902752+09:00
2025-11-13,4440,1079.0,1085.0,1070.0,1071.0,8600,OK,kabutan,1071.0,yahoo_jp,1071.0,2026-08-31T01:00:42.707252+09:00
2025-11-13,4707,349.0,351.0,348.0,348.0,4200,OK,kabutan,348.0,yahoo_jp,348.0,2026-08-31T01:03:35.001718+09:00
2025-11-13,5137,416.0,518.0,416.0,518.0,407300,OK,kabutan,518.0,yahoo_jp,518.0,2026-08-31T01:06:31.383114+09:00
2025-11-13,5243,1486.0,1486.0,1441.0,1447.0,141800,OK,kabutan,1447.0,yahoo_jp,1447.0,2026-08-31T01:09:25.432385+09:00
2025-11-13,6027,2865.0,3085.0,2861.0,3055.0,496500,OK,kabutan,3055.0,yahoo_jp,3055.0,2026-08-31T01:12:18.540209+09:00
2025-11-13,6647,2184.0,2263.0,2182.0,2191.0,1600,OK,kabutan,2191.0,yahoo_jp,2191.0,2026-08-31T01:15:10.658508+09:00
2025-11-13,6904,465.0,480.0,462.0,473.0,80400,OK,kabutan,473.0,yahoo_jp,473.0,2026-08-31T01:18:03.239168+09:00
2025-11-13,7093,618.0,619.0,607.0,610.0,14000,OK,kabutan,610.0,yahoo_jp,610.0,2026-08-31T01:20:55.466489+09:00
2025-11-13,9344,872.0,893.0,872.0,884.0,1400,OK,kabutan,884.0,yahoo_jp,884.0,2026-08-31T01:23:50.902752+09:00
2025-11-14,4440,1059.0,1071.0,1045.0,1054.0,17100,OK,kabutan,1054.0,yahoo_jp,1054.0,2026-08-31T01:00:42.707252+09:00
2025-11-14,4707,347.0,352.0,347.0,352.0,9900,OK,kabutan,352.0,yahoo_jp,352.0,2026-08-31T01:03:35.001718+09:00
2025-11-14,5137,528.0,570.0,523.0,540.0,2913900,OK,kabutan,540.0,yahoo_jp,540.0,2026-08-31T01:06:31.383114+09:00
2025-11-14,5243,1463.0,1470.0,1411.0,1422.0,199200,OK,kabutan,1422.0,yahoo_jp,1422.0,2026-08-31T01:09:25.432385+09:00
2025-11-14,6027,2935.0,2977.0,2877.0,2891.0,291500,OK,kabutan,2891.0,yahoo_jp,2891.0,2026-08-31T01:12:18.540209+09:00
2025-11-14,6647,2163.0,2165.0,2156.0,2156.0,1000,OK,kabutan,2156.0,yahoo_jp,2156.0,2026-08-31T01:15:10.658508+09:00
2025-11-14,6904,476.0,476.0,467.0,468.0,12000,OK,kabutan,468.0,yahoo_jp,468.0,2026-08-31T01:18:03.239168+09:00
2025-11-14,7093,603.0,607.0,591.0,607.0,21700,OK,kabutan,607.0,yahoo_jp,607.0,2026-08-31T01:20:55.466489+09:00
2025-11-14,9344,869.0,874.0,851.0,861.0,14200,OK,kabutan,861.0,yahoo_jp,861.0,2026-08-31T01:23:50.902752+09:00
2025-11-17,4440,1056.0,1056.0,1034.0,1053.0,15900,OK,kabutan,1053.0,yahoo_jp,1053.0,2026-08-31T01:00:42.707252+09:00
2025-11-17,4707,353.0,354.0,349.0,349.0,11700,OK,kabutan,349.0,yahoo_jp,349.0,2026-08-31T01:03:35.001718+09:00
2025-11-17,5137,540.0,551.0,513.0,524.0,739800,OK,kabutan,524.0,yahoo_jp,524.0,2026-08-31T01:06:31.383114+09:00
2025-11-17,5243,1435.0,1435.0,1359.0,1372.0,190400,OK,kabutan,1372.0,yahoo_jp,1372.0,2026-08-31T01:09:25.432385+09:00
2025-11-17,6027,2871.0,2889.0,2818.0,2849.0,167300,OK,kabutan,2849.0,yahoo_jp,2849.0,2026-08-31T01:12:18.540209+09:00
2025-11-17,6647,2159.0,2220.0,2159.0,2220.0,700,OK,kabutan,2220.0,yahoo_jp,2220.0,2026-08-31T01:15:10.658508+09:00
2025-11-17,6904,469.0,470.0,465.0,466.0,9000,OK,kabutan,466.0,yahoo_jp,466.0,2026-08-31T01:18:03.239168+09:00
2025-11-17,7093,602.0,603.0,594.0,599.0,19200,OK,kabutan,599.0,yahoo_jp,599.0,2026-08-31T01:20:55.466489+09:00
2025-11-17,9344,860.0,860.0,835.0,857.0,4400,OK,kabutan,857.0,yahoo_jp,857.0,2026-08-31T01:23:50.902752+09:00
2025-11-18,4440,1050.0,1051.0,1033.0,1038.0,19800,OK,kabutan,1038.0,yahoo_jp,1038.0,2026-08-31T01:00:42.707252+09:00
2025-11-18,4707,348.0,349.0,346.0,346.0,6800,OK,kabutan,346.0,yahoo_jp,346.0,2026-08-31T01:03:35.001718+09:00
2025-11-18,5137,510.0,511.0,488.0,500.0,958300,OK,kabutan,500.0,yahoo_jp,500.0,2026-08-31T01:06:31.383114+09:00
2025-11-18,5243,1350.0,1368.0,1320.0,1334.0,222900,OK,kabutan,1334.0,yahoo_jp,1334.0,2026-08-31T01:09:25.432385+09:00
2025-11-18,6027,2810.0,2835.0,2778.0,2787.0,137100,OK,kabutan,2787.0,yahoo_jp,2787.0,2026-08-31T01:12:18.540209+09:00
2025-11-18,6647,2177.0,2180.0,2152.0,2158.0,1200,OK,kabutan,2158.0,yahoo_jp,2158.0,2026-08-31T01:15:10.658508+09:00
2025-11-18,6904,467.0,468.0,463.0,463.0,10800,OK,kabutan,463.0,yahoo_jp,463.0,2026-08-31T01:18:03.239168+09:00
2025-11-18,7093,599.0,603.0,574.0,575.0,26000,OK,kabutan,575.0,yahoo_jp,575.0,2026-08-31T01:20:55.466489+09:00
2025-11-18,9344,843.0,855.0,842.0,851.0,1800,OK,kabutan,851.0,yahoo_jp,851.0,2026-08-31T01:23:50.902752+09:00
2025-11-19,4440,1031.0,1035.0,1000.0,1000.0,35200,OK,kabutan,1000.0,yahoo_jp,1000.0,2026-08-31T01:00:42.707252+09:00
2025-11-19,4707,347.0,347.0,344.0,347.0,5600,OK,kabutan,347.0,yahoo_jp,347.0,2026-08-31T01:03:35.001718+09:00
2025-11-19,5137,501.0,506.0,483.0,489.0,325900,OK,kabutan,489.0,yahoo_jp,489.0,2026-08-31T01:06:31.383114+09:00
2025-11-19,5243,1360.0,1398.0,1335.0,1370.0,230100,OK,kabutan,1370.0,yahoo_jp,1370.0,2026-08-31T01:09:25.432385+09:00
2025-11-19,6027,2781.0,2838.0,2750.0,2796.0,76200,OK,kabutan,2796.0,yahoo_jp,2796.0,2026-08-31T01:12:18.540209+09:00
2025-11-19,6647,2208.0,2208.0,2140.0,2140.0,1300,OK,kabutan,2140.0,yahoo_jp,2140.0,2026-08-31T01:15:10.658508+09:00
2025-11-19,6904,465.0,468.0,463.0,467.0,6000,OK,kabutan,467.0,yahoo_jp,467.0,2026-08-31T01:18:03.239168+09:00
2025-11-19,7093,573.0,579.0,572.0,578.0,6600,OK,kabutan,578.0,yahoo_jp,578.0,2026-08-31T01:20:55.466489+09:00
2025-11-19,9344,851.0,852.0,827.0,833.0,7100,OK,kabutan,833.0,yahoo_jp,833.0,2026-08-31T01:23:50.902752+09:00
2025-11-20,4440,1012.0,1020.0,1007.0,1012.0,26100,OK,kabutan,1012.0,yahoo_jp,1012.0,2026-08-31T01:00:42.707252+09:00
2025-11-20,4707,349.0,350.0,348.0,349.0,1000,OK,kabutan,349.0,yahoo_jp,349.0,2026-08-31T01:03:35.001718+09:00
2025-11-20,5137,495.0,496.0,468.0,473.0,433200,OK,kabutan,473.0,yahoo_jp,473.0,2026-08-31T01:06:31.383114+09:00
2025-11-20,5243,1389.0,1457.0,1378.0,1440.0,295200,OK,kabutan,1440.0,yahoo_jp,1440.0,2026-08-31T01:09:25.432385+09:00
2025-11-20,6027,2815.0,2864.0,2804.0,2811.0,64100,OK,kabutan,2811.0,yahoo_jp,2811.0,2026-08-31T01:12:18.540209+09:00
2025-11-20,6647,2141.0,2141.0,2140.0,2140.0,600,OK,kabutan,2140.0,yahoo_jp,2140.0,2026-08-31T01:15:10.658508+09:00
2025-11-20,6904,464.0,467.0,464.0,467.0,7300,OK,kabutan,467.0,yahoo_jp,467.0,2026-08-31T01:18:03.239168+09:00
2025-11-20,7093,578.0,582.0,567.0,567.0,10200,OK,kabutan,567.0,yahoo_jp,567.0,2026-08-31T01:20:55.466489+09:00
2025-11-20,9344,837.0,845.0,831.0,845.0,1000,OK,kabutan,845.0,yahoo_jp,845.0,2026-08-31T01:23:50.902752+09:00
2025-11-21,4440,999.0,1040.0,999.0,1028.0,18600,OK,kabutan,1028.0,yahoo_jp,1028.0,2026-08-31T01:00:42.707252+09:00
2025-11-21,4707,349.0,357.0,349.0,353.0,26200,OK,kabutan,353.0,yahoo_jp,353.0,2026-08-31T01:03:35.001718+09:00
2025-11-21,5137,465.0,481.0,458.0,476.0,331900,OK,kabutan,476.0,yahoo_jp,476.0,2026-08-31T01:06:31.383114+09:00
2025-11-21,5243,1386.0,1456.0,1379.0,1420.0,166800,OK,kabutan,1420.0,yahoo_jp,1420.0,2026-08-31T01:09:25.432385+09:00
2025-11-21,6027,2800.0,2880.0,2800.0,2880.0,93600,OK,kabutan,2880.0,yahoo_jp,2880.0,2026-08-31T01:12:18.540209+09:00
2025-11-21,6647,2135.0,2135.0,2120.0,2120.0,400,OK,kabutan,2120.0,yahoo_jp,2120.0,2026-08-31T01:15:10.658508+09:00
2025-11-21,6904,465.0,467.0,464.0,465.0,7900,OK,kabutan,465.0,yahoo_jp,465.0,2026-08-31T01:18:03.239168+09:00
2025-11-21,7093,566.0,573.0,560.0,560.0,18700,OK,kabutan,560.0,yahoo_jp,560.0,2026-08-31T01:20:55.466489+09:00
2025-11-21,9344,900.0,900.0,880.0,891.0,66900,OK,kabutan,891.0,yahoo_jp,891.0,2026-08-31T01:23:50.902752+09:00
2025-11-25,4440,1030.0,1032.0,1013.0,1016.0,15800,OK,kabutan,1016.0,yahoo_jp,1016.0,2026-08-31T01:00:42.707252+09:00
2025-11-25,4707,359.0,359.0,355.0,355.0,12400,OK,kabutan,355.0,yahoo_jp,355.0,2026-08-31T01:03:35.001718+09:00
2025-11-25,5137,484.0,486.0,451.0,453.0,367600,OK,kabutan,453.0,yahoo_jp,453.0,2026-08-31T01:06:31.383114+09:00
2025-11-25,5243,1480.0,1694.0,1464.0,1579.0,2893200,OK,kabutan,1579.0,yahoo_jp,1579.0,2026-08-31T01:09:25.432385+09:00
2025-11-25,6027,2877.0,2878.0,2752.0,2770.0,169700,OK,kabutan,2770.0,yahoo_jp,2770.0,2026-08-31T01:12:18.540209+09:00
2025-11-25,6647,2154.0,2158.0,2154.0,2158.0,600,OK,kabutan,2158.0,yahoo_jp,2158.0,2026-08-31T01:15:10.658508+09:00
2025-11-25,6904,464.0,465.0,463.0,463.0,6600,OK,kabutan,463.0,yahoo_jp,463.0,2026-08-31T01:18:03.239168+09:00
2025-11-25,7093,557.0,566.0,556.0,556.0,16400,OK,kabutan,556.0,yahoo_jp,556.0,2026-08-31T01:20:55.466489+09:00
2025-11-25,9344,910.0,979.0,910.0,931.0,43200,OK,kabutan,931.0,yahoo_jp,931.0,2026-08-31T01:23:50.902752+09:00
2025-11-26,4440,1024.0,1057.0,1024.0,1057.0,11800,OK,kabutan,1057.0,yahoo_jp,1057.0,2026-08-31T01:00:42.707252+09:00
2025-11-26,4707,360.0,362.0,357.0,360.0,19800,OK,kabutan,360.0,yahoo_jp,360.0,2026-08-31T01:03:35.001718+09:00
2025-11-26,5137,465.0,467.0,454.0,462.0,261500,OK,kabutan,462.0,yahoo_jp,462.0,2026-08-31T01:06:31.383114+09:00
2025-11-26,5243,1675.0,1800.0,1585.0,1586.0,3270600,OK,kabutan,1586.0,yahoo_jp,1586.0,2026-08-31T01:09:25.432385+09:00
2025-11-26,6027,2788.0,2808.0,2760.0,2777.0,103400,OK,kabutan,2777.0,yahoo_jp,2777.0,2026-08-31T01:12:18.540209+09:00
2025-11-26,6647,2164.0,2212.0,2164.0,2195.0,3300,OK,kabutan,2195.0,yahoo_jp,2195.0,2026-08-31T01:15:10.658508+09:00
2025-11-26,6904,464.0,465.0,463.0,463.0,12100,OK,kabutan,463.0,yahoo_jp,463.0,2026-08-31T01:18:03.239168+09:00
2025-11-26,7093,555.0,575.0,554.0,569.0,9400,OK,kabutan,569.0,yahoo_jp,569.0,2026-08-31T01:20:55.466489+09:00
2025-11-26,9344,932.0,936.0,921.0,930.0,14900,OK,kabutan,930.0,yahoo_jp,930.0,2026-08-31T01:23:50.902752+09:00
2025-11-27,4440,1067.0,1071.0,1050.0,1050.0,8400,OK,kabutan,1050.0,yahoo_jp,1050.0,2026-08-31T01:00:42.707252+09:00
2025-11-27,4707,354.0,355.0,346.0,350.0,31100,OK,kabutan,350.0,yahoo_jp,350.0,2026-08-31T01:03:35.001718+09:00
2025-11-27,5137,461.0,468.0,456.0,463.0,133900,OK,kabutan,463.0,yahoo_jp,463.0,2026-08-31T01:06:31.383114+09:00
2025-11-27,5243,1601.0,1768.0,1579.0,1750.0,2574800,OK,kabutan,1750.0,yahoo_jp,1750.0,2026-08-31T01:09:25.432385+09:00
2025-11-27,6027,2776.0,2803.0,2735.0,2738.0,119200,OK,kabutan,2738.0,yahoo_jp,2738.0,2026-08-31T01:12:18.540209+09:00
2025-11-27,6647,2245.0,2245.0,2244.0,2244.0,600,OK,kabutan,2244.0,yahoo_jp,2244.0,2026-08-31T01:15:10.658508+09:00
2025-11-27,6904,463.0,464.0,463.0,463.0,8100,OK,kabutan,463.0,yahoo_jp,463.0,2026-08-31T01:18:03.239168+09:00
2025-11-27,7093,577.0,578.0,562.0,571.0,3300,OK,kabutan,571.0,yahoo_jp,571.0,2026-08-31T01:20:55.466489+09:00
2025-11-27,9344,945.0,945.0,927.0,927.0,8900,OK,kabutan,927.0,yahoo_jp,927.0,2026-08-31T01:23:50.902752+09:00
2025-11-28,4440,1055.0,1066.0,1055.0,1063.0,6500,OK,kabutan,1063.0,yahoo_jp,1063.0,2026-08-31T01:00:42.707252+09:00
2025-11-28,4707,350.0,357.0,350.0,357.0,7300,OK,kabutan,357.0,yahoo_jp,357.0,2026-08-31T01:03:35.001718+09:00
2025-11-28,5137,456.0,459.0,435.0,439.0,352600,OK,kabutan,439.0,yahoo_jp,439.0,2026-08-31T01:06:31.383114+09:00
2025-11-28,5243,1733.0,1747.0,1655.0,1662.0,899600,OK,kabutan,1662.0,yahoo_jp,1662.0,2026-08-31T01:09:25.432385+09:00
2025-11-28,6027,2888.0,2977.0,2867.0,2943.0,687500,OK,kabutan,2943.0,yahoo_jp,2943.0,2026-08-31T01:12:18.540209+09:00
2025-11-28,6647,2244.0,2264.0,2214.0,2217.0,900,OK,kabutan,2217.0,yahoo_jp,2217.0,2026-08-31T01:15:10.658508+09:00
2025-11-28,6904,463.0,464.0,463.0,463.0,5900,OK,kabutan,463.0,yahoo_jp,463.0,2026-08-31T01:18:03.239168+09:00
2025-11-28,7093,569.0,585.0,569.0,576.0,5300,OK,kabutan,576.0,yahoo_jp,576.0,2026-08-31T01:20:55.466489+09:00
2025-11-28,9344,938.0,948.0,923.0,925.0,12900,OK,kabutan,925.0,yahoo_jp,925.0,2026-08-31T01:23:50.902752+09:00
2025-12-01,4440,1070.0,1075.0,1051.0,1057.0,8100,OK,kabutan,1057.0,yahoo_jp,1057.0,2026-08-31T01:00:42.707252+09:00
2025-12-01,4707,356.0,360.0,350.0,356.0,11800,OK,kabutan,356.0,yahoo_jp,356.0,2026-08-31T01:03:35.001718+09:00
2025-12-01,5137,443.0,443.0,413.0,421.0,556800,OK,kabutan,421.0,yahoo_jp,421.0,2026-08-31T01:06:31.383114+09:00
2025-12-01,5243,1666.0,1706.0,1543.0,1566.0,662800,OK,kabutan,1566.0,yahoo_jp,1566.0,2026-08-31T01:09:25.432385+09:00
2025-12-01,6027,2993.0,3030.0,2932.0,2936.0,362400,OK,kabutan,2936.0,yahoo_jp,2936.0,2026-08-31T01:12:18.540209+09:00
2025-12-01,6647,2204.0,2315.0,2204.0,2250.0,1100,OK,kabutan,2250.0,yahoo_jp,2250.0,2026-08-31T01:15:10.658508+09:00
2025-12-01,6904,464.0,464.0,462.0,462.0,9500,OK,kabutan,462.0,yahoo_jp,462.0,2026-08-31T01:18:03.239168+09:00
2025-12-01,7093,576.0,586.0,566.0,566.0,5900,OK,kabutan,566.0,yahoo_jp,566.0,2026-08-31T01:20:55.466489+09:00
2025-12-01,9344,938.0,939.0,925.0,937.0,8200,OK,kabutan,937.0,yahoo_jp,937.0,2026-08-31T01:23:50.902752+09:00
2025-12-02,4440,1057.0,1057.0,1029.0,1043.0,13800,OK,kabutan,1043.0,yahoo_jp,1043.0,2026-08-31T01:00:42.707252+09:00
2025-12-02,4707,359.0,360.0,357.0,360.0,7300,OK,kabutan,360.0,yahoo_jp,360.0,2026-08-31T01:03:35.001718+09:00
2025-12-02,5137,420.0,423.0,403.0,406.0,477500,OK,kabutan,406.0,yahoo_jp,406.0,2026-08-31T01:06:31.383114+09:00
2025-12-02,5243,1577.0,1720.0,1513.0,1590.0,3222800,OK,kabutan,1590.0,yahoo_jp,1590.0,2026-08-31T01:09:25.432385+09:00
2025-12-02,6027,2914.0,2958.0,2798.0,2810.0,271900,OK,kabutan,2810.0,yahoo_jp,2810.0,2026-08-31T01:12:18.540209+09:00
2025-12-02,6647,2300.0,2300.0,2260.0,2260.0,700,OK,kabutan,2260.0,yahoo_jp,2260.0,2026-08-31T01:15:10.658508+09:00
2025-12-02,6904,462.0,464.0,461.0,461.0,10200,OK,kabutan,461.0,yahoo_jp,461.0,2026-08-31T01:18:03.239168+09:00
2025-12-02,7093,566.0,573.0,564.0,564.0,2000,OK,kabutan,564.0,yahoo_jp,564.0,2026-08-31T01:20:55.466489+09:00
2025-12-02,9344,947.0,948.0,928.0,933.0,10000,OK,kabutan,933.0,yahoo_jp,933.0,2026-08-31T01:23:50.902752+09:00
2025-12-03,4440,1043.0,1043.0,1027.0,1029.0,7800,OK,kabutan,1029.0,yahoo_jp,1029.0,2026-08-31T01:00:42.707252+09:00
2025-12-03,4707,360.0,364.0,355.0,364.0,14800,OK,kabutan,364.0,yahoo_jp,364.0,2026-08-31T01:03:35.001718+09:00
2025-12-03,5137,408.0,413.0,404.0,410.0,337500,OK,kabutan,410.0,yahoo_jp,410.0,2026-08-31T01:06:31.383114+09:00
2025-12-03,5243,1590.0,1620.0,1491.0,1576.0,816200,OK,kabutan,1576.0,yahoo_jp,1576.0,2026-08-31T01:09:25.432385+09:00
2025-12-03,6027,2813.0,2938.0,2782.0,2923.0,212800,OK,kabutan,2923.0,yahoo_jp,2923.0,2026-08-31T01:12:18.540209+09:00
2025-12-03,6647,2217.0,2250.0,2212.0,2250.0,500,OK,kabutan,2250.0,yahoo_jp,2250.0,2026-08-31T01:15:10.658508+09:00
2025-12-03,6904,461.0,463.0,461.0,463.0,7100,OK,kabutan,463.0,yahoo_jp,463.0,2026-08-31T01:18:03.239168+09:00
2025-12-03,7093,562.0,564.0,559.0,560.0,4000,OK,kabutan,560.0,yahoo_jp,560.0,2026-08-31T01:20:55.466489+09:00
2025-12-03,9344,934.0,935.0,931.0,932.0,3900,OK,kabutan,932.0,yahoo_jp,932.0,2026-08-31T01:23:50.902752+09:00
2025-12-04,4440,1030.0,1062.0,1030.0,1051.0,12100,OK,kabutan,1051.0,yahoo_jp,1051.0,2026-08-31T01:00:42.707252+09:00
2025-12-04,4707,365.0,375.0,364.0,374.0,75000,OK,kabutan,374.0,yahoo_jp,374.0,2026-08-31T01:03:35.001718+09:00
2025-12-04,5137,409.0,426.0,406.0,419.0,233800,OK,kabutan,419.0,yahoo_jp,419.0,2026-08-31T01:06:31.383114+09:00
2025-12-04,5243,1558.0,1596.0,1466.0,1486.0,984800,OK,kabutan,1486.0,yahoo_jp,1486.0,2026-08-31T01:09:25.432385+09:00
2025-12-04,6027,2893.0,2998.0,2880.0,2996.0,247000,OK,kabutan,2996.0,yahoo_jp,2996.0,2026-08-31T01:12:18.540209+09:00
2025-12-04,6647,2250.0,2250.0,2250.0,2250.0,200,OK,kabutan,2250.0,yahoo_jp,2250.0,2026-08-31T01:15:10.658508+09:00
2025-12-04,6904,463.0,463.0,461.0,463.0,11800,OK,kabutan,463.0,yahoo_jp,463.0,2026-08-31T01:18:03.239168+09:00
2025-12-04,7093,560.0,562.0,560.0,560.0,2200,OK,kabutan,560.0,yahoo_jp,560.0,2026-08-31T01:20:55.466489+09:00
2025-12-04,9344,932.0,935.0,931.0,933.0,4900,OK,kabutan,933.0,yahoo_jp,933.0,2026-08-31T01:23:50.902752+09:00
2025-12-05,4440,1056.0,1077.0,1054.0,1077.0,14300,OK,kabutan,1077.0,yahoo_jp,1077.0,2026-08-31T01:00:42.707252+09:00
2025-12-05,4707,342.0,355.0,342.0,355.0,90900,OK,kabutan,355.0,yahoo_jp,355.0,2026-08-31T01:03:35.001718+09:00
2025-12-05,5137,415.0,419.0,404.0,408.0,166900,OK,kabutan,408.0,yahoo_jp,408.0,2026-08-31T01:06:31.383114+09:00
2025-12-05,5243,1480.0,1550.0,1477.0,1521.0,582000,OK,kabutan,1521.0,yahoo_jp,1521.0,2026-08-31T01:09:25.432385+09:00
2025-12-05,6027,3015.0,3275.0,3005.0,3135.0,546300,OK,kabutan,3135.0,yahoo_jp,3135.0,2026-08-31T01:12:18.540209+09:00
2025-12-05,6647,2273.0,2274.0,2232.0,2232.0,900,OK,kabutan,2232.0,yahoo_jp,2232.0,2026-08-31T01:15:10.658508+09:00
2025-12-05,6904,462.0,463.0,461.0,462.0,9900,OK,kabutan,462.0,yahoo_jp,462.0,2026-08-31T01:18:03.239168+09:00
2025-12-05,7093,559.0,559.0,558.0,559.0,1700,OK,kabutan,559.0,yahoo_jp,559.0,2026-08-31T01:20:55.466489+09:00
2025-12-05,9344,930.0,933.0,930.0,930.0,2200,OK,kabutan,930.0,yahoo_jp,930.0,2026-08-31T01:23:50.902752+09:00
2025-12-08,4440,1081.0,1131.0,1075.0,1116.0,29000,OK,kabutan,1116.0,yahoo_jp,1116.0,2026-08-31T01:00:42.707252+09:00
2025-12-08,4707,351.0,354.0,336.0,342.0,38800,OK,kabutan,342.0,yahoo_jp,342.0,2026-08-31T01:03:35.001718+09:00
2025-12-08,5137,411.0,413.0,405.0,411.0,133400,OK,kabutan,411.0,yahoo_jp,411.0,2026-08-31T01:06:31.383114+09:00
2025-12-08,5243,1535.0,1633.0,1533.0,1567.0,751200,OK,kabutan,1567.0,yahoo_jp,1567.0,2026-08-31T01:09:25.432385+09:00
2025-12-08,6027,3130.0,3200.0,3050.0,3110.0,239600,OK,kabutan,3110.0,yahoo_jp,3110.0,2026-08-31T01:12:18.540209+09:00
2025-12-08,6647,2233.0,2237.0,2230.0,2230.0,600,OK,kabutan,2230.0,yahoo_jp,2230.0,2026-08-31T01:15:10.658508+09:00
2025-12-08,6904,463.0,463.0,461.0,461.0,11600,OK,kabutan,461.0,yahoo_jp,461.0,2026-08-31T01:18:03.239168+09:00
2025-12-08,7093,559.0,563.0,559.0,563.0,2400,OK,kabutan,563.0,yahoo_jp,563.0,2026-08-31T01:20:55.466489+09:00
2025-12-08,9344,975.0,975.0,927.0,930.0,15700,OK,kabutan,930.0,yahoo_jp,930.0,2026-08-31T01:23:50.902752+09:00
2025-12-09,4440,1113.0,1128.0,1090.0,1096.0,14800,OK,kabutan,1096.0,yahoo_jp,1096.0,2026-08-31T01:00:42.707252+09:00
2025-12-09,4707,349.0,360.0,334.0,336.0,101300,OK,kabutan,336.0,yahoo_jp,336.0,2026-08-31T01:03:35.001718+09:00
2025-12-09,5137,409.0,409.0,391.0,392.0,400400,OK,kabutan,392.0,yahoo_jp,392.0,2026-08-31T01:06:31.383114+09:00
2025-12-09,5243,1555.0,1654.0,1555.0,1613.0,1111400,OK,kabutan,1613.0,yahoo_jp,1613.0,2026-08-31T01:09:25.432385+09:00
2025-12-09,6027,3110.0,3125.0,3005.0,3060.0,132000,OK,kabutan,3060.0,yahoo_jp,3060.0,2026-08-31T01:12:18.540209+09:00
2025-12-09,6647,2205.0,2215.0,2200.0,2215.0,600,OK,kabutan,2215.0,yahoo_jp,2215.0,2026-08-31T01:15:10.658508+09:00
2025-12-09,6904,461.0,462.0,460.0,460.0,13800,OK,kabutan,460.0,yahoo_jp,460.0,2026-08-31T01:18:03.239168+09:00
2025-12-09,7093,563.0,565.0,563.0,563.0,2100,OK,kabutan,563.0,yahoo_jp,563.0,2026-08-31T01:20:55.466489+09:00
2025-12-09,9344,932.0,934.0,932.0,932.0,1900,OK,kabutan,932.0,yahoo_jp,932.0,2026-08-31T01:23:50.902752+09:00
2025-12-10,4440,1113.0,1113.0,1092.0,1110.0,10400,OK,kabutan,1110.0,yahoo_jp,1110.0,2026-08-31T01:00:42.707252+09:00
2025-12-10,4707,340.0,344.0,336.0,336.0,10700,OK,kabutan,336.0,yahoo_jp,336.0,2026-08-31T01:03:35.001718+09:00
2025-12-10,5137,397.0,397.0,369.0,371.0,738600,OK,kabutan,371.0,yahoo_jp,371.0,2026-08-31T01:06:31.383114+09:00
2025-12-10,5243,1590.0,1590.0,1481.0,1500.0,880400,OK,kabutan,1500.0,yahoo_jp,1500.0,2026-08-31T01:09:25.432385+09:00
2025-12-10,6027,3055.0,3070.0,3010.0,3055.0,82900,OK,kabutan,3055.0,yahoo_jp,3055.0,2026-08-31T01:12:18.540209+09:00
2025-12-10,6647,2230.0,2297.0,2230.0,2289.0,1500,OK,kabutan,2289.0,yahoo_jp,2289.0,2026-08-31T01:15:10.658508+09:00
2025-12-10,6904,461.0,461.0,459.0,459.0,25800,OK,kabutan,459.0,yahoo_jp,459.0,2026-08-31T01:18:03.239168+09:00
2025-12-10,7093,560.0,569.0,556.0,560.0,5700,OK,kabutan,560.0,yahoo_jp,560.0,2026-08-31T01:20:55.466489+09:00
2025-12-10,9344,933.0,933.0,931.0,933.0,1500,OK,kabutan,933.0,yahoo_jp,933.0,2026-08-31T01:23:50.902752+09:00
2025-12-11,4440,1119.0,1119.0,1061.0,1071.0,29000,OK,kabutan,1071.0,yahoo_jp,1071.0,2026-08-31T01:00:42.707252+09:00
2025-12-11,4707,339.0,342.0,335.0,337.0,12300,OK,kabutan,337.0,yahoo_jp,337.0,2026-08-31T01:03:35.001718+09:00
2025-12-11,5137,370.0,371.0,357.0,363.0,580100,OK,kabutan,363.0,yahoo_jp,363.0,2026-08-31T01:06:31.383114+09:00
2025-12-11,5243,1501.0,1504.0,1404.0,1420.0,815500,OK,kabutan,1420.0,yahoo_jp,1420.0,2026-08-31T01:09:25.432385+09:00
2025-12-11,6027,3065.0,3075.0,2986.0,3020.0,91700,OK,kabutan,3020.0,yahoo_jp,3020.0,2026-08-31T01:12:18.540209+09:00
2025-12-11,6647,2287.0,2299.0,2282.0,2299.0,900,OK,kabutan,2299.0,yahoo_jp,2299.0,2026-08-31T01:15:10.658508+09:00
2025-12-11,6904,460.0,460.0,458.0,458.0,11800,OK,kabutan,458.0,yahoo_jp,458.0,2026-08-31T01:18:03.239168+09:00
2025-12-11,7093,560.0,565.0,540.0,541.0,9600,OK,kabutan,541.0,yahoo_jp,541.0,2026-08-31T01:20:55.466489+09:00
2025-12-11,9344,940.0,940.0,930.0,933.0,2400,OK,kabutan,933.0,yahoo_jp,933.0,2026-08-31T01:23:50.902752+09:00
2025-12-12,4440,1092.0,1092.0,1058.0,1065.0,8100,OK,kabutan,1065.0,yahoo_jp,1065.0,2026-08-31T01:00:42.707252+09:00
2025-12-12,4707,337.0,339.0,336.0,336.0,3200,OK,kabutan,336.0,yahoo_jp,336.0,2026-08-31T01:03:35.001718+09:00
2025-12-12,5137,355.0,362.0,350.0,356.0,559200,OK,kabutan,356.0,yahoo_jp,356.0,2026-08-31T01:06:31.383114+09:00
2025-12-12,5243,1442.0,1459.0,1402.0,1454.0,406300,OK,kabutan,1454.0,yahoo_jp,1454.0,2026-08-31T01:09:25.432385+09:00
2025-12-12,6027,3000.0,3030.0,2965.0,3010.0,121300,OK,kabutan,3010.0,yahoo_jp,3010.0,2026-08-31T01:12:18.540209+09:00
2025-12-12,6647,2298.0,2299.0,2213.0,2299.0,1300,OK,kabutan,2299.0,yahoo_jp,2299.0,2026-08-31T01:15:10.658508+09:00
2025-12-12,6904,458.0,458.0,455.0,457.0,19500,OK,kabutan,457.0,yahoo_jp,457.0,2026-08-31T01:18:03.239168+09:00
2025-12-12,7093,541.0,544.0,521.0,527.0,9400,OK,kabutan,527.0,yahoo_jp,527.0,2026-08-31T01:20:55.466489+09:00
2025-12-12,9344,945.0,945.0,930.0,932.0,3200,OK,kabutan,932.0,yahoo_jp,932.0,2026-08-31T01:23:50.902752+09:00
2025-12-15,4440,1061.0,1087.0,1061.0,1079.0,5100,OK,kabutan,1079.0,yahoo_jp,1079.0,2026-08-31T01:00:42.707252+09:00
2025-12-15,4707,335.0,335.0,333.0,334.0,9200,OK,kabutan,334.0,yahoo_jp,334.0,2026-08-31T01:03:35.001718+09:00
2025-12-15,5137,352.0,363.0,347.0,363.0,533200,OK,kabutan,363.0,yahoo_jp,363.0,2026-08-31T01:06:31.383114+09:00
2025-12-15,5243,1500.0,1537.0,1473.0,1529.0,891800,OK,kabutan,1529.0,yahoo_jp,1529.0,2026-08-31T01:09:25.432385+09:00
2025-12-15,6027,2999.0,3130.0,2991.0,3095.0,141500,OK,kabutan,3095.0,yahoo_jp,3095.0,2026-08-31T01:12:18.540209+09:00
2025-12-15,6647,2249.0,2264.0,2236.0,2264.0,400,OK,kabutan,2264.0,yahoo_jp,2264.0,2026-08-31T01:15:10.658508+09:00
2025-12-15,6904,455.0,457.0,455.0,455.0,16300,OK,kabutan,455.0,yahoo_jp,455.0,2026-08-31T01:18:03.239168+09:00
2025-12-15,7093,519.0,519.0,488.0,517.0,33200,OK,kabutan,517.0,yahoo_jp,517.0,2026-08-31T01:20:55.466489+09:00
2025-12-15,9344,935.0,938.0,929.0,929.0,7300,OK,kabutan,929.0,yahoo_jp,929.0,2026-08-31T01:23:50.902752+09:00
2025-12-16,4440,1094.0,1098.0,1061.0,1061.0,12500,OK,kabutan,1061.0,yahoo_jp,1061.0,2026-08-31T01:00:42.707252+09:00
2025-12-16,4707,334.0,335.0,331.0,331.0,9000,OK,kabutan,331.0,yahoo_jp,331.0,2026-08-31T01:03:35.001718+09:00
2025-12-16,5137,364.0,364.0,352.0,359.0,295100,OK,kabutan,359.0,yahoo_jp,359.0,2026-08-31T01:06:31.383114+09:00
2025-12-16,5243,1525.0,1535.0,1461.0,1468.0,450000,OK,kabutan,1468.0,yahoo_jp,1468.0,2026-08-31T01:09:25.432385+09:00
2025-12-16,6027,3080.0,3105.0,3040.0,3040.0,62700,OK,kabutan,3040.0,yahoo_jp,3040.0,2026-08-31T01:12:18.540209+09:00
2025-12-16,6647,2218.0,2218.0,2218.0,2218.0,500,OK,kabutan,2218.0,yahoo_jp,2218.0,2026-08-31T01:15:10.658508+09:00
2025-12-16,6904,455.0,456.0,455.0,455.0,17700,OK,kabutan,455.0,yahoo_jp,455.0,2026-08-31T01:18:03.239168+09:00
2025-12-16,7093,507.0,507.0,492.0,495.0,11100,OK,kabutan,495.0,yahoo_jp,495.0,2026-08-31T01:20:55.466489+09:00
2025-12-16,9344,951.0,970.0,936.0,956.0,15300,OK,kabutan,956.0,yahoo_jp,956.0,2026-08-31T01:23:50.902752+09:00
2025-12-17,4440,1062.0,1088.0,1062.0,1088.0,6200,OK,kabutan,1088.0,yahoo_jp,1088.0,2026-08-31T01:00:42.707252+09:00
2025-12-17,4707,332.0,339.0,330.0,331.0,5300,OK,kabutan,331.0,yahoo_jp,331.0,2026-08-31T01:03:35.001718+09:00
2025-12-17,5137,357.0,369.0,349.0,363.0,327000,OK,kabutan,363.0,yahoo_jp,363.0,2026-08-31T01:06:31.383114+09:00
2025-12-17,5243,1485.0,1509.0,1460.0,1480.0,271300,OK,kabutan,1480.0,yahoo_jp,1480.0,2026-08-31T01:09:25.432385+09:00
2025-12-17,6027,3065.0,3075.0,2984.0,3020.0,104400,OK,kabutan,3020.0,yahoo_jp,3020.0,2026-08-31T01:12:18.540209+09:00
2025-12-17,6647,2218.0,2219.0,2218.0,2219.0,200,OK,kabutan,2219.0,yahoo_jp,2219.0,2026-08-31T01:15:10.658508+09:00
2025-12-17,6904,456.0,457.0,455.0,455.0,19200,OK,kabutan,455.0,yahoo_jp,455.0,2026-08-31T01:18:03.239168+09:00
2025-12-17,7093,503.0,503.0,496.0,496.0,5600,OK,kabutan,496.0,yahoo_jp,496.0,2026-08-31T01:20:55.466489+09:00
2025-12-17,9344,969.0,969.0,945.0,966.0,6900,OK,kabutan,966.0,yahoo_jp,966.0,2026-08-31T01:23:50.902752+09:00
2025-12-18,4440,1066.0,1090.0,1066.0,1090.0,5800,OK,kabutan,1090.0,yahoo_jp,1090.0,2026-08-31T01:00:42.707252+09:00
2025-12-18,4707,331.0,331.0,327.0,331.0,11200,OK,kabutan,331.0,yahoo_jp,331.0,2026-08-31T01:03:35.001718+09:00
2025-12-18,5137,360.0,372.0,359.0,360.0,242400,OK,kabutan,360.0,yahoo_jp,360.0,2026-08-31T01:06:31.383114+09:00
2025-12-18,5243,1462.0,1499.0,1455.0,1480.0,185000,OK,kabutan,1480.0,yahoo_jp,1480.0,2026-08-31T01:09:25.432385+09:00
2025-12-18,6027,3020.0,3040.0,2965.0,2984.0,95100,OK,kabutan,2984.0,yahoo_jp,2984.0,2026-08-31T01:12:18.540209+09:00
2025-12-18,6647,2245.0,2250.0,2222.0,2239.0,700,OK,kabutan,2239.0,yahoo_jp,2239.0,2026-08-31T01:15:10.658508+09:00
2025-12-18,6904,456.0,458.0,455.0,456.0,17100,OK,kabutan,456.0,yahoo_jp,456.0,2026-08-31T01:18:03.239168+09:00
2025-12-18,7093,489.0,493.0,488.0,488.0,5600,OK,kabutan,488.0,yahoo_jp,488.0,2026-08-31T01:20:55.466489+09:00
2025-12-18,9344,969.0,969.0,953.0,955.0,3100,OK,kabutan,955.0,yahoo_jp,955.0,2026-08-31T01:23:50.902752+09:00
2025-12-19,4440,1087.0,1135.0,1087.0,1130.0,15300,OK,kabutan,1130.0,yahoo_jp,1130.0,2026-08-31T01:00:42.707252+09:00
2025-12-19,4707,331.0,333.0,327.0,329.0,18600,OK,kabutan,329.0,yahoo_jp,329.0,2026-08-31T01:03:35.001718+09:00
2025-12-19,5137,363.0,384.0,361.0,378.0,321300,OK,kabutan,378.0,yahoo_jp,378.0,2026-08-31T01:06:31.383114+09:00
2025-12-19,5243,1495.0,1655.0,1473.0,1581.0,1876200,OK,kabutan,1581.0,yahoo_jp,1581.0,2026-08-31T01:09:25.432385+09:00
2025-12-19,6027,2953.0,3025.0,2921.0,2994.0,111600,OK,kabutan,2994.0,yahoo_jp,2994.0,2026-08-31T01:12:18.540209+09:00
2025-12-19,6647,2239.0,2239.0,2239.0,,0,SINGLE_SOURCE|NO_TRADE,kabutan,2239.0,,,2026-08-31T01:15:10.658508+09:00
2025-12-19,6904,456.0,457.0,455.0,456.0,14400,OK,kabutan,456.0,yahoo_jp,456.0,2026-08-31T01:18:03.239168+09:00
2025-12-19,7093,489.0,507.0,489.0,501.0,8800,OK,kabutan,501.0,yahoo_jp,501.0,2026-08-31T01:20:55.466489+09:00
2025-12-19,9344,964.0,964.0,951.0,956.0,4600,OK,kabutan,956.0,yahoo_jp,956.0,2026-08-31T01:23:50.902752+09:00
2025-12-22,4440,1144.0,1151.0,1082.0,1121.0,26200,OK,kabutan,1121.0,yahoo_jp,1121.0,2026-08-31T01:00:42.707252+09:00
2025-12-22,4707,329.0,336.0,329.0,330.0,14400,OK,kabutan,330.0,yahoo_jp,330.0,2026-08-31T01:03:35.001718+09:00
2025-12-22,5137,386.0,409.0,382.0,396.0,935000,OK,kabutan,396.0,yahoo_jp,396.0,2026-08-31T01:06:31.383114+09:00
2025-12-22,5243,1582.0,1600.0,1535.0,1556.0,462900,OK,kabutan,1556.0,yahoo_jp,1556.0,2026-08-31T01:09:25.432385+09:00
2025-12-22,6027,3025.0,3030.0,2914.0,2917.0,133800,OK,kabutan,2917.0,yahoo_jp,2917.0,2026-08-31T01:12:18.540209+09:00
2025-12-22,6647,2273.0,2273.0,2273.0,2273.0,500,OK,kabutan,2273.0,yahoo_jp,2273.0,2026-08-31T01:15:10.658508+09:00
2025-12-22,6904,457.0,458.0,456.0,456.0,24800,OK,kabutan,456.0,yahoo_jp,456.0,2026-08-31T01:18:03.239168+09:00
2025-12-22,7093,500.0,500.0,492.0,492.0,6000,OK,kabutan,492.0,yahoo_jp,492.0,2026-08-31T01:20:55.466489+09:00
2025-12-22,9344,959.0,959.0,955.0,955.0,3900,OK,kabutan,955.0,yahoo_jp,955.0,2026-08-31T01:23:50.902752+09:00
2025-12-23,4440,1111.0,1130.0,1096.0,1112.0,13600,OK,kabutan,1112.0,yahoo_jp,1112.0,2026-08-31T01:00:42.707252+09:00
2025-12-23,4707,333.0,334.0,330.0,331.0,8200,OK,kabutan,331.0,yahoo_jp,331.0,2026-08-31T01:03:35.001718+09:00
2025-12-23,5137,392.0,413.0,392.0,407.0,575500,OK,kabutan,407.0,yahoo_jp,407.0,2026-08-31T01:06:31.383114+09:00
2025-12-23,5243,1560.0,1600.0,1512.0,1527.0,407300,OK,kabutan,1527.0,yahoo_jp,1527.0,2026-08-31T01:09:25.432385+09:00
2025-12-23,6027,2939.0,2970.0,2931.0,2970.0,75400,OK,kabutan,2970.0,yahoo_jp,2970.0,2026-08-31T01:12:18.540209+09:00
2025-12-23,6647,2273.0,2273.0,2236.0,2273.0,1100,OK,kabutan,2273.0,yahoo_jp,2273.0,2026-08-31T01:15:10.658508+09:00
2025-12-23,6904,457.0,459.0,456.0,457.0,20100,OK,kabutan,457.0,yahoo_jp,457.0,2026-08-31T01:18:03.239168+09:00
2025-12-23,7093,500.0,507.0,475.0,477.0,31300,OK,kabutan,477.0,yahoo_jp,477.0,2026-08-31T01:20:55.466489+09:00
2025-12-23,9344,958.0,958.0,954.0,956.0,2900,OK,kabutan,956.0,yahoo_jp,956.0,2026-08-31T01:23:50.902752+09:00
2025-12-24,4440,1109.0,1109.0,1071.0,1077.0,40200,OK,kabutan,1077.0,yahoo_jp,1077.0,2026-08-31T01:00:42.707252+09:00
2025-12-24,4707,333.0,335.0,330.0,332.0,13300,OK,kabutan,332.0,yahoo_jp,332.0,2026-08-31T01:03:35.001718+09:00
2025-12-24,5137,407.0,427.0,405.0,422.0,367100,OK,kabutan,422.0,yahoo_jp,422.0,2026-08-31T01:06:31.383114+09:00
2025-12-24,5243,1527.0,1552.0,1517.0,1537.0,236800,OK,kabutan,1537.0,yahoo_jp,1537.0,2026-08-31T01:09:25.432385+09:00
2025-12-24,6027,2970.0,3035.0,2954.0,3000.0,87700,OK,kabutan,3000.0,yahoo_jp,3000.0,2026-08-31T01:12:18.540209+09:00
2025-12-24,6647,2275.0,2275.0,2267.0,2267.0,200,OK,kabutan,2267.0,yahoo_jp,2267.0,2026-08-31T01:15:10.658508+09:00
2025-12-24,6904,457.0,460.0,456.0,457.0,33100,OK,kabutan,457.0,yahoo_jp,457.0,2026-08-31T01:18:03.239168+09:00
2025-12-24,7093,475.0,496.0,475.0,486.0,18700,OK,kabutan,486.0,yahoo_jp,486.0,2026-08-31T01:20:55.466489+09:00
2025-12-24,9344,956.0,956.0,938.0,938.0,12100,OK,kabutan,938.0,yahoo_jp,938.0,2026-08-31T01:23:50.902752+09:00
2025-12-25,4440,1080.0,1099.0,1077.0,1099.0,14700,OK,kabutan,1099.0,yahoo_jp,1099.0,2026-08-31T01:00:42.707252+09:00
2025-12-25,4707,333.0,333.0,331.0,332.0,4400,OK,kabutan,332.0,yahoo_jp,332.0,2026-08-31T01:03:35.001718+09:00
2025-12-25,5137,424.0,425.0,413.0,420.0,259700,OK,kabutan,420.0,yahoo_jp,420.0,2026-08-31T01:06:31.383114+09:00
2025-12-25,5243,1537.0,1569.0,1525.0,1563.0,241900,OK,kabutan,1563.0,yahoo_jp,1563.0,2026-08-31T01:09:25.432385+09:00
2025-12-25,6027,3030.0,3155.0,3000.0,3085.0,165000,OK,kabutan,3085.0,yahoo_jp,3085.0,2026-08-31T01:12:18.540209+09:00
2025-12-25,6647,2280.0,2280.0,2280.0,2280.0,6200,OK,kabutan,2280.0,yahoo_jp,2280.0,2026-08-31T01:15:10.658508+09:00
2025-12-25,6904,457.0,459.0,456.0,459.0,20900,OK,kabutan,459.0,yahoo_jp,459.0,2026-08-31T01:18:03.239168+09:00
2025-12-25,7093,484.0,500.0,484.0,491.0,6100,OK,kabutan,491.0,yahoo_jp,491.0,2026-08-31T01:20:55.466489+09:00
2025-12-25,9344,948.0,949.0,937.0,938.0,6100,OK,kabutan,938.0,yahoo_jp,938.0,2026-08-31T01:23:50.902752+09:00
2025-12-26,4440,1106.0,1110.0,1088.0,1088.0,10500,OK,kabutan,1088.0,yahoo_jp,1088.0,2026-08-31T01:00:42.707252+09:00
2025-12-26,4707,332.0,333.0,331.0,331.0,31400,OK,kabutan,331.0,yahoo_jp,331.0,2026-08-31T01:03:35.001718+09:00
2025-12-26,5137,425.0,425.0,414.0,422.0,194600,OK,kabutan,422.0,yahoo_jp,422.0,2026-08-31T01:06:31.383114+09:00
2025-12-26,5243,1565.0,1614.0,1558.0,1598.0,401400,OK,kabutan,1598.0,yahoo_jp,1598.0,2026-08-31T01:09:25.432385+09:00
2025-12-26,6027,3110.0,3185.0,3100.0,3185.0,144700,OK,kabutan,3185.0,yahoo_jp,3185.0,2026-08-31T01:12:18.540209+09:00
2025-12-26,6647,2289.0,2289.0,2289.0,2289.0,300,OK,kabutan,2289.0,yahoo_jp,2289.0,2026-08-31T01:15:10.658508+09:00
2025-12-26,6904,459.0,461.0,457.0,459.0,36300,OK,kabutan,459.0,yahoo_jp,459.0,2026-08-31T01:18:03.239168+09:00
2025-12-26,7093,490.0,497.0,490.0,491.0,10800,OK,kabutan,491.0,yahoo_jp,491.0,2026-08-31T01:20:55.466489+09:00
2025-12-26,9344,944.0,944.0,939.0,942.0,12200,OK,kabutan,942.0,yahoo_jp,942.0,2026-08-31T01:23:50.902752+09:00
2025-12-29,4440,1096.0,1139.0,1085.0,1139.0,14200,OK,kabutan,1139.0,yahoo_jp,1139.0,2026-08-31T01:00:42.707252+09:00
2025-12-29,4707,333.0,336.0,331.0,332.0,8100,OK,kabutan,332.0,yahoo_jp,332.0,2026-08-31T01:03:35.001718+09:00
2025-12-29,5137,422.0,422.0,390.0,398.0,584700,OK,kabutan,398.0,yahoo_jp,398.0,2026-08-31T01:06:31.383114+09:00
2025-12-29,5243,1628.0,1729.0,1616.0,1698.0,832700,OK,kabutan,1698.0,yahoo_jp,1698.0,2026-08-31T01:09:25.432385+09:00
2025-12-29,6027,3200.0,3285.0,3160.0,3250.0,188100,OK,kabutan,3250.0,yahoo_jp,3250.0,2026-08-31T01:12:18.540209+09:00
2025-12-29,6647,2297.0,2318.0,2297.0,2300.0,1200,OK,kabutan,2300.0,yahoo_jp,2300.0,2026-08-31T01:15:10.658508+09:00
2025-12-29,6904,462.0,467.0,461.0,462.0,22600,OK,kabutan,462.0,yahoo_jp,462.0,2026-08-31T01:18:03.239168+09:00
2025-12-29,7093,491.0,498.0,480.0,497.0,6900,OK,kabutan,497.0,yahoo_jp,497.0,2026-08-31T01:20:55.466489+09:00
2025-12-29,9344,930.0,930.0,918.0,918.0,10900,OK,kabutan,918.0,yahoo_jp,918.0,2026-08-31T01:23:50.902752+09:00
2025-12-30,4440,1139.0,1140.0,1122.0,1136.0,9700,OK,kabutan,1136.0,yahoo_jp,1136.0,2026-08-31T01:00:42.707252+09:00
2025-12-30,4707,336.0,336.0,331.0,333.0,5000,OK,kabutan,333.0,yahoo_jp,333.0,2026-08-31T01:03:35.001718+09:00
2025-12-30,5137,400.0,400.0,382.0,384.0,315700,OK,kabutan,384.0,yahoo_jp,384.0,2026-08-31T01:06:31.383114+09:00
2025-12-30,5243,1682.0,1750.0,1623.0,1632.0,624300,OK,kabutan,1632.0,yahoo_jp,1632.0,2026-08-31T01:09:25.432385+09:00
2025-12-30,6027,3250.0,3250.0,3135.0,3150.0,110000,OK,kabutan,3150.0,yahoo_jp,3150.0,2026-08-31T01:12:18.540209+09:00
2025-12-30,6647,2315.0,2319.0,2300.0,2300.0,700,OK,kabutan,2300.0,yahoo_jp,2300.0,2026-08-31T01:15:10.658508+09:00
2025-12-30,6904,460.0,463.0,460.0,462.0,8500,OK,kabutan,462.0,yahoo_jp,462.0,2026-08-31T01:18:03.239168+09:00
2025-12-30,7093,496.0,526.0,496.0,503.0,8400,OK,kabutan,503.0,yahoo_jp,503.0,2026-08-31T01:20:55.466489+09:00
2025-12-30,9344,916.0,918.0,912.0,918.0,3800,OK,kabutan,918.0,yahoo_jp,918.0,2026-08-31T01:23:50.902752+09:00
2026-01-05,4440,1145.0,1155.0,1123.0,1149.0,15300,OK,kabutan,1149.0,yahoo_jp,1149.0,2026-08-31T01:00:42.707252+09:00
2026-01-05,4707,332.0,337.0,331.0,336.0,10600,OK,kabutan,336.0,yahoo_jp,336.0,2026-08-31T01:03:35.001718+09:00
2026-01-05,5137,380.0,387.0,358.0,366.0,731500,OK,kabutan,366.0,yahoo_jp,366.0,2026-08-31T01:06:31.383114+09:00
2026-01-05,5243,1688.0,1693.0,1633.0,1663.0,390800,OK,kabutan,1663.0,yahoo_jp,1663.0,2026-08-31T01:09:25.432385+09:00
2026-01-05,6027,3200.0,3200.0,3075.0,3105.0,98500,OK,kabutan,3105.0,yahoo_jp,3105.0,2026-08-31T01:12:18.540209+09:00
2026-01-05,6647,2265.0,2290.0,2265.0,2290.0,1000,OK,kabutan,2290.0,yahoo_jp,2290.0,2026-08-31T01:15:10.658508+09:00
2026-01-05,6904,465.0,475.0,465.0,471.0,22100,OK,kabutan,471.0,yahoo_jp,471.0,2026-08-31T01:18:03.239168+09:00
2026-01-05,7093,503.0,515.0,503.0,506.0,7400,OK,kabutan,506.0,yahoo_jp,506.0,2026-08-31T01:20:55.466489+09:00
2026-01-05,9344,915.0,918.0,911.0,911.0,4100,OK,kabutan,911.0,yahoo_jp,911.0,2026-08-31T01:23:50.902752+09:00
2026-01-06,4440,1164.0,1185.0,1150.0,1176.0,17200,OK,kabutan,1176.0,yahoo_jp,1176.0,2026-08-31T01:00:42.707252+09:00
2026-01-06,4707,337.0,344.0,335.0,342.0,16300,OK,kabutan,342.0,yahoo_jp,342.0,2026-08-31T01:03:35.001718+09:00
2026-01-06,5137,367.0,374.0,363.0,363.0,258800,OK,kabutan,363.0,yahoo_jp,363.0,2026-08-31T01:06:31.383114+09:00
2026-01-06,5243,1689.0,1761.0,1667.0,1677.0,780800,OK,kabutan,1677.0,yahoo_jp,1677.0,2026-08-31T01:09:25.432385+09:00
2026-01-06,6027,3115.0,3170.0,3115.0,3170.0,85700,OK,kabutan,3170.0,yahoo_jp,3170.0,2026-08-31T01:12:18.540209+09:00
2026-01-06,6647,2313.0,2313.0,2279.0,2279.0,500,OK,kabutan,2279.0,yahoo_jp,2279.0,2026-08-31T01:15:10.658508+09:00
2026-01-06,6904,476.0,479.0,475.0,478.0,15400,OK,kabutan,478.0,yahoo_jp,478.0,2026-08-31T01:18:03.239168+09:00
2026-01-06,7093,505.0,505.0,489.0,497.0,7200,OK,kabutan,497.0,yahoo_jp,497.0,2026-08-31T01:20:55.466489+09:00
2026-01-06,9344,911.0,912.0,910.0,910.0,3200,OK,kabutan,910.0,yahoo_jp,910.0,2026-08-31T01:23:50.902752+09:00
2026-01-07,4440,1170.0,1206.0,1167.0,1198.0,23300,OK,kabutan,1198.0,yahoo_jp,1198.0,2026-08-31T01:00:42.707252+09:00
2026-01-07,4707,343.0,343.0,339.0,341.0,5200,OK,kabutan,341.0,yahoo_jp,341.0,2026-08-31T01:03:35.001718+09:00
2026-01-07,5137,361.0,374.0,356.0,372.0,255800,OK,kabutan,372.0,yahoo_jp,372.0,2026-08-31T01:06:31.383114+09:00
2026-01-07,5243,1680.0,1728.0,1642.0,1712.0,703100,OK,kabutan,1712.0,yahoo_jp,1712.0,2026-08-31T01:09:25.432385+09:00
2026-01-07,6027,3150.0,3260.0,3130.0,3240.0,154900,OK,kabutan,3240.0,yahoo_jp,3240.0,2026-08-31T01:12:18.540209+09:00
2026-01-07,6647,2279.0,2280.0,2200.0,2280.0,2800,OK,kabutan,2280.0,yahoo_jp,2280.0,2026-08-31T01:15:10.658508+09:00
2026-01-07,6904,480.0,480.0,475.0,476.0,9700,OK,kabutan,476.0,yahoo_jp,476.0,2026-08-31T01:18:03.239168+09:00
2026-01-07,7093,494.0,503.0,494.0,502.0,2400,OK,kabutan,502.0,yahoo_jp,502.0,2026-08-31T01:20:55.466489+09:00
2026-01-07,9344,910.0,929.0,910.0,910.0,7800,OK,kabutan,910.0,yahoo_jp,910.0,2026-08-31T01:23:50.902752+09:00
2026-01-08,4440,1187.0,1205.0,1177.0,1180.0,21400,OK,kabutan,1180.0,yahoo_jp,1180.0,2026-08-31T01:00:42.707252+09:00
2026-01-08,4707,341.0,341.0,337.0,337.0,8200,OK,kabutan,337.0,yahoo_jp,337.0,2026-08-31T01:03:35.001718+09:00
2026-01-08,5137,372.0,380.0,361.0,361.0,540800,OK,kabutan,361.0,yahoo_jp,361.0,2026-08-31T01:06:31.383114+09:00
2026-01-08,5243,1708.0,1850.0,1702.0,1798.0,1044700,OK,kabutan,1798.0,yahoo_jp,1798.0,2026-08-31T01:09:25.432385+09:00
2026-01-08,6027,3215.0,3330.0,3210.0,3305.0,150200,OK,kabutan,3305.0,yahoo_jp,3305.0,2026-08-31T01:12:18.540209+09:00
2026-01-08,6647,2258.0,2258.0,2258.0,2258.0,100,OK,kabutan,2258.0,yahoo_jp,2258.0,2026-08-31T01:15:10.658508+09:00
2026-01-08,6904,479.0,479.0,471.0,471.0,15800,OK,kabutan,471.0,yahoo_jp,471.0,2026-08-31T01:18:03.239168+09:00
2026-01-08,7093,504.0,575.0,504.0,540.0,57600,OK,kabutan,540.0,yahoo_jp,540.0,2026-08-31T01:20:55.466489+09:00
2026-01-08,9344,911.0,916.0,911.0,911.0,3700,OK,kabutan,911.0,yahoo_jp,911.0,2026-08-31T01:23:50.902752+09:00
2026-01-09,4440,1190.0,1480.0,1182.0,1480.0,69000,OK,kabutan,1480.0,yahoo_jp,1480.0,2026-08-31T01:00:42.707252+09:00
2026-01-09,4707,337.0,337.0,335.0,335.0,8200,OK,kabutan,335.0,yahoo_jp,335.0,2026-08-31T01:03:35.001718+09:00
2026-01-09,5137,364.0,379.0,364.0,374.0,229500,OK,kabutan,374.0,yahoo_jp,374.0,2026-08-31T01:06:31.383114+09:00
2026-01-09,5243,1809.0,1953.0,1789.0,1950.0,1380500,OK,kabutan,1950.0,yahoo_jp,1950.0,2026-08-31T01:09:25.432385+09:00
2026-01-09,6027,3325.0,3330.0,3230.0,3270.0,93800,OK,kabutan,3270.0,yahoo_jp,3270.0,2026-08-31T01:12:18.540209+09:00
2026-01-09,6647,2258.0,2258.0,2258.0,2258.0,100,OK,kabutan,2258.0,yahoo_jp,2258.0,2026-08-31T01:15:10.658508+09:00
2026-01-09,6904,470.0,477.0,470.0,477.0,12300,OK,kabutan,477.0,yahoo_jp,477.0,2026-08-31T01:18:03.239168+09:00
2026-01-09,7093,540.0,542.0,529.0,530.0,9900,OK,kabutan,530.0,yahoo_jp,530.0,2026-08-31T01:20:55.466489+09:00
2026-01-09,9344,912.0,912.0,911.0,911.0,4100,OK,kabutan,911.0,yahoo_jp,911.0,2026-08-31T01:23:50.902752+09:00
2026-01-13,4440,1539.0,1594.0,1460.0,1563.0,276600,OK,kabutan,1563.0,yahoo_jp,1563.0,2026-08-31T01:00:42.707252+09:00
2026-01-13,4707,336.0,340.0,336.0,340.0,5200,OK,kabutan,340.0,yahoo_jp,340.0,2026-08-31T01:03:35.001718+09:00
2026-01-13,5137,382.0,382.0,365.0,372.0,278100,OK,kabutan,372.0,yahoo_jp,372.0,2026-08-31T01:06:31.383114+09:00
2026-01-13,5243,1910.0,1920.0,1825.0,1875.0,1719100,OK,kabutan,1875.0,yahoo_jp,1875.0,2026-08-31T01:09:25.432385+09:00
2026-01-13,6027,3305.0,3360.0,3235.0,3245.0,130500,OK,kabutan,3245.0,yahoo_jp,3245.0,2026-08-31T01:12:18.540209+09:00
2026-01-13,6647,2225.0,2258.0,2225.0,2258.0,400,OK,kabutan,2258.0,yahoo_jp,2258.0,2026-08-31T01:15:10.658508+09:00
2026-01-13,6904,480.0,480.0,474.0,476.0,15100,OK,kabutan,476.0,yahoo_jp,476.0,2026-08-31T01:18:03.239168+09:00
2026-01-13,7093,531.0,555.0,531.0,551.0,6800,OK,kabutan,551.0,yahoo_jp,551.0,2026-08-31T01:20:55.466489+09:00
2026-01-13,9344,915.0,917.0,915.0,915.0,1800,OK,kabutan,915.0,yahoo_jp,915.0,2026-08-31T01:23:50.902752+09:00
2026-01-14,4440,1548.0,1566.0,1505.0,1516.0,55800,OK,kabutan,1516.0,yahoo_jp,1516.0,2026-08-31T01:00:42.707252+09:00
2026-01-14,4707,340.0,341.0,337.0,337.0,7700,OK,kabutan,337.0,yahoo_jp,337.0,2026-08-31T01:03:35.001718+09:00
2026-01-14,5137,375.0,385.0,373.0,382.0,209800,OK,kabutan,382.0,yahoo_jp,382.0,2026-08-31T01:06:31.383114+09:00
2026-01-14,5243,2200.0,2275.0,2173.0,2275.0,1067200,OK,kabutan,2275.0,yahoo_jp,2275.0,2026-08-31T01:09:25.432385+09:00
2026-01-14,6027,3280.0,3325.0,3260.0,3280.0,99200,OK,kabutan,3280.0,yahoo_jp,3280.0,2026-08-31T01:12:18.540209+09:00
2026-01-14,6647,2300.0,2300.0,2300.0,2300.0,100,OK,kabutan,2300.0,yahoo_jp,2300.0,2026-08-31T01:15:10.658508+09:00
2026-01-14,6904,477.0,480.0,477.0,477.0,4600,OK,kabutan,477.0,yahoo_jp,477.0,2026-08-31T01:18:03.239168+09:00
2026-01-14,7093,550.0,550.0,531.0,531.0,3800,OK,kabutan,531.0,yahoo_jp,531.0,2026-08-31T01:20:55.466489+09:00
2026-01-14,9344,917.0,917.0,916.0,916.0,1100,OK,kabutan,916.0,yahoo_jp,916.0,2026-08-31T01:23:50.902752+09:00
2026-01-15,4440,1479.0,1534.0,1446.0,1520.0,61100,OK,kabutan,1520.0,yahoo_jp,1520.0,2026-08-31T01:00:42.707252+09:00
2026-01-15,4707,339.0,342.0,338.0,342.0,6700,OK,kabutan,342.0,yahoo_jp,342.0,2026-08-31T01:03:35.001718+09:00
2026-01-15,5137,376.0,413.0,376.0,398.0,410600,OK,kabutan,398.0,yahoo_jp,398.0,2026-08-31T01:06:31.383114+09:00
2026-01-15,5243,2425.0,2775.0,2338.0,2775.0,7275700,OK,kabutan,2775.0,yahoo_jp,2775.0,2026-08-31T01:09:25.432385+09:00
2026-01-15,6027,3305.0,3490.0,3300.0,3400.0,234500,OK,kabutan,3400.0,yahoo_jp,3400.0,2026-08-31T01:12:18.540209+09:00
2026-01-15,6647,2250.0,2250.0,2250.0,2250.0,300,OK,kabutan,2250.0,yahoo_jp,2250.0,2026-08-31T01:15:10.658508+09:00
2026-01-15,6904,479.0,482.0,478.0,480.0,16300,OK,kabutan,480.0,yahoo_jp,480.0,2026-08-31T01:18:03.239168+09:00
2026-01-15,7093,527.0,540.0,516.0,539.0,6500,OK,kabutan,539.0,yahoo_jp,539.0,2026-08-31T01:20:55.466489+09:00
2026-01-15,9344,916.0,931.0,916.0,916.0,8500,OK,kabutan,916.0,yahoo_jp,916.0,2026-08-31T01:23:50.902752+09:00
2026-01-16,4440,1520.0,1520.0,1448.0,1465.0,35300,OK,kabutan,1465.0,yahoo_jp,1465.0,2026-08-31T01:00:42.707252+09:00
2026-01-16,4707,343.0,395.0,343.0,385.0,592400,OK,kabutan,385.0,yahoo_jp,385.0,2026-08-31T01:03:35.001718+09:00
2026-01-16,5137,400.0,408.0,398.0,403.0,215000,OK,kabutan,403.0,yahoo_jp,403.0,2026-08-31T01:06:31.383114+09:00
2026-01-16,5243,2775.0,2885.0,2510.0,2531.0,3774400,OK,kabutan,2531.0,yahoo_jp,2531.0,2026-08-31T01:09:25.432385+09:00
2026-01-16,6027,3440.0,3470.0,3355.0,3380.0,149100,OK,kabutan,3380.0,yahoo_jp,3380.0,2026-08-31T01:12:18.540209+09:00
2026-01-16,6647,2237.0,2280.0,2230.0,2241.0,1100,OK,kabutan,2241.0,yahoo_jp,2241.0,2026-08-31T01:15:10.658508+09:00
2026-01-16,6904,483.0,488.0,480.0,488.0,27100,OK,kabutan,488.0,yahoo_jp,488.0,2026-08-31T01:18:03.239168+09:00
2026-01-16,7093,538.0,548.0,534.0,548.0,4100,OK,kabutan,548.0,yahoo_jp,548.0,2026-08-31T01:20:55.466489+09:00
2026-01-16,9344,922.0,922.0,917.0,921.0,5100,OK,kabutan,921.0,yahoo_jp,921.0,2026-08-31T01:23:50.902752+09:00
2026-01-19,4440,1650.0,1720.0,1611.0,1706.0,214600,OK,kabutan,1706.0,yahoo_jp,1706.0,2026-08-31T01:00:42.707252+09:00
2026-01-19,4707,379.0,379.0,357.0,377.0,117800,OK,kabutan,377.0,yahoo_jp,377.0,2026-08-31T01:03:35.001718+09:00
2026-01-19,5137,399.0,412.0,388.0,405.0,404500,OK,kabutan,405.0,yahoo_jp,405.0,2026-08-31T01:06:31.383114+09:00
2026-01-19,5243,2581.0,2789.0,2560.0,2734.0,2679600,OK,kabutan,2734.0,yahoo_jp,2734.0,2026-08-31T01:09:25.432385+09:00
2026-01-19,6027,3450.0,3450.0,3345.0,3375.0,138200,OK,kabutan,3375.0,yahoo_jp,3375.0,2026-08-31T01:12:18.540209+09:00
2026-01-19,6647,2275.0,2318.0,2275.0,2318.0,900,OK,kabutan,2318.0,yahoo_jp,2318.0,2026-08-31T01:15:10.658508+09:00
2026-01-19,6904,488.0,489.0,484.0,489.0,12900,OK,kabutan,489.0,yahoo_jp,489.0,2026-08-31T01:18:03.239168+09:00
2026-01-19,7093,548.0,548.0,538.0,538.0,5200,OK,kabutan,538.0,yahoo_jp,538.0,2026-08-31T01:20:55.466489+09:00
2026-01-19,9344,931.0,931.0,920.0,929.0,3800,OK,kabutan,929.0,yahoo_jp,929.0,2026-08-31T01:23:50.902752+09:00
2026-01-20,4440,1706.0,1706.0,1626.0,1636.0,75600,OK,kabutan,1636.0,yahoo_jp,1636.0,2026-08-31T01:00:42.707252+09:00
2026-01-20,4707,382.0,382.0,361.0,378.0,79900,OK,kabutan,378.0,yahoo_jp,378.0,2026-08-31T01:03:35.001718+09:00
2026-01-20,5137,403.0,403.0,382.0,385.0,394100,OK,kabutan,385.0,yahoo_jp,385.0,2026-08-31T01:06:31.383114+09:00
2026-01-20,5243,2734.0,2970.0,2654.0,2773.0,3499100,OK,kabutan,2773.0,yahoo_jp,2773.0,2026-08-31T01:09:25.432385+09:00
2026-01-20,6027,3370.0,3385.0,3215.0,3220.0,121200,OK,kabutan,3220.0,yahoo_jp,3220.0,2026-08-31T01:12:18.540209+09:00
2026-01-20,6647,2368.0,2399.0,2349.0,2397.0,1900,OK,kabutan,2397.0,yahoo_jp,2397.0,2026-08-31T01:15:10.658508+09:00
2026-01-20,6904,490.0,490.0,485.0,490.0,9100,OK,kabutan,490.0,yahoo_jp,490.0,2026-08-31T01:18:03.239168+09:00
2026-01-20,7093,546.0,565.0,541.0,560.0,10100,OK,kabutan,560.0,yahoo_jp,560.0,2026-08-31T01:20:55.466489+09:00
2026-01-20,9344,930.0,930.0,928.0,928.0,3700,OK,kabutan,928.0,yahoo_jp,928.0,2026-08-31T01:23:50.902752+09:00
2026-01-21,4440,1603.0,1669.0,1588.0,1648.0,55300,OK,kabutan,1648.0,yahoo_jp,1648.0,2026-08-31T01:00:42.707252+09:00
2026-01-21,4707,375.0,375.0,349.0,357.0,79900,OK,kabutan,357.0,yahoo_jp,357.0,2026-08-31T01:03:35.001718+09:00
2026-01-21,5137,377.0,391.0,370.0,387.0,283900,OK,kabutan,387.0,yahoo_jp,387.0,2026-08-31T01:06:31.383114+09:00
2026-01-21,5243,2673.0,3180.0,2672.0,3110.0,4898000,OK,kabutan,3110.0,yahoo_jp,3110.0,2026-08-31T01:09:25.432385+09:00
2026-01-21,6027,3100.0,3150.0,3015.0,3065.0,322700,OK,kabutan,3065.0,yahoo_jp,3065.0,2026-08-31T01:12:18.540209+09:00
2026-01-21,6647,2366.0,2419.0,2366.0,2419.0,1600,OK,kabutan,2419.0,yahoo_jp,2419.0,2026-08-31T01:15:10.658508+09:00
2026-01-21,6904,490.0,491.0,488.0,489.0,12200,OK,kabutan,489.0,yahoo_jp,489.0,2026-08-31T01:18:03.239168+09:00
2026-01-21,7093,560.0,561.0,547.0,561.0,9200,OK,kabutan,561.0,yahoo_jp,561.0,2026-08-31T01:20:55.466489+09:00
2026-01-21,9344,933.0,933.0,924.0,925.0,2200,OK,kabutan,925.0,yahoo_jp,925.0,2026-08-31T01:23:50.902752+09:00
2026-01-22,4440,1701.0,1702.0,1639.0,1649.0,34500,OK,kabutan,1649.0,yahoo_jp,1649.0,2026-08-31T01:00:42.707252+09:00
2026-01-22,4707,357.0,360.0,344.0,344.0,88000,OK,kabutan,344.0,yahoo_jp,344.0,2026-08-31T01:03:35.001718+09:00
2026-01-22,5137,389.0,394.0,385.0,387.0,153100,OK,kabutan,387.0,yahoo_jp,387.0,2026-08-31T01:06:31.383114+09:00
2026-01-22,5243,3080.0,3095.0,2821.0,2889.0,1928500,OK,kabutan,2889.0,yahoo_jp,2889.0,2026-08-31T01:09:25.432385+09:00
2026-01-22,6027,3125.0,3140.0,2985.0,3000.0,190000,OK,kabutan,3000.0,yahoo_jp,3000.0,2026-08-31T01:12:18.540209+09:00
2026-01-22,6647,2413.0,2439.0,2410.0,2439.0,700,OK,kabutan,2439.0,yahoo_jp,2439.0,2026-08-31T01:15:10.658508+09:00
2026-01-22,6904,490.0,490.0,487.0,490.0,5600,OK,kabutan,490.0,yahoo_jp,490.0,2026-08-31T01:18:03.239168+09:00
2026-01-22,7093,551.0,566.0,551.0,558.0,4200,OK,kabutan,558.0,yahoo_jp,558.0,2026-08-31T01:20:55.466489+09:00
2026-01-22,9344,925.0,929.0,921.0,929.0,2600,OK,kabutan,929.0,yahoo_jp,929.0,2026-08-31T01:23:50.902752+09:00
2026-01-23,4440,1660.0,1663.0,1611.0,1627.0,32200,OK,kabutan,1627.0,yahoo_jp,1627.0,2026-08-31T01:00:42.707252+09:00
2026-01-23,4707,345.0,355.0,343.0,354.0,40200,OK,kabutan,354.0,yahoo_jp,354.0,2026-08-31T01:03:35.001718+09:00
2026-01-23,5137,390.0,408.0,387.0,400.0,301200,OK,kabutan,400.0,yahoo_jp,400.0,2026-08-31T01:06:31.383114+09:00
2026-01-23,5243,2960.0,3210.0,2888.0,2971.0,2636400,OK,kabutan,2971.0,yahoo_jp,2971.0,2026-08-31T01:09:25.432385+09:00
2026-01-23,6027,3035.0,3045.0,3000.0,3040.0,85600,OK,kabutan,3040.0,yahoo_jp,3040.0,2026-08-31T01:12:18.540209+09:00
2026-01-23,6647,2489.0,2490.0,2439.0,2440.0,1400,OK,kabutan,2440.0,yahoo_jp,2440.0,2026-08-31T01:15:10.658508+09:00
2026-01-23,6904,492.0,492.0,489.0,492.0,12100,OK,kabutan,492.0,yahoo_jp,492.0,2026-08-31T01:18:03.239168+09:00
2026-01-23,7093,553.0,569.0,552.0,569.0,3800,OK,kabutan,569.0,yahoo_jp,569.0,2026-08-31T01:20:55.466489+09:00
2026-01-23,9344,936.0,939.0,926.0,932.0,3900,OK,kabutan,932.0,yahoo_jp,932.0,2026-08-31T01:23:50.902752+09:00
2026-01-26,4440,1626.0,1635.0,1570.0,1617.0,54600,OK,kabutan,1617.0,yahoo_jp,1617.0,2026-08-31T01:00:42.707252+09:00
2026-01-26,4707,354.0,354.0,341.0,342.0,35700,OK,kabutan,342.0,yahoo_jp,342.0,2026-08-31T01:03:35.001718+09:00
2026-01-26,5137,392.0,393.0,378.0,380.0,386100,OK,kabutan,380.0,yahoo_jp,380.0,2026-08-31T01:06:31.383114+09:00
2026-01-26,5243,3000.0,3035.0,2670.0,2748.0,1741200,OK,kabutan,2748.0,yahoo_jp,2748.0,2026-08-31T01:09:25.432385+09:00
2026-01-26,6027,3000.0,3020.0,2965.0,2991.0,142100,OK,kabutan,2991.0,yahoo_jp,2991.0,2026-08-31T01:12:18.540209+09:00
2026-01-26,6647,2425.0,2430.0,2360.0,2360.0,4700,OK,kabutan,2360.0,yahoo_jp,2360.0,2026-08-31T01:15:10.658508+09:00
2026-01-26,6904,492.0,492.0,483.0,484.0,19400,OK,kabutan,484.0,yahoo_jp,484.0,2026-08-31T01:18:03.239168+09:00
2026-01-26,7093,569.0,586.0,569.0,574.0,11700,OK,kabutan,574.0,yahoo_jp,574.0,2026-08-31T01:20:55.466489+09:00
2026-01-26,9344,940.0,940.0,930.0,930.0,2200,OK,kabutan,930.0,yahoo_jp,930.0,2026-08-31T01:23:50.902752+09:00
2026-01-27,4440,1597.0,1633.0,1588.0,1599.0,21300,OK,kabutan,1599.0,yahoo_jp,1599.0,2026-08-31T01:00:42.707252+09:00
2026-01-27,4707,344.0,346.0,339.0,342.0,21400,OK,kabutan,342.0,yahoo_jp,342.0,2026-08-31T01:03:35.001718+09:00
2026-01-27,5137,380.0,383.0,371.0,378.0,171200,OK,kabutan,378.0,yahoo_jp,378.0,2026-08-31T01:06:31.383114+09:00
2026-01-27,5243,2648.0,2730.0,2518.0,2560.0,1129000,OK,kabutan,2560.0,yahoo_jp,2560.0,2026-08-31T01:09:25.432385+09:00
2026-01-27,6027,3015.0,3095.0,2970.0,3035.0,112300,OK,kabutan,3035.0,yahoo_jp,3035.0,2026-08-31T01:12:18.540209+09:00
2026-01-27,6647,2360.0,2422.0,2260.0,2404.0,1700,OK,kabutan,2404.0,yahoo_jp,2404.0,2026-08-31T01:15:10.658508+09:00
2026-01-27,6904,483.0,487.0,482.0,484.0,4600,OK,kabutan,484.0,yahoo_jp,484.0,2026-08-31T01:18:03.239168+09:00
2026-01-27,7093,574.0,594.0,570.0,592.0,8100,OK,kabutan,592.0,yahoo_jp,592.0,2026-08-31T01:20:55.466489+09:00
2026-01-27,9344,932.0,937.0,930.0,932.0,1500,OK,kabutan,932.0,yahoo_jp,932.0,2026-08-31T01:23:50.902752+09:00
2026-01-28,4440,1591.0,1610.0,1573.0,1591.0,41900,OK,kabutan,1591.0,yahoo_jp,1591.0,2026-08-31T01:00:42.707252+09:00
2026-01-28,4707,345.0,350.0,339.0,347.0,20700,OK,kabutan,347.0,yahoo_jp,347.0,2026-08-31T01:03:35.001718+09:00
2026-01-28,5137,372.0,372.0,353.0,364.0,637600,OK,kabutan,364.0,yahoo_jp,364.0,2026-08-31T01:06:31.383114+09:00
2026-01-28,5243,2560.0,2620.0,2417.0,2456.0,842600,OK,kabutan,2456.0,yahoo_jp,2456.0,2026-08-31T01:09:25.432385+09:00
2026-01-28,6027,3000.0,3005.0,2922.0,2939.0,183700,OK,kabutan,2939.0,yahoo_jp,2939.0,2026-08-31T01:12:18.540209+09:00
2026-01-28,6647,2354.0,2377.0,2354.0,2377.0,300,OK,kabutan,2377.0,yahoo_jp,2377.0,2026-08-31T01:15:10.658508+09:00
2026-01-28,6904,484.0,484.0,481.0,481.0,7000,OK,kabutan,481.0,yahoo_jp,481.0,2026-08-31T01:18:03.239168+09:00
2026-01-28,7093,590.0,605.0,590.0,604.0,7700,OK,kabutan,604.0,yahoo_jp,604.0,2026-08-31T01:20:55.466489+09:00
2026-01-28,9344,932.0,938.0,926.0,926.0,1600,OK,kabutan,926.0,yahoo_jp,926.0,2026-08-31T01:23:50.902752+09:00
2026-01-29,4440,1583.0,1591.0,1534.0,1536.0,55800,OK,kabutan,1536.0,yahoo_jp,1536.0,2026-08-31T01:00:42.707252+09:00
2026-01-29,4707,349.0,349.0,339.0,341.0,9000,OK,kabutan,341.0,yahoo_jp,341.0,2026-08-31T01:03:35.001718+09:00
2026-01-29,5137,358.0,361.0,350.0,360.0,346800,OK,kabutan,360.0,yahoo_jp,360.0,2026-08-31T01:06:31.383114+09:00
2026-01-29,5243,2490.0,2625.0,2432.0,2570.0,718100,OK,kabutan,2570.0,yahoo_jp,2570.0,2026-08-31T01:09:25.432385+09:00
2026-01-29,6027,2950.0,3010.0,2895.0,3010.0,989900,OK,kabutan,3010.0,yahoo_jp,3010.0,2026-08-31T01:12:18.540209+09:00
2026-01-29,6647,2377.0,2399.0,2377.0,2399.0,500,OK,kabutan,2399.0,yahoo_jp,2399.0,2026-08-31T01:15:10.658508+09:00
2026-01-29,6904,480.0,487.0,478.0,485.0,8400,OK,kabutan,485.0,yahoo_jp,485.0,2026-08-31T01:18:03.239168+09:00
2026-01-29,7093,604.0,604.0,596.0,603.0,5200,OK,kabutan,603.0,yahoo_jp,603.0,2026-08-31T01:20:55.466489+09:00
2026-01-29,9344,926.0,927.0,923.0,923.0,3000,OK,kabutan,923.0,yahoo_jp,923.0,2026-08-31T01:23:50.902752+09:00
2026-01-30,4440,1536.0,1565.0,1520.0,1554.0,28100,OK,kabutan,1554.0,yahoo_jp,1554.0,2026-08-31T01:00:42.707252+09:00
2026-01-30,4707,341.0,342.0,337.0,342.0,11600,OK,kabutan,342.0,yahoo_jp,342.0,2026-08-31T01:03:35.001718+09:00
2026-01-30,5137,361.0,373.0,356.0,371.0,189700,OK,kabutan,371.0,yahoo_jp,371.0,2026-08-31T01:06:31.383114+09:00
2026-01-30,5243,2537.0,2668.0,2493.0,2658.0,487100,OK,kabutan,2658.0,yahoo_jp,2658.0,2026-08-31T01:09:25.432385+09:00
2026-01-30,6027,2940.0,2960.0,2889.0,2902.0,254700,OK,kabutan,2902.0,yahoo_jp,2902.0,2026-08-31T01:12:18.540209+09:00
2026-01-30,6647,2391.0,2399.0,2391.0,2399.0,400,OK,kabutan,2399.0,yahoo_jp,2399.0,2026-08-31T01:15:10.658508+09:00
2026-01-30,6904,481.0,487.0,481.0,487.0,4200,OK,kabutan,487.0,yahoo_jp,487.0,2026-08-31T01:18:03.239168+09:00
2026-01-30,7093,599.0,606.0,597.0,605.0,3100,OK,kabutan,605.0,yahoo_jp,605.0,2026-08-31T01:20:55.466489+09:00
2026-01-30,9344,921.0,921.0,920.0,921.0,1800,OK,kabutan,921.0,yahoo_jp,921.0,2026-08-31T01:23:50.902752+09:00
2026-02-02,4440,1554.0,1578.0,1528.0,1532.0,28200,OK,kabutan,1532.0,yahoo_jp,1532.0,2026-08-31T01:00:42.707252+09:00
2026-02-02,4707,343.0,344.0,342.0,342.0,4800,OK,kabutan,342.0,yahoo_jp,342.0,2026-08-31T01:03:35.001718+09:00
2026-02-02,5137,372.0,382.0,365.0,376.0,304900,OK,kabutan,376.0,yahoo_jp,376.0,2026-08-31T01:06:31.383114+09:00
2026-02-02,5243,2558.0,2667.0,2458.0,2560.0,769500,OK,kabutan,2560.0,yahoo_jp,2560.0,2026-08-31T01:09:25.432385+09:00
2026-02-02,6027,2948.0,2957.0,2845.0,2875.0,167000,OK,kabutan,2875.0,yahoo_jp,2875.0,2026-08-31T01:12:18.540209+09:00
2026-02-02,6647,2399.0,2399.0,2399.0,,0,SINGLE_SOURCE|NO_TRADE,kabutan,2399.0,,,2026-08-31T01:15:10.658508+09:00
2026-02-02,6904,487.0,488.0,483.0,483.0,5100,OK,kabutan,483.0,yahoo_jp,483.0,2026-08-31T01:18:03.239168+09:00
2026-02-02,7093,610.0,610.0,586.0,586.0,19100,OK,kabutan,586.0,yahoo_jp,586.0,2026-08-31T01:20:55.466489+09:00
2026-02-02,9344,923.0,923.0,920.0,922.0,2100,OK,kabutan,922.0,yahoo_jp,922.0,2026-08-31T01:23:50.902752+09:00
2026-02-03,4440,1568.0,1582.0,1546.0,1580.0,22600,OK,kabutan,1580.0,yahoo_jp,1580.0,2026-08-31T01:00:42.707252+09:00
2026-02-03,4707,343.0,343.0,341.0,341.0,4900,OK,kabutan,341.0,yahoo_jp,341.0,2026-08-31T01:03:35.001718+09:00
2026-02-03,5137,375.0,377.0,364.0,368.0,312600,OK,kabutan,368.0,yahoo_jp,368.0,2026-08-31T01:06:31.383114+09:00
2026-02-03,5243,2611.0,2662.0,2516.0,2595.0,551200,OK,kabutan,2595.0,yahoo_jp,2595.0,2026-08-31T01:09:25.432385+09:00
2026-02-03,6027,2878.0,2914.0,2854.0,2890.0,161300,OK,kabutan,2890.0,yahoo_jp,2890.0,2026-08-31T01:12:18.540209+09:00
2026-02-03,6647,2421.0,2421.0,2304.0,2304.0,4700,OK,kabutan,2304.0,yahoo_jp,2304.0,2026-08-31T01:15:10.658508+09:00
2026-02-03,6904,484.0,485.0,483.0,484.0,3600,OK,kabutan,484.0,yahoo_jp,484.0,2026-08-31T01:18:03.239168+09:00
2026-02-03,7093,586.0,586.0,567.0,567.0,7200,OK,kabutan,567.0,yahoo_jp,567.0,2026-08-31T01:20:55.466489+09:00
2026-02-03,9344,922.0,923.0,918.0,918.0,2100,OK,kabutan,918.0,yahoo_jp,918.0,2026-08-31T01:23:50.902752+09:00
2026-02-04,4440,1580.0,1580.0,1501.0,1520.0,39900,OK,kabutan,1520.0,yahoo_jp,1520.0,2026-08-31T01:00:42.707252+09:00
2026-02-04,4707,342.0,346.0,340.0,345.0,7400,OK,kabutan,345.0,yahoo_jp,345.0,2026-08-31T01:03:35.001718+09:00
2026-02-04,5137,363.0,363.0,344.0,352.0,661800,OK,kabutan,352.0,yahoo_jp,352.0,2026-08-31T01:06:31.383114+09:00
2026-02-04,5243,2601.0,2630.0,2531.0,2604.0,392000,OK,kabutan,2604.0,yahoo_jp,2604.0,2026-08-31T01:09:25.432385+09:00
2026-02-04,6027,2690.0,2723.0,2544.0,2544.0,717600,OK,kabutan,2544.0,yahoo_jp,2544.0,2026-08-31T01:12:18.540209+09:00
2026-02-04,6647,2294.0,2294.0,2221.0,2221.0,500,OK,kabutan,2221.0,yahoo_jp,2221.0,2026-08-31T01:15:10.658508+09:00
2026-02-04,6904,484.0,485.0,482.0,482.0,3600,OK,kabutan,482.0,yahoo_jp,482.0,2026-08-31T01:18:03.239168+09:00
2026-02-04,7093,564.0,580.0,557.0,579.0,7600,OK,kabutan,579.0,yahoo_jp,579.0,2026-08-31T01:20:55.466489+09:00
2026-02-04,9344,921.0,922.0,915.0,916.0,2000,OK,kabutan,916.0,yahoo_jp,916.0,2026-08-31T01:23:50.902752+09:00
2026-02-05,4440,1508.0,1520.0,1497.0,1505.0,30300,OK,kabutan,1505.0,yahoo_jp,1505.0,2026-08-31T01:00:42.707252+09:00
2026-02-05,4707,348.0,348.0,344.0,344.0,2300,OK,kabutan,344.0,yahoo_jp,344.0,2026-08-31T01:03:35.001718+09:00
2026-02-05,5137,350.0,353.0,342.0,344.0,358200,OK,kabutan,344.0,yahoo_jp,344.0,2026-08-31T01:06:31.383114+09:00
2026-02-05,5243,2629.0,2785.0,2610.0,2723.0,624400,OK,kabutan,2723.0,yahoo_jp,2723.0,2026-08-31T01:09:25.432385+09:00
2026-02-05,6027,2570.0,2596.0,2500.0,2525.0,358700,OK,kabutan,2525.0,yahoo_jp,2525.0,2026-08-31T01:12:18.540209+09:00
2026-02-05,6647,2205.0,2239.0,2205.0,2239.0,1000,OK,kabutan,2239.0,yahoo_jp,2239.0,2026-08-31T01:15:10.658508+09:00
2026-02-05,6904,482.0,485.0,482.0,485.0,3800,OK,kabutan,485.0,yahoo_jp,485.0,2026-08-31T01:18:03.239168+09:00
2026-02-05,7093,579.0,589.0,570.0,576.0,6600,OK,kabutan,576.0,yahoo_jp,576.0,2026-08-31T01:20:55.466489+09:00
2026-02-05,9344,916.0,922.0,915.0,917.0,3200,OK,kabutan,917.0,yahoo_jp,917.0,2026-08-31T01:23:50.902752+09:00
2026-02-06,4440,1500.0,1505.0,1423.0,1425.0,81000,OK,kabutan,1425.0,yahoo_jp,1425.0,2026-08-31T01:00:42.707252+09:00
2026-02-06,4707,343.0,345.0,341.0,344.0,15700,OK,kabutan,344.0,yahoo_jp,344.0,2026-08-31T01:03:35.001718+09:00
2026-02-06,5137,340.0,340.0,324.0,330.0,570700,OK,kabutan,330.0,yahoo_jp,330.0,2026-08-31T01:06:31.383114+09:00
2026-02-06,5243,2725.0,2779.0,2663.0,2779.0,387800,OK,kabutan,2779.0,yahoo_jp,2779.0,2026-08-31T01:09:25.432385+09:00
2026-02-06,6027,2491.0,2508.0,2410.0,2500.0,270800,OK,kabutan,2500.0,yahoo_jp,2500.0,2026-08-31T01:12:18.540209+09:00
2026-02-06,6647,2201.0,2548.0,2201.0,2529.0,5300,OK,kabutan,2529.0,yahoo_jp,2529.0,2026-08-31T01:15:10.658508+09:00
2026-02-06,6904,486.0,486.0,482.0,485.0,7500,OK,kabutan,485.0,yahoo_jp,485.0,2026-08-31T01:18:03.239168+09:00
2026-02-06,7093,534.0,549.0,530.0,530.0,26100,OK,kabutan,530.0,yahoo_jp,530.0,2026-08-31T01:20:55.466489+09:00
2026-02-06,9344,915.0,917.0,914.0,915.0,1000,OK,kabutan,915.0,yahoo_jp,915.0,2026-08-31T01:23:50.902752+09:00
2026-02-09,4440,1485.0,1485.0,1421.0,1432.0,34200,OK,kabutan,1432.0,yahoo_jp,1432.0,2026-08-31T01:00:42.707252+09:00
2026-02-09,4707,346.0,347.0,344.0,345.0,11800,OK,kabutan,345.0,yahoo_jp,345.0,2026-08-31T01:03:35.001718+09:00
2026-02-09,5137,333.0,333.0,321.0,327.0,289800,OK,kabutan,327.0,yahoo_jp,327.0,2026-08-31T01:06:31.383114+09:00
2026-02-09,5243,2780.0,2799.0,2455.0,2495.0,1501100,OK,kabutan,2495.0,yahoo_jp,2495.0,2026-08-31T01:09:25.432385+09:00
2026-02-09,6027,2530.0,2542.0,2480.0,2519.0,192900,OK,kabutan,2519.0,yahoo_jp,2519.0,2026-08-31T01:12:18.540209+09:00
2026-02-09,6647,2629.0,2677.0,2614.0,2631.0,7700,OK,kabutan,2631.0,yahoo_jp,2631.0,2026-08-31T01:15:10.658508+09:00
2026-02-09,6904,486.0,489.0,486.0,488.0,8300,OK,kabutan,488.0,yahoo_jp,488.0,2026-08-31T01:18:03.239168+09:00
2026-02-09,7093,525.0,562.0,524.0,547.0,10100,OK,kabutan,547.0,yahoo_jp,547.0,2026-08-31T01:20:55.466489+09:00
2026-02-09,9344,917.0,917.0,914.0,914.0,900,OK,kabutan,914.0,yahoo_jp,914.0,2026-08-31T01:23:50.902752+09:00
2026-02-10,4440,1443.0,1503.0,1443.0,1499.0,34600,OK,kabutan,1499.0,yahoo_jp,1499.0,2026-08-31T01:00:42.707252+09:00
2026-02-10,4707,346.0,356.0,345.0,352.0,13000,OK,kabutan,352.0,yahoo_jp,352.0,2026-08-31T01:03:35.001718+09:00
2026-02-10,5137,327.0,348.0,327.0,345.0,281600,OK,kabutan,345.0,yahoo_jp,345.0,2026-08-31T01:06:31.383114+09:00
2026-02-10,5243,2510.0,2667.0,2471.0,2496.0,778200,OK,kabutan,2496.0,yahoo_jp,2496.0,2026-08-31T01:09:25.432385+09:00
2026-02-10,6027,2555.0,2595.0,2529.0,2595.0,167600,OK,kabutan,2595.0,yahoo_jp,2595.0,2026-08-31T01:12:18.540209+09:00
2026-02-10,6647,2640.0,2671.0,2570.0,2630.0,6100,OK,kabutan,2630.0,yahoo_jp,2630.0,2026-08-31T01:15:10.658508+09:00
2026-02-10,6904,490.0,496.0,489.0,489.0,25600,OK,kabutan,489.0,yahoo_jp,489.0,2026-08-31T01:18:03.239168+09:00
2026-02-10,7093,550.0,617.0,550.0,599.0,30700,OK,kabutan,599.0,yahoo_jp,599.0,2026-08-31T01:20:55.466489+09:00
2026-02-10,9344,914.0,919.0,914.0,914.0,4500,OK,kabutan,914.0,yahoo_jp,914.0,2026-08-31T01:23:50.902752+09:00
2026-02-12,4440,1505.0,1529.0,1464.0,1470.0,27800,OK,kabutan,1470.0,yahoo_jp,1470.0,2026-08-31T01:00:42.707252+09:00
2026-02-12,4707,352.0,357.0,348.0,356.0,14600,OK,kabutan,356.0,yahoo_jp,356.0,2026-08-31T01:03:35.001718+09:00
2026-02-12,5137,345.0,355.0,338.0,342.0,377400,OK,kabutan,342.0,yahoo_jp,342.0,2026-08-31T01:06:31.383114+09:00
2026-02-12,5243,2501.0,2543.0,2302.0,2352.0,899900,OK,kabutan,2352.0,yahoo_jp,2352.0,2026-08-31T01:09:25.432385+09:00
2026-02-12,6027,2599.0,2677.0,2590.0,2675.0,308000,OK,kabutan,2675.0,yahoo_jp,2675.0,2026-08-31T01:12:18.540209+09:00
2026-02-12,6647,2612.0,2749.0,2588.0,2749.0,3900,OK,kabutan,2749.0,yahoo_jp,2749.0,2026-08-31T01:15:10.658508+09:00
2026-02-12,6904,494.0,512.0,490.0,512.0,72100,OK,kabutan,512.0,yahoo_jp,512.0,2026-08-31T01:18:03.239168+09:00
2026-02-12,7093,600.0,605.0,590.0,592.0,22700,OK,kabutan,592.0,yahoo_jp,592.0,2026-08-31T01:20:55.466489+09:00
2026-02-12,9344,918.0,918.0,913.0,914.0,2400,OK,kabutan,914.0,yahoo_jp,914.0,2026-08-31T01:23:50.902752+09:00
2026-02-13,4440,1450.0,1450.0,1377.0,1377.0,56700,OK,kabutan,1377.0,yahoo_jp,1377.0,2026-08-31T01:00:42.707252+09:00
2026-02-13,4707,358.0,358.0,350.0,351.0,6000,OK,kabutan,351.0,yahoo_jp,351.0,2026-08-31T01:03:35.001718+09:00
2026-02-13,5137,343.0,344.0,316.0,318.0,574500,OK,kabutan,318.0,yahoo_jp,318.0,2026-08-31T01:06:31.383114+09:00
2026-02-13,5243,2302.0,2336.0,2215.0,2233.0,543500,OK,kabutan,2233.0,yahoo_jp,2233.0,2026-08-31T01:09:25.432385+09:00
2026-02-13,6027,2585.0,2588.0,2435.0,2435.0,447600,OK,kabutan,2435.0,yahoo_jp,2435.0,2026-08-31T01:12:18.540209+09:00
2026-02-13,6647,2699.0,2740.0,2630.0,2630.0,1500,OK,kabutan,2630.0,yahoo_jp,2630.0,2026-08-31T01:15:10.658508+09:00
2026-02-13,6904,502.0,502.0,466.0,479.0,100200,OK,kabutan,479.0,yahoo_jp,479.0,2026-08-31T01:18:03.239168+09:00
2026-02-13,7093,595.0,597.0,579.0,583.0,3100,OK,kabutan,583.0,yahoo_jp,583.0,2026-08-31T01:20:55.466489+09:00
2026-02-13,9344,913.0,918.0,910.0,910.0,4200,OK,kabutan,910.0,yahoo_jp,910.0,2026-08-31T01:23:50.902752+09:00
2026-02-16,4440,1400.0,1459.0,1398.0,1459.0,26500,OK,kabutan,1459.0,yahoo_jp,1459.0,2026-08-31T01:00:42.707252+09:00
2026-02-16,4707,357.0,360.0,352.0,360.0,10700,OK,kabutan,360.0,yahoo_jp,360.0,2026-08-31T01:03:35.001718+09:00
2026-02-16,5137,310.0,312.0,294.0,303.0,1033300,OK,kabutan,303.0,yahoo_jp,303.0,2026-08-31T01:06:31.383114+09:00
2026-02-16,5243,2259.0,2320.0,2230.0,2262.0,326200,OK,kabutan,2262.0,yahoo_jp,2262.0,2026-08-31T01:09:25.432385+09:00
2026-02-16,6027,2433.0,2456.0,2395.0,2423.0,282500,OK,kabutan,2423.0,yahoo_jp,2423.0,2026-08-31T01:12:18.540209+09:00
2026-02-16,6647,2630.0,2680.0,2628.0,2647.0,700,OK,kabutan,2647.0,yahoo_jp,2647.0,2026-08-31T01:15:10.658508+09:00
2026-02-16,6904,487.0,487.0,475.0,478.0,20100,OK,kabutan,478.0,yahoo_jp,478.0,2026-08-31T01:18:03.239168+09:00
2026-02-16,7093,618.0,618.0,586.0,590.0,14600,OK,kabutan,590.0,yahoo_jp,590.0,2026-08-31T01:20:55.466489+09:00
2026-02-16,9344,938.0,938.0,910.0,910.0,6100,OK,kabutan,910.0,yahoo_jp,910.0,2026-08-31T01:23:50.902752+09:00
2026-02-17,4440,1482.0,1515.0,1443.0,1500.0,35200,OK,kabutan,1500.0,yahoo_jp,1500.0,2026-08-31T01:00:42.707252+09:00
2026-02-17,4707,360.0,373.0,358.0,373.0,60300,OK,kabutan,373.0,yahoo_jp,373.0,2026-08-31T01:03:35.001718+09:00
2026-02-17,5137,302.0,317.0,300.0,300.0,362800,OK,kabutan,300.0,yahoo_jp,300.0,2026-08-31T01:06:31.383114+09:00
2026-02-17,5243,2256.0,2256.0,2185.0,2222.0,258000,OK,kabutan,2222.0,yahoo_jp,2222.0,2026-08-31T01:09:25.432385+09:00
2026-02-17,6027,2432.0,2432.0,2330.0,2351.0,235100,OK,kabutan,2351.0,yahoo_jp,2351.0,2026-08-31T01:12:18.540209+09:00
2026-02-17,6647,2631.0,2714.0,2631.0,2714.0,500,OK,kabutan,2714.0,yahoo_jp,2714.0,2026-08-31T01:15:10.658508+09:00
2026-02-17,6904,479.0,485.0,475.0,478.0,8600,OK,kabutan,478.0,yahoo_jp,478.0,2026-08-31T01:18:03.239168+09:00
2026-02-17,7093,597.0,597.0,573.0,595.0,12700,OK,kabutan,595.0,yahoo_jp,595.0,2026-08-31T01:20:55.466489+09:00
2026-02-17,9344,912.0,912.0,901.0,907.0,3900,OK,kabutan,907.0,yahoo_jp,907.0,2026-08-31T01:23:50.902752+09:00
2026-02-18,4440,1512.0,1512.0,1474.0,1502.0,18500,OK,kabutan,1502.0,yahoo_jp,1502.0,2026-08-31T01:00:42.707252+09:00
2026-02-18,4707,372.0,372.0,361.0,370.0,25900,OK,kabutan,370.0,yahoo_jp,370.0,2026-08-31T01:03:35.001718+09:00
2026-02-18,5137,308.0,314.0,302.0,309.0,251200,OK,kabutan,309.0,yahoo_jp,309.0,2026-08-31T01:06:31.383114+09:00
2026-02-18,5243,2223.0,2361.0,2166.0,2338.0,503500,OK,kabutan,2338.0,yahoo_jp,2338.0,2026-08-31T01:09:25.432385+09:00
2026-02-18,6027,2355.0,2361.0,2272.0,2285.0,274100,OK,kabutan,2285.0,yahoo_jp,2285.0,2026-08-31T01:12:18.540209+09:00
2026-02-18,6647,2699.0,2699.0,2636.0,2689.0,2100,OK,kabutan,2689.0,yahoo_jp,2689.0,2026-08-31T01:15:10.658508+09:00
2026-02-18,6904,485.0,487.0,482.0,482.0,14200,OK,kabutan,482.0,yahoo_jp,482.0,2026-08-31T01:18:03.239168+09:00
2026-02-18,7093,600.0,600.0,588.0,595.0,4300,OK,kabutan,595.0,yahoo_jp,595.0,2026-08-31T01:20:55.466489+09:00
2026-02-18,9344,910.0,910.0,900.0,906.0,3300,OK,kabutan,906.0,yahoo_jp,906.0,2026-08-31T01:23:50.902752+09:00
2026-02-19,4440,1508.0,1508.0,1461.0,1485.0,16100,OK,kabutan,1485.0,yahoo_jp,1485.0,2026-08-31T01:00:42.707252+09:00
2026-02-19,4707,372.0,372.0,358.0,358.0,22200,OK,kabutan,358.0,yahoo_jp,358.0,2026-08-31T01:03:35.001718+09:00
2026-02-19,5137,315.0,317.0,306.0,313.0,161400,OK,kabutan,313.0,yahoo_jp,313.0,2026-08-31T01:06:31.383114+09:00
2026-02-19,5243,2380.0,2471.0,2338.0,2356.0,710200,OK,kabutan,2356.0,yahoo_jp,2356.0,2026-08-31T01:09:25.432385+09:00
2026-02-19,6027,2335.0,2346.0,2260.0,2312.0,211700,OK,kabutan,2312.0,yahoo_jp,2312.0,2026-08-31T01:12:18.540209+09:00
2026-02-19,6647,2689.0,2716.0,2671.0,2672.0,1600,OK,kabutan,2672.0,yahoo_jp,2672.0,2026-08-31T01:15:10.658508+09:00
2026-02-19,6904,489.0,490.0,484.0,488.0,7500,OK,kabutan,488.0,yahoo_jp,488.0,2026-08-31T01:18:03.239168+09:00
2026-02-19,7093,595.0,610.0,594.0,601.0,14100,OK,kabutan,601.0,yahoo_jp,601.0,2026-08-31T01:20:55.466489+09:00
2026-02-19,9344,909.0,911.0,900.0,904.0,3600,OK,kabutan,904.0,yahoo_jp,904.0,2026-08-31T01:23:50.902752+09:00
2026-02-20,4440,1467.0,1467.0,1436.0,1436.0,10300,OK,kabutan,1436.0,yahoo_jp,1436.0,2026-08-31T01:00:42.707252+09:00
2026-02-20,4707,358.0,363.0,356.0,357.0,15600,OK,kabutan,357.0,yahoo_jp,357.0,2026-08-31T01:03:35.001718+09:00
2026-02-20,5137,313.0,314.0,305.0,307.0,185000,OK,kabutan,307.0,yahoo_jp,307.0,2026-08-31T01:06:31.383114+09:00
2026-02-20,5243,2266.0,2296.0,2103.0,2160.0,710200,OK,kabutan,2160.0,yahoo_jp,2160.0,2026-08-31T01:09:25.432385+09:00
2026-02-20,6027,2298.0,2321.0,2290.0,2307.0,98900,OK,kabutan,2307.0,yahoo_jp,2307.0,2026-08-31T01:12:18.540209+09:00
2026-02-20,6647,2722.0,2740.0,2722.0,2739.0,1700,OK,kabutan,2739.0,yahoo_jp,2739.0,2026-08-31T01:15:10.658508+09:00
2026-02-20,6904,489.0,498.0,488.0,494.0,14900,OK,kabutan,494.0,yahoo_jp,494.0,2026-08-31T01:18:03.239168+09:00
2026-02-20,7093,604.0,622.0,603.0,620.0,18000,OK,kabutan,620.0,yahoo_jp,620.0,2026-08-31T01:20:55.466489+09:00
2026-02-20,9344,905.0,905.0,905.0,905.0,1000,OK,kabutan,905.0,yahoo_jp,905.0,2026-08-31T01:23:50.902752+09:00
2026-02-24,4440,1420.0,1473.0,1393.0,1454.0,39100,OK,kabutan,1454.0,yahoo_jp,1454.0,2026-08-31T01:00:42.707252+09:00
2026-02-24,4707,358.0,368.0,358.0,367.0,20700,OK,kabutan,367.0,yahoo_jp,367.0,2026-08-31T01:03:35.001718+09:00
2026-02-24,5137,302.0,302.0,282.0,283.0,618800,OK,kabutan,283.0,yahoo_jp,283.0,2026-08-31T01:06:31.383114+09:00
2026-02-24,5243,2110.0,2124.0,1971.0,2022.0,526500,OK,kabutan,2022.0,yahoo_jp,2022.0,2026-08-31T01:09:25.432385+09:00
2026-02-24,6027,2260.0,2307.0,2250.0,2287.0,109400,OK,kabutan,2287.0,yahoo_jp,2287.0,2026-08-31T01:12:18.540209+09:00
2026-02-24,6647,2749.0,2810.0,2707.0,2770.0,2600,OK,kabutan,2770.0,yahoo_jp,2770.0,2026-08-31T01:15:10.658508+09:00
2026-02-24,6904,492.0,495.0,489.0,492.0,8800,OK,kabutan,492.0,yahoo_jp,492.0,2026-08-31T01:18:03.239168+09:00
2026-02-24,7093,622.0,622.0,606.0,606.0,11200,OK,kabutan,606.0,yahoo_jp,606.0,2026-08-31T01:20:55.466489+09:00
2026-02-24,9344,910.0,911.0,904.0,904.0,4100,OK,kabutan,904.0,yahoo_jp,904.0,2026-08-31T01:23:50.902752+09:00
2026-02-25,4440,1470.0,1499.0,1451.0,1463.0,18100,OK,kabutan,1463.0,yahoo_jp,1463.0,2026-08-31T01:00:42.707252+09:00
2026-02-25,4707,367.0,368.0,363.0,364.0,12700,OK,kabutan,364.0,yahoo_jp,364.0,2026-08-31T01:03:35.001718+09:00
2026-02-25,5137,290.0,299.0,278.0,291.0,392500,OK,kabutan,291.0,yahoo_jp,291.0,2026-08-31T01:06:31.383114+09:00
2026-02-25,5243,2122.0,2129.0,2060.0,2120.0,311500,OK,kabutan,2120.0,yahoo_jp,2120.0,2026-08-31T01:09:25.432385+09:00
2026-02-25,6027,2330.0,2340.0,2274.0,2305.0,128700,OK,kabutan,2305.0,yahoo_jp,2305.0,2026-08-31T01:12:18.540209+09:00
2026-02-25,6647,2792.0,2914.0,2765.0,2849.0,1500,OK,kabutan,2849.0,yahoo_jp,2849.0,2026-08-31T01:15:10.658508+09:00
2026-02-25,6904,498.0,500.0,494.0,500.0,15000,OK,kabutan,500.0,yahoo_jp,500.0,2026-08-31T01:18:03.239168+09:00
2026-02-25,7093,604.0,605.0,598.0,602.0,6000,OK,kabutan,602.0,yahoo_jp,602.0,2026-08-31T01:20:55.466489+09:00
2026-02-25,9344,907.0,908.0,904.0,904.0,2500,OK,kabutan,904.0,yahoo_jp,904.0,2026-08-31T01:23:50.902752+09:00
2026-02-26,4440,1493.0,1523.0,1481.0,1497.0,29000,OK,kabutan,1497.0,yahoo_jp,1497.0,2026-08-31T01:00:42.707252+09:00
2026-02-26,4707,363.0,366.0,357.0,361.0,30300,OK,kabutan,361.0,yahoo_jp,361.0,2026-08-31T01:03:35.001718+09:00
2026-02-26,5137,291.0,300.0,287.0,297.0,298000,OK,kabutan,297.0,yahoo_jp,297.0,2026-08-31T01:06:31.383114+09:00
2026-02-26,5243,2140.0,2187.0,2111.0,2145.0,290000,OK,kabutan,2145.0,yahoo_jp,2145.0,2026-08-31T01:09:25.432385+09:00
2026-02-26,6027,2344.0,2550.0,2327.0,2550.0,353500,OK,kabutan,2550.0,yahoo_jp,2550.0,2026-08-31T01:12:18.540209+09:00
2026-02-26,6647,2848.0,2848.0,2774.0,2814.0,2500,OK,kabutan,2814.0,yahoo_jp,2814.0,2026-08-31T01:15:10.658508+09:00
2026-02-26,6904,503.0,503.0,497.0,498.0,8500,OK,kabutan,498.0,yahoo_jp,498.0,2026-08-31T01:18:03.239168+09:00
2026-02-26,7093,603.0,620.0,599.0,607.0,9700,OK,kabutan,607.0,yahoo_jp,607.0,2026-08-31T01:20:55.466489+09:00
2026-02-26,9344,910.0,910.0,904.0,905.0,4200,OK,kabutan,905.0,yahoo_jp,905.0,2026-08-31T01:23:50.902752+09:00
2026-02-27,4440,1500.0,1548.0,1500.0,1535.0,18900,OK,kabutan,1535.0,yahoo_jp,1535.0,2026-08-31T01:00:42.707252+09:00
2026-02-27,4707,358.0,370.0,355.0,361.0,88700,OK,kabutan,361.0,yahoo_jp,361.0,2026-08-31T01:03:35.001718+09:00
2026-02-27,5137,304.0,311.0,303.0,308.0,248300,OK,kabutan,308.0,yahoo_jp,308.0,2026-08-31T01:06:31.383114+09:00
2026-02-27,5243,2195.0,2259.0,2150.0,2216.0,296000,OK,kabutan,2216.0,yahoo_jp,2216.0,2026-08-31T01:09:25.432385+09:00
2026-02-27,6027,2500.0,2535.0,2438.0,2439.0,338700,OK,kabutan,2439.0,yahoo_jp,2439.0,2026-08-31T01:12:18.540209+09:00
2026-02-27,6647,2783.0,2793.0,2730.0,2742.0,3400,OK,kabutan,2742.0,yahoo_jp,2742.0,2026-08-31T01:15:10.658508+09:00
2026-02-27,6904,498.0,503.0,497.0,499.0,7900,OK,kabutan,499.0,yahoo_jp,499.0,2026-08-31T01:18:03.239168+09:00
2026-02-27,7093,609.0,609.0,599.0,600.0,7400,OK,kabutan,600.0,yahoo_jp,600.0,2026-08-31T01:20:55.466489+09:00
2026-02-27,9344,905.0,920.0,905.0,910.0,4400,OK,kabutan,910.0,yahoo_jp,910.0,2026-08-31T01:23:50.902752+09:00
2026-03-02,4440,1511.0,1529.0,1466.0,1509.0,19000,OK,kabutan,1509.0,yahoo_jp,1509.0,2026-08-31T01:00:42.707252+09:00
2026-03-02,4707,324.0,345.0,324.0,337.0,122900,OK,kabutan,337.0,yahoo_jp,337.0,2026-08-31T01:03:35.001718+09:00
2026-03-02,5137,299.0,299.0,288.0,291.0,273800,OK,kabutan,291.0,yahoo_jp,291.0,2026-08-31T01:06:31.383114+09:00
2026-03-02,5243,2142.0,2142.0,2078.0,2092.0,329000,OK,kabutan,2092.0,yahoo_jp,2092.0,2026-08-31T01:09:25.432385+09:00
2026-03-02,6027,2428.0,2459.0,2365.0,2444.0,179200,OK,kabutan,2444.0,yahoo_jp,2444.0,2026-08-31T01:12:18.540209+09:00
2026-03-02,6647,2714.0,2746.0,2709.0,2746.0,2400,OK,kabutan,2746.0,yahoo_jp,2746.0,2026-08-31T01:15:10.658508+09:00
2026-03-02,6904,496.0,497.0,490.0,495.0,14700,OK,kabutan,495.0,yahoo_jp,495.0,2026-08-31T01:18:03.239168+09:00
2026-03-02,7093,591.0,592.0,576.0,576.0,11800,OK,kabutan,576.0,yahoo_jp,576.0,2026-08-31T01:20:55.466489+09:00
2026-03-02,9344,912.0,917.0,912.0,917.0,3500,OK,kabutan,917.0,yahoo_jp,917.0,2026-08-31T01:23:50.902752+09:00
2026-03-03,4440,1538.0,1538.0,1481.0,1481.0,16600,OK,kabutan,1481.0,yahoo_jp,1481.0,2026-08-31T01:00:42.707252+09:00
2026-03-03,4707,342.0,342.0,329.0,329.0,32000,OK,kabutan,329.0,yahoo_jp,329.0,2026-08-31T01:03:35.001718+09:00
2026-03-03,5137,289.0,289.0,277.0,278.0,299000,OK,kabutan,278.0,yahoo_jp,278.0,2026-08-31T01:06:31.383114+09:00
2026-03-03,5243,2100.0,2130.0,2026.0,2028.0,291100,OK,kabutan,2028.0,yahoo_jp,2028.0,2026-08-31T01:09:25.432385+09:00
2026-03-03,6027,2533.0,2538.0,2453.0,2455.0,284600,OK,kabutan,2455.0,yahoo_jp,2455.0,2026-08-31T01:12:18.540209+09:00
2026-03-03,6647,2746.0,2812.0,2742.0,2812.0,1800,OK,kabutan,2812.0,yahoo_jp,2812.0,2026-08-31T01:15:10.658508+09:00
2026-03-03,6904,495.0,498.0,490.0,490.0,5600,OK,kabutan,490.0,yahoo_jp,490.0,2026-08-31T01:18:03.239168+09:00
2026-03-03,7093,576.0,576.0,560.0,574.0,4600,OK,kabutan,574.0,yahoo_jp,574.0,2026-08-31T01:20:55.466489+09:00
2026-03-03,9344,918.0,918.0,914.0,915.0,1500,OK,kabutan,915.0,yahoo_jp,915.0,2026-08-31T01:23:50.902752+09:00
2026-03-04,4440,1432.0,1465.0,1374.0,1394.0,39400,OK,kabutan,1394.0,yahoo_jp,1394.0,2026-08-31T01:00:42.707252+09:00
2026-03-04,4707,329.0,329.0,317.0,322.0,37400,OK,kabutan,322.0,yahoo_jp,322.0,2026-08-31T01:03:35.001718+09:00
2026-03-04,5137,270.0,274.0,259.0,266.0,693200,OK,kabutan,266.0,yahoo_jp,266.0,2026-08-31T01:06:31.383114+09:00
2026-03-04,5243,1999.0,2041.0,1906.0,1963.0,472700,OK,kabutan,1963.0,yahoo_jp,1963.0,2026-08-31T01:09:25.432385+09:00
2026-03-04,6027,2500.0,2522.0,2402.0,2411.0,164100,OK,kabutan,2411.0,yahoo_jp,2411.0,2026-08-31T01:12:18.540209+09:00
2026-03-04,6647,2762.0,2762.0,2660.0,2677.0,2900,OK,kabutan,2677.0,yahoo_jp,2677.0,2026-08-31T01:15:10.658508+09:00
2026-03-04,6904,490.0,490.0,475.0,476.0,27400,OK,kabutan,476.0,yahoo_jp,476.0,2026-08-31T01:18:03.239168+09:00
2026-03-04,7093,574.0,575.0,546.0,564.0,11000,OK,kabutan,564.0,yahoo_jp,564.0,2026-08-31T01:20:55.466489+09:00
2026-03-04,9344,921.0,921.0,906.0,908.0,4400,OK,kabutan,908.0,yahoo_jp,908.0,2026-08-31T01:23:50.902752+09:00
2026-03-05,4440,1441.0,1467.0,1401.0,1467.0,34400,OK,kabutan,1467.0,yahoo_jp,1467.0,2026-08-31T01:00:42.707252+09:00
2026-03-05,4707,328.0,331.0,325.0,326.0,10300,OK,kabutan,326.0,yahoo_jp,326.0,2026-08-31T01:03:35.001718+09:00
2026-03-05,5137,278.0,286.0,275.0,283.0,417800,OK,kabutan,283.0,yahoo_jp,283.0,2026-08-31T01:06:31.383114+09:00
2026-03-05,5243,2031.0,2063.0,1990.0,2009.0,223800,OK,kabutan,2009.0,yahoo_jp,2009.0,2026-08-31T01:09:25.432385+09:00
2026-03-05,6027,2511.0,2690.0,2511.0,2577.0,375700,OK,kabutan,2577.0,yahoo_jp,2577.0,2026-08-31T01:12:18.540209+09:00
2026-03-05,6647,2727.0,2739.0,2674.0,2700.0,1800,OK,kabutan,2700.0,yahoo_jp,2700.0,2026-08-31T01:15:10.658508+09:00
2026-03-05,6904,485.0,485.0,480.0,480.0,4800,OK,kabutan,480.0,yahoo_jp,480.0,2026-08-31T01:18:03.239168+09:00
2026-03-05,7093,573.0,600.0,563.0,598.0,4000,OK,kabutan,598.0,yahoo_jp,598.0,2026-08-31T01:20:55.466489+09:00
2026-03-05,9344,918.0,918.0,910.0,910.0,1100,OK,kabutan,910.0,yahoo_jp,910.0,2026-08-31T01:23:50.902752+09:00
2026-03-06,4440,1487.0,1545.0,1470.0,1535.0,13700,OK,kabutan,1535.0,yahoo_jp,1535.0,2026-08-31T01:00:42.707252+09:00
2026-03-06,4707,326.0,331.0,325.0,330.0,8900,OK,kabutan,330.0,yahoo_jp,330.0,2026-08-31T01:03:35.001718+09:00
2026-03-06,5137,283.0,308.0,281.0,303.0,436700,OK,kabutan,303.0,yahoo_jp,303.0,2026-08-31T01:06:31.383114+09:00
2026-03-06,5243,1990.0,2166.0,1988.0,2135.0,454500,OK,kabutan,2135.0,yahoo_jp,2135.0,2026-08-31T01:09:25.432385+09:00
2026-03-06,6027,2650.0,2809.0,2643.0,2801.0,595500,OK,kabutan,2801.0,yahoo_jp,2801.0,2026-08-31T01:12:18.540209+09:00
2026-03-06,6647,2670.0,2680.0,2658.0,2680.0,500,OK,kabutan,2680.0,yahoo_jp,2680.0,2026-08-31T01:15:10.658508+09:00
2026-03-06,6904,481.0,485.0,480.0,482.0,2500,OK,kabutan,482.0,yahoo_jp,482.0,2026-08-31T01:18:03.239168+09:00
2026-03-06,7093,581.0,599.0,581.0,599.0,2100,OK,kabutan,599.0,yahoo_jp,599.0,2026-08-31T01:20:55.466489+09:00
2026-03-06,9344,918.0,918.0,906.0,906.0,2600,OK,kabutan,906.0,yahoo_jp,906.0,2026-08-31T01:23:50.902752+09:00
2026-03-09,4440,1435.0,1480.0,1417.0,1443.0,35100,OK,kabutan,1443.0,yahoo_jp,1443.0,2026-08-31T01:00:42.707252+09:00
2026-03-09,4707,328.0,328.0,318.0,323.0,12100,OK,kabutan,323.0,yahoo_jp,323.0,2026-08-31T01:03:35.001718+09:00
2026-03-09,5137,285.0,299.0,281.0,296.0,405700,OK,kabutan,296.0,yahoo_jp,296.0,2026-08-31T01:06:31.383114+09:00
2026-03-09,5243,1985.0,2068.0,1975.0,2062.0,433400,OK,kabutan,2062.0,yahoo_jp,2062.0,2026-08-31T01:09:25.432385+09:00
2026-03-09,6027,2752.0,2835.0,2726.0,2809.0,490800,OK,kabutan,2809.0,yahoo_jp,2809.0,2026-08-31T01:12:18.540209+09:00
2026-03-09,6647,2647.0,2647.0,2565.0,2570.0,5000,OK,kabutan,2570.0,yahoo_jp,2570.0,2026-08-31T01:15:10.658508+09:00
2026-03-09,6904,480.0,480.0,477.0,478.0,12000,OK,kabutan,478.0,yahoo_jp,478.0,2026-08-31T01:18:03.239168+09:00
2026-03-09,7093,589.0,590.0,534.0,565.0,17800,OK,kabutan,565.0,yahoo_jp,565.0,2026-08-31T01:20:55.466489+09:00
2026-03-09,9344,905.0,913.0,902.0,905.0,4200,OK,kabutan,905.0,yahoo_jp,905.0,2026-08-31T01:23:50.902752+09:00
2026-03-10,4440,1473.0,1537.0,1454.0,1519.0,30900,OK,kabutan,1519.0,yahoo_jp,1519.0,2026-08-31T01:00:42.707252+09:00
2026-03-10,4707,325.0,325.0,321.0,324.0,14900,OK,kabutan,324.0,yahoo_jp,324.0,2026-08-31T01:03:35.001718+09:00
2026-03-10,5137,300.0,315.0,298.0,315.0,369500,OK,kabutan,315.0,yahoo_jp,315.0,2026-08-31T01:06:31.383114+09:00
2026-03-10,5243,2180.0,2320.0,2118.0,2314.0,780000,OK,kabutan,2314.0,yahoo_jp,2314.0,2026-08-31T01:09:25.432385+09:00
2026-03-10,6027,2809.0,2837.0,2723.0,2837.0,192900,OK,kabutan,2837.0,yahoo_jp,2837.0,2026-08-31T01:12:18.540209+09:00
2026-03-10,6647,2605.0,2676.0,2605.0,2644.0,1300,OK,kabutan,2644.0,yahoo_jp,2644.0,2026-08-31T01:15:10.658508+09:00
2026-03-10,6904,481.0,489.0,481.0,489.0,6200,OK,kabutan,489.0,yahoo_jp,489.0,2026-08-31T01:18:03.239168+09:00
2026-03-10,7093,555.0,566.0,555.0,562.0,3300,OK,kabutan,562.0,yahoo_jp,562.0,2026-08-31T01:20:55.466489+09:00
2026-03-10,9344,910.0,915.0,904.0,907.0,1400,OK,kabutan,907.0,yahoo_jp,907.0,2026-08-31T01:23:50.902752+09:00
2026-03-11,4440,1548.0,1548.0,1501.0,1523.0,13400,OK,kabutan,1523.0,yahoo_jp,1523.0,2026-08-31T01:00:42.707252+09:00
2026-03-11,4707,326.0,326.0,321.0,322.0,9300,OK,kabutan,322.0,yahoo_jp,322.0,2026-08-31T01:03:35.001718+09:00
2026-03-11,5137,323.0,327.0,308.0,310.0,481100,OK,kabutan,310.0,yahoo_jp,310.0,2026-08-31T01:06:31.383114+09:00
2026-03-11,5243,2302.0,2444.0,2282.0,2438.0,599900,OK,kabutan,2438.0,yahoo_jp,2438.0,2026-08-31T01:09:25.432385+09:00
2026-03-11,6027,2850.0,2865.0,2815.0,2835.0,176200,OK,kabutan,2835.0,yahoo_jp,2835.0,2026-08-31T01:12:18.540209+09:00
2026-03-11,6647,2659.0,2753.0,2647.0,2753.0,700,OK,kabutan,2753.0,yahoo_jp,2753.0,2026-08-31T01:15:10.658508+09:00
2026-03-11,6904,489.0,491.0,488.0,489.0,5400,OK,kabutan,489.0,yahoo_jp,489.0,2026-08-31T01:18:03.239168+09:00
2026-03-11,7093,564.0,575.0,559.0,559.0,5000,OK,kabutan,559.0,yahoo_jp,559.0,2026-08-31T01:20:55.466489+09:00
2026-03-11,9344,910.0,910.0,903.0,903.0,3600,OK,kabutan,903.0,yahoo_jp,903.0,2026-08-31T01:23:50.902752+09:00
2026-03-12,4440,1502.0,1526.0,1475.0,1501.0,15500,OK,kabutan,1501.0,yahoo_jp,1501.0,2026-08-31T01:00:42.707252+09:00
2026-03-12,4707,323.0,328.0,323.0,326.0,5900,OK,kabutan,326.0,yahoo_jp,326.0,2026-08-31T01:03:35.001718+09:00
2026-03-12,5137,298.0,299.0,284.0,286.0,466100,OK,kabutan,286.0,yahoo_jp,286.0,2026-08-31T01:06:31.383114+09:00
2026-03-12,5243,2408.0,2535.0,2331.0,2351.0,611000,OK,kabutan,2351.0,yahoo_jp,2351.0,2026-08-31T01:09:25.432385+09:00
2026-03-12,6027,2822.0,2863.0,2739.0,2766.0,104900,OK,kabutan,2766.0,yahoo_jp,2766.0,2026-08-31T01:12:18.540209+09:00
2026-03-12,6647,2703.0,2703.0,2677.0,2678.0,500,OK,kabutan,2678.0,yahoo_jp,2678.0,2026-08-31T01:15:10.658508+09:00
2026-03-12,6904,489.0,489.0,484.0,489.0,4000,OK,kabutan,489.0,yahoo_jp,489.0,2026-08-31T01:18:03.239168+09:00
2026-03-12,7093,569.0,571.0,569.0,571.0,1300,OK,kabutan,571.0,yahoo_jp,571.0,2026-08-31T01:20:55.466489+09:00
2026-03-12,9344,907.0,907.0,904.0,904.0,600,OK,kabutan,904.0,yahoo_jp,904.0,2026-08-31T01:23:50.902752+09:00
2026-03-13,4440,1477.0,1494.0,1458.0,1493.0,10400,OK,kabutan,1493.0,yahoo_jp,1493.0,2026-08-31T01:00:42.707252+09:00
2026-03-13,4707,326.0,326.0,322.0,322.0,4800,OK,kabutan,322.0,yahoo_jp,322.0,2026-08-31T01:03:35.001718+09:00
2026-03-13,5137,281.0,290.0,280.0,283.0,284000,OK,kabutan,283.0,yahoo_jp,283.0,2026-08-31T01:06:31.383114+09:00
2026-03-13,5243,2325.0,2510.0,2322.0,2510.0,526600,OK,kabutan,2510.0,yahoo_jp,2510.0,2026-08-31T01:09:25.432385+09:00
2026-03-13,6027,2716.0,2800.0,2716.0,2765.0,60100,OK,kabutan,2765.0,yahoo_jp,2765.0,2026-08-31T01:12:18.540209+09:00
2026-03-13,6647,2659.0,2698.0,2659.0,2698.0,300,OK,kabutan,2698.0,yahoo_jp,2698.0,2026-08-31T01:15:10.658508+09:00
2026-03-13,6904,485.0,489.0,485.0,486.0,6000,OK,kabutan,486.0,yahoo_jp,486.0,2026-08-31T01:18:03.239168+09:00
2026-03-13,7093,568.0,572.0,559.0,569.0,2200,OK,kabutan,569.0,yahoo_jp,569.0,2026-08-31T01:20:55.466489+09:00
2026-03-13,9344,903.0,907.0,902.0,904.0,700,OK,kabutan,904.0,yahoo_jp,904.0,2026-08-31T01:23:50.902752+09:00
2026-03-16,4440,1499.0,1525.0,1485.0,1525.0,15900,OK,kabutan,1525.0,yahoo_jp,1525.0,2026-08-31T01:00:42.707252+09:00
2026-03-16,4707,321.0,322.0,317.0,319.0,10400,OK,kabutan,319.0,yahoo_jp,319.0,2026-08-31T01:03:35.001718+09:00
2026-03-16,5137,277.0,282.0,268.0,272.0,596100,OK,kabutan,272.0,yahoo_jp,272.0,2026-08-31T01:06:31.383114+09:00
2026-03-16,5243,2485.0,2508.0,2413.0,2425.0,370500,OK,kabutan,2425.0,yahoo_jp,2425.0,2026-08-31T01:09:25.432385+09:00
2026-03-16,6027,2764.0,2820.0,2763.0,2787.0,94800,OK,kabutan,2787.0,yahoo_jp,2787.0,2026-08-31T01:12:18.540209+09:00
2026-03-16,6647,2739.0,2739.0,2626.0,2674.0,2400,OK,kabutan,2674.0,yahoo_jp,2674.0,2026-08-31T01:15:10.658508+09:00
2026-03-16,6904,487.0,490.0,486.0,490.0,5800,OK,kabutan,490.0,yahoo_jp,490.0,2026-08-31T01:18:03.239168+09:00
2026-03-16,7093,569.0,569.0,558.0,568.0,3400,OK,kabutan,568.0,yahoo_jp,568.0,2026-08-31T01:20:55.466489+09:00
2026-03-16,9344,904.0,914.0,904.0,910.0,800,OK,kabutan,910.0,yahoo_jp,910.0,2026-08-31T01:23:50.902752+09:00
2026-03-17,4440,1548.0,1548.0,1504.0,1504.0,13700,OK,kabutan,1504.0,yahoo_jp,1504.0,2026-08-31T01:00:42.707252+09:00
2026-03-17,4707,320.0,321.0,318.0,318.0,8500,OK,kabutan,318.0,yahoo_jp,318.0,2026-08-31T01:03:35.001718+09:00
2026-03-17,5137,274.0,274.0,266.0,268.0,257500,OK,kabutan,268.0,yahoo_jp,268.0,2026-08-31T01:06:31.383114+09:00
2026-03-17,5243,2438.0,2454.0,2287.0,2313.0,426200,OK,kabutan,2313.0,yahoo_jp,2313.0,2026-08-31T01:09:25.432385+09:00
2026-03-17,6027,2803.0,2813.0,2780.0,2780.0,31100,OK,kabutan,2780.0,yahoo_jp,2780.0,2026-08-31T01:12:18.540209+09:00
2026-03-17,6647,2650.0,2699.0,2642.0,2699.0,1600,OK,kabutan,2699.0,yahoo_jp,2699.0,2026-08-31T01:15:10.658508+09:00
2026-03-17,6904,488.0,493.0,486.0,489.0,6100,OK,kabutan,489.0,yahoo_jp,489.0,2026-08-31T01:18:03.239168+09:00
2026-03-17,7093,576.0,576.0,560.0,560.0,2400,OK,kabutan,560.0,yahoo_jp,560.0,2026-08-31T01:20:55.466489+09:00
2026-03-17,9344,907.0,907.0,905.0,907.0,700,OK,kabutan,907.0,yahoo_jp,907.0,2026-08-31T01:23:50.902752+09:00
2026-03-18,4440,1508.0,1600.0,1508.0,1577.0,26100,OK,kabutan,1577.0,yahoo_jp,1577.0,2026-08-31T01:00:42.707252+09:00
2026-03-18,4707,320.0,322.0,319.0,322.0,3100,OK,kabutan,322.0,yahoo_jp,322.0,2026-08-31T01:03:35.001718+09:00
2026-03-18,5137,273.0,276.0,268.0,276.0,270200,OK,kabutan,276.0,yahoo_jp,276.0,2026-08-31T01:06:31.383114+09:00
2026-03-18,5243,2324.0,2365.0,2256.0,2351.0,285500,OK,kabutan,2351.0,yahoo_jp,2351.0,2026-08-31T01:09:25.432385+09:00
2026-03-18,6027,2780.0,2850.0,2780.0,2850.0,66000,OK,kabutan,2850.0,yahoo_jp,2850.0,2026-08-31T01:12:18.540209+09:00
2026-03-18,6647,2704.0,2735.0,2703.0,2735.0,700,OK,kabutan,2735.0,yahoo_jp,2735.0,2026-08-31T01:15:10.658508+09:00
2026-03-18,6904,489.0,495.0,489.0,495.0,7400,OK,kabutan,495.0,yahoo_jp,495.0,2026-08-31T01:18:03.239168+09:00
2026-03-18,7093,550.0,557.0,550.0,557.0,800,OK,kabutan,557.0,yahoo_jp,557.0,2026-08-31T01:20:55.466489+09:00
2026-03-18,9344,907.0,907.0,905.0,905.0,800,OK,kabutan,905.0,yahoo_jp,905.0,2026-08-31T01:23:50.902752+09:00
2026-03-19,4440,1537.0,1562.0,1512.0,1514.0,17300,OK,kabutan,1514.0,yahoo_jp,1514.0,2026-08-31T01:00:42.707252+09:00
2026-03-19,4707,320.0,324.0,317.0,317.0,13800,OK,kabutan,317.0,yahoo_jp,317.0,2026-08-31T01:03:35.001718+09:00
2026-03-19,5137,268.0,278.0,268.0,275.0,579900,OK,kabutan,275.0,yahoo_jp,275.0,2026-08-31T01:06:31.383114+09:00
2026-03-19,5243,2251.0,2258.0,2170.0,2188.0,340800,OK,kabutan,2188.0,yahoo_jp,2188.0,2026-08-31T01:09:25.432385+09:00
2026-03-19,6027,2769.0,2850.0,2762.0,2850.0,88400,OK,kabutan,2850.0,yahoo_jp,2850.0,2026-08-31T01:12:18.540209+09:00
2026-03-19,6647,2714.0,2714.0,2664.0,2690.0,600,OK,kabutan,2690.0,yahoo_jp,2690.0,2026-08-31T01:15:10.658508+09:00
2026-03-19,6904,489.0,495.0,486.0,495.0,5900,OK,kabutan,495.0,yahoo_jp,495.0,2026-08-31T01:18:03.239168+09:00
2026-03-19,7093,547.0,556.0,547.0,556.0,1900,OK,kabutan,556.0,yahoo_jp,556.0,2026-08-31T01:20:55.466489+09:00
2026-03-19,9344,905.0,910.0,904.0,904.0,1100,OK,kabutan,904.0,yahoo_jp,904.0,2026-08-31T01:23:50.902752+09:00
2026-03-23,4440,1474.0,1481.0,1417.0,1438.0,22100,OK,kabutan,1438.0,yahoo_jp,1438.0,2026-08-31T01:00:42.707252+09:00
2026-03-23,4707,316.0,316.0,310.0,310.0,15400,OK,kabutan,310.0,yahoo_jp,310.0,2026-08-31T01:03:35.001718+09:00
2026-03-23,5137,267.0,280.0,263.0,278.0,332700,OK,kabutan,278.0,yahoo_jp,278.0,2026-08-31T01:06:31.383114+09:00
2026-03-23,5243,2091.0,2174.0,2055.0,2103.0,450800,OK,kabutan,2103.0,yahoo_jp,2103.0,2026-08-31T01:09:25.432385+09:00
2026-03-23,6027,2750.0,2790.0,2750.0,2763.0,49000,OK,kabutan,2763.0,yahoo_jp,2763.0,2026-08-31T01:12:18.540209+09:00
2026-03-23,6647,2615.0,2651.0,2520.0,2651.0,3200,OK,kabutan,2651.0,yahoo_jp,2651.0,2026-08-31T01:15:10.658508+09:00
2026-03-23,6904,490.0,490.0,485.0,485.0,10600,OK,kabutan,485.0,yahoo_jp,485.0,2026-08-31T01:18:03.239168+09:00
2026-03-23,7093,546.0,553.0,531.0,553.0,7200,OK,kabutan,553.0,yahoo_jp,553.0,2026-08-31T01:20:55.466489+09:00
2026-03-23,9344,904.0,904.0,900.0,902.0,2600,OK,kabutan,902.0,yahoo_jp,902.0,2026-08-31T01:23:50.902752+09:00
2026-03-24,4440,1487.0,1526.0,1459.0,1510.0,18600,OK,kabutan,1510.0,yahoo_jp,1510.0,2026-08-31T01:00:42.707252+09:00
2026-03-24,4707,315.0,318.0,315.0,317.0,5500,OK,kabutan,317.0,yahoo_jp,317.0,2026-08-31T01:03:35.001718+09:00
2026-03-24,5137,283.0,305.0,283.0,305.0,595200,OK,kabutan,305.0,yahoo_jp,305.0,2026-08-31T01:06:31.383114+09:00
2026-03-24,5243,2200.0,2260.0,2175.0,2227.0,282400,OK,kabutan,2227.0,yahoo_jp,2227.0,2026-08-31T01:09:25.432385+09:00
2026-03-24,6027,2834.0,2860.0,2792.0,2815.0,80800,OK,kabutan,2815.0,yahoo_jp,2815.0,2026-08-31T01:12:18.540209+09:00
2026-03-24,6647,2701.0,2736.0,2701.0,2736.0,1700,OK,kabutan,2736.0,yahoo_jp,2736.0,2026-08-31T01:15:10.658508+09:00
2026-03-24,6904,490.0,490.0,485.0,486.0,6600,OK,kabutan,486.0,yahoo_jp,486.0,2026-08-31T01:18:03.239168+09:00
2026-03-24,7093,544.0,547.0,532.0,532.0,2300,OK,kabutan,532.0,yahoo_jp,532.0,2026-08-31T01:20:55.466489+09:00
2026-03-24,9344,903.0,910.0,901.0,910.0,1300,OK,kabutan,910.0,yahoo_jp,910.0,2026-08-31T01:23:50.902752+09:00
2026-03-25,4440,1550.0,1569.0,1536.0,1554.0,9200,OK,kabutan,1554.0,yahoo_jp,1554.0,2026-08-31T01:00:42.707252+09:00
2026-03-25,4707,319.0,320.0,315.0,319.0,2900,OK,kabutan,319.0,yahoo_jp,319.0,2026-08-31T01:03:35.001718+09:00
2026-03-25,5137,303.0,317.0,296.0,312.0,753100,OK,kabutan,312.0,yahoo_jp,312.0,2026-08-31T01:06:31.383114+09:00
2026-03-25,5243,2401.0,2547.0,2352.0,2485.0,1637800,OK,kabutan,2485.0,yahoo_jp,2485.0,2026-08-31T01:09:25.432385+09:00
2026-03-25,6027,2836.0,2889.0,2836.0,2870.0,74000,OK,kabutan,2870.0,yahoo_jp,2870.0,2026-08-31T01:12:18.540209+09:00
2026-03-25,6647,2782.0,2911.0,2782.0,2911.0,1500,OK,kabutan,2911.0,yahoo_jp,2911.0,2026-08-31T01:15:10.658508+09:00
2026-03-25,6904,486.0,489.0,486.0,489.0,3200,OK,kabutan,489.0,yahoo_jp,489.0,2026-08-31T01:18:03.239168+09:00
2026-03-25,7093,532.0,546.0,532.0,535.0,5900,OK,kabutan,535.0,yahoo_jp,535.0,2026-08-31T01:20:55.466489+09:00
2026-03-25,9344,913.0,913.0,913.0,913.0,1500,OK,kabutan,913.0,yahoo_jp,913.0,2026-08-31T01:23:50.902752+09:00
2026-03-26,4440,1555.0,1564.0,1501.0,1531.0,11600,OK,kabutan,1531.0,yahoo_jp,1531.0,2026-08-31T01:00:42.707252+09:00
2026-03-26,4707,319.0,319.0,314.0,318.0,5100,OK,kabutan,318.0,yahoo_jp,318.0,2026-08-31T01:03:35.001718+09:00
2026-03-26,5137,308.0,312.0,299.0,306.0,640800,OK,kabutan,306.0,yahoo_jp,306.0,2026-08-31T01:06:31.383114+09:00
2026-03-26,5243,2470.0,2578.0,2408.0,2443.0,708000,OK,kabutan,2443.0,yahoo_jp,2443.0,2026-08-31T01:09:25.432385+09:00
2026-03-26,6027,2870.0,2904.0,2850.0,2899.0,73600,OK,kabutan,2899.0,yahoo_jp,2899.0,2026-08-31T01:12:18.540209+09:00
2026-03-26,6647,2910.0,2910.0,2857.0,2890.0,1200,OK,kabutan,2890.0,yahoo_jp,2890.0,2026-08-31T01:15:10.658508+09:00
2026-03-26,6904,489.0,492.0,488.0,489.0,7600,OK,kabutan,489.0,yahoo_jp,489.0,2026-08-31T01:18:03.239168+09:00
2026-03-26,7093,535.0,535.0,532.0,532.0,700,OK,kabutan,532.0,yahoo_jp,532.0,2026-08-31T01:20:55.466489+09:00
2026-03-26,9344,907.0,907.0,907.0,907.0,500,OK,kabutan,907.0,yahoo_jp,907.0,2026-08-31T01:23:50.902752+09:00
2026-03-27,4440,1509.0,1543.0,1480.0,1541.0,14000,OK,kabutan,1541.0,yahoo_jp,1541.0,2026-08-31T01:00:42.707252+09:00
2026-03-27,4707,318.0,318.0,314.0,316.0,8000,OK,kabutan,316.0,yahoo_jp,316.0,2026-08-31T01:03:35.001718+09:00
2026-03-27,5137,306.0,332.0,305.0,332.0,596700,OK,kabutan,332.0,yahoo_jp,332.0,2026-08-31T01:06:31.383114+09:00
2026-03-27,5243,2447.0,2550.0,2417.0,2519.0,463300,OK,kabutan,2519.0,yahoo_jp,2519.0,2026-08-31T01:09:25.432385+09:00
2026-03-27,6027,2930.0,2987.0,2889.0,2894.0,159100,OK,kabutan,2894.0,yahoo_jp,2894.0,2026-08-31T01:12:18.540209+09:00
2026-03-27,6647,2840.0,2888.0,2837.0,2888.0,900,OK,kabutan,2888.0,yahoo_jp,2888.0,2026-08-31T01:15:10.658508+09:00
2026-03-27,6904,491.0,491.0,480.0,480.0,23100,OK,kabutan,480.0,yahoo_jp,480.0,2026-08-31T01:18:03.239168+09:00
2026-03-27,7093,534.0,565.0,534.0,559.0,6100,OK,kabutan,559.0,yahoo_jp,559.0,2026-08-31T01:20:55.466489+09:00
2026-03-27,9344,906.0,916.0,901.0,901.0,1500,OK,kabutan,901.0,yahoo_jp,901.0,2026-08-31T01:23:50.902752+09:00
2026-03-30,4440,1495.0,1496.0,1450.0,1484.0,27200,OK,kabutan,1484.0,yahoo_jp,1484.0,2026-08-31T01:00:42.707252+09:00
2026-03-30,4707,315.0,315.0,309.0,311.0,9500,OK,kabutan,311.0,yahoo_jp,311.0,2026-08-31T01:03:35.001718+09:00
2026-03-30,5137,308.0,316.0,296.0,301.0,599100,OK,kabutan,301.0,yahoo_jp,301.0,2026-08-31T01:06:31.383114+09:00
2026-03-30,5243,2469.0,2510.0,2355.0,2424.0,419900,OK,kabutan,2424.0,yahoo_jp,2424.0,2026-08-31T01:09:25.432385+09:00
2026-03-30,6027,2794.0,2845.0,2753.0,2807.0,112900,OK,kabutan,2807.0,yahoo_jp,2807.0,2026-08-31T01:12:18.540209+09:00
2026-03-30,6647,2808.0,2808.0,2751.0,2751.0,1700,OK,kabutan,2751.0,yahoo_jp,2751.0,2026-08-31T01:15:10.658508+09:00
2026-03-30,6904,469.0,469.0,461.0,461.0,10700,OK,kabutan,461.0,yahoo_jp,461.0,2026-08-31T01:18:03.239168+09:00
2026-03-30,7093,559.0,577.0,549.0,567.0,1300,OK,kabutan,567.0,yahoo_jp,567.0,2026-08-31T01:20:55.466489+09:00
2026-03-30,9344,900.0,906.0,900.0,906.0,1800,OK,kabutan,906.0,yahoo_jp,906.0,2026-08-31T01:23:50.902752+09:00
2026-03-31,4440,1475.0,1518.0,1466.0,1466.0,13000,OK,kabutan,1466.0,yahoo_jp,1466.0,2026-08-31T01:00:42.707252+09:00
2026-03-31,4707,311.0,314.0,311.0,312.0,2800,OK,kabutan,312.0,yahoo_jp,312.0,2026-08-31T01:03:35.001718+09:00
2026-03-31,5137,305.0,309.0,291.0,298.0,344400,OK,kabutan,298.0,yahoo_jp,298.0,2026-08-31T01:06:31.383114+09:00
2026-03-31,5243,2412.0,2510.0,2367.0,2445.0,407300,OK,kabutan,2445.0,yahoo_jp,2445.0,2026-08-31T01:09:25.432385+09:00
2026-03-31,6027,2834.0,2873.0,2791.0,2815.0,82600,OK,kabutan,2815.0,yahoo_jp,2815.0,2026-08-31T01:12:18.540209+09:00
2026-03-31,6647,2738.0,2758.0,2707.0,2758.0,900,OK,kabutan,2758.0,yahoo_jp,2758.0,2026-08-31T01:15:10.658508+09:00
2026-03-31,6904,462.0,465.0,459.0,460.0,12300,OK,kabutan,460.0,yahoo_jp,460.0,2026-08-31T01:18:03.239168+09:00
2026-03-31,7093,562.0,588.0,560.0,588.0,2000,OK,kabutan,588.0,yahoo_jp,588.0,2026-08-31T01:20:55.466489+09:00
2026-03-31,9344,901.0,902.0,901.0,901.0,800,OK,kabutan,901.0,yahoo_jp,901.0,2026-08-31T01:23:50.902752+09:00
2026-04-01,4440,1537.0,1561.0,1472.0,1540.0,19300,OK,kabutan,1540.0,yahoo_jp,1540.0,2026-08-31T01:00:42.707252+09:00
2026-04-01,4707,315.0,317.0,313.0,315.0,5100,OK,kabutan,315.0,yahoo_jp,315.0,2026-08-31T01:03:35.001718+09:00
2026-04-01,5137,300.0,304.0,287.0,300.0,567400,OK,kabutan,300.0,yahoo_jp,300.0,2026-08-31T01:06:31.383114+09:00
2026-04-01,5243,2524.0,2569.0,2480.0,2562.0,322300,OK,kabutan,2562.0,yahoo_jp,2562.0,2026-08-31T01:09:25.432385+09:00
2026-04-01,6027,2950.0,2955.0,2868.0,2894.0,77400,OK,kabutan,2894.0,yahoo_jp,2894.0,2026-08-31T01:12:18.540209+09:00
2026-04-01,6647,2799.0,2801.0,2799.0,2800.0,600,OK,kabutan,2800.0,yahoo_jp,2800.0,2026-08-31T01:15:10.658508+09:00
2026-04-01,6904,465.0,465.0,460.0,464.0,7300,OK,kabutan,464.0,yahoo_jp,464.0,2026-08-31T01:18:03.239168+09:00
2026-04-01,7093,591.0,591.0,570.0,575.0,1800,OK,kabutan,575.0,yahoo_jp,575.0,2026-08-31T01:20:55.466489+09:00
2026-04-01,9344,907.0,907.0,901.0,904.0,1200,OK,kabutan,904.0,yahoo_jp,904.0,2026-08-31T01:23:50.902752+09:00
2026-04-02,4440,1540.0,1580.0,1538.0,1548.0,9900,OK,kabutan,1548.0,yahoo_jp,1548.0,2026-08-31T01:00:42.707252+09:00
2026-04-02,4707,317.0,317.0,315.0,316.0,3400,OK,kabutan,316.0,yahoo_jp,316.0,2026-08-31T01:03:35.001718+09:00
2026-04-02,5137,306.0,311.0,292.0,293.0,267500,OK,kabutan,293.0,yahoo_jp,293.0,2026-08-31T01:06:31.383114+09:00
2026-04-02,5243,2593.0,2629.0,2423.0,2459.0,417200,OK,kabutan,2459.0,yahoo_jp,2459.0,2026-08-31T01:09:25.432385+09:00
2026-04-02,6027,2895.0,2938.0,2856.0,2866.0,101100,OK,kabutan,2866.0,yahoo_jp,2866.0,2026-08-31T01:12:18.540209+09:00
2026-04-02,6647,2758.0,2758.0,2606.0,2705.0,3800,OK,kabutan,2705.0,yahoo_jp,2705.0,2026-08-31T01:15:10.658508+09:00
2026-04-02,6904,465.0,469.0,465.0,465.0,7900,OK,kabutan,465.0,yahoo_jp,465.0,2026-08-31T01:18:03.239168+09:00
2026-04-02,7093,585.0,586.0,561.0,586.0,2200,OK,kabutan,586.0,yahoo_jp,586.0,2026-08-31T01:20:55.466489+09:00
2026-04-02,9344,904.0,904.0,902.0,902.0,1300,OK,kabutan,902.0,yahoo_jp,902.0,2026-08-31T01:23:50.902752+09:00
2026-04-03,4440,1588.0,1597.0,1555.0,1595.0,14800,OK,kabutan,1595.0,yahoo_jp,1595.0,2026-08-31T01:00:42.707252+09:00
2026-04-03,4707,316.0,317.0,315.0,315.0,1500,OK,kabutan,315.0,yahoo_jp,315.0,2026-08-31T01:03:35.001718+09:00
2026-04-03,5137,292.0,295.0,278.0,281.0,345400,OK,kabutan,281.0,yahoo_jp,281.0,2026-08-31T01:06:31.383114+09:00
2026-04-03,5243,2500.0,2618.0,2468.0,2541.0,348900,OK,kabutan,2541.0,yahoo_jp,2541.0,2026-08-31T01:09:25.432385+09:00
2026-04-03,6027,2866.0,2889.0,2835.0,2835.0,109000,OK,kabutan,2835.0,yahoo_jp,2835.0,2026-08-31T01:12:18.540209+09:00
2026-04-03,6647,2710.0,2759.0,2709.0,2710.0,900,OK,kabutan,2710.0,yahoo_jp,2710.0,2026-08-31T01:15:10.658508+09:00
2026-04-03,6904,463.0,470.0,463.0,467.0,3900,OK,kabutan,467.0,yahoo_jp,467.0,2026-08-31T01:18:03.239168+09:00
2026-04-03,7093,588.0,588.0,562.0,575.0,2200,OK,kabutan,575.0,yahoo_jp,575.0,2026-08-31T01:20:55.466489+09:00
2026-04-03,9344,904.0,904.0,902.0,902.0,800,OK,kabutan,902.0,yahoo_jp,902.0,2026-08-31T01:23:50.902752+09:00
2026-04-06,4440,1600.0,1626.0,1562.0,1571.0,18700,OK,kabutan,1571.0,yahoo_jp,1571.0,2026-08-31T01:00:42.707252+09:00
2026-04-06,4707,317.0,317.0,315.0,316.0,1500,OK,kabutan,316.0,yahoo_jp,316.0,2026-08-31T01:03:35.001718+09:00
2026-04-06,5137,286.0,291.0,283.0,290.0,211800,OK,kabutan,290.0,yahoo_jp,290.0,2026-08-31T01:06:31.383114+09:00
2026-04-06,5243,2534.0,2580.0,2481.0,2552.0,209400,OK,kabutan,2552.0,yahoo_jp,2552.0,2026-08-31T01:09:25.432385+09:00
2026-04-06,6027,2845.0,2885.0,2832.0,2864.0,58100,OK,kabutan,2864.0,yahoo_jp,2864.0,2026-08-31T01:12:18.540209+09:00
2026-04-06,6647,2710.0,2710.0,2672.0,2681.0,400,OK,kabutan,2681.0,yahoo_jp,2681.0,2026-08-31T01:15:10.658508+09:00
2026-04-06,6904,467.0,469.0,464.0,466.0,5800,OK,kabutan,466.0,yahoo_jp,466.0,2026-08-31T01:18:03.239168+09:00
2026-04-06,7093,575.0,575.0,575.0,575.0,100,OK,kabutan,575.0,yahoo_jp,575.0,2026-08-31T01:20:55.466489+09:00
2026-04-06,9344,903.0,905.0,902.0,902.0,1100,OK,kabutan,902.0,yahoo_jp,902.0,2026-08-31T01:23:50.902752+09:00
2026-04-07,4440,1578.0,1595.0,1561.0,1591.0,13100,OK,kabutan,1591.0,yahoo_jp,1591.0,2026-08-31T01:00:42.707252+09:00
2026-04-07,4707,317.0,317.0,315.0,317.0,2000,OK,kabutan,317.0,yahoo_jp,317.0,2026-08-31T01:03:35.001718+09:00
2026-04-07,5137,283.0,285.0,278.0,282.0,541800,OK,kabutan,282.0,yahoo_jp,282.0,2026-08-31T01:06:31.383114+09:00
2026-04-07,5243,2580.0,2625.0,2482.0,2517.0,243000,OK,kabutan,2517.0,yahoo_jp,2517.0,2026-08-31T01:09:25.432385+09:00
2026-04-07,6027,2858.0,2911.0,2848.0,2895.0,41400,OK,kabutan,2895.0,yahoo_jp,2895.0,2026-08-31T01:12:18.540209+09:00
2026-04-07,6647,2681.0,2710.0,2679.0,2679.0,900,OK,kabutan,2679.0,yahoo_jp,2679.0,2026-08-31T01:15:10.658508+09:00
2026-04-07,6904,466.0,470.0,464.0,466.0,2500,OK,kabutan,466.0,yahoo_jp,466.0,2026-08-31T01:18:03.239168+09:00
2026-04-07,7093,578.0,579.0,560.0,560.0,4000,OK,kabutan,560.0,yahoo_jp,560.0,2026-08-31T01:20:55.466489+09:00
2026-04-07,9344,902.0,907.0,902.0,907.0,3500,OK,kabutan,907.0,yahoo_jp,907.0,2026-08-31T01:23:50.902752+09:00
2026-04-08,4440,1609.0,1610.0,1568.0,1581.0,23400,OK,kabutan,1581.0,yahoo_jp,1581.0,2026-08-31T01:00:42.707252+09:00
2026-04-08,4707,318.0,321.0,316.0,321.0,8200,OK,kabutan,321.0,yahoo_jp,321.0,2026-08-31T01:03:35.001718+09:00
2026-04-08,5137,289.0,304.0,288.0,302.0,457800,OK,kabutan,302.0,yahoo_jp,302.0,2026-08-31T01:06:31.383114+09:00
2026-04-08,5243,2600.0,2752.0,2576.0,2734.0,482200,OK,kabutan,2734.0,yahoo_jp,2734.0,2026-08-31T01:09:25.432385+09:00
2026-04-08,6027,2920.0,2958.0,2899.0,2939.0,109800,OK,kabutan,2939.0,yahoo_jp,2939.0,2026-08-31T01:12:18.540209+09:00
2026-04-08,6647,2724.0,2800.0,2724.0,2800.0,500,OK,kabutan,2800.0,yahoo_jp,2800.0,2026-08-31T01:15:10.658508+09:00
2026-04-08,6904,466.0,471.0,464.0,471.0,7200,OK,kabutan,471.0,yahoo_jp,471.0,2026-08-31T01:18:03.239168+09:00
2026-04-08,7093,570.0,570.0,559.0,560.0,3000,OK,kabutan,560.0,yahoo_jp,560.0,2026-08-31T01:20:55.466489+09:00
2026-04-08,9344,908.0,908.0,902.0,905.0,4100,OK,kabutan,905.0,yahoo_jp,905.0,2026-08-31T01:23:50.902752+09:00
2026-04-09,4440,1592.0,1612.0,1566.0,1612.0,23500,OK,kabutan,1612.0,yahoo_jp,1612.0,2026-08-31T01:00:42.707252+09:00
2026-04-09,4707,321.0,324.0,321.0,322.0,3600,OK,kabutan,322.0,yahoo_jp,322.0,2026-08-31T01:03:35.001718+09:00
2026-04-09,5137,300.0,303.0,294.0,296.0,155600,OK,kabutan,296.0,yahoo_jp,296.0,2026-08-31T01:06:31.383114+09:00
2026-04-09,5243,2694.0,2710.0,2645.0,2695.0,422200,OK,kabutan,2695.0,yahoo_jp,2695.0,2026-08-31T01:09:25.432385+09:00
2026-04-09,6027,2789.0,2842.0,2731.0,2797.0,280300,OK,kabutan,2797.0,yahoo_jp,2797.0,2026-08-31T01:12:18.540209+09:00
2026-04-09,6647,2800.0,2800.0,2800.0,2800.0,200,OK,kabutan,2800.0,yahoo_jp,2800.0,2026-08-31T01:15:10.658508+09:00
2026-04-09,6904,471.0,471.0,467.0,471.0,3300,OK,kabutan,471.0,yahoo_jp,471.0,2026-08-31T01:18:03.239168+09:00
2026-04-09,7093,560.0,560.0,559.0,559.0,1700,OK,kabutan,559.0,yahoo_jp,559.0,2026-08-31T01:20:55.466489+09:00
2026-04-09,9344,908.0,915.0,908.0,915.0,1000,OK,kabutan,915.0,yahoo_jp,915.0,2026-08-31T01:23:50.902752+09:00
2026-04-10,4440,1615.0,1616.0,1544.0,1560.0,32100,OK,kabutan,1560.0,yahoo_jp,1560.0,2026-08-31T01:00:42.707252+09:00
2026-04-10,4707,323.0,324.0,322.0,322.0,2600,OK,kabutan,322.0,yahoo_jp,322.0,2026-08-31T01:03:35.001718+09:00
2026-04-10,5137,298.0,306.0,291.0,291.0,168800,OK,kabutan,291.0,yahoo_jp,291.0,2026-08-31T01:06:31.383114+09:00
2026-04-10,5243,2695.0,2736.0,2629.0,2703.0,275600,OK,kabutan,2703.0,yahoo_jp,2703.0,2026-08-31T01:09:25.432385+09:00
2026-04-10,6027,2777.0,2795.0,2565.0,2565.0,260600,OK,kabutan,2565.0,yahoo_jp,2565.0,2026-08-31T01:12:18.540209+09:00
2026-04-10,6647,2854.0,2854.0,2777.0,2777.0,600,OK,kabutan,2777.0,yahoo_jp,2777.0,2026-08-31T01:15:10.658508+09:00
2026-04-10,6904,471.0,471.0,463.0,464.0,5100,OK,kabutan,464.0,yahoo_jp,464.0,2026-08-31T01:18:03.239168+09:00
2026-04-10,7093,560.0,560.0,557.0,557.0,1000,OK,kabutan,557.0,yahoo_jp,557.0,2026-08-31T01:20:55.466489+09:00
2026-04-10,9344,910.0,913.0,908.0,908.0,1000,OK,kabutan,908.0,yahoo_jp,908.0,2026-08-31T01:23:50.902752+09:00
2026-04-13,4440,1600.0,1625.0,1160.0,1242.0,502900,OK,kabutan,1242.0,yahoo_jp,1242.0,2026-08-31T01:00:42.707252+09:00
2026-04-13,4707,325.0,326.0,321.0,326.0,7100,OK,kabutan,326.0,yahoo_jp,326.0,2026-08-31T01:03:35.001718+09:00
2026-04-13,5137,293.0,299.0,292.0,295.0,143300,OK,kabutan,295.0,yahoo_jp,295.0,2026-08-31T01:06:31.383114+09:00
2026-04-13,5243,2681.0,2966.0,2681.0,2909.0,671500,OK,kabutan,2909.0,yahoo_jp,2909.0,2026-08-31T01:09:25.432385+09:00
2026-04-13,6027,2495.0,2578.0,2480.0,2565.0,101800,OK,kabutan,2565.0,yahoo_jp,2565.0,2026-08-31T01:12:18.540209+09:00
2026-04-13,6647,2750.0,2750.0,2750.0,2750.0,100,OK,kabutan,2750.0,yahoo_jp,2750.0,2026-08-31T01:15:10.658508+09:00
2026-04-13,6904,461.0,466.0,461.0,464.0,6600,OK,kabutan,464.0,yahoo_jp,464.0,2026-08-31T01:18:03.239168+09:00
2026-04-13,7093,573.0,573.0,548.0,557.0,2300,OK,kabutan,557.0,yahoo_jp,557.0,2026-08-31T01:20:55.466489+09:00
2026-04-13,9344,911.0,914.0,907.0,911.0,2600,OK,kabutan,911.0,yahoo_jp,911.0,2026-08-31T01:23:50.902752+09:00
2026-04-14,4440,1272.0,1307.0,1250.0,1280.0,168800,OK,kabutan,1280.0,yahoo_jp,1280.0,2026-08-31T01:00:42.707252+09:00
2026-04-14,4707,326.0,330.0,324.0,326.0,4300,OK,kabutan,326.0,yahoo_jp,326.0,2026-08-31T01:03:35.001718+09:00
2026-04-14,5137,303.0,308.0,295.0,295.0,274300,OK,kabutan,295.0,yahoo_jp,295.0,2026-08-31T01:06:31.383114+09:00
2026-04-14,5243,2900.0,3030.0,2853.0,3010.0,1048400,OK,kabutan,3010.0,yahoo_jp,3010.0,2026-08-31T01:09:25.432385+09:00
2026-04-14,6027,2599.0,2625.0,2573.0,2578.0,108800,OK,kabutan,2578.0,yahoo_jp,2578.0,2026-08-31T01:12:18.540209+09:00
2026-04-14,6647,2785.0,2804.0,2770.0,2804.0,700,OK,kabutan,2804.0,yahoo_jp,2804.0,2026-08-31T01:15:10.658508+09:00
2026-04-14,6904,464.0,464.0,462.0,462.0,3400,OK,kabutan,462.0,yahoo_jp,462.0,2026-08-31T01:18:03.239168+09:00
2026-04-14,7093,549.0,558.0,543.0,558.0,2500,OK,kabutan,558.0,yahoo_jp,558.0,2026-08-31T01:20:55.466489+09:00
2026-04-14,9344,913.0,915.0,905.0,905.0,2200,OK,kabutan,905.0,yahoo_jp,905.0,2026-08-31T01:23:50.902752+09:00
2026-04-15,4440,1305.0,1313.0,1271.0,1311.0,95100,OK,kabutan,1311.0,yahoo_jp,1311.0,2026-08-31T01:00:42.707252+09:00
2026-04-15,4707,326.0,327.0,324.0,327.0,2400,OK,kabutan,327.0,yahoo_jp,327.0,2026-08-31T01:03:35.001718+09:00
2026-04-15,5137,296.0,307.0,296.0,303.0,254700,OK,kabutan,303.0,yahoo_jp,303.0,2026-08-31T01:06:31.383114+09:00
2026-04-15,5243,3400.0,3405.0,2515.0,2521.0,6309500,OK,kabutan,2521.0,yahoo_jp,2521.0,2026-08-31T01:09:25.432385+09:00
2026-04-15,6027,2609.0,2734.0,2609.0,2734.0,161500,OK,kabutan,2734.0,yahoo_jp,2734.0,2026-08-31T01:12:18.540209+09:00
2026-04-15,6647,2895.0,2900.0,2850.0,2893.0,4600,OK,kabutan,2893.0,yahoo_jp,2893.0,2026-08-31T01:15:10.658508+09:00
2026-04-15,6904,464.0,464.0,461.0,461.0,1400,OK,kabutan,461.0,yahoo_jp,461.0,2026-08-31T01:18:03.239168+09:00
2026-04-15,7093,554.0,559.0,548.0,559.0,2600,OK,kabutan,559.0,yahoo_jp,559.0,2026-08-31T01:20:55.466489+09:00
2026-04-15,9344,911.0,926.0,906.0,925.0,3400,OK,kabutan,925.0,yahoo_jp,925.0,2026-08-31T01:23:50.902752+09:00
2026-04-16,4440,1311.0,1343.0,1290.0,1325.0,76300,OK,kabutan,1325.0,yahoo_jp,1325.0,2026-08-31T01:00:42.707252+09:00
2026-04-16,4707,327.0,328.0,326.0,328.0,1400,OK,kabutan,328.0,yahoo_jp,328.0,2026-08-31T01:03:35.001718+09:00
2026-04-16,5137,319.0,332.0,300.0,302.0,483300,OK,kabutan,302.0,yahoo_jp,302.0,2026-08-31T01:06:31.383114+09:00
2026-04-16,5243,2631.0,2842.0,2563.0,2769.0,4575800,OK,kabutan,2769.0,yahoo_jp,2769.0,2026-08-31T01:09:25.432385+09:00
2026-04-16,6027,2745.0,2750.0,2635.0,2635.0,137700,OK,kabutan,2635.0,yahoo_jp,2635.0,2026-08-31T01:12:18.540209+09:00
2026-04-16,6647,2900.0,3000.0,2900.0,3000.0,4200,OK,kabutan,3000.0,yahoo_jp,3000.0,2026-08-31T01:15:10.658508+09:00
2026-04-16,6904,462.0,462.0,460.0,460.0,4300,OK,kabutan,460.0,yahoo_jp,460.0,2026-08-31T01:18:03.239168+09:00
2026-04-16,7093,552.0,552.0,550.0,552.0,2100,OK,kabutan,552.0,yahoo_jp,552.0,2026-08-31T01:20:55.466489+09:00
2026-04-16,9344,925.0,925.0,912.0,923.0,1900,OK,kabutan,923.0,yahoo_jp,923.0,2026-08-31T01:23:50.902752+09:00
2026-04-17,4440,1306.0,1310.0,1280.0,1288.0,59200,OK,kabutan,1288.0,yahoo_jp,1288.0,2026-08-31T01:00:42.707252+09:00
2026-04-17,4707,326.0,327.0,326.0,327.0,1400,OK,kabutan,327.0,yahoo_jp,327.0,2026-08-31T01:03:35.001718+09:00
2026-04-17,5137,304.0,307.0,300.0,305.0,159200,OK,kabutan,305.0,yahoo_jp,305.0,2026-08-31T01:06:31.383114+09:00
2026-04-17,5243,2706.0,2730.0,2586.0,2608.0,1295500,OK,kabutan,2608.0,yahoo_jp,2608.0,2026-08-31T01:09:25.432385+09:00
2026-04-17,6027,2610.0,2653.0,2570.0,2583.0,106900,OK,kabutan,2583.0,yahoo_jp,2583.0,2026-08-31T01:12:18.540209+09:00
2026-04-17,6647,3070.0,3070.0,2970.0,2990.0,2800,OK,kabutan,2990.0,yahoo_jp,2990.0,2026-08-31T01:15:10.658508+09:00
2026-04-17,6904,460.0,463.0,460.0,461.0,1900,OK,kabutan,461.0,yahoo_jp,461.0,2026-08-31T01:18:03.239168+09:00
2026-04-17,7093,550.0,550.0,542.0,549.0,1400,OK,kabutan,549.0,yahoo_jp,549.0,2026-08-31T01:20:55.466489+09:00
2026-04-17,9344,914.0,922.0,913.0,922.0,500,OK,kabutan,922.0,yahoo_jp,922.0,2026-08-31T01:23:50.902752+09:00
2026-04-20,4440,1275.0,1275.0,1228.0,1254.0,84400,OK,kabutan,1254.0,yahoo_jp,1254.0,2026-08-31T01:00:42.707252+09:00
2026-04-20,4707,326.0,329.0,326.0,329.0,1500,OK,kabutan,329.0,yahoo_jp,329.0,2026-08-31T01:03:35.001718+09:00
2026-04-20,5137,305.0,305.0,297.0,300.0,181000,OK,kabutan,300.0,yahoo_jp,300.0,2026-08-31T01:06:31.383114+09:00
2026-04-20,5243,2570.0,2658.0,2520.0,2609.0,1218500,OK,kabutan,2609.0,yahoo_jp,2609.0,2026-08-31T01:09:25.432385+09:00
2026-04-20,6027,2570.0,2586.0,2558.0,2580.0,55400,OK,kabutan,2580.0,yahoo_jp,2580.0,2026-08-31T01:12:18.540209+09:00
2026-04-20,6647,2990.0,3055.0,2966.0,3055.0,1700,OK,kabutan,3055.0,yahoo_jp,3055.0,2026-08-31T01:15:10.658508+09:00
2026-04-20,6904,461.0,465.0,460.0,464.0,6200,OK,kabutan,464.0,yahoo_jp,464.0,2026-08-31T01:18:03.239168+09:00
2026-04-20,7093,547.0,547.0,536.0,540.0,2300,OK,kabutan,540.0,yahoo_jp,540.0,2026-08-31T01:20:55.466489+09:00
2026-04-20,9344,952.0,952.0,918.0,932.0,5300,OK,kabutan,932.0,yahoo_jp,932.0,2026-08-31T01:23:50.902752+09:00
2026-04-21,4440,1259.0,1259.0,1222.0,1227.0,63200,OK,kabutan,1227.0,yahoo_jp,1227.0,2026-08-31T01:00:42.707252+09:00
2026-04-21,4707,328.0,328.0,321.0,324.0,7800,OK,kabutan,324.0,yahoo_jp,324.0,2026-08-31T01:03:35.001718+09:00
2026-04-21,5137,300.0,306.0,297.0,306.0,171300,OK,kabutan,306.0,yahoo_jp,306.0,2026-08-31T01:06:31.383114+09:00
2026-04-21,5243,2615.0,2743.0,2535.0,2571.0,1699200,OK,kabutan,2571.0,yahoo_jp,2571.0,2026-08-31T01:09:25.432385+09:00
2026-04-21,6027,2609.0,2609.0,2557.0,2584.0,51000,OK,kabutan,2584.0,yahoo_jp,2584.0,2026-08-31T01:12:18.540209+09:00
2026-04-21,6647,3030.0,3105.0,3015.0,3105.0,1400,OK,kabutan,3105.0,yahoo_jp,3105.0,2026-08-31T01:15:10.658508+09:00
2026-04-21,6904,464.0,465.0,462.0,462.0,11900,OK,kabutan,462.0,yahoo_jp,462.0,2026-08-31T01:18:03.239168+09:00
2026-04-21,7093,540.0,540.0,540.0,540.0,300,OK,kabutan,540.0,yahoo_jp,540.0,2026-08-31T01:20:55.466489+09:00
2026-04-21,9344,932.0,932.0,918.0,923.0,1300,OK,kabutan,923.0,yahoo_jp,923.0,2026-08-31T01:23:50.902752+09:00
2026-04-22,4440,1220.0,1241.0,1212.0,1231.0,37100,OK,kabutan,1231.0,yahoo_jp,1231.0,2026-08-31T01:00:42.707252+09:00
2026-04-22,4707,323.0,326.0,322.0,325.0,2600,OK,kabutan,325.0,yahoo_jp,325.0,2026-08-31T01:03:35.001718+09:00
2026-04-22,5137,304.0,307.0,298.0,299.0,222600,OK,kabutan,299.0,yahoo_jp,299.0,2026-08-31T01:06:31.383114+09:00
2026-04-22,5243,2536.0,2727.0,2432.0,2691.0,2203100,OK,kabutan,2691.0,yahoo_jp,2691.0,2026-08-31T01:09:25.432385+09:00
2026-04-22,6027,2595.0,2630.0,2580.0,2593.0,60300,OK,kabutan,2593.0,yahoo_jp,2593.0,2026-08-31T01:12:18.540209+09:00
2026-04-22,6647,3105.0,3105.0,3090.0,3090.0,900,OK,kabutan,3090.0,yahoo_jp,3090.0,2026-08-31T01:15:10.658508+09:00
2026-04-22,6904,462.0,464.0,461.0,463.0,2500,OK,kabutan,463.0,yahoo_jp,463.0,2026-08-31T01:18:03.239168+09:00
2026-04-22,7093,538.0,538.0,538.0,538.0,100,OK,kabutan,538.0,yahoo_jp,538.0,2026-08-31T01:20:55.466489+09:00
2026-04-22,9344,920.0,925.0,920.0,924.0,1400,OK,kabutan,924.0,yahoo_jp,924.0,2026-08-31T01:23:50.902752+09:00
2026-04-23,4440,1238.0,1243.0,1188.0,1205.0,48200,OK,kabutan,1205.0,yahoo_jp,1205.0,2026-08-31T01:00:42.707252+09:00
2026-04-23,4707,321.0,324.0,319.0,324.0,3000,OK,kabutan,324.0,yahoo_jp,324.0,2026-08-31T01:03:35.001718+09:00
2026-04-23,5137,301.0,309.0,298.0,303.0,182300,OK,kabutan,303.0,yahoo_jp,303.0,2026-08-31T01:06:31.383114+09:00
2026-04-23,5243,2556.0,2625.0,2467.0,2490.0,1607600,OK,kabutan,2490.0,yahoo_jp,2490.0,2026-08-31T01:09:25.432385+09:00
2026-04-23,6027,2611.0,2617.0,2560.0,2579.0,51900,OK,kabutan,2579.0,yahoo_jp,2579.0,2026-08-31T01:12:18.540209+09:00
2026-04-23,6647,3065.0,3065.0,3005.0,3010.0,700,OK,kabutan,3010.0,yahoo_jp,3010.0,2026-08-31T01:15:10.658508+09:00
2026-04-23,6904,462.0,463.0,461.0,461.0,2100,OK,kabutan,461.0,yahoo_jp,461.0,2026-08-31T01:18:03.239168+09:00
2026-04-23,7093,535.0,546.0,532.0,546.0,2400,OK,kabutan,546.0,yahoo_jp,546.0,2026-08-31T01:20:55.466489+09:00
2026-04-23,9344,924.0,937.0,922.0,924.0,2500,OK,kabutan,924.0,yahoo_jp,924.0,2026-08-31T01:23:50.902752+09:00
2026-04-24,4440,1200.0,1214.0,1177.0,1193.0,40000,OK,kabutan,1193.0,yahoo_jp,1193.0,2026-08-31T01:00:42.707252+09:00
2026-04-24,4707,325.0,327.0,318.0,327.0,4300,OK,kabutan,327.0,yahoo_jp,327.0,2026-08-31T01:03:35.001718+09:00
2026-04-24,5137,303.0,303.0,295.0,299.0,119800,OK,kabutan,299.0,yahoo_jp,299.0,2026-08-31T01:06:31.383114+09:00
2026-04-24,5243,2476.0,2489.0,2380.0,2449.0,630200,OK,kabutan,2449.0,yahoo_jp,2449.0,2026-08-31T01:09:25.432385+09:00
2026-04-24,6027,2541.0,2552.0,2500.0,2525.0,87600,OK,kabutan,2525.0,yahoo_jp,2525.0,2026-08-31T01:12:18.540209+09:00
2026-04-24,6647,3010.0,3010.0,2940.0,2940.0,600,OK,kabutan,2940.0,yahoo_jp,2940.0,2026-08-31T01:15:10.658508+09:00
2026-04-24,6904,464.0,464.0,462.0,464.0,3100,OK,kabutan,464.0,yahoo_jp,464.0,2026-08-31T01:18:03.239168+09:00
2026-04-24,7093,546.0,546.0,536.0,541.0,900,OK,kabutan,541.0,yahoo_jp,541.0,2026-08-31T01:20:55.466489+09:00
2026-04-24,9344,933.0,933.0,921.0,921.0,3500,OK,kabutan,921.0,yahoo_jp,921.0,2026-08-31T01:23:50.902752+09:00
2026-04-27,4440,1200.0,1228.0,1171.0,1205.0,53200,OK,kabutan,1205.0,yahoo_jp,1205.0,2026-08-31T01:00:42.707252+09:00
2026-04-27,4707,323.0,329.0,321.0,328.0,3100,OK,kabutan,328.0,yahoo_jp,328.0,2026-08-31T01:03:35.001718+09:00
2026-04-27,5137,299.0,301.0,296.0,296.0,173700,OK,kabutan,296.0,yahoo_jp,296.0,2026-08-31T01:06:31.383114+09:00
2026-04-27,5243,2385.0,2390.0,2265.0,2330.0,900400,OK,kabutan,2330.0,yahoo_jp,2330.0,2026-08-31T01:09:25.432385+09:00
2026-04-27,6027,2493.0,2494.0,2410.0,2446.0,142000,OK,kabutan,2446.0,yahoo_jp,2446.0,2026-08-31T01:12:18.540209+09:00
2026-04-27,6647,2940.0,2940.0,2900.0,2900.0,900,OK,kabutan,2900.0,yahoo_jp,2900.0,2026-08-31T01:15:10.658508+09:00
2026-04-27,6904,465.0,465.0,464.0,464.0,4700,OK,kabutan,464.0,yahoo_jp,464.0,2026-08-31T01:18:03.239168+09:00
2026-04-27,7093,534.0,541.0,534.0,541.0,1900,OK,kabutan,541.0,yahoo_jp,541.0,2026-08-31T01:20:55.466489+09:00
2026-04-27,9344,921.0,925.0,916.0,917.0,1200,OK,kabutan,917.0,yahoo_jp,917.0,2026-08-31T01:23:50.902752+09:00
2026-04-28,4440,1203.0,1226.0,1194.0,1214.0,18600,OK,kabutan,1214.0,yahoo_jp,1214.0,2026-08-31T01:00:42.707252+09:00
2026-04-28,4707,328.0,328.0,322.0,328.0,5900,OK,kabutan,328.0,yahoo_jp,328.0,2026-08-31T01:03:35.001718+09:00
2026-04-28,5137,296.0,301.0,296.0,301.0,68200,OK,kabutan,301.0,yahoo_jp,301.0,2026-08-31T01:06:31.383114+09:00
2026-04-28,5243,2330.0,2505.0,2330.0,2503.0,603000,OK,kabutan,2503.0,yahoo_jp,2503.0,2026-08-31T01:09:25.432385+09:00
2026-04-28,6027,2420.0,2499.0,2412.0,2487.0,258800,OK,kabutan,2487.0,yahoo_jp,2487.0,2026-08-31T01:12:18.540209+09:00
2026-04-28,6647,2852.0,2900.0,2852.0,2900.0,500,OK,kabutan,2900.0,yahoo_jp,2900.0,2026-08-31T01:15:10.658508+09:00
2026-04-28,6904,463.0,466.0,462.0,463.0,3300,OK,kabutan,463.0,yahoo_jp,463.0,2026-08-31T01:18:03.239168+09:00
2026-04-28,7093,551.0,625.0,542.0,544.0,58100,OK,kabutan,544.0,yahoo_jp,544.0,2026-08-31T01:20:55.466489+09:00
2026-04-28,9344,920.0,920.0,914.0,914.0,800,OK,kabutan,914.0,yahoo_jp,914.0,2026-08-31T01:23:50.902752+09:00
2026-04-30,4440,1214.0,1214.0,1164.0,1176.0,41900,OK,kabutan,1176.0,yahoo_jp,1176.0,2026-08-31T01:00:42.707252+09:00
2026-04-30,4707,325.0,325.0,323.0,323.0,500,OK,kabutan,323.0,yahoo_jp,323.0,2026-08-31T01:03:35.001718+09:00
2026-04-30,5137,299.0,299.0,284.0,285.0,277300,OK,kabutan,285.0,yahoo_jp,285.0,2026-08-31T01:06:31.383114+09:00
2026-04-30,5243,2457.0,2481.0,2396.0,2424.0,217500,OK,kabutan,2424.0,yahoo_jp,2424.0,2026-08-31T01:09:25.432385+09:00
2026-04-30,6027,2500.0,2500.0,2461.0,2463.0,45300,OK,kabutan,2463.0,yahoo_jp,2463.0,2026-08-31T01:12:18.540209+09:00
2026-04-30,6647,2943.0,2997.0,2900.0,2900.0,1200,OK,kabutan,2900.0,yahoo_jp,2900.0,2026-08-31T01:15:10.658508+09:00
2026-04-30,6904,465.0,470.0,462.0,462.0,11100,OK,kabutan,462.0,yahoo_jp,462.0,2026-08-31T01:18:03.239168+09:00
2026-04-30,7093,542.0,555.0,535.0,536.0,3400,OK,kabutan,536.0,yahoo_jp,536.0,2026-08-31T01:20:55.466489+09:00
2026-04-30,9344,917.0,917.0,908.0,908.0,1500,OK,kabutan,908.0,yahoo_jp,908.0,2026-08-31T01:23:50.902752+09:00
2026-05-01,4440,1169.0,1185.0,1152.0,1182.0,26400,OK,kabutan,1182.0,yahoo_jp,1182.0,2026-08-31T01:00:42.707252+09:00
2026-05-01,4707,327.0,327.0,319.0,322.0,6500,OK,kabutan,322.0,yahoo_jp,322.0,2026-08-31T01:03:35.001718+09:00
2026-05-01,5137,285.0,295.0,284.0,295.0,124700,OK,kabutan,295.0,yahoo_jp,295.0,2026-08-31T01:06:31.383114+09:00
2026-05-01,5243,2405.0,2434.0,2363.0,2363.0,204000,OK,kabutan,2363.0,yahoo_jp,2363.0,2026-08-31T01:09:25.432385+09:00
2026-05-01,6027,2494.0,2528.0,2470.0,2520.0,51000,OK,kabutan,2520.0,yahoo_jp,2520.0,2026-08-31T01:12:18.540209+09:00
2026-05-01,6647,2910.0,2910.0,2880.0,2900.0,400,OK,kabutan,2900.0,yahoo_jp,2900.0,2026-08-31T01:15:10.658508+09:00
2026-05-01,6904,462.0,463.0,461.0,463.0,1600,OK,kabutan,463.0,yahoo_jp,463.0,2026-08-31T01:18:03.239168+09:00
2026-05-01,7093,543.0,548.0,534.0,542.0,1700,OK,kabutan,542.0,yahoo_jp,542.0,2026-08-31T01:20:55.466489+09:00
2026-05-01,9344,905.0,906.0,905.0,906.0,500,OK,kabutan,906.0,yahoo_jp,906.0,2026-08-31T01:23:50.902752+09:00
2026-05-07,4440,1197.0,1203.0,1163.0,1176.0,21300,OK,kabutan,1176.0,yahoo_jp,1176.0,2026-08-31T01:00:42.707252+09:00
2026-05-07,4707,322.0,325.0,322.0,323.0,2400,OK,kabutan,323.0,yahoo_jp,323.0,2026-08-31T01:03:35.001718+09:00
2026-05-07,5137,297.0,297.0,288.0,293.0,178900,OK,kabutan,293.0,yahoo_jp,293.0,2026-08-31T01:06:31.383114+09:00
2026-05-07,5243,2359.0,2359.0,2240.0,2251.0,427400,OK,kabutan,2251.0,yahoo_jp,2251.0,2026-08-31T01:09:25.432385+09:00
2026-05-07,6027,2550.0,2677.0,2550.0,2676.0,105900,OK,kabutan,2676.0,yahoo_jp,2676.0,2026-08-31T01:12:18.540209+09:00
2026-05-07,6647,2943.0,2957.0,2901.0,2930.0,1100,OK,kabutan,2930.0,yahoo_jp,2930.0,2026-08-31T01:15:10.658508+09:00
2026-05-07,6904,463.0,465.0,461.0,461.0,3500,OK,kabutan,461.0,yahoo_jp,461.0,2026-08-31T01:18:03.239168+09:00
2026-05-07,7093,549.0,549.0,540.0,541.0,2200,OK,kabutan,541.0,yahoo_jp,541.0,2026-08-31T01:20:55.466489+09:00
2026-05-07,9344,906.0,910.0,906.0,909.0,1100,OK,kabutan,909.0,yahoo_jp,909.0,2026-08-31T01:23:50.902752+09:00
2026-05-08,4440,1192.0,1205.0,1181.0,1190.0,16700,OK,kabutan,1190.0,yahoo_jp,1190.0,2026-08-31T01:00:42.707252+09:00
2026-05-08,4707,324.0,327.0,324.0,327.0,800,OK,kabutan,327.0,yahoo_jp,327.0,2026-08-31T01:03:35.001718+09:00
2026-05-08,5137,297.0,309.0,292.0,304.0,297700,OK,kabutan,304.0,yahoo_jp,304.0,2026-08-31T01:06:31.383114+09:00
2026-05-08,5243,2288.0,2302.0,2134.0,2150.0,578500,OK,kabutan,2150.0,yahoo_jp,2150.0,2026-08-31T01:09:25.432385+09:00
2026-05-08,6027,2676.0,2758.0,2646.0,2720.0,88300,OK,kabutan,2720.0,yahoo_jp,2720.0,2026-08-31T01:12:18.540209+09:00
2026-05-08,6647,2930.0,2930.0,2921.0,2921.0,1200,OK,kabutan,2921.0,yahoo_jp,2921.0,2026-08-31T01:15:10.658508+09:00
2026-05-08,6904,466.0,467.0,461.0,463.0,7100,OK,kabutan,463.0,yahoo_jp,463.0,2026-08-31T01:18:03.239168+09:00
2026-05-08,7093,535.0,544.0,533.0,534.0,2300,OK,kabutan,534.0,yahoo_jp,534.0,2026-08-31T01:20:55.466489+09:00
2026-05-08,9344,906.0,915.0,900.0,915.0,2400,OK,kabutan,915.0,yahoo_jp,915.0,2026-08-31T01:23:50.902752+09:00
2026-05-11,4440,1198.0,1220.0,1183.0,1204.0,29000,OK,kabutan,1204.0,yahoo_jp,1204.0,2026-08-31T01:00:42.707252+09:00
2026-05-11,4707,326.0,330.0,326.0,327.0,1600,OK,kabutan,327.0,yahoo_jp,327.0,2026-08-31T01:03:35.001718+09:00
2026-05-11,5137,308.0,313.0,300.0,302.0,218900,OK,kabutan,302.0,yahoo_jp,302.0,2026-08-31T01:06:31.383114+09:00
2026-05-11,5243,2160.0,2202.0,2102.0,2135.0,451000,OK,kabutan,2135.0,yahoo_jp,2135.0,2026-08-31T01:09:25.432385+09:00
2026-05-11,6027,2762.0,2788.0,2731.0,2735.0,77300,OK,kabutan,2735.0,yahoo_jp,2735.0,2026-08-31T01:12:18.540209+09:00
2026-05-11,6647,2948.0,3140.0,2898.0,3070.0,8500,OK,kabutan,3070.0,yahoo_jp,3070.0,2026-08-31T01:15:10.658508+09:00
2026-05-11,6904,463.0,465.0,461.0,461.0,3400,OK,kabutan,461.0,yahoo_jp,461.0,2026-08-31T01:18:03.239168+09:00
2026-05-11,7093,541.0,541.0,539.0,539.0,400,OK,kabutan,539.0,yahoo_jp,539.0,2026-08-31T01:20:55.466489+09:00
2026-05-11,9344,917.0,929.0,915.0,926.0,2800,OK,kabutan,926.0,yahoo_jp,926.0,2026-08-31T01:23:50.902752+09:00
2026-05-12,4440,1208.0,1214.0,1173.0,1187.0,20700,OK,kabutan,1187.0,yahoo_jp,1187.0,2026-08-31T01:00:42.707252+09:00
2026-05-12,4707,326.0,329.0,320.0,328.0,5900,OK,kabutan,328.0,yahoo_jp,328.0,2026-08-31T01:03:35.001718+09:00
2026-05-12,5137,307.0,307.0,298.0,307.0,138700,OK,kabutan,307.0,yahoo_jp,307.0,2026-08-31T01:06:31.383114+09:00
2026-05-12,5243,2135.0,2284.0,2135.0,2245.0,413400,OK,kabutan,2245.0,yahoo_jp,2245.0,2026-08-31T01:09:25.432385+09:00
2026-05-12,6027,2726.0,2726.0,2657.0,2671.0,49300,OK,kabutan,2671.0,yahoo_jp,2671.0,2026-08-31T01:12:18.540209+09:00
2026-05-12,6647,3100.0,3160.0,3000.0,3095.0,9900,OK,kabutan,3095.0,yahoo_jp,3095.0,2026-08-31T01:15:10.658508+09:00
2026-05-12,6904,462.0,463.0,461.0,463.0,2500,OK,kabutan,463.0,yahoo_jp,463.0,2026-08-31T01:18:03.239168+09:00
2026-05-12,7093,543.0,544.0,535.0,544.0,1000,OK,kabutan,544.0,yahoo_jp,544.0,2026-08-31T01:20:55.466489+09:00
2026-05-12,9344,920.0,930.0,920.0,930.0,2100,OK,kabutan,930.0,yahoo_jp,930.0,2026-08-31T01:23:50.902752+09:00
2026-05-13,4440,1193.0,1222.0,1193.0,1222.0,12000,OK,kabutan,1222.0,yahoo_jp,1222.0,2026-08-31T01:00:42.707252+09:00
2026-05-13,4707,326.0,326.0,313.0,323.0,7100,OK,kabutan,323.0,yahoo_jp,323.0,2026-08-31T01:03:35.001718+09:00
2026-05-13,5137,304.0,309.0,302.0,307.0,150000,OK,kabutan,307.0,yahoo_jp,307.0,2026-08-31T01:06:31.383114+09:00
2026-05-13,5243,2273.0,2410.0,2271.0,2407.0,326900,OK,kabutan,2407.0,yahoo_jp,2407.0,2026-08-31T01:09:25.432385+09:00
2026-05-13,6027,2643.0,2750.0,2643.0,2738.0,113900,OK,kabutan,2738.0,yahoo_jp,2738.0,2026-08-31T01:12:18.540209+09:00
2026-05-13,6647,3095.0,3095.0,2970.0,2970.0,2500,OK,kabutan,2970.0,yahoo_jp,2970.0,2026-08-31T01:15:10.658508+09:00
2026-05-13,6904,463.0,465.0,462.0,463.0,5100,OK,kabutan,463.0,yahoo_jp,463.0,2026-08-31T01:18:03.239168+09:00
2026-05-13,7093,539.0,545.0,539.0,545.0,900,OK,kabutan,545.0,yahoo_jp,545.0,2026-08-31T01:20:55.466489+09:00
2026-05-13,9344,916.0,924.0,916.0,924.0,300,OK,kabutan,924.0,yahoo_jp,924.0,2026-08-31T01:23:50.902752+09:00
2026-05-14,4440,1220.0,1220.0,1156.0,1166.0,26600,OK,kabutan,1166.0,yahoo_jp,1166.0,2026-08-31T01:00:42.707252+09:00
2026-05-14,4707,325.0,326.0,321.0,321.0,3400,OK,kabutan,321.0,yahoo_jp,321.0,2026-08-31T01:03:35.001718+09:00
2026-05-14,5137,308.0,308.0,292.0,295.0,372700,OK,kabutan,295.0,yahoo_jp,295.0,2026-08-31T01:06:31.383114+09:00
2026-05-14,5243,2407.0,2413.0,2272.0,2297.0,276900,OK,kabutan,2297.0,yahoo_jp,2297.0,2026-08-31T01:09:25.432385+09:00
2026-05-14,6027,2700.0,2777.0,2598.0,2751.0,202000,OK,kabutan,2751.0,yahoo_jp,2751.0,2026-08-31T01:12:18.540209+09:00
2026-05-14,6647,2957.0,2957.0,2907.0,2907.0,3000,OK,kabutan,2907.0,yahoo_jp,2907.0,2026-08-31T01:15:10.658508+09:00
2026-05-14,6904,461.0,463.0,460.0,461.0,17900,OK,kabutan,461.0,yahoo_jp,461.0,2026-08-31T01:18:03.239168+09:00
2026-05-14,7093,548.0,548.0,518.0,533.0,11500,OK,kabutan,533.0,yahoo_jp,533.0,2026-08-31T01:20:55.466489+09:00
2026-05-14,9344,915.0,925.0,915.0,924.0,2000,OK,kabutan,924.0,yahoo_jp,924.0,2026-08-31T01:23:50.902752+09:00
2026-05-15,4440,1157.0,1183.0,1153.0,1154.0,17500,OK,kabutan,1154.0,yahoo_jp,1154.0,2026-08-31T01:00:42.707252+09:00
2026-05-15,4707,325.0,325.0,316.0,318.0,5500,OK,kabutan,318.0,yahoo_jp,318.0,2026-08-31T01:03:35.001718+09:00
2026-05-15,5137,255.0,255.0,224.0,225.0,1987200,OK,kabutan,225.0,yahoo_jp,225.0,2026-08-31T01:06:31.383114+09:00
2026-05-15,5243,2299.0,2345.0,2235.0,2255.0,184600,OK,kabutan,2255.0,yahoo_jp,2255.0,2026-08-31T01:09:25.432385+09:00
2026-05-15,6027,2745.0,2745.0,2623.0,2710.0,147300,OK,kabutan,2710.0,yahoo_jp,2710.0,2026-08-31T01:12:18.540209+09:00
2026-05-15,6647,2920.0,3000.0,2510.0,2530.0,10400,OK,kabutan,2530.0,yahoo_jp,2530.0,2026-08-31T01:15:10.658508+09:00
2026-05-15,6904,460.0,461.0,452.0,454.0,18900,OK,kabutan,454.0,yahoo_jp,454.0,2026-08-31T01:18:03.239168+09:00
2026-05-15,7093,513.0,525.0,501.0,512.0,12800,OK,kabutan,512.0,yahoo_jp,512.0,2026-08-31T01:20:55.466489+09:00
2026-05-15,9344,954.0,973.0,920.0,927.0,10700,OK,kabutan,927.0,yahoo_jp,927.0,2026-08-31T01:23:50.902752+09:00
2026-05-18,4440,1160.0,1170.0,1142.0,1156.0,18200,OK,kabutan,1156.0,yahoo_jp,1156.0,2026-08-31T01:00:42.707252+09:00
2026-05-18,4707,318.0,320.0,317.0,317.0,2200,OK,kabutan,317.0,yahoo_jp,317.0,2026-08-31T01:03:35.001718+09:00
2026-05-18,5137,229.0,233.0,217.0,220.0,1001600,OK,kabutan,220.0,yahoo_jp,220.0,2026-08-31T01:06:31.383114+09:00
2026-05-18,5243,2220.0,2274.0,2181.0,2264.0,151600,OK,kabutan,2264.0,yahoo_jp,2264.0,2026-08-31T01:09:25.432385+09:00
2026-05-18,6027,2715.0,2798.0,2667.0,2769.0,160200,OK,kabutan,2769.0,yahoo_jp,2769.0,2026-08-31T01:12:18.540209+09:00
2026-05-18,6647,2530.0,2595.0,2530.0,2587.0,4200,OK,kabutan,2587.0,yahoo_jp,2587.0,2026-08-31T01:15:10.658508+09:00
2026-05-18,6904,454.0,454.0,450.0,450.0,12300,OK,kabutan,450.0,yahoo_jp,450.0,2026-08-31T01:18:03.239168+09:00
2026-05-18,7093,516.0,525.0,516.0,519.0,2700,OK,kabutan,519.0,yahoo_jp,519.0,2026-08-31T01:20:55.466489+09:00
2026-05-18,9344,940.0,949.0,927.0,949.0,3400,OK,kabutan,949.0,yahoo_jp,949.0,2026-08-31T01:23:50.902752+09:00
2026-05-19,4440,1181.0,1190.0,1160.0,1162.0,17100,OK,kabutan,1162.0,yahoo_jp,1162.0,2026-08-31T01:00:42.707252+09:00
2026-05-19,4707,317.0,323.0,317.0,320.0,1600,OK,kabutan,320.0,yahoo_jp,320.0,2026-08-31T01:03:35.001718+09:00
2026-05-19,5137,224.0,235.0,220.0,231.0,343900,OK,kabutan,231.0,yahoo_jp,231.0,2026-08-31T01:06:31.383114+09:00
2026-05-19,5243,2300.0,2347.0,2188.0,2205.0,236400,OK,kabutan,2205.0,yahoo_jp,2205.0,2026-08-31T01:09:25.432385+09:00
2026-05-19,6027,2769.0,2836.0,2733.0,2766.0,101500,OK,kabutan,2766.0,yahoo_jp,2766.0,2026-08-31T01:12:18.540209+09:00
2026-05-19,6647,2537.0,2561.0,2537.0,2545.0,1200,OK,kabutan,2545.0,yahoo_jp,2545.0,2026-08-31T01:15:10.658508+09:00
2026-05-19,6904,455.0,455.0,451.0,454.0,4100,OK,kabutan,454.0,yahoo_jp,454.0,2026-08-31T01:18:03.239168+09:00
2026-05-19,7093,569.0,619.0,522.0,523.0,533300,OK,kabutan,523.0,yahoo_jp,523.0,2026-08-31T01:20:55.466489+09:00
2026-05-19,9344,940.0,946.0,911.0,937.0,3400,OK,kabutan,937.0,yahoo_jp,937.0,2026-08-31T01:23:50.902752+09:00
2026-05-20,4440,1188.0,1188.0,1116.0,1140.0,15200,OK,kabutan,1140.0,yahoo_jp,1140.0,2026-08-31T01:00:42.707252+09:00
2026-05-20,4707,323.0,323.0,321.0,321.0,1200,OK,kabutan,321.0,yahoo_jp,321.0,2026-08-31T01:03:35.001718+09:00
2026-05-20,5137,232.0,232.0,215.0,218.0,630200,OK,kabutan,218.0,yahoo_jp,218.0,2026-08-31T01:06:31.383114+09:00
2026-05-20,5243,2208.0,2236.0,2145.0,2147.0,128000,OK,kabutan,2147.0,yahoo_jp,2147.0,2026-08-31T01:09:25.432385+09:00
2026-05-20,6027,2766.0,2766.0,2562.0,2575.0,119700,OK,kabutan,2575.0,yahoo_jp,2575.0,2026-08-31T01:12:18.540209+09:00
2026-05-20,6647,2541.0,2546.0,2510.0,2510.0,2000,OK,kabutan,2510.0,yahoo_jp,2510.0,2026-08-31T01:15:10.658508+09:00
2026-05-20,6904,454.0,455.0,453.0,453.0,6100,OK,kabutan,453.0,yahoo_jp,453.0,2026-08-31T01:18:03.239168+09:00
2026-05-20,7093,513.0,516.0,490.0,504.0,70900,OK,kabutan,504.0,yahoo_jp,504.0,2026-08-31T01:20:55.466489+09:00
2026-05-20,9344,951.0,951.0,915.0,939.0,3500,OK,kabutan,939.0,yahoo_jp,939.0,2026-08-31T01:23:50.902752+09:00
2026-05-21,4440,1150.0,1150.0,1137.0,1144.0,6400,OK,kabutan,1144.0,yahoo_jp,1144.0,2026-08-31T01:00:42.707252+09:00
2026-05-21,4707,321.0,327.0,311.0,327.0,17000,OK,kabutan,327.0,yahoo_jp,327.0,2026-08-31T01:03:35.001718+09:00
2026-05-21,5137,218.0,224.0,212.0,214.0,280200,OK,kabutan,214.0,yahoo_jp,214.0,2026-08-31T01:06:31.383114+09:00
2026-05-21,5243,2150.0,2227.0,2150.0,2216.0,100400,OK,kabutan,2216.0,yahoo_jp,2216.0,2026-08-31T01:09:25.432385+09:00
2026-05-21,6027,2580.0,2615.0,2554.0,2566.0,42600,OK,kabutan,2566.0,yahoo_jp,2566.0,2026-08-31T01:12:18.540209+09:00
2026-05-21,6647,2522.0,2522.0,2401.0,2401.0,2500,OK,kabutan,2401.0,yahoo_jp,2401.0,2026-08-31T01:15:10.658508+09:00
2026-05-21,6904,453.0,456.0,452.0,453.0,12300,OK,kabutan,453.0,yahoo_jp,453.0,2026-08-31T01:18:03.239168+09:00
2026-05-21,7093,505.0,525.0,501.0,512.0,21900,OK,kabutan,512.0,yahoo_jp,512.0,2026-08-31T01:20:55.466489+09:00
2026-05-21,9344,935.0,939.0,930.0,938.0,1400,OK,kabutan,938.0,yahoo_jp,938.0,2026-08-31T01:23:50.902752+09:00
2026-05-22,4440,1139.0,1161.0,1121.0,1121.0,17700,OK,kabutan,1121.0,yahoo_jp,1121.0,2026-08-31T01:00:42.707252+09:00
2026-05-22,4707,327.0,327.0,325.0,325.0,2200,OK,kabutan,325.0,yahoo_jp,325.0,2026-08-31T01:03:35.001718+09:00
2026-05-22,5137,215.0,219.0,212.0,216.0,243400,OK,kabutan,216.0,yahoo_jp,216.0,2026-08-31T01:06:31.383114+09:00
2026-05-22,5243,2197.0,2262.0,2172.0,2248.0,137100,OK,kabutan,2248.0,yahoo_jp,2248.0,2026-08-31T01:09:25.432385+09:00
2026-05-22,6027,2555.0,2590.0,2539.0,2548.0,68500,OK,kabutan,2548.0,yahoo_jp,2548.0,2026-08-31T01:12:18.540209+09:00
2026-05-22,6647,2420.0,2469.0,2420.0,2459.0,3000,OK,kabutan,2459.0,yahoo_jp,2459.0,2026-08-31T01:15:10.658508+09:00
2026-05-22,6904,453.0,454.0,451.0,452.0,5600,OK,kabutan,452.0,yahoo_jp,452.0,2026-08-31T01:18:03.239168+09:00
2026-05-22,7093,508.0,526.0,504.0,504.0,17600,OK,kabutan,504.0,yahoo_jp,504.0,2026-08-31T01:20:55.466489+09:00
2026-05-22,9344,932.0,940.0,925.0,938.0,3700,OK,kabutan,938.0,yahoo_jp,938.0,2026-08-31T01:23:50.902752+09:00
2026-05-25,4440,1147.0,1147.0,1102.0,1111.0,26100,OK,kabutan,1111.0,yahoo_jp,1111.0,2026-08-31T01:00:42.707252+09:00
2026-05-25,4707,324.0,325.0,324.0,324.0,1400,OK,kabutan,324.0,yahoo_jp,324.0,2026-08-31T01:03:35.001718+09:00
2026-05-25,5137,222.0,223.0,210.0,215.0,317000,OK,kabutan,215.0,yahoo_jp,215.0,2026-08-31T01:06:31.383114+09:00
2026-05-25,5243,2250.0,2281.0,2181.0,2191.0,152100,OK,kabutan,2191.0,yahoo_jp,2191.0,2026-08-31T01:09:25.432385+09:00
2026-05-25,6027,2550.0,2578.0,2486.0,2566.0,84400,OK,kabutan,2566.0,yahoo_jp,2566.0,2026-08-31T01:12:18.540209+09:00
2026-05-25,6647,2482.0,2560.0,2482.0,2560.0,1500,OK,kabutan,2560.0,yahoo_jp,2560.0,2026-08-31T01:15:10.658508+09:00
2026-05-25,6904,451.0,453.0,450.0,451.0,5700,OK,kabutan,451.0,yahoo_jp,451.0,2026-08-31T01:18:03.239168+09:00
2026-05-25,7093,508.0,508.0,495.0,499.0,14500,OK,kabutan,499.0,yahoo_jp,499.0,2026-08-31T01:20:55.466489+09:00
2026-05-25,9344,938.0,947.0,931.0,931.0,7900,OK,kabutan,931.0,yahoo_jp,931.0,2026-08-31T01:23:50.902752+09:00
2026-05-26,4440,1130.0,1161.0,1118.0,1159.0,27300,OK,kabutan,1159.0,yahoo_jp,1159.0,2026-08-31T01:00:42.707252+09:00
2026-05-26,4707,325.0,325.0,323.0,325.0,3000,OK,kabutan,325.0,yahoo_jp,325.0,2026-08-31T01:03:35.001718+09:00
2026-05-26,5137,217.0,220.0,212.0,217.0,198700,OK,kabutan,217.0,yahoo_jp,217.0,2026-08-31T01:06:31.383114+09:00
2026-05-26,5243,2201.0,2232.0,2144.0,2200.0,116300,OK,kabutan,2200.0,yahoo_jp,2200.0,2026-08-31T01:09:25.432385+09:00
2026-05-26,6027,2549.0,2575.0,2475.0,2497.0,100700,OK,kabutan,2497.0,yahoo_jp,2497.0,2026-08-31T01:12:18.540209+09:00
2026-05-26,6647,2596.0,2649.0,2561.0,2649.0,1400,OK,kabutan,2649.0,yahoo_jp,2649.0,2026-08-31T01:15:10.658508+09:00
2026-05-26,6904,450.0,451.0,449.0,451.0,13500,OK,kabutan,451.0,yahoo_jp,451.0,2026-08-31T01:18:03.239168+09:00
2026-05-26,7093,497.0,507.0,496.0,499.0,13300,OK,kabutan,499.0,yahoo_jp,499.0,2026-08-31T01:20:55.466489+09:00
2026-05-26,9344,940.0,949.0,940.0,949.0,4500,OK,kabutan,949.0,yahoo_jp,949.0,2026-08-31T01:23:50.902752+09:00
2026-05-27,4440,1159.0,1163.0,1121.0,1146.0,27000,OK,kabutan,1146.0,yahoo_jp,1146.0,2026-08-31T01:00:42.707252+09:00
2026-05-27,4707,325.0,327.0,321.0,327.0,11300,OK,kabutan,327.0,yahoo_jp,327.0,2026-08-31T01:03:35.001718+09:00
2026-05-27,5137,215.0,215.0,210.0,213.0,240500,OK,kabutan,213.0,yahoo_jp,213.0,2026-08-31T01:06:31.383114+09:00
2026-05-27,5243,2200.0,2220.0,2051.0,2060.0,225800,OK,kabutan,2060.0,yahoo_jp,2060.0,2026-08-31T01:09:25.432385+09:00
2026-05-27,6027,2497.0,2501.0,2430.0,2462.0,101400,OK,kabutan,2462.0,yahoo_jp,2462.0,2026-08-31T01:12:18.540209+09:00
2026-05-27,6647,2599.0,2599.0,2550.0,2550.0,1500,OK,kabutan,2550.0,yahoo_jp,2550.0,2026-08-31T01:15:10.658508+09:00
2026-05-27,6904,451.0,451.0,449.0,450.0,3000,OK,kabutan,450.0,yahoo_jp,450.0,2026-08-31T01:18:03.239168+09:00
2026-05-27,7093,500.0,505.0,499.0,503.0,4400,OK,kabutan,503.0,yahoo_jp,503.0,2026-08-31T01:20:55.466489+09:00
2026-05-27,9344,949.0,949.0,944.0,944.0,700,OK,kabutan,944.0,yahoo_jp,944.0,2026-08-31T01:23:50.902752+09:00
2026-05-28,4440,1130.0,1145.0,1109.0,1121.0,20400,OK,kabutan,1121.0,yahoo_jp,1121.0,2026-08-31T01:00:42.707252+09:00
2026-05-28,4707,333.0,335.0,328.0,330.0,12000,OK,kabutan,330.0,yahoo_jp,330.0,2026-08-31T01:03:35.001718+09:00
2026-05-28,5137,213.0,215.0,210.0,215.0,153300,OK,kabutan,215.0,yahoo_jp,215.0,2026-08-31T01:06:31.383114+09:00
2026-05-28,5243,2092.0,2147.0,2027.0,2063.0,184800,OK,kabutan,2063.0,yahoo_jp,2063.0,2026-08-31T01:09:25.432385+09:00
2026-05-28,6027,2460.0,2461.0,2394.0,2436.0,98800,OK,kabutan,2436.0,yahoo_jp,2436.0,2026-08-31T01:12:18.540209+09:00
2026-05-28,6647,2550.0,2608.0,2550.0,2608.0,700,OK,kabutan,2608.0,yahoo_jp,2608.0,2026-08-31T01:15:10.658508+09:00
2026-05-28,6904,450.0,451.0,448.0,448.0,3900,OK,kabutan,448.0,yahoo_jp,448.0,2026-08-31T01:18:03.239168+09:00
2026-05-28,7093,500.0,503.0,497.0,497.0,7700,OK,kabutan,497.0,yahoo_jp,497.0,2026-08-31T01:20:55.466489+09:00
2026-05-28,9344,945.0,952.0,943.0,948.0,1600,OK,kabutan,948.0,yahoo_jp,948.0,2026-08-31T01:23:50.902752+09:00
2026-05-29,4440,1110.0,1130.0,1105.0,1120.0,23000,OK,kabutan,1120.0,yahoo_jp,1120.0,2026-08-31T01:00:42.707252+09:00
2026-05-29,4707,333.0,333.0,324.0,324.0,23900,OK,kabutan,324.0,yahoo_jp,324.0,2026-08-31T01:03:35.001718+09:00
2026-05-29,5137,217.0,220.0,211.0,213.0,203300,OK,kabutan,213.0,yahoo_jp,213.0,2026-08-31T01:06:31.383114+09:00
2026-05-29,5243,2090.0,2120.0,2031.0,2070.0,161500,OK,kabutan,2070.0,yahoo_jp,2070.0,2026-08-31T01:09:25.432385+09:00
2026-05-29,6027,2436.0,2460.0,2406.0,2406.0,67700,OK,kabutan,2406.0,yahoo_jp,2406.0,2026-08-31T01:12:18.540209+09:00
2026-05-29,6647,2635.0,2635.0,2570.0,2583.0,500,OK,kabutan,2583.0,yahoo_jp,2583.0,2026-08-31T01:15:10.658508+09:00
2026-05-29,6904,451.0,451.0,448.0,449.0,4600,OK,kabutan,449.0,yahoo_jp,449.0,2026-08-31T01:18:03.239168+09:00
2026-05-29,7093,502.0,505.0,502.0,505.0,2400,OK,kabutan,505.0,yahoo_jp,505.0,2026-08-31T01:20:55.466489+09:00
2026-05-29,9344,945.0,957.0,945.0,957.0,4100,OK,kabutan,957.0,yahoo_jp,957.0,2026-08-31T01:23:50.902752+09:00
2026-06-01,4440,1130.0,1130.0,1103.0,1104.0,24800,OK,kabutan,1104.0,yahoo_jp,1104.0,2026-08-31T01:00:42.707252+09:00
2026-06-01,4707,338.0,338.0,326.0,328.0,36500,OK,kabutan,328.0,yahoo_jp,328.0,2026-08-31T01:03:35.001718+09:00
2026-06-01,5137,215.0,217.0,208.0,211.0,162700,OK,kabutan,211.0,yahoo_jp,211.0,2026-08-31T01:06:31.383114+09:00
2026-06-01,5243,2059.0,2074.0,1966.0,2008.0,234000,OK,kabutan,2008.0,yahoo_jp,2008.0,2026-08-31T01:09:25.432385+09:00
2026-06-01,6027,2506.0,2550.0,2374.0,2384.0,112500,OK,kabutan,2384.0,yahoo_jp,2384.0,2026-08-31T01:12:18.540209+09:00
2026-06-01,6647,2590.0,2600.0,2590.0,2595.0,900,OK,kabutan,2595.0,yahoo_jp,2595.0,2026-08-31T01:15:10.658508+09:00
2026-06-01,6904,448.0,450.0,448.0,448.0,5800,OK,kabutan,448.0,yahoo_jp,448.0,2026-08-31T01:18:03.239168+09:00
2026-06-01,7093,502.0,506.0,502.0,506.0,700,OK,kabutan,506.0,yahoo_jp,506.0,2026-08-31T01:20:55.466489+09:00
2026-06-01,9344,967.0,971.0,957.0,957.0,8400,OK,kabutan,957.0,yahoo_jp,957.0,2026-08-31T01:23:50.902752+09:00
2026-06-02,4440,1100.0,1111.0,1079.0,1101.0,24200,OK,kabutan,1101.0,yahoo_jp,1101.0,2026-08-31T01:00:42.707252+09:00
2026-06-02,4707,324.0,332.0,321.0,324.0,22700,OK,kabutan,324.0,yahoo_jp,324.0,2026-08-31T01:03:35.001718+09:00
2026-06-02,5137,211.0,215.0,208.0,213.0,213200,OK,kabutan,213.0,yahoo_jp,213.0,2026-08-31T01:06:31.383114+09:00
2026-06-02,5243,1975.0,2010.0,1881.0,1901.0,542000,OK,kabutan,1901.0,yahoo_jp,1901.0,2026-08-31T01:09:25.432385+09:00
2026-06-02,6027,2352.0,2384.0,2305.0,2309.0,119200,OK,kabutan,2309.0,yahoo_jp,2309.0,2026-08-31T01:12:18.540209+09:00
2026-06-02,6647,2550.0,2570.0,2550.0,2570.0,1000,OK,kabutan,2570.0,yahoo_jp,2570.0,2026-08-31T01:15:10.658508+09:00
2026-06-02,6904,445.0,446.0,441.0,444.0,12800,OK,kabutan,444.0,yahoo_jp,444.0,2026-08-31T01:18:03.239168+09:00
2026-06-02,7093,501.0,506.0,501.0,501.0,2800,OK,kabutan,501.0,yahoo_jp,501.0,2026-08-31T01:20:55.466489+09:00
2026-06-02,9344,957.0,972.0,951.0,956.0,2000,OK,kabutan,956.0,yahoo_jp,956.0,2026-08-31T01:23:50.902752+09:00
2026-06-03,4440,1088.0,1108.0,1073.0,1107.0,13400,OK,kabutan,1107.0,yahoo_jp,1107.0,2026-08-31T01:00:42.707252+09:00
2026-06-03,4707,331.0,331.0,322.0,325.0,8800,OK,kabutan,325.0,yahoo_jp,325.0,2026-08-31T01:03:35.001718+09:00
2026-06-03,5137,211.0,211.0,194.0,201.0,859600,OK,kabutan,201.0,yahoo_jp,201.0,2026-08-31T01:06:31.383114+09:00
2026-06-03,5243,1900.0,1995.0,1862.0,1935.0,267200,OK,kabutan,1935.0,yahoo_jp,1935.0,2026-08-31T01:09:25.432385+09:00
2026-06-03,6027,2285.0,2295.0,2235.0,2275.0,114200,OK,kabutan,2275.0,yahoo_jp,2275.0,2026-08-31T01:12:18.540209+09:00
2026-06-03,6647,2570.0,2570.0,2570.0,2570.0,200,OK,kabutan,2570.0,yahoo_jp,2570.0,2026-08-31T01:15:10.658508+09:00
2026-06-03,6904,445.0,445.0,441.0,442.0,6300,OK,kabutan,442.0,yahoo_jp,442.0,2026-08-31T01:18:03.239168+09:00
2026-06-03,7093,499.0,505.0,499.0,503.0,1900,OK,kabutan,503.0,yahoo_jp,503.0,2026-08-31T01:20:55.466489+09:00
2026-06-03,9344,956.0,964.0,952.0,958.0,900,OK,kabutan,958.0,yahoo_jp,958.0,2026-08-31T01:23:50.902752+09:00
2026-06-04,4440,1086.0,1100.0,1076.0,1081.0,14100,OK,kabutan,1081.0,yahoo_jp,1081.0,2026-08-31T01:00:42.707252+09:00
2026-06-04,4707,325.0,327.0,322.0,323.0,1800,OK,kabutan,323.0,yahoo_jp,323.0,2026-08-31T01:03:35.001718+09:00
2026-06-04,5137,195.0,196.0,185.0,192.0,479100,OK,kabutan,192.0,yahoo_jp,192.0,2026-08-31T01:06:31.383114+09:00
2026-06-04,5243,1866.0,1883.0,1810.0,1816.0,311800,OK,kabutan,1816.0,yahoo_jp,1816.0,2026-08-31T01:09:25.432385+09:00
2026-06-04,6027,2250.0,2262.0,2212.0,2226.0,106700,OK,kabutan,2226.0,yahoo_jp,2226.0,2026-08-31T01:12:18.540209+09:00
2026-06-04,6647,2572.0,2575.0,2572.0,2575.0,300,OK,kabutan,2575.0,yahoo_jp,2575.0,2026-08-31T01:15:10.658508+09:00
2026-06-04,6904,443.0,444.0,441.0,441.0,2700,OK,kabutan,441.0,yahoo_jp,441.0,2026-08-31T01:18:03.239168+09:00
2026-06-04,7093,503.0,504.0,495.0,503.0,2700,OK,kabutan,503.0,yahoo_jp,503.0,2026-08-31T01:20:55.466489+09:00
2026-06-04,9344,959.0,959.0,950.0,950.0,2200,OK,kabutan,950.0,yahoo_jp,950.0,2026-08-31T01:23:50.902752+09:00
2026-06-05,4440,1081.0,1128.0,1081.0,1096.0,13500,OK,kabutan,1096.0,yahoo_jp,1096.0,2026-08-31T01:00:42.707252+09:00
2026-06-05,4707,323.0,323.0,320.0,322.0,4300,OK,kabutan,322.0,yahoo_jp,322.0,2026-08-31T01:03:35.001718+09:00
2026-06-05,5137,196.0,238.0,193.0,214.0,3547600,OK,kabutan,214.0,yahoo_jp,214.0,2026-08-31T01:06:31.383114+09:00
2026-06-05,5243,1815.0,1886.0,1815.0,1848.0,155500,OK,kabutan,1848.0,yahoo_jp,1848.0,2026-08-31T01:09:25.432385+09:00
2026-06-05,6027,2276.0,2307.0,2249.0,2289.0,80900,OK,kabutan,2289.0,yahoo_jp,2289.0,2026-08-31T01:12:18.540209+09:00
2026-06-05,6647,2580.0,2580.0,2580.0,2580.0,400,OK,kabutan,2580.0,yahoo_jp,2580.0,2026-08-31T01:15:10.658508+09:00
2026-06-05,6904,441.0,443.0,441.0,441.0,4400,OK,kabutan,441.0,yahoo_jp,441.0,2026-08-31T01:18:03.239168+09:00
2026-06-05,7093,504.0,504.0,504.0,504.0,300,OK,kabutan,504.0,yahoo_jp,504.0,2026-08-31T01:20:55.466489+09:00
2026-06-05,9344,950.0,952.0,950.0,952.0,1100,OK,kabutan,952.0,yahoo_jp,952.0,2026-08-31T01:23:50.902752+09:00
2026-06-08,4440,1077.0,1100.0,1051.0,1056.0,24100,OK,kabutan,1056.0,yahoo_jp,1056.0,2026-08-31T01:00:42.707252+09:00
2026-06-08,4707,320.0,328.0,320.0,326.0,10800,OK,kabutan,326.0,yahoo_jp,326.0,2026-08-31T01:03:35.001718+09:00
2026-06-08,5137,213.0,216.0,196.0,197.0,822100,OK,kabutan,197.0,yahoo_jp,197.0,2026-08-31T01:06:31.383114+09:00
2026-06-08,5243,1795.0,1831.0,1732.0,1754.0,271400,OK,kabutan,1754.0,yahoo_jp,1754.0,2026-08-31T01:09:25.432385+09:00
2026-06-08,6027,2224.0,2258.0,2200.0,2210.0,104500,OK,kabutan,2210.0,yahoo_jp,2210.0,2026-08-31T01:12:18.540209+09:00
2026-06-08,6647,2560.0,2576.0,2520.0,2520.0,1100,OK,kabutan,2520.0,yahoo_jp,2520.0,2026-08-31T01:15:10.658508+09:00
2026-06-08,6904,441.0,443.0,440.0,443.0,4500,OK,kabutan,443.0,yahoo_jp,443.0,2026-08-31T01:18:03.239168+09:00
2026-06-08,7093,494.0,503.0,494.0,503.0,1400,OK,kabutan,503.0,yahoo_jp,503.0,2026-08-31T01:20:55.466489+09:00
2026-06-08,9344,952.0,952.0,943.0,950.0,1400,OK,kabutan,950.0,yahoo_jp,950.0,2026-08-31T01:23:50.902752+09:00
2026-06-09,4440,1071.0,1075.0,1053.0,1055.0,11500,OK,kabutan,1055.0,yahoo_jp,1055.0,2026-08-31T01:00:42.707252+09:00
2026-06-09,4707,326.0,326.0,314.0,323.0,16500,OK,kabutan,323.0,yahoo_jp,323.0,2026-08-31T01:03:35.001718+09:00
2026-06-09,5137,210.0,211.0,193.0,196.0,415800,OK,kabutan,196.0,yahoo_jp,196.0,2026-08-31T01:06:31.383114+09:00
2026-06-09,5243,1770.0,1780.0,1692.0,1725.0,181300,OK,kabutan,1725.0,yahoo_jp,1725.0,2026-08-31T01:09:25.432385+09:00
2026-06-09,6027,2217.0,2218.0,2173.0,2190.0,94500,OK,kabutan,2190.0,yahoo_jp,2190.0,2026-08-31T01:12:18.540209+09:00
2026-06-09,6647,2520.0,2520.0,2520.0,2520.0,200,OK,kabutan,2520.0,yahoo_jp,2520.0,2026-08-31T01:15:10.658508+09:00
2026-06-09,6904,442.0,445.0,441.0,445.0,4600,OK,kabutan,445.0,yahoo_jp,445.0,2026-08-31T01:18:03.239168+09:00
2026-06-09,7093,498.0,503.0,491.0,491.0,1700,OK,kabutan,491.0,yahoo_jp,491.0,2026-08-31T01:20:55.466489+09:00
2026-06-09,9344,960.0,960.0,940.0,941.0,4100,OK,kabutan,941.0,yahoo_jp,941.0,2026-08-31T01:23:50.902752+09:00
2026-06-10,4440,1070.0,1070.0,1043.0,1064.0,25500,OK,kabutan,1064.0,yahoo_jp,1064.0,2026-08-31T01:00:42.707252+09:00
2026-06-10,4707,320.0,321.0,314.0,321.0,7900,OK,kabutan,321.0,yahoo_jp,321.0,2026-08-31T01:03:35.001718+09:00
2026-06-10,5137,194.0,195.0,189.0,193.0,524200,OK,kabutan,193.0,yahoo_jp,193.0,2026-08-31T01:06:31.383114+09:00
2026-06-10,5243,1725.0,1737.0,1635.0,1676.0,273200,OK,kabutan,1676.0,yahoo_jp,1676.0,2026-08-31T01:09:25.432385+09:00
2026-06-10,6027,2190.0,2192.0,2143.0,2171.0,89100,OK,kabutan,2171.0,yahoo_jp,2171.0,2026-08-31T01:12:18.540209+09:00
2026-06-10,6647,2570.0,2570.0,2520.0,2520.0,600,OK,kabutan,2520.0,yahoo_jp,2520.0,2026-08-31T01:15:10.658508+09:00
2026-06-10,6904,444.0,445.0,443.0,445.0,3200,OK,kabutan,445.0,yahoo_jp,445.0,2026-08-31T01:18:03.239168+09:00
2026-06-10,7093,491.0,505.0,486.0,505.0,7200,OK,kabutan,505.0,yahoo_jp,505.0,2026-08-31T01:20:55.466489+09:00
2026-06-10,9344,934.0,940.0,920.0,936.0,2900,OK,kabutan,936.0,yahoo_jp,936.0,2026-08-31T01:23:50.902752+09:00
2026-06-11,4440,1060.0,1060.0,1032.0,1048.0,15100,OK,kabutan,1048.0,yahoo_jp,1048.0,2026-08-31T01:00:42.707252+09:00
2026-06-11,4707,319.0,321.0,318.0,320.0,2300,OK,kabutan,320.0,yahoo_jp,320.0,2026-08-31T01:03:35.001718+09:00
2026-06-11,5137,189.0,191.0,178.0,179.0,853600,OK,kabutan,179.0,yahoo_jp,179.0,2026-08-31T01:06:31.383114+09:00
2026-06-11,5243,1636.0,1685.0,1604.0,1683.0,161700,OK,kabutan,1683.0,yahoo_jp,1683.0,2026-08-31T01:09:25.432385+09:00
2026-06-11,6027,2145.0,2154.0,2104.0,2109.0,99100,OK,kabutan,2109.0,yahoo_jp,2109.0,2026-08-31T01:12:18.540209+09:00
2026-06-11,6647,2520.0,2570.0,2520.0,2570.0,900,OK,kabutan,2570.0,yahoo_jp,2570.0,2026-08-31T01:15:10.658508+09:00
2026-06-11,6904,445.0,446.0,444.0,446.0,1200,OK,kabutan,446.0,yahoo_jp,446.0,2026-08-31T01:18:03.239168+09:00
2026-06-11,7093,495.0,500.0,487.0,499.0,7400,OK,kabutan,499.0,yahoo_jp,499.0,2026-08-31T01:20:55.466489+09:00
2026-06-11,9344,936.0,950.0,910.0,950.0,5200,OK,kabutan,950.0,yahoo_jp,950.0,2026-08-31T01:23:50.902752+09:00
2026-06-12,4440,1050.0,1064.0,1038.0,1058.0,6300,OK,kabutan,1058.0,yahoo_jp,1058.0,2026-08-31T01:00:42.707252+09:00
2026-06-12,4707,318.0,322.0,318.0,322.0,1900,OK,kabutan,322.0,yahoo_jp,322.0,2026-08-31T01:03:35.001718+09:00
2026-06-12,5137,184.0,188.0,175.0,184.0,876900,OK,kabutan,184.0,yahoo_jp,184.0,2026-08-31T01:06:31.383114+09:00
2026-06-12,5243,1712.0,1719.0,1635.0,1655.0,117800,OK,kabutan,1655.0,yahoo_jp,1655.0,2026-08-31T01:09:25.432385+09:00
2026-06-12,6027,2192.0,2192.0,2105.0,2106.0,115300,OK,kabutan,2106.0,yahoo_jp,2106.0,2026-08-31T01:12:18.540209+09:00
2026-06-12,6647,2570.0,2570.0,2570.0,,0,SINGLE_SOURCE|NO_TRADE,kabutan,2570.0,,,2026-08-31T01:15:10.658508+09:00
2026-06-12,6904,450.0,450.0,441.0,445.0,14300,OK,kabutan,445.0,yahoo_jp,445.0,2026-08-31T01:18:03.239168+09:00
2026-06-12,7093,497.0,500.0,490.0,500.0,3400,OK,kabutan,500.0,yahoo_jp,500.0,2026-08-31T01:20:55.466489+09:00
2026-06-12,9344,935.0,950.0,922.0,950.0,5600,OK,kabutan,950.0,yahoo_jp,950.0,2026-08-31T01:23:50.902752+09:00
2026-06-15,4440,1088.0,1128.0,1085.0,1115.0,12700,OK,kabutan,1115.0,yahoo_jp,1115.0,2026-08-31T01:00:42.707252+09:00
2026-06-15,4707,318.0,325.0,318.0,323.0,4600,OK,kabutan,323.0,yahoo_jp,323.0,2026-08-31T01:03:35.001718+09:00
2026-06-15,5137,186.0,191.0,181.0,189.0,287900,OK,kabutan,189.0,yahoo_jp,189.0,2026-08-31T01:06:31.383114+09:00
2026-06-15,5243,1678.0,1702.0,1655.0,1673.0,123000,OK,kabutan,1673.0,yahoo_jp,1673.0,2026-08-31T01:09:25.432385+09:00
2026-06-15,6027,2139.0,2157.0,2080.0,2081.0,164500,OK,kabutan,2081.0,yahoo_jp,2081.0,2026-08-31T01:12:18.540209+09:00
2026-06-15,6647,2571.0,2625.0,2571.0,2625.0,500,OK,kabutan,2625.0,yahoo_jp,2625.0,2026-08-31T01:15:10.658508+09:00
2026-06-15,6904,443.0,445.0,442.0,445.0,6300,OK,kabutan,445.0,yahoo_jp,445.0,2026-08-31T01:18:03.239168+09:00
2026-06-15,7093,500.0,500.0,500.0,500.0,1700,OK,kabutan,500.0,yahoo_jp,500.0,2026-08-31T01:20:55.466489+09:00
2026-06-15,9344,950.0,958.0,949.0,950.0,4500,OK,kabutan,950.0,yahoo_jp,950.0,2026-08-31T01:23:50.902752+09:00
2026-06-16,4440,1104.0,1104.0,1072.0,1078.0,18800,OK,kabutan,1078.0,yahoo_jp,1078.0,2026-08-31T01:00:42.707252+09:00
2026-06-16,4707,320.0,325.0,320.0,324.0,3100,OK,kabutan,324.0,yahoo_jp,324.0,2026-08-31T01:03:35.001718+09:00
2026-06-16,5137,192.0,193.0,186.0,190.0,242600,OK,kabutan,190.0,yahoo_jp,190.0,2026-08-31T01:06:31.383114+09:00
2026-06-16,5243,1692.0,1750.0,1672.0,1728.0,191900,OK,kabutan,1728.0,yahoo_jp,1728.0,2026-08-31T01:09:25.432385+09:00
2026-06-16,6027,2083.0,2130.0,2083.0,2105.0,91300,OK,kabutan,2105.0,yahoo_jp,2105.0,2026-08-31T01:12:18.540209+09:00
2026-06-16,6647,2625.0,2625.0,2600.0,2600.0,1400,OK,kabutan,2600.0,yahoo_jp,2600.0,2026-08-31T01:15:10.658508+09:00
2026-06-16,6904,441.0,443.0,441.0,443.0,5200,OK,kabutan,443.0,yahoo_jp,443.0,2026-08-31T01:18:03.239168+09:00
2026-06-16,7093,496.0,498.0,494.0,498.0,700,OK,kabutan,498.0,yahoo_jp,498.0,2026-08-31T01:20:55.466489+09:00
2026-06-16,9344,950.0,958.0,949.0,950.0,14900,OK,kabutan,950.0,yahoo_jp,950.0,2026-08-31T01:23:50.902752+09:00
2026-06-17,4440,1091.0,1108.0,1070.0,1088.0,30400,OK,kabutan,1088.0,yahoo_jp,1088.0,2026-08-31T01:00:42.707252+09:00
2026-06-17,4707,321.0,328.0,321.0,328.0,5500,OK,kabutan,328.0,yahoo_jp,328.0,2026-08-31T01:03:35.001718+09:00
2026-06-17,5137,213.0,216.0,202.0,210.0,1609600,OK,kabutan,210.0,yahoo_jp,210.0,2026-08-31T01:06:31.383114+09:00
2026-06-17,5243,1749.0,1855.0,1720.0,1821.0,265800,OK,kabutan,1821.0,yahoo_jp,1821.0,2026-08-31T01:09:25.432385+09:00
2026-06-17,6027,2110.0,2174.0,2097.0,2134.0,110400,OK,kabutan,2134.0,yahoo_jp,2134.0,2026-08-31T01:12:18.540209+09:00
2026-06-17,6647,2569.0,2595.0,2569.0,2595.0,200,OK,kabutan,2595.0,yahoo_jp,2595.0,2026-08-31T01:15:10.658508+09:00
2026-06-17,6904,442.0,445.0,441.0,443.0,5600,OK,kabutan,443.0,yahoo_jp,443.0,2026-08-31T01:18:03.239168+09:00
2026-06-17,7093,500.0,501.0,492.0,499.0,4800,OK,kabutan,499.0,yahoo_jp,499.0,2026-08-31T01:20:55.466489+09:00
2026-06-17,9344,941.0,950.0,935.0,944.0,900,OK,kabutan,944.0,yahoo_jp,944.0,2026-08-31T01:23:50.902752+09:00
2026-06-18,4440,1108.0,1126.0,1099.0,1126.0,14000,OK,kabutan,1126.0,yahoo_jp,1126.0,2026-08-31T01:00:42.707252+09:00
2026-06-18,4707,325.0,326.0,323.0,325.0,3000,OK,kabutan,325.0,yahoo_jp,325.0,2026-08-31T01:03:35.001718+09:00
2026-06-18,5137,218.0,222.0,210.0,214.0,584800,OK,kabutan,214.0,yahoo_jp,214.0,2026-08-31T01:06:31.383114+09:00
2026-06-18,5243,1824.0,1895.0,1803.0,1881.0,310700,OK,kabutan,1881.0,yahoo_jp,1881.0,2026-08-31T01:09:25.432385+09:00
2026-06-18,6027,2125.0,2149.0,2120.0,2130.0,80500,OK,kabutan,2130.0,yahoo_jp,2130.0,2026-08-31T01:12:18.540209+09:00
2026-06-18,6647,2595.0,2595.0,2595.0,2595.0,300,OK,kabutan,2595.0,yahoo_jp,2595.0,2026-08-31T01:15:10.658508+09:00
2026-06-18,6904,444.0,445.0,442.0,443.0,4000,OK,kabutan,443.0,yahoo_jp,443.0,2026-08-31T01:18:03.239168+09:00
2026-06-18,7093,498.0,498.0,494.0,496.0,1600,OK,kabutan,496.0,yahoo_jp,496.0,2026-08-31T01:20:55.466489+09:00
2026-06-18,9344,934.0,950.0,931.0,950.0,5800,OK,kabutan,950.0,yahoo_jp,950.0,2026-08-31T01:23:50.902752+09:00
2026-06-19,4440,1127.0,1127.0,1101.0,1107.0,10700,OK,kabutan,1107.0,yahoo_jp,1107.0,2026-08-31T01:00:42.707252+09:00
2026-06-19,4707,327.0,344.0,327.0,338.0,29800,OK,kabutan,338.0,yahoo_jp,338.0,2026-08-31T01:03:35.001718+09:00
2026-06-19,5137,213.0,214.0,208.0,209.0,363100,OK,kabutan,209.0,yahoo_jp,209.0,2026-08-31T01:06:31.383114+09:00
2026-06-19,5243,1889.0,1889.0,1730.0,1760.0,271200,OK,kabutan,1760.0,yahoo_jp,1760.0,2026-08-31T01:09:25.432385+09:00
2026-06-19,6027,2130.0,2236.0,2115.0,2236.0,104700,OK,kabutan,2236.0,yahoo_jp,2236.0,2026-08-31T01:12:18.540209+09:00
2026-06-19,6647,2620.0,2620.0,2575.0,2575.0,500,OK,kabutan,2575.0,yahoo_jp,2575.0,2026-08-31T01:15:10.658508+09:00
2026-06-19,6904,443.0,446.0,442.0,443.0,5200,OK,kabutan,443.0,yahoo_jp,443.0,2026-08-31T01:18:03.239168+09:00
2026-06-19,7093,491.0,499.0,490.0,499.0,3000,OK,kabutan,499.0,yahoo_jp,499.0,2026-08-31T01:20:55.466489+09:00
2026-06-19,9344,950.0,958.0,942.0,942.0,4900,OK,kabutan,942.0,yahoo_jp,942.0,2026-08-31T01:23:50.902752+09:00
2026-06-22,4440,1118.0,1173.0,1117.0,1136.0,22800,OK,kabutan,1136.0,yahoo_jp,1136.0,2026-08-31T01:00:42.707252+09:00
2026-06-22,4707,338.0,340.0,333.0,335.0,2200,OK,kabutan,335.0,yahoo_jp,335.0,2026-08-31T01:03:35.001718+09:00
2026-06-22,5137,209.0,219.0,207.0,217.0,299300,OK,kabutan,217.0,yahoo_jp,217.0,2026-08-31T01:06:31.383114+09:00
2026-06-22,5243,1758.0,1819.0,1740.0,1800.0,126800,OK,kabutan,1800.0,yahoo_jp,1800.0,2026-08-31T01:09:25.432385+09:00
2026-06-22,6027,2200.0,2232.0,2180.0,2196.0,86400,OK,kabutan,2196.0,yahoo_jp,2196.0,2026-08-31T01:12:18.540209+09:00
2026-06-22,6647,2580.0,2626.0,2575.0,2580.0,2200,OK,kabutan,2580.0,yahoo_jp,2580.0,2026-08-31T01:15:10.658508+09:00
2026-06-22,6904,442.0,445.0,442.0,444.0,4000,OK,kabutan,444.0,yahoo_jp,444.0,2026-08-31T01:18:03.239168+09:00
2026-06-22,7093,493.0,499.0,493.0,499.0,300,OK,kabutan,499.0,yahoo_jp,499.0,2026-08-31T01:20:55.466489+09:00
2026-06-22,9344,947.0,950.0,937.0,949.0,2700,OK,kabutan,949.0,yahoo_jp,949.0,2026-08-31T01:23:50.902752+09:00
2026-06-23,4440,1140.0,1166.0,1105.0,1105.0,21400,OK,kabutan,1105.0,yahoo_jp,1105.0,2026-08-31T01:00:42.707252+09:00
2026-06-23,4707,331.0,332.0,325.0,328.0,4900,OK,kabutan,328.0,yahoo_jp,328.0,2026-08-31T01:03:35.001718+09:00
2026-06-23,5137,214.0,214.0,208.0,210.0,274800,OK,kabutan,210.0,yahoo_jp,210.0,2026-08-31T01:06:31.383114+09:00
2026-06-23,5243,1823.0,1828.0,1731.0,1741.0,138600,OK,kabutan,1741.0,yahoo_jp,1741.0,2026-08-31T01:09:25.432385+09:00
2026-06-23,6027,2220.0,2220.0,2086.0,2087.0,138100,OK,kabutan,2087.0,yahoo_jp,2087.0,2026-08-31T01:12:18.540209+09:00
2026-06-23,6647,2577.0,2577.0,2577.0,2577.0,300,OK,kabutan,2577.0,yahoo_jp,2577.0,2026-08-31T01:15:10.658508+09:00
2026-06-23,6904,442.0,445.0,441.0,441.0,5100,OK,kabutan,441.0,yahoo_jp,441.0,2026-08-31T01:18:03.239168+09:00
2026-06-23,7093,494.0,495.0,490.0,492.0,1300,OK,kabutan,492.0,yahoo_jp,492.0,2026-08-31T01:20:55.466489+09:00
2026-06-23,9344,949.0,949.0,944.0,944.0,800,OK,kabutan,944.0,yahoo_jp,944.0,2026-08-31T01:23:50.902752+09:00
2026-06-24,4440,1104.0,1134.0,1093.0,1101.0,14800,OK,kabutan,1101.0,yahoo_jp,1101.0,2026-08-31T01:00:42.707252+09:00
2026-06-24,4707,330.0,333.0,327.0,332.0,1700,OK,kabutan,332.0,yahoo_jp,332.0,2026-08-31T01:03:35.001718+09:00
2026-06-24,5137,210.0,216.0,207.0,208.0,162700,OK,kabutan,208.0,yahoo_jp,208.0,2026-08-31T01:06:31.383114+09:00
2026-06-24,5243,1781.0,1801.0,1733.0,1736.0,110100,OK,kabutan,1736.0,yahoo_jp,1736.0,2026-08-31T01:09:25.432385+09:00
2026-06-24,6027,2090.0,2104.0,2062.0,2065.0,82300,OK,kabutan,2065.0,yahoo_jp,2065.0,2026-08-31T01:12:18.540209+09:00
2026-06-24,6647,2586.0,2586.0,2586.0,2586.0,100,OK,kabutan,2586.0,yahoo_jp,2586.0,2026-08-31T01:15:10.658508+09:00
2026-06-24,6904,441.0,442.0,440.0,442.0,3100,OK,kabutan,442.0,yahoo_jp,442.0,2026-08-31T01:18:03.239168+09:00
2026-06-24,7093,492.0,492.0,464.0,486.0,8800,OK,kabutan,486.0,yahoo_jp,486.0,2026-08-31T01:20:55.466489+09:00
2026-06-24,9344,949.0,950.0,945.0,950.0,1400,OK,kabutan,950.0,yahoo_jp,950.0,2026-08-31T01:23:50.902752+09:00
2026-06-25,4440,1131.0,1131.0,1103.0,1106.0,11700,OK,kabutan,1106.0,yahoo_jp,1106.0,2026-08-31T01:00:42.707252+09:00
2026-06-25,4707,333.0,333.0,328.0,331.0,900,OK,kabutan,331.0,yahoo_jp,331.0,2026-08-31T01:03:35.001718+09:00
2026-06-25,5137,207.0,207.0,198.0,199.0,254700,OK,kabutan,199.0,yahoo_jp,199.0,2026-08-31T01:06:31.383114+09:00
2026-06-25,5243,1760.0,1785.0,1693.0,1730.0,109700,OK,kabutan,1730.0,yahoo_jp,1730.0,2026-08-31T01:09:25.432385+09:00
2026-06-25,6027,2094.0,2098.0,1998.0,2009.0,208300,OK,kabutan,2009.0,yahoo_jp,2009.0,2026-08-31T01:12:18.540209+09:00
2026-06-25,6647,2686.0,2717.0,2675.0,2678.0,500,OK,kabutan,2678.0,yahoo_jp,2678.0,2026-08-31T01:15:10.658508+09:00
2026-06-25,6904,442.0,444.0,440.0,441.0,4400,OK,kabutan,441.0,yahoo_jp,441.0,2026-08-31T01:18:03.239168+09:00
2026-06-25,7093,485.0,492.0,470.0,476.0,5600,OK,kabutan,476.0,yahoo_jp,476.0,2026-08-31T01:20:55.466489+09:00
2026-06-25,9344,954.0,954.0,944.0,950.0,4500,OK,kabutan,950.0,yahoo_jp,950.0,2026-08-31T01:23:50.902752+09:00
2026-06-26,4440,1106.0,1127.0,1094.0,1113.0,11400,OK,kabutan,1113.0,yahoo_jp,1113.0,2026-08-31T01:00:42.707252+09:00
2026-06-26,4707,330.0,334.0,330.0,333.0,600,OK,kabutan,333.0,yahoo_jp,333.0,2026-08-31T01:03:35.001718+09:00
2026-06-26,5137,199.0,202.0,197.0,200.0,211800,OK,kabutan,200.0,yahoo_jp,200.0,2026-08-31T01:06:31.383114+09:00
2026-06-26,5243,1730.0,1781.0,1683.0,1745.0,166900,OK,kabutan,1745.0,yahoo_jp,1745.0,2026-08-31T01:09:25.432385+09:00
2026-06-26,6027,2002.0,2053.0,2000.0,2050.0,78000,OK,kabutan,2050.0,yahoo_jp,2050.0,2026-08-31T01:12:18.540209+09:00
2026-06-26,6647,2728.0,2775.0,2728.0,2732.0,1600,OK,kabutan,2732.0,yahoo_jp,2732.0,2026-08-31T01:15:10.658508+09:00
2026-06-26,6904,441.0,443.0,441.0,442.0,3100,OK,kabutan,442.0,yahoo_jp,442.0,2026-08-31T01:18:03.239168+09:00
2026-06-26,7093,476.0,477.0,476.0,477.0,500,OK,kabutan,477.0,yahoo_jp,477.0,2026-08-31T01:20:55.466489+09:00
2026-06-26,9344,945.0,972.0,944.0,950.0,5100,OK,kabutan,950.0,yahoo_jp,950.0,2026-08-31T01:23:50.902752+09:00
2026-06-29,4440,1115.0,1138.0,1115.0,1120.0,6000,OK,kabutan,1120.0,yahoo_jp,1120.0,2026-08-31T01:00:42.707252+09:00
2026-06-29,4707,331.0,332.0,328.0,332.0,1300,OK,kabutan,332.0,yahoo_jp,332.0,2026-08-31T01:03:35.001718+09:00
2026-06-29,5137,202.0,211.0,201.0,206.0,202200,OK,kabutan,206.0,yahoo_jp,206.0,2026-08-31T01:06:31.383114+09:00
2026-06-29,5243,1764.0,1841.0,1738.0,1838.0,259600,OK,kabutan,1838.0,yahoo_jp,1838.0,2026-08-31T01:09:25.432385+09:00
2026-06-29,6027,2059.0,2265.0,2057.0,2265.0,165100,OK,kabutan,2265.0,yahoo_jp,2265.0,2026-08-31T01:12:18.540209+09:00
2026-06-29,6647,2710.0,2720.0,2700.0,2700.0,1300,OK,kabutan,2700.0,yahoo_jp,2700.0,2026-08-31T01:15:10.658508+09:00
2026-06-29,6904,442.0,445.0,441.0,445.0,5200,OK,kabutan,445.0,yahoo_jp,445.0,2026-08-31T01:18:03.239168+09:00
2026-06-29,7093,485.0,488.0,485.0,488.0,500,OK,kabutan,488.0,yahoo_jp,488.0,2026-08-31T01:20:55.466489+09:00
2026-06-29,9344,945.0,945.0,920.0,920.0,9900,OK,kabutan,920.0,yahoo_jp,920.0,2026-08-31T01:23:50.902752+09:00
2026-06-30,4440,1134.0,1149.0,1115.0,1134.0,9100,OK,kabutan,1134.0,yahoo_jp,1134.0,2026-08-31T01:00:42.707252+09:00
2026-06-30,4707,334.0,334.0,330.0,330.0,2600,OK,kabutan,330.0,yahoo_jp,330.0,2026-08-31T01:03:35.001718+09:00
2026-06-30,5137,211.0,211.0,202.0,209.0,110100,OK,kabutan,209.0,yahoo_jp,209.0,2026-08-31T01:06:31.383114+09:00
2026-06-30,5243,1860.0,1920.0,1819.0,1920.0,381100,OK,kabutan,1920.0,yahoo_jp,1920.0,2026-08-31T01:09:25.432385+09:00
2026-06-30,6027,2230.0,2267.0,2205.0,2264.0,68400,OK,kabutan,2264.0,yahoo_jp,2264.0,2026-08-31T01:12:18.540209+09:00
2026-06-30,6647,2700.0,2700.0,2700.0,,0,SINGLE_SOURCE|NO_TRADE,kabutan,2700.0,,,2026-08-31T01:15:10.658508+09:00
2026-06-30,6904,445.0,446.0,443.0,444.0,4300,OK,kabutan,444.0,yahoo_jp,444.0,2026-08-31T01:18:03.239168+09:00
2026-06-30,7093,493.0,493.0,485.0,492.0,1200,OK,kabutan,492.0,yahoo_jp,492.0,2026-08-31T01:20:55.466489+09:00
2026-06-30,9344,920.0,930.0,919.0,929.0,2500,OK,kabutan,929.0,yahoo_jp,929.0,2026-08-31T01:23:50.902752+09:00
2026-07-01,4440,1134.0,1134.0,1111.0,1113.0,9200,OK,kabutan,1113.0,yahoo_jp,1113.0,2026-08-31T01:00:42.707252+09:00
2026-07-01,4707,334.0,334.0,331.0,333.0,2400,OK,kabutan,333.0,yahoo_jp,333.0,2026-08-31T01:03:35.001718+09:00
2026-07-01,5137,209.0,212.0,205.0,212.0,167800,OK,kabutan,212.0,yahoo_jp,212.0,2026-08-31T01:06:31.383114+09:00
2026-07-01,5243,1905.0,1937.0,1863.0,1920.0,249700,OK,kabutan,1920.0,yahoo_jp,1920.0,2026-08-31T01:09:25.432385+09:00
2026-07-01,6027,2314.0,2410.0,2293.0,2403.0,168800,OK,kabutan,2403.0,yahoo_jp,2403.0,2026-08-31T01:12:18.540209+09:00
2026-07-01,6647,2715.0,2735.0,2710.0,2735.0,400,OK,kabutan,2735.0,yahoo_jp,2735.0,2026-08-31T01:15:10.658508+09:00
2026-07-01,6904,442.0,446.0,442.0,445.0,3400,OK,kabutan,445.0,yahoo_jp,445.0,2026-08-31T01:18:03.239168+09:00
2026-07-01,7093,488.0,495.0,488.0,495.0,2500,OK,kabutan,495.0,yahoo_jp,495.0,2026-08-31T01:20:55.466489+09:00
2026-07-01,9344,922.0,931.0,922.0,925.0,2700,OK,kabutan,925.0,yahoo_jp,925.0,2026-08-31T01:23:50.902752+09:00
2026-07-02,4440,1113.0,1140.0,1113.0,1121.0,6400,OK,kabutan,1121.0,yahoo_jp,1121.0,2026-08-31T01:00:42.707252+09:00
2026-07-02,4707,334.0,335.0,332.0,335.0,2500,OK,kabutan,335.0,yahoo_jp,335.0,2026-08-31T01:03:35.001718+09:00
2026-07-02,5137,210.0,219.0,210.0,213.0,166700,OK,kabutan,213.0,yahoo_jp,213.0,2026-08-31T01:06:31.383114+09:00
2026-07-02,5243,1931.0,2110.0,1905.0,2024.0,514100,OK,kabutan,2024.0,yahoo_jp,2024.0,2026-08-31T01:09:25.432385+09:00
2026-07-02,6027,2400.0,2498.0,2362.0,2451.0,162300,OK,kabutan,2451.0,yahoo_jp,2451.0,2026-08-31T01:12:18.540209+09:00
2026-07-02,6647,2730.0,2730.0,2730.0,2730.0,500,OK,kabutan,2730.0,yahoo_jp,2730.0,2026-08-31T01:15:10.658508+09:00
2026-07-02,6904,445.0,447.0,444.0,445.0,4400,OK,kabutan,445.0,yahoo_jp,445.0,2026-08-31T01:18:03.239168+09:00
2026-07-02,7093,493.0,495.0,493.0,495.0,900,OK,kabutan,495.0,yahoo_jp,495.0,2026-08-31T01:20:55.466489+09:00
2026-07-02,9344,925.0,930.0,925.0,930.0,500,OK,kabutan,930.0,yahoo_jp,930.0,2026-08-31T01:23:50.902752+09:00
2026-07-03,4440,1138.0,1152.0,1134.0,1135.0,9400,OK,kabutan,1135.0,yahoo_jp,1135.0,2026-08-31T01:00:42.707252+09:00
2026-07-03,4707,334.0,335.0,328.0,334.0,3700,OK,kabutan,334.0,yahoo_jp,334.0,2026-08-31T01:03:35.001718+09:00
2026-07-03,5137,214.0,215.0,210.0,214.0,156900,OK,kabutan,214.0,yahoo_jp,214.0,2026-08-31T01:06:31.383114+09:00
2026-07-03,5243,2058.0,2089.0,1973.0,2075.0,389300,OK,kabutan,2075.0,yahoo_jp,2075.0,2026-08-31T01:09:25.432385+09:00
2026-07-03,6027,2482.0,2482.0,2370.0,2390.0,77700,OK,kabutan,2390.0,yahoo_jp,2390.0,2026-08-31T01:12:18.540209+09:00
2026-07-03,6647,2728.0,2728.0,2695.0,2726.0,2400,OK,kabutan,2726.0,yahoo_jp,2726.0,2026-08-31T01:15:10.658508+09:00
2026-07-03,6904,444.0,446.0,444.0,446.0,3400,OK,kabutan,446.0,yahoo_jp,446.0,2026-08-31T01:18:03.239168+09:00
2026-07-03,7093,495.0,495.0,495.0,,0,SINGLE_SOURCE|NO_TRADE,kabutan,495.0,,,2026-08-31T01:20:55.466489+09:00
2026-07-03,9344,925.0,930.0,922.0,930.0,1100,OK,kabutan,930.0,yahoo_jp,930.0,2026-08-31T01:23:50.902752+09:00
2026-07-06,4440,1140.0,1170.0,1140.0,1157.0,13100,OK,kabutan,1157.0,yahoo_jp,1157.0,2026-08-31T01:00:42.707252+09:00
2026-07-06,4707,334.0,335.0,332.0,334.0,2700,OK,kabutan,334.0,yahoo_jp,334.0,2026-08-31T01:03:35.001718+09:00
2026-07-06,5137,217.0,239.0,215.0,231.0,670700,OK,kabutan,231.0,yahoo_jp,231.0,2026-08-31T01:06:31.383114+09:00
2026-07-06,5243,2130.0,2250.0,2114.0,2250.0,578100,OK,kabutan,2250.0,yahoo_jp,2250.0,2026-08-31T01:09:25.432385+09:00
2026-07-06,6027,2394.0,2425.0,2370.0,2409.0,44200,OK,kabutan,2409.0,yahoo_jp,2409.0,2026-08-31T01:12:18.540209+09:00
2026-07-06,6647,2727.0,2744.0,2727.0,2744.0,1400,OK,kabutan,2744.0,yahoo_jp,2744.0,2026-08-31T01:15:10.658508+09:00
2026-07-06,6904,447.0,450.0,447.0,450.0,5500,OK,kabutan,450.0,yahoo_jp,450.0,2026-08-31T01:18:03.239168+09:00
2026-07-06,7093,496.0,500.0,496.0,500.0,1000,OK,kabutan,500.0,yahoo_jp,500.0,2026-08-31T01:20:55.466489+09:00
2026-07-06,9344,930.0,930.0,925.0,930.0,1500,OK,kabutan,930.0,yahoo_jp,930.0,2026-08-31T01:23:50.902752+09:00
2026-07-07,4440,1159.0,1160.0,1124.0,1130.0,13800,OK,kabutan,1130.0,yahoo_jp,1130.0,2026-08-31T01:00:42.707252+09:00
2026-07-07,4707,333.0,333.0,332.0,333.0,2200,OK,kabutan,333.0,yahoo_jp,333.0,2026-08-31T01:03:35.001718+09:00
2026-07-07,5137,237.0,239.0,227.0,230.0,484600,OK,kabutan,230.0,yahoo_jp,230.0,2026-08-31T01:06:31.383114+09:00
2026-07-07,5243,2260.0,2311.0,2115.0,2219.0,963000,OK,kabutan,2219.0,yahoo_jp,2219.0,2026-08-31T01:09:25.432385+09:00
2026-07-07,6027,2409.0,2457.0,2406.0,2411.0,38100,OK,kabutan,2411.0,yahoo_jp,2411.0,2026-08-31T01:12:18.540209+09:00
2026-07-07,6647,2753.0,2755.0,2744.0,2744.0,500,OK,kabutan,2744.0,yahoo_jp,2744.0,2026-08-31T01:15:10.658508+09:00
2026-07-07,6904,450.0,453.0,447.0,449.0,14400,OK,kabutan,449.0,yahoo_jp,449.0,2026-08-31T01:18:03.239168+09:00
2026-07-07,7093,496.0,517.0,495.0,506.0,6400,OK,kabutan,506.0,yahoo_jp,506.0,2026-08-31T01:20:55.466489+09:00
2026-07-07,9344,930.0,934.0,930.0,931.0,4000,OK,kabutan,931.0,yahoo_jp,931.0,2026-08-31T01:23:50.902752+09:00
2026-07-08,4440,1145.0,1145.0,1118.0,1124.0,9900,OK,kabutan,1124.0,yahoo_jp,1124.0,2026-08-31T01:00:42.707252+09:00
2026-07-08,4707,332.0,332.0,329.0,329.0,1700,OK,kabutan,329.0,yahoo_jp,329.0,2026-08-31T01:03:35.001718+09:00
2026-07-08,5137,230.0,236.0,212.0,214.0,425700,OK,kabutan,214.0,yahoo_jp,214.0,2026-08-31T01:06:31.383114+09:00
2026-07-08,5243,2319.0,2499.0,2155.0,2289.0,3714200,OK,kabutan,2289.0,yahoo_jp,2289.0,2026-08-31T01:09:25.432385+09:00
2026-07-08,6027,2430.0,2450.0,2411.0,2433.0,42000,OK,kabutan,2433.0,yahoo_jp,2433.0,2026-08-31T01:12:18.540209+09:00
2026-07-08,6647,2740.0,2743.0,2725.0,2725.0,1600,OK,kabutan,2725.0,yahoo_jp,2725.0,2026-08-31T01:15:10.658508+09:00
2026-07-08,6904,450.0,452.0,450.0,452.0,2900,OK,kabutan,452.0,yahoo_jp,452.0,2026-08-31T01:18:03.239168+09:00
2026-07-08,7093,497.0,498.0,497.0,498.0,1000,OK,kabutan,498.0,yahoo_jp,498.0,2026-08-31T01:20:55.466489+09:00
2026-07-08,9344,931.0,937.0,930.0,935.0,1200,OK,kabutan,935.0,yahoo_jp,935.0,2026-08-31T01:23:50.902752+09:00
2026-07-09,4440,1115.0,1119.0,1108.0,1119.0,7700,OK,kabutan,1119.0,yahoo_jp,1119.0,2026-08-31T01:00:42.707252+09:00
2026-07-09,4707,330.0,331.0,329.0,330.0,700,OK,kabutan,330.0,yahoo_jp,330.0,2026-08-31T01:03:35.001718+09:00
2026-07-09,5137,214.0,221.0,207.0,220.0,367400,OK,kabutan,220.0,yahoo_jp,220.0,2026-08-31T01:06:31.383114+09:00
2026-07-09,5243,2189.0,2206.0,1982.0,2010.0,1512800,OK,kabutan,2010.0,yahoo_jp,2010.0,2026-08-31T01:09:25.432385+09:00
2026-07-09,6027,2380.0,2408.0,2340.0,2340.0,62500,OK,kabutan,2340.0,yahoo_jp,2340.0,2026-08-31T01:12:18.540209+09:00
2026-07-09,6647,2740.0,2743.0,2740.0,2742.0,400,OK,kabutan,2742.0,yahoo_jp,2742.0,2026-08-31T01:15:10.658508+09:00
2026-07-09,6904,450.0,451.0,449.0,451.0,2000,OK,kabutan,451.0,yahoo_jp,451.0,2026-08-31T01:18:03.239168+09:00
2026-07-09,7093,500.0,501.0,498.0,498.0,1300,OK,kabutan,498.0,yahoo_jp,498.0,2026-08-31T01:20:55.466489+09:00
2026-07-09,9344,935.0,935.0,935.0,,0,SINGLE_SOURCE|NO_TRADE,kabutan,935.0,,,2026-08-31T01:23:50.902752+09:00
2026-07-10,4440,1134.0,1160.0,1134.0,1138.0,12200,OK,kabutan,1138.0,yahoo_jp,1138.0,2026-08-31T01:00:42.707252+09:00
2026-07-10,4707,331.0,331.0,328.0,329.0,900,OK,kabutan,329.0,yahoo_jp,329.0,2026-08-31T01:03:35.001718+09:00
2026-07-10,5137,217.0,231.0,216.0,227.0,258800,OK,kabutan,227.0,yahoo_jp,227.0,2026-08-31T01:06:31.383114+09:00
2026-07-10,5243,1990.0,2268.0,1990.0,2258.0,1359900,OK,kabutan,2258.0,yahoo_jp,2258.0,2026-08-31T01:09:25.432385+09:00
2026-07-10,6027,2390.0,2435.0,2372.0,2374.0,64500,OK,kabutan,2374.0,yahoo_jp,2374.0,2026-08-31T01:12:18.540209+09:00
2026-07-10,6647,2723.0,2738.0,2723.0,2738.0,2400,OK,kabutan,2738.0,yahoo_jp,2738.0,2026-08-31T01:15:10.658508+09:00
2026-07-10,6904,451.0,451.0,445.0,449.0,12800,OK,kabutan,449.0,yahoo_jp,449.0,2026-08-31T01:18:03.239168+09:00
2026-07-10,7093,498.0,499.0,498.0,499.0,300,OK,kabutan,499.0,yahoo_jp,499.0,2026-08-31T01:20:55.466489+09:00
2026-07-10,9344,930.0,937.0,929.0,937.0,500,OK,kabutan,937.0,yahoo_jp,937.0,2026-08-31T01:23:50.902752+09:00
2026-07-13,4440,1138.0,1150.0,1122.0,1131.0,14800,OK,kabutan,1131.0,yahoo_jp,1131.0,2026-08-31T01:00:42.707252+09:00
2026-07-13,4707,332.0,332.0,330.0,330.0,1700,OK,kabutan,330.0,yahoo_jp,330.0,2026-08-31T01:03:35.001718+09:00
2026-07-13,5137,227.0,230.0,225.0,227.0,211500,OK,kabutan,227.0,yahoo_jp,227.0,2026-08-31T01:06:31.383114+09:00
2026-07-13,5243,2254.0,2260.0,2100.0,2106.0,492300,OK,kabutan,2106.0,yahoo_jp,2106.0,2026-08-31T01:09:25.432385+09:00
2026-07-13,6027,2424.0,2424.0,2351.0,2358.0,28500,OK,kabutan,2358.0,yahoo_jp,2358.0,2026-08-31T01:12:18.540209+09:00
2026-07-13,6647,2746.0,2775.0,2742.0,2775.0,800,OK,kabutan,2775.0,yahoo_jp,2775.0,2026-08-31T01:15:10.658508+09:00
2026-07-13,6904,450.0,452.0,447.0,449.0,5100,OK,kabutan,449.0,yahoo_jp,449.0,2026-08-31T01:18:03.239168+09:00
2026-07-13,7093,499.0,503.0,499.0,503.0,500,OK,kabutan,503.0,yahoo_jp,503.0,2026-08-31T01:20:55.466489+09:00
2026-07-13,9344,937.0,938.0,908.0,923.0,3500,OK,kabutan,923.0,yahoo_jp,923.0,2026-08-31T01:23:50.902752+09:00
2026-07-14,4440,1160.0,1255.0,1151.0,1187.0,86700,OK,kabutan,1187.0,yahoo_jp,1187.0,2026-08-31T01:00:42.707252+09:00
2026-07-14,4707,332.0,332.0,329.0,330.0,500,OK,kabutan,330.0,yahoo_jp,330.0,2026-08-31T01:03:35.001718+09:00
2026-07-14,5137,224.0,229.0,222.0,226.0,240600,OK,kabutan,226.0,yahoo_jp,226.0,2026-08-31T01:06:31.383114+09:00
2026-07-14,5243,2091.0,2120.0,2033.0,2061.0,335000,OK,kabutan,2061.0,yahoo_jp,2061.0,2026-08-31T01:09:25.432385+09:00
2026-07-14,6027,2361.0,2420.0,2350.0,2410.0,88100,OK,kabutan,2410.0,yahoo_jp,2410.0,2026-08-31T01:12:18.540209+09:00
2026-07-14,6647,2798.0,2798.0,2725.0,2789.0,700,OK,kabutan,2789.0,yahoo_jp,2789.0,2026-08-31T01:15:10.658508+09:00
2026-07-14,6904,448.0,451.0,448.0,450.0,3800,OK,kabutan,450.0,yahoo_jp,450.0,2026-08-31T01:18:03.239168+09:00
2026-07-14,7093,506.0,506.0,503.0,503.0,900,OK,kabutan,503.0,yahoo_jp,503.0,2026-08-31T01:20:55.466489+09:00
2026-07-14,9344,923.0,930.0,923.0,927.0,900,OK,kabutan,927.0,yahoo_jp,927.0,2026-08-31T01:23:50.902752+09:00
2026-07-15,4440,1165.0,1190.0,1140.0,1180.0,51100,OK,kabutan,1180.0,yahoo_jp,1180.0,2026-08-31T01:00:42.707252+09:00
2026-07-15,4707,333.0,333.0,329.0,332.0,600,OK,kabutan,332.0,yahoo_jp,332.0,2026-08-31T01:03:35.001718+09:00
2026-07-15,5137,225.0,233.0,221.0,232.0,287700,OK,kabutan,232.0,yahoo_jp,232.0,2026-08-31T01:06:31.383114+09:00
2026-07-15,5243,2052.0,2159.0,2040.0,2144.0,238100,OK,kabutan,2144.0,yahoo_jp,2144.0,2026-08-31T01:09:25.432385+09:00
2026-07-15,6027,2366.0,2423.0,2360.0,2391.0,21400,OK,kabutan,2391.0,yahoo_jp,2391.0,2026-08-31T01:12:18.540209+09:00
2026-07-15,6647,2789.0,2789.0,2789.0,,0,SINGLE_SOURCE|NO_TRADE,kabutan,2789.0,,,2026-08-31T01:15:10.658508+09:00
2026-07-15,6904,448.0,451.0,448.0,449.0,3900,OK,kabutan,449.0,yahoo_jp,449.0,2026-08-31T01:18:03.239168+09:00
2026-07-15,7093,513.0,526.0,496.0,513.0,16500,OK,kabutan,513.0,yahoo_jp,513.0,2026-08-31T01:20:55.466489+09:00
2026-07-15,9344,927.0,934.0,927.0,934.0,1200,OK,kabutan,934.0,yahoo_jp,934.0,2026-08-31T01:23:50.902752+09:00
2026-07-16,4440,1176.0,1176.0,1145.0,1145.0,25400,OK,kabutan,1145.0,yahoo_jp,1145.0,2026-08-31T01:00:42.707252+09:00
2026-07-16,4707,324.0,330.0,324.0,330.0,7300,OK,kabutan,330.0,yahoo_jp,330.0,2026-08-31T01:03:35.001718+09:00
2026-07-16,5137,231.0,235.0,221.0,221.0,172100,OK,kabutan,221.0,yahoo_jp,221.0,2026-08-31T01:06:31.383114+09:00
2026-07-16,5243,2144.0,2280.0,2132.0,2195.0,467800,OK,kabutan,2195.0,yahoo_jp,2195.0,2026-08-31T01:09:25.432385+09:00
2026-07-16,6027,2391.0,2427.0,2381.0,2388.0,39600,OK,kabutan,2388.0,yahoo_jp,2388.0,2026-08-31T01:12:18.540209+09:00
2026-07-16,6647,2789.0,2799.0,2789.0,2799.0,500,OK,kabutan,2799.0,yahoo_jp,2799.0,2026-08-31T01:15:10.658508+09:00
2026-07-16,6904,449.0,451.0,449.0,451.0,2200,OK,kabutan,451.0,yahoo_jp,451.0,2026-08-31T01:18:03.239168+09:00
2026-07-16,7093,506.0,506.0,500.0,500.0,2100,OK,kabutan,500.0,yahoo_jp,500.0,2026-08-31T01:20:55.466489+09:00
2026-07-16,9344,924.0,934.0,924.0,934.0,600,OK,kabutan,934.0,yahoo_jp,934.0,2026-08-31T01:23:50.902752+09:00
2026-07-17,4440,1145.0,1160.0,1113.0,1124.0,32200,OK,kabutan,1124.0,yahoo_jp,1124.0,2026-08-31T01:00:42.707252+09:00
2026-07-17,4707,322.0,325.0,320.0,322.0,8300,OK,kabutan,322.0,yahoo_jp,322.0,2026-08-31T01:03:35.001718+09:00
2026-07-17,5137,220.0,223.0,210.0,218.0,240100,OK,kabutan,218.0,yahoo_jp,218.0,2026-08-31T01:06:31.383114+09:00
2026-07-17,5243,2123.0,2140.0,1941.0,2050.0,672300,OK,kabutan,2050.0,yahoo_jp,2050.0,2026-08-31T01:09:25.432385+09:00
2026-07-17,6027,2360.0,2404.0,2356.0,2390.0,118800,OK,kabutan,2390.0,yahoo_jp,2390.0,2026-08-31T01:12:18.540209+09:00
2026-07-17,6647,2793.0,2794.0,2777.0,2777.0,1000,OK,kabutan,2777.0,yahoo_jp,2777.0,2026-08-31T01:15:10.658508+09:00
2026-07-17,6904,450.0,451.0,449.0,449.0,5100,OK,kabutan,449.0,yahoo_jp,449.0,2026-08-31T01:18:03.239168+09:00
2026-07-17,7093,510.0,519.0,492.0,495.0,3500,OK,kabutan,495.0,yahoo_jp,495.0,2026-08-31T01:20:55.466489+09:00
2026-07-17,9344,925.0,931.0,925.0,931.0,400,OK,kabutan,931.0,yahoo_jp,931.0,2026-08-31T01:23:50.902752+09:00
2026-07-21,4440,1135.0,1160.0,1129.0,1156.0,16300,OK,kabutan,1156.0,yahoo_jp,1156.0,2026-08-31T01:00:42.707252+09:00
2026-07-21,4707,321.0,324.0,321.0,323.0,4000,OK,kabutan,323.0,yahoo_jp,323.0,2026-08-31T01:03:35.001718+09:00
2026-07-21,5137,217.0,217.0,213.0,215.0,87100,OK,kabutan,215.0,yahoo_jp,215.0,2026-08-31T01:06:31.383114+09:00
2026-07-21,5243,2020.0,2084.0,1982.0,2042.0,205200,OK,kabutan,2042.0,yahoo_jp,2042.0,2026-08-31T01:09:25.432385+09:00
2026-07-21,6027,2393.0,2406.0,2307.0,2313.0,59100,OK,kabutan,2313.0,yahoo_jp,2313.0,2026-08-31T01:12:18.540209+09:00
2026-07-21,6647,2788.0,2788.0,2755.0,2755.0,900,OK,kabutan,2755.0,yahoo_jp,2755.0,2026-08-31T01:15:10.658508+09:00
2026-07-21,6904,449.0,450.0,448.0,450.0,4500,OK,kabutan,450.0,yahoo_jp,450.0,2026-08-31T01:18:03.239168+09:00
2026-07-21,7093,503.0,533.0,503.0,521.0,7300,OK,kabutan,521.0,yahoo_jp,521.0,2026-08-31T01:20:55.466489+09:00
2026-07-21,9344,931.0,934.0,927.0,927.0,1700,OK,kabutan,927.0,yahoo_jp,927.0,2026-08-31T01:23:50.902752+09:00
2026-07-22,4440,1157.0,1172.0,1148.0,1153.0,19900,OK,kabutan,1153.0,yahoo_jp,1153.0,2026-08-31T01:00:42.707252+09:00
2026-07-22,4707,322.0,324.0,320.0,324.0,4300,OK,kabutan,324.0,yahoo_jp,324.0,2026-08-31T01:03:35.001718+09:00
2026-07-22,5137,220.0,220.0,213.0,214.0,113800,OK,kabutan,214.0,yahoo_jp,214.0,2026-08-31T01:06:31.383114+09:00
2026-07-22,5243,2042.0,2066.0,1909.0,1930.0,574800,OK,kabutan,1930.0,yahoo_jp,1930.0,2026-08-31T01:09:25.432385+09:00
2026-07-22,6027,2313.0,2345.0,2286.0,2287.0,47900,OK,kabutan,2287.0,yahoo_jp,2287.0,2026-08-31T01:12:18.540209+09:00
2026-07-22,6647,2778.0,2778.0,2752.0,2756.0,500,OK,kabutan,2756.0,yahoo_jp,2756.0,2026-08-31T01:15:10.658508+09:00
2026-07-22,6904,449.0,449.0,448.0,449.0,2800,OK,kabutan,449.0,yahoo_jp,449.0,2026-08-31T01:18:03.239168+09:00
2026-07-22,7093,522.0,543.0,522.0,524.0,6700,OK,kabutan,524.0,yahoo_jp,524.0,2026-08-31T01:20:55.466489+09:00
2026-07-22,9344,912.0,936.0,912.0,931.0,2100,OK,kabutan,931.0,yahoo_jp,931.0,2026-08-31T01:23:50.902752+09:00
2026-07-23,4440,1147.0,1166.0,1147.0,1152.0,7300,OK,kabutan,1152.0,yahoo_jp,1152.0,2026-08-31T01:00:42.707252+09:00
2026-07-23,4707,323.0,323.0,322.0,323.0,3000,OK,kabutan,323.0,yahoo_jp,323.0,2026-08-31T01:03:35.001718+09:00
2026-07-23,5137,211.0,214.0,206.0,212.0,91800,OK,kabutan,212.0,yahoo_jp,212.0,2026-08-31T01:06:31.383114+09:00
2026-07-23,5243,1900.0,2040.0,1875.0,2013.0,341100,OK,kabutan,2013.0,yahoo_jp,2013.0,2026-08-31T01:09:25.432385+09:00
2026-07-23,6027,2285.0,2286.0,2203.0,2233.0,81600,OK,kabutan,2233.0,yahoo_jp,2233.0,2026-08-31T01:12:18.540209+09:00
2026-07-23,6647,2756.0,2756.0,2756.0,,0,SINGLE_SOURCE|NO_TRADE,kabutan,2756.0,,,2026-08-31T01:15:10.658508+09:00
2026-07-23,6904,448.0,451.0,448.0,449.0,5200,OK,kabutan,449.0,yahoo_jp,449.0,2026-08-31T01:18:03.239168+09:00
2026-07-23,7093,529.0,538.0,529.0,538.0,3100,OK,kabutan,538.0,yahoo_jp,538.0,2026-08-31T01:20:55.466489+09:00
2026-07-23,9344,931.0,936.0,926.0,930.0,800,OK,kabutan,930.0,yahoo_jp,930.0,2026-08-31T01:23:50.902752+09:00
2026-07-24,4440,1162.0,1162.0,1141.0,1154.0,12000,OK,kabutan,1154.0,yahoo_jp,1154.0,2026-08-31T01:00:42.707252+09:00
2026-07-24,4707,324.0,329.0,322.0,329.0,4200,OK,kabutan,329.0,yahoo_jp,329.0,2026-08-31T01:03:35.001718+09:00
2026-07-24,5137,209.0,210.0,206.0,207.0,109500,OK,kabutan,207.0,yahoo_jp,207.0,2026-08-31T01:06:31.383114+09:00
2026-07-24,5243,2013.0,2103.0,1987.0,2025.0,336600,OK,kabutan,2025.0,yahoo_jp,2025.0,2026-08-31T01:09:25.432385+09:00
2026-07-24,6027,2220.0,2220.0,2169.0,2199.0,69400,OK,kabutan,2199.0,yahoo_jp,2199.0,2026-08-31T01:12:18.540209+09:00
2026-07-24,6647,2765.0,2765.0,2750.0,2750.0,400,OK,kabutan,2750.0,yahoo_jp,2750.0,2026-08-31T01:15:10.658508+09:00
2026-07-24,6904,449.0,450.0,447.0,448.0,3100,OK,kabutan,448.0,yahoo_jp,448.0,2026-08-31T01:18:03.239168+09:00
2026-07-24,7093,534.0,548.0,530.0,536.0,16400,OK,kabutan,536.0,yahoo_jp,536.0,2026-08-31T01:20:55.466489+09:00
2026-07-24,9344,960.0,960.0,931.0,931.0,4800,OK,kabutan,931.0,yahoo_jp,931.0,2026-08-31T01:23:50.902752+09:00
2026-07-27,4440,1156.0,1179.0,1156.0,1164.0,15100,OK,kabutan,1164.0,yahoo_jp,1164.0,2026-08-31T01:00:42.707252+09:00
2026-07-27,4707,326.0,329.0,326.0,327.0,3700,OK,kabutan,327.0,yahoo_jp,327.0,2026-08-31T01:03:35.001718+09:00
2026-07-27,5137,210.0,215.0,206.0,214.0,92100,OK,kabutan,214.0,yahoo_jp,214.0,2026-08-31T01:06:31.383114+09:00
2026-07-27,5243,2029.0,2137.0,2008.0,2112.0,205900,OK,kabutan,2112.0,yahoo_jp,2112.0,2026-08-31T01:09:25.432385+09:00
2026-07-27,6027,2217.0,2328.0,2204.0,2316.0,92800,OK,kabutan,2316.0,yahoo_jp,2316.0,2026-08-31T01:12:18.540209+09:00
2026-07-27,6647,2845.0,2845.0,2750.0,2750.0,2000,OK,kabutan,2750.0,yahoo_jp,2750.0,2026-08-31T01:15:10.658508+09:00
2026-07-27,6904,448.0,450.0,448.0,448.0,1900,OK,kabutan,448.0,yahoo_jp,448.0,2026-08-31T01:18:03.239168+09:00
2026-07-27,7093,542.0,545.0,528.0,545.0,1100,OK,kabutan,545.0,yahoo_jp,545.0,2026-08-31T01:20:55.466489+09:00
2026-07-27,9344,931.0,931.0,928.0,928.0,800,OK,kabutan,928.0,yahoo_jp,928.0,2026-08-31T01:23:50.902752+09:00
2026-07-28,4440,1168.0,1170.0,1144.0,1144.0,11800,OK,kabutan,1144.0,yahoo_jp,1144.0,2026-08-31T01:00:42.707252+09:00
2026-07-28,4707,328.0,330.0,325.0,328.0,8000,OK,kabutan,328.0,yahoo_jp,328.0,2026-08-31T01:03:35.001718+09:00
2026-07-28,5137,214.0,214.0,208.0,211.0,147300,OK,kabutan,211.0,yahoo_jp,211.0,2026-08-31T01:06:31.383114+09:00
2026-07-28,5243,2139.0,2199.0,2021.0,2045.0,258700,OK,kabutan,2045.0,yahoo_jp,2045.0,2026-08-31T01:09:25.432385+09:00
2026-07-28,6027,2349.0,2353.0,2268.0,2281.0,82100,OK,kabutan,2281.0,yahoo_jp,2281.0,2026-08-31T01:12:18.540209+09:00
2026-07-28,6647,2700.0,2700.0,2700.0,2700.0,1000,OK,kabutan,2700.0,yahoo_jp,2700.0,2026-08-31T01:15:10.658508+09:00
2026-07-28,6904,448.0,450.0,448.0,448.0,3800,OK,kabutan,448.0,yahoo_jp,448.0,2026-08-31T01:18:03.239168+09:00
2026-07-28,7093,536.0,544.0,536.0,540.0,1500,OK,kabutan,540.0,yahoo_jp,540.0,2026-08-31T01:20:55.466489+09:00
2026-07-28,9344,928.0,928.0,925.0,925.0,1200,OK,kabutan,925.0,yahoo_jp,925.0,2026-08-31T01:23:50.902752+09:00
2026-07-29,4440,1149.0,1149.0,1114.0,1126.0,25200,OK,kabutan,1126.0,yahoo_jp,1126.0,2026-08-31T01:00:42.707252+09:00
2026-07-29,4707,332.0,333.0,327.0,327.0,7300,OK,kabutan,327.0,yahoo_jp,327.0,2026-08-31T01:03:35.001718+09:00
2026-07-29,5137,211.0,219.0,208.0,218.0,247700,OK,kabutan,218.0,yahoo_jp,218.0,2026-08-31T01:06:31.383114+09:00
2026-07-29,5243,2041.0,2070.0,1990.0,2065.0,212000,OK,kabutan,2065.0,yahoo_jp,2065.0,2026-08-31T01:09:25.432385+09:00
2026-07-29,6027,2295.0,2300.0,2211.0,2267.0,120500,OK,kabutan,2267.0,yahoo_jp,2267.0,2026-08-31T01:12:18.540209+09:00
2026-07-29,6647,2656.0,2664.0,2656.0,2662.0,700,OK,kabutan,2662.0,yahoo_jp,2662.0,2026-08-31T01:15:10.658508+09:00
2026-07-29,6904,448.0,451.0,448.0,451.0,3800,OK,kabutan,451.0,yahoo_jp,451.0,2026-08-31T01:18:03.239168+09:00
2026-07-29,7093,540.0,544.0,529.0,543.0,3200,OK,kabutan,543.0,yahoo_jp,543.0,2026-08-31T01:20:55.466489+09:00
2026-07-29,9344,928.0,928.0,924.0,924.0,400,OK,kabutan,924.0,yahoo_jp,924.0,2026-08-31T01:23:50.902752+09:00
2026-07-30,4440,1139.0,1141.0,1126.0,1141.0,6600,OK,kabutan,1141.0,yahoo_jp,1141.0,2026-08-31T01:00:42.707252+09:00
2026-07-30,4707,332.0,332.0,322.0,327.0,9300,OK,kabutan,327.0,yahoo_jp,327.0,2026-08-31T01:03:35.001718+09:00
2026-07-30,5137,216.0,228.0,213.0,226.0,196200,OK,kabutan,226.0,yahoo_jp,226.0,2026-08-31T01:06:31.383114+09:00
2026-07-30,5243,2050.0,2114.0,2015.0,2039.0,248900,OK,kabutan,2039.0,yahoo_jp,2039.0,2026-08-31T01:09:25.432385+09:00
2026-07-30,6027,2267.0,2358.0,2253.0,2327.0,75500,OK,kabutan,2327.0,yahoo_jp,2327.0,2026-08-31T01:12:18.540209+09:00
2026-07-30,6647,2662.0,2662.0,2662.0,,0,SINGLE_SOURCE|NO_TRADE,kabutan,2662.0,,,2026-08-31T01:15:10.658508+09:00
2026-07-30,6904,451.0,451.0,448.0,449.0,4800,OK,kabutan,449.0,yahoo_jp,449.0,2026-08-31T01:18:03.239168+09:00
2026-07-30,7093,537.0,537.0,527.0,527.0,400,OK,kabutan,527.0,yahoo_jp,527.0,2026-08-31T01:20:55.466489+09:00
2026-07-30,9344,924.0,932.0,900.0,920.0,4600,OK,kabutan,920.0,yahoo_jp,920.0,2026-08-31T01:23:50.902752+09:00
2026-07-31,4440,1144.0,1153.0,1137.0,1144.0,21800,OK,kabutan,1144.0,yahoo_jp,1144.0,2026-08-31T01:00:42.707252+09:00
2026-07-31,4707,326.0,327.0,324.0,327.0,3900,OK,kabutan,327.0,yahoo_jp,327.0,2026-08-31T01:03:35.001718+09:00
2026-07-31,5137,227.0,238.0,223.0,226.0,350100,OK,kabutan,226.0,yahoo_jp,226.0,2026-08-31T01:06:31.383114+09:00
2026-07-31,5243,2030.0,2213.0,2028.0,2129.0,359800,OK,kabutan,2129.0,yahoo_jp,2129.0,2026-08-31T01:09:25.432385+09:00
2026-07-31,6027,2291.0,2357.0,2291.0,2312.0,39200,OK,kabutan,2312.0,yahoo_jp,2312.0,2026-08-31T01:12:18.540209+09:00
2026-07-31,6647,2765.0,2900.0,2765.0,2900.0,1700,OK,kabutan,2900.0,yahoo_jp,2900.0,2026-08-31T01:15:10.658508+09:00
2026-07-31,6904,450.0,450.0,448.0,450.0,2900,OK,kabutan,450.0,yahoo_jp,450.0,2026-08-31T01:18:03.239168+09:00
2026-07-31,7093,527.0,527.0,527.0,527.0,100,OK,kabutan,527.0,yahoo_jp,527.0,2026-08-31T01:20:55.466489+09:00
2026-07-31,9344,924.0,924.0,918.0,920.0,600,OK,kabutan,920.0,yahoo_jp,920.0,2026-08-31T01:23:50.902752+09:00
2026-08-03,4440,1137.0,1140.0,1122.0,1127.0,21800,OK,kabutan,1127.0,yahoo_jp,1127.0,2026-08-31T01:00:42.707252+09:00
2026-08-03,4707,328.0,328.0,323.0,326.0,3000,OK,kabutan,326.0,yahoo_jp,326.0,2026-08-31T01:03:35.001718+09:00
2026-08-03,5137,218.0,225.0,216.0,220.0,214300,OK,kabutan,220.0,yahoo_jp,220.0,2026-08-31T01:06:31.383114+09:00
2026-08-03,5243,2149.0,2188.0,1982.0,1984.0,350200,OK,kabutan,1984.0,yahoo_jp,1984.0,2026-08-31T01:09:25.432385+09:00
2026-08-03,6027,2362.0,2362.0,2277.0,2277.0,48900,OK,kabutan,2277.0,yahoo_jp,2277.0,2026-08-31T01:12:18.540209+09:00
2026-08-03,6647,2900.0,2900.0,2900.0,,0,SINGLE_SOURCE|NO_TRADE,kabutan,2900.0,,,2026-08-31T01:15:10.658508+09:00
2026-08-03,6904,450.0,450.0,449.0,450.0,2900,OK,kabutan,450.0,yahoo_jp,450.0,2026-08-31T01:18:03.239168+09:00
2026-08-03,7093,525.0,525.0,525.0,525.0,300,OK,kabutan,525.0,yahoo_jp,525.0,2026-08-31T01:20:55.466489+09:00
2026-08-03,9344,920.0,930.0,917.0,927.0,6300,OK,kabutan,927.0,yahoo_jp,927.0,2026-08-31T01:23:50.902752+09:00
2026-08-04,4440,1131.0,1150.0,1130.0,1147.0,5100,OK,kabutan,1147.0,yahoo_jp,1147.0,2026-08-31T01:00:42.707252+09:00
2026-08-04,4707,327.0,327.0,324.0,326.0,2300,OK,kabutan,326.0,yahoo_jp,326.0,2026-08-31T01:03:35.001718+09:00
2026-08-04,5137,218.0,226.0,217.0,221.0,98100,OK,kabutan,221.0,yahoo_jp,221.0,2026-08-31T01:06:31.383114+09:00
2026-08-04,5243,1997.0,2172.0,1997.0,2158.0,470200,OK,kabutan,2158.0,yahoo_jp,2158.0,2026-08-31T01:09:25.432385+09:00
2026-08-04,6027,2271.0,2320.0,2255.0,2290.0,51100,OK,kabutan,2290.0,yahoo_jp,2290.0,2026-08-31T01:12:18.540209+09:00
2026-08-04,6647,2900.0,2900.0,2900.0,2900.0,300,OK,kabutan,2900.0,yahoo_jp,2900.0,2026-08-31T01:15:10.658508+09:00
2026-08-04,6904,450.0,450.0,448.0,449.0,2400,OK,kabutan,449.0,yahoo_jp,449.0,2026-08-31T01:18:03.239168+09:00
2026-08-04,7093,535.0,543.0,535.0,543.0,2100,OK,kabutan,543.0,yahoo_jp,543.0,2026-08-31T01:20:55.466489+09:00
2026-08-04,9344,927.0,936.0,922.0,927.0,2200,OK,kabutan,927.0,yahoo_jp,927.0,2026-08-31T01:23:50.902752+09:00
2026-08-05,4440,1143.0,1171.0,1143.0,1153.0,11600,OK,kabutan,1153.0,yahoo_jp,1153.0,2026-08-31T01:00:42.707252+09:00
2026-08-05,4707,327.0,327.0,324.0,324.0,2300,OK,kabutan,324.0,yahoo_jp,324.0,2026-08-31T01:03:35.001718+09:00
2026-08-05,5137,223.0,234.0,220.0,230.0,202400,OK,kabutan,230.0,yahoo_jp,230.0,2026-08-31T01:06:31.383114+09:00
2026-08-05,5243,2182.0,2310.0,2160.0,2288.0,419900,OK,kabutan,2288.0,yahoo_jp,2288.0,2026-08-31T01:09:25.432385+09:00
2026-08-05,6027,2318.0,2391.0,2305.0,2390.0,49800,OK,kabutan,2390.0,yahoo_jp,2390.0,2026-08-31T01:12:18.540209+09:00
2026-08-05,6647,2900.0,2900.0,2900.0,,0,SINGLE_SOURCE|NO_TRADE,kabutan,2900.0,,,2026-08-31T01:15:10.658508+09:00
2026-08-05,6904,448.0,451.0,448.0,450.0,3800,OK,kabutan,450.0,yahoo_jp,450.0,2026-08-31T01:18:03.239168+09:00
2026-08-05,7093,546.0,546.0,540.0,544.0,300,OK,kabutan,544.0,yahoo_jp,544.0,2026-08-31T01:20:55.466489+09:00
2026-08-05,9344,925.0,932.0,924.0,927.0,1600,OK,kabutan,927.0,yahoo_jp,927.0,2026-08-31T01:23:50.902752+09:00
2026-08-06,4440,1159.0,1159.0,1140.0,1140.0,5500,OK,kabutan,1140.0,yahoo_jp,1140.0,2026-08-31T01:00:42.707252+09:00
2026-08-06,4707,325.0,326.0,324.0,325.0,3500,OK,kabutan,325.0,yahoo_jp,325.0,2026-08-31T01:03:35.001718+09:00
2026-08-06,5137,226.0,230.0,222.0,225.0,101100,OK,kabutan,225.0,yahoo_jp,225.0,2026-08-31T01:06:31.383114+09:00
2026-08-06,5243,2260.0,2412.0,2250.0,2314.0,492700,OK,kabutan,2314.0,yahoo_jp,2314.0,2026-08-31T01:09:25.432385+09:00
2026-08-06,6027,2340.0,2413.0,2340.0,2358.0,60500,OK,kabutan,2358.0,yahoo_jp,2358.0,2026-08-31T01:12:18.540209+09:00
2026-08-06,6647,2750.0,2798.0,2750.0,2798.0,1000,OK,kabutan,2798.0,yahoo_jp,2798.0,2026-08-31T01:15:10.658508+09:00
2026-08-06,6904,450.0,452.0,450.0,450.0,3400,OK,kabutan,450.0,yahoo_jp,450.0,2026-08-31T01:18:03.239168+09:00
2026-08-06,7093,540.0,546.0,537.0,546.0,2900,OK,kabutan,546.0,yahoo_jp,546.0,2026-08-31T01:20:55.466489+09:00
2026-08-06,9344,917.0,927.0,917.0,927.0,2300,OK,kabutan,927.0,yahoo_jp,927.0,2026-08-31T01:23:50.902752+09:00
2026-08-07,4440,1137.0,1140.0,1135.0,1139.0,8500,OK,kabutan,1139.0,yahoo_jp,1139.0,2026-08-31T01:00:42.707252+09:00
2026-08-07,4707,329.0,329.0,329.0,329.0,3000,OK,kabutan,329.0,yahoo_jp,329.0,2026-08-31T01:03:35.001718+09:00
2026-08-07,5137,222.0,229.0,221.0,228.0,105900,OK,kabutan,228.0,yahoo_jp,228.0,2026-08-31T01:06:31.383114+09:00
2026-08-07,5243,2319.0,2333.0,2202.0,2274.0,204900,OK,kabutan,2274.0,yahoo_jp,2274.0,2026-08-31T01:09:25.432385+09:00
2026-08-07,6027,2408.0,2435.0,2362.0,2388.0,61800,OK,kabutan,2388.0,yahoo_jp,2388.0,2026-08-31T01:12:18.540209+09:00
2026-08-07,6647,2798.0,2999.0,2798.0,2950.0,5200,OK,kabutan,2950.0,yahoo_jp,2950.0,2026-08-31T01:15:10.658508+09:00
2026-08-07,6904,449.0,452.0,449.0,449.0,4600,OK,kabutan,449.0,yahoo_jp,449.0,2026-08-31T01:18:03.239168+09:00
2026-08-07,7093,542.0,546.0,540.0,546.0,700,OK,kabutan,546.0,yahoo_jp,546.0,2026-08-31T01:20:55.466489+09:00
2026-08-07,9344,928.0,944.0,928.0,944.0,400,OK,kabutan,944.0,yahoo_jp,944.0,2026-08-31T01:23:50.902752+09:00
2026-08-10,4440,1139.0,1159.0,1139.0,1151.0,10500,OK,kabutan,1151.0,yahoo_jp,1151.0,2026-08-31T01:00:42.707252+09:00
2026-08-10,4707,327.0,330.0,323.0,329.0,8400,OK,kabutan,329.0,yahoo_jp,329.0,2026-08-31T01:03:35.001718+09:00
2026-08-10,5137,228.0,242.0,228.0,236.0,304400,OK,kabutan,236.0,yahoo_jp,236.0,2026-08-31T01:06:31.383114+09:00
2026-08-10,5243,2374.0,2468.0,2360.0,2389.0,388800,OK,kabutan,2389.0,yahoo_jp,2389.0,2026-08-31T01:09:25.432385+09:00
2026-08-10,6027,2430.0,2495.0,2389.0,2426.0,140900,OK,kabutan,2426.0,yahoo_jp,2426.0,2026-08-31T01:12:18.540209+09:00
2026-08-10,6647,3100.0,3100.0,3020.0,3030.0,2600,OK,kabutan,3030.0,yahoo_jp,3030.0,2026-08-31T01:15:10.658508+09:00
2026-08-10,6904,449.0,451.0,448.0,451.0,4600,OK,kabutan,451.0,yahoo_jp,451.0,2026-08-31T01:18:03.239168+09:00
2026-08-10,7093,541.0,551.0,536.0,545.0,2400,OK,kabutan,545.0,yahoo_jp,545.0,2026-08-31T01:20:55.466489+09:00
2026-08-10,9344,944.0,944.0,918.0,942.0,3500,OK,kabutan,942.0,yahoo_jp,942.0,2026-08-31T01:23:50.902752+09:00
2026-08-12,4440,1152.0,1172.0,1152.0,1157.0,9800,OK,kabutan,1157.0,yahoo_jp,1157.0,2026-08-31T01:00:42.707252+09:00
2026-08-12,4707,329.0,330.0,329.0,330.0,2300,OK,kabutan,330.0,yahoo_jp,330.0,2026-08-31T01:03:35.001718+09:00
2026-08-12,5137,230.0,241.0,228.0,235.0,317300,OK,kabutan,235.0,yahoo_jp,235.0,2026-08-31T01:06:31.383114+09:00
2026-08-12,5243,2350.0,2490.0,2328.0,2473.0,291300,OK,kabutan,2473.0,yahoo_jp,2473.0,2026-08-31T01:09:25.432385+09:00
2026-08-12,6027,2500.0,2650.0,2474.0,2650.0,379600,OK,kabutan,2650.0,yahoo_jp,2650.0,2026-08-31T01:12:18.540209+09:00
2026-08-12,6647,3170.0,3270.0,3160.0,3220.0,3700,OK,kabutan,3220.0,yahoo_jp,3220.0,2026-08-31T01:15:10.658508+09:00
2026-08-12,6904,450.0,452.0,450.0,452.0,3300,OK,kabutan,452.0,yahoo_jp,452.0,2026-08-31T01:18:03.239168+09:00
2026-08-12,7093,549.0,557.0,549.0,557.0,5100,OK,kabutan,557.0,yahoo_jp,557.0,2026-08-31T01:20:55.466489+09:00
2026-08-12,9344,934.0,948.0,930.0,943.0,3300,OK,kabutan,943.0,yahoo_jp,943.0,2026-08-31T01:23:50.902752+09:00
2026-08-13,4440,1159.0,1176.0,1159.0,1174.0,9900,OK,kabutan,1174.0,yahoo_jp,1174.0,2026-08-31T01:00:42.707252+09:00
2026-08-13,4707,329.0,329.0,325.0,325.0,3600,OK,kabutan,325.0,yahoo_jp,325.0,2026-08-31T01:03:35.001718+09:00
2026-08-13,5137,232.0,237.0,226.0,232.0,589100,OK,kabutan,232.0,yahoo_jp,232.0,2026-08-31T01:06:31.383114+09:00
2026-08-13,5243,2454.0,2543.0,2402.0,2532.0,298300,OK,kabutan,2532.0,yahoo_jp,2532.0,2026-08-31T01:09:25.432385+09:00
2026-08-13,6027,2795.0,3150.0,2757.0,3150.0,948000,OK,kabutan,3150.0,yahoo_jp,3150.0,2026-08-31T01:12:18.540209+09:00
2026-08-13,6647,3330.0,3335.0,3280.0,3320.0,4100,OK,kabutan,3320.0,yahoo_jp,3320.0,2026-08-31T01:15:10.658508+09:00
2026-08-13,6904,452.0,460.0,450.0,460.0,16700,OK,kabutan,460.0,yahoo_jp,460.0,2026-08-31T01:18:03.239168+09:00
2026-08-13,7093,547.0,568.0,547.0,565.0,27400,OK,kabutan,565.0,yahoo_jp,565.0,2026-08-31T01:20:55.466489+09:00
2026-08-13,9344,941.0,954.0,940.0,954.0,2900,OK,kabutan,954.0,yahoo_jp,954.0,2026-08-31T01:23:50.902752+09:00
2026-08-14,4440,1175.0,1215.0,1174.0,1198.0,15100,OK,kabutan,1198.0,yahoo_jp,1198.0,2026-08-31T01:00:42.707252+09:00
2026-08-14,4707,325.0,328.0,319.0,325.0,41900,OK,kabutan,325.0,yahoo_jp,325.0,2026-08-31T01:03:35.001718+09:00
2026-08-14,5137,240.0,266.0,230.0,266.0,1578200,OK,kabutan,266.0,yahoo_jp,266.0,2026-08-31T01:06:31.383114+09:00
2026-08-14,5243,2516.0,2600.0,2488.0,2560.0,296100,OK,kabutan,2560.0,yahoo_jp,2560.0,2026-08-31T01:09:25.432385+09:00
2026-08-14,6027,3500.0,3835.0,3370.0,3750.0,1095200,OK,kabutan,3750.0,yahoo_jp,3750.0,2026-08-31T01:12:18.540209+09:00
2026-08-14,6647,3320.0,3320.0,3250.0,3250.0,700,OK,kabutan,3250.0,yahoo_jp,3250.0,2026-08-31T01:15:10.658508+09:00
2026-08-14,6904,540.0,540.0,540.0,540.0,87700,OK,kabutan,540.0,yahoo_jp,540.0,2026-08-31T01:18:03.239168+09:00
2026-08-14,7093,569.0,571.0,550.0,567.0,4100,OK,kabutan,567.0,yahoo_jp,567.0,2026-08-31T01:20:55.466489+09:00
2026-08-14,9344,954.0,989.0,954.0,989.0,5900,OK,kabutan,989.0,yahoo_jp,989.0,2026-08-31T01:23:50.902752+09:00
2026-08-17,4440,1198.0,1204.0,1191.0,1193.0,13100,OK,kabutan,1193.0,yahoo_jp,1193.0,2026-08-31T01:00:42.707252+09:00
2026-08-17,4707,326.0,330.0,325.0,328.0,10400,OK,kabutan,328.0,yahoo_jp,328.0,2026-08-31T01:03:35.001718+09:00
2026-08-17,5137,265.0,289.0,262.0,285.0,1037500,OK,kabutan,285.0,yahoo_jp,285.0,2026-08-31T01:06:31.383114+09:00
2026-08-17,5243,2558.0,2598.0,2516.0,2573.0,202500,OK,kabutan,2573.0,yahoo_jp,2573.0,2026-08-31T01:09:25.432385+09:00
2026-08-17,6027,3540.0,3580.0,3340.0,3360.0,328500,OK,kabutan,3360.0,yahoo_jp,3360.0,2026-08-31T01:12:18.540209+09:00
2026-08-17,6647,3280.0,3300.0,3220.0,3280.0,1700,OK,kabutan,3280.0,yahoo_jp,3280.0,2026-08-31T01:15:10.658508+09:00
2026-08-17,6904,548.0,562.0,542.0,562.0,360400,OK,kabutan,562.0,yahoo_jp,562.0,2026-08-31T01:18:03.239168+09:00
2026-08-17,7093,557.0,565.0,556.0,565.0,11100,OK,kabutan,565.0,yahoo_jp,565.0,2026-08-31T01:20:55.466489+09:00
2026-08-17,9344,1139.0,1139.0,1139.0,1139.0,5700,OK,kabutan,1139.0,yahoo_jp,1139.0,2026-08-31T01:23:50.902752+09:00
2026-08-18,4440,1203.0,1203.0,1180.0,1184.0,6900,OK,kabutan,1184.0,yahoo_jp,1184.0,2026-08-31T01:00:42.707252+09:00
2026-08-18,4707,330.0,331.0,325.0,330.0,12200,OK,kabutan,330.0,yahoo_jp,330.0,2026-08-31T01:03:35.001718+09:00
2026-08-18,5137,279.0,303.0,276.0,280.0,724700,OK,kabutan,280.0,yahoo_jp,280.0,2026-08-31T01:06:31.383114+09:00
2026-08-18,5243,2557.0,2641.0,2530.0,2570.0,287600,OK,kabutan,2570.0,yahoo_jp,2570.0,2026-08-31T01:09:25.432385+09:00
2026-08-18,6027,3500.0,4000.0,3455.0,3740.0,586500,OK,kabutan,3740.0,yahoo_jp,3740.0,2026-08-31T01:12:18.540209+09:00
2026-08-18,6647,3215.0,3300.0,3210.0,3250.0,2100,OK,kabutan,3250.0,yahoo_jp,3250.0,2026-08-31T01:15:10.658508+09:00
2026-08-18,6904,565.0,565.0,552.0,562.0,60200,OK,kabutan,562.0,yahoo_jp,562.0,2026-08-31T01:18:03.239168+09:00
2026-08-18,7093,573.0,573.0,558.0,558.0,1700,OK,kabutan,558.0,yahoo_jp,558.0,2026-08-31T01:20:55.466489+09:00
2026-08-18,9344,1379.0,1418.0,1262.0,1369.0,210100,OK,kabutan,1369.0,yahoo_jp,1369.0,2026-08-31T01:23:50.902752+09:00
2026-08-19,4440,1183.0,1183.0,1152.0,1163.0,13500,OK,kabutan,1163.0,yahoo_jp,1163.0,2026-08-31T01:00:42.707252+09:00
2026-08-19,4707,330.0,330.0,327.0,328.0,3600,OK,kabutan,328.0,yahoo_jp,328.0,2026-08-31T01:03:35.001718+09:00
2026-08-19,5137,279.0,290.0,273.0,284.0,494900,OK,kabutan,284.0,yahoo_jp,284.0,2026-08-31T01:06:31.383114+09:00
2026-08-19,5243,2566.0,2593.0,2456.0,2490.0,237400,OK,kabutan,2490.0,yahoo_jp,2490.0,2026-08-31T01:09:25.432385+09:00
2026-08-19,6027,4090.0,4440.0,3950.0,4420.0,1343700,OK,kabutan,4420.0,yahoo_jp,4420.0,2026-08-31T01:12:18.540209+09:00
2026-08-19,6647,3240.0,3240.0,3210.0,3220.0,1400,OK,kabutan,3220.0,yahoo_jp,3220.0,2026-08-31T01:15:10.658508+09:00
2026-08-19,6904,554.0,560.0,541.0,544.0,49000,OK,kabutan,544.0,yahoo_jp,544.0,2026-08-31T01:18:03.239168+09:00
2026-08-19,7093,560.0,560.0,555.0,555.0,500,OK,kabutan,555.0,yahoo_jp,555.0,2026-08-31T01:20:55.466489+09:00
2026-08-19,9344,1309.0,1309.0,1185.0,1241.0,84700,OK,kabutan,1241.0,yahoo_jp,1241.0,2026-08-31T01:23:50.902752+09:00
2026-08-20,4440,1178.0,1197.0,1172.0,1194.0,5400,OK,kabutan,1194.0,yahoo_jp,1194.0,2026-08-31T01:00:42.707252+09:00
2026-08-20,4707,328.0,333.0,328.0,333.0,17000,OK,kabutan,333.0,yahoo_jp,333.0,2026-08-31T01:03:35.001718+09:00
2026-08-20,5137,285.0,305.0,285.0,297.0,470700,OK,kabutan,297.0,yahoo_jp,297.0,2026-08-31T01:06:31.383114+09:00
2026-08-20,5243,2616.0,2645.0,2535.0,2596.0,320700,OK,kabutan,2596.0,yahoo_jp,2596.0,2026-08-31T01:09:25.432385+09:00
2026-08-20,6027,4400.0,4535.0,4155.0,4320.0,605900,OK,kabutan,4320.0,yahoo_jp,4320.0,2026-08-31T01:12:18.540209+09:00
2026-08-20,6647,3215.0,3245.0,3210.0,3245.0,1500,OK,kabutan,3245.0,yahoo_jp,3245.0,2026-08-31T01:15:10.658508+09:00
2026-08-20,6904,543.0,575.0,543.0,569.0,87400,OK,kabutan,569.0,yahoo_jp,569.0,2026-08-31T01:18:03.239168+09:00
2026-08-20,7093,561.0,570.0,561.0,570.0,3800,OK,kabutan,570.0,yahoo_jp,570.0,2026-08-31T01:20:55.466489+09:00
2026-08-20,9344,1219.0,1339.0,1208.0,1299.0,37700,OK,kabutan,1299.0,yahoo_jp,1299.0,2026-08-31T01:23:50.902752+09:00
2026-08-21,4440,1181.0,1188.0,1170.0,1170.0,8600,OK,kabutan,1170.0,yahoo_jp,1170.0,2026-08-31T01:00:42.707252+09:00
2026-08-21,4707,334.0,334.0,329.0,334.0,26500,OK,kabutan,334.0,yahoo_jp,334.0,2026-08-31T01:03:35.001718+09:00
2026-08-21,5137,294.0,309.0,292.0,303.0,382600,OK,kabutan,303.0,yahoo_jp,303.0,2026-08-31T01:06:31.383114+09:00
2026-08-21,5243,2567.0,2620.0,2463.0,2550.0,245000,OK,kabutan,2550.0,yahoo_jp,2550.0,2026-08-31T01:09:25.432385+09:00
2026-08-21,6027,4340.0,4560.0,4190.0,4475.0,437300,OK,kabutan,4475.0,yahoo_jp,4475.0,2026-08-31T01:12:18.540209+09:00
2026-08-21,6647,3230.0,3270.0,3220.0,3270.0,800,OK,kabutan,3270.0,yahoo_jp,3270.0,2026-08-31T01:15:10.658508+09:00
2026-08-21,6904,566.0,574.0,563.0,572.0,17400,OK,kabutan,572.0,yahoo_jp,572.0,2026-08-31T01:18:03.239168+09:00
2026-08-21,7093,573.0,574.0,573.0,574.0,600,OK,kabutan,574.0,yahoo_jp,574.0,2026-08-31T01:20:55.466489+09:00
2026-08-21,9344,1290.0,1290.0,1252.0,1280.0,7800,OK,kabutan,1280.0,yahoo_jp,1280.0,2026-08-31T01:23:50.902752+09:00
2026-08-24,4440,1182.0,1207.0,1177.0,1180.0,8100,OK,kabutan,1180.0,yahoo_jp,1180.0,2026-08-31T01:00:42.707252+09:00
2026-08-24,4707,334.0,335.0,330.0,335.0,18300,OK,kabutan,335.0,yahoo_jp,335.0,2026-08-31T01:03:35.001718+09:00
2026-08-24,5137,301.0,309.0,289.0,290.0,433200,OK,kabutan,290.0,yahoo_jp,290.0,2026-08-31T01:06:31.383114+09:00
2026-08-24,5243,2595.0,2659.0,2518.0,2550.0,260700,OK,kabutan,2550.0,yahoo_jp,2550.0,2026-08-31T01:09:25.432385+09:00
2026-08-24,6027,4495.0,4750.0,4450.0,4735.0,626700,OK,kabutan,4735.0,yahoo_jp,4735.0,2026-08-31T01:12:18.540209+09:00
2026-08-24,6647,3305.0,3875.0,3305.0,3740.0,22900,OK,kabutan,3740.0,yahoo_jp,3740.0,2026-08-31T01:15:10.658508+09:00
2026-08-24,6904,575.0,575.0,557.0,561.0,31700,OK,kabutan,561.0,yahoo_jp,561.0,2026-08-31T01:18:03.239168+09:00
2026-08-24,7093,568.0,580.0,568.0,579.0,5700,OK,kabutan,579.0,yahoo_jp,579.0,2026-08-31T01:20:55.466489+09:00
2026-08-24,9344,1293.0,1300.0,1281.0,1297.0,7500,OK,kabutan,1297.0,yahoo_jp,1297.0,2026-08-31T01:23:50.902752+09:00
2026-08-25,4440,1180.0,1194.0,1176.0,1190.0,7400,OK,kabutan,1190.0,yahoo_jp,1190.0,2026-08-31T01:00:42.707252+09:00
2026-08-25,4707,335.0,340.0,331.0,340.0,37200,OK,kabutan,340.0,yahoo_jp,340.0,2026-08-31T01:03:35.001718+09:00
2026-08-25,5137,293.0,294.0,280.0,285.0,440800,OK,kabutan,285.0,yahoo_jp,285.0,2026-08-31T01:06:31.383114+09:00
2026-08-25,5243,2541.0,2600.0,2468.0,2551.0,176000,OK,kabutan,2551.0,yahoo_jp,2551.0,2026-08-31T01:09:25.432385+09:00
2026-08-25,6027,4700.0,4700.0,4250.0,4345.0,417000,OK,kabutan,4345.0,yahoo_jp,4345.0,2026-08-31T01:12:18.540209+09:00
2026-08-25,6647,3670.0,3680.0,3530.0,3675.0,2700,OK,kabutan,3675.0,yahoo_jp,3675.0,2026-08-31T01:15:10.658508+09:00
2026-08-25,6904,560.0,562.0,557.0,560.0,8000,OK,kabutan,560.0,yahoo_jp,560.0,2026-08-31T01:18:03.239168+09:00
2026-08-25,7093,571.0,580.0,571.0,580.0,900,OK,kabutan,580.0,yahoo_jp,580.0,2026-08-31T01:20:55.466489+09:00
2026-08-25,9344,1299.0,1300.0,1236.0,1252.0,15800,OK,kabutan,1252.0,yahoo_jp,1252.0,2026-08-31T01:23:50.902752+09:00
2026-08-26,4440,1194.0,1209.0,1185.0,1209.0,8800,OK,kabutan,1209.0,yahoo_jp,1209.0,2026-08-31T01:00:42.707252+09:00
2026-08-26,4707,340.0,342.0,336.0,337.0,13600,OK,kabutan,337.0,yahoo_jp,337.0,2026-08-31T01:03:35.001718+09:00
2026-08-26,5137,285.0,294.0,284.0,292.0,205200,OK,kabutan,292.0,yahoo_jp,292.0,2026-08-31T01:06:31.383114+09:00
2026-08-26,5243,2537.0,2756.0,2531.0,2695.0,538600,OK,kabutan,2695.0,yahoo_jp,2695.0,2026-08-31T01:09:25.432385+09:00
2026-08-26,6027,4765.0,5050.0,4735.0,5050.0,763500,OK,kabutan,5050.0,yahoo_jp,5050.0,2026-08-31T01:12:18.540209+09:00
2026-08-26,6647,3535.0,3575.0,3400.0,3400.0,3000,OK,kabutan,3400.0,yahoo_jp,3400.0,2026-08-31T01:15:10.658508+09:00
2026-08-26,6904,563.0,565.0,553.0,561.0,17700,OK,kabutan,561.0,yahoo_jp,561.0,2026-08-31T01:18:03.239168+09:00
2026-08-26,7093,580.0,581.0,580.0,581.0,1300,OK,kabutan,581.0,yahoo_jp,581.0,2026-08-31T01:20:55.466489+09:00
2026-08-26,9344,1277.0,1329.0,1253.0,1298.0,18500,OK,kabutan,1298.0,yahoo_jp,1298.0,2026-08-31T01:23:50.902752+09:00
2026-08-27,4440,1228.0,1241.0,1200.0,1203.0,57200,OK,kabutan,1203.0,yahoo_jp,1203.0,2026-08-31T01:00:42.707252+09:00
2026-08-27,4707,339.0,347.0,337.0,346.0,72000,OK,kabutan,346.0,yahoo_jp,346.0,2026-08-31T01:03:35.001718+09:00
2026-08-27,5137,295.0,306.0,284.0,302.0,926400,OK,kabutan,302.0,yahoo_jp,302.0,2026-08-31T01:06:31.383114+09:00
2026-08-27,5243,2714.0,2820.0,2695.0,2792.0,305300,OK,kabutan,2792.0,yahoo_jp,2792.0,2026-08-31T01:09:25.432385+09:00
2026-08-27,6027,5250.0,5380.0,4830.0,5140.0,631200,OK,kabutan,5140.0,yahoo_jp,5140.0,2026-08-31T01:12:18.540209+09:00
2026-08-27,6647,3410.0,3430.0,3365.0,3365.0,6500,OK,kabutan,3365.0,yahoo_jp,3365.0,2026-08-31T01:15:10.658508+09:00
2026-08-27,6904,553.0,559.0,551.0,553.0,10400,OK,kabutan,553.0,yahoo_jp,553.0,2026-08-31T01:18:03.239168+09:00
2026-08-27,7093,581.0,581.0,565.0,580.0,3600,OK,kabutan,580.0,yahoo_jp,580.0,2026-08-31T01:20:55.466489+09:00
2026-08-27,9344,1327.0,1338.0,1306.0,1321.0,28100,OK,kabutan,1321.0,yahoo_jp,1321.0,2026-08-31T01:23:50.902752+09:00
2026-08-28,4440,1237.0,1485.0,1235.0,1485.0,562600,OK,kabutan,1485.0,yahoo_jp,1485.0,2026-09-01T15:58:28.280973+09:00
2026-08-28,4707,356.0,369.0,349.0,365.0,257700,OK,kabutan,365.0,yahoo_jp,365.0,2026-09-01T16:01:21.693225+09:00
2026-08-28,5137,300.0,323.0,297.0,317.0,1165300,OK,kabutan,317.0,yahoo_jp,317.0,2026-09-01T16:04:15.688123+09:00
2026-08-28,5243,2795.0,3135.0,2777.0,3085.0,883700,OK,kabutan,3085.0,yahoo_jp,3085.0,2026-09-01T16:07:08.232176+09:00
2026-08-28,6027,5080.0,5500.0,4990.0,5110.0,553000,OK,kabutan,5110.0,yahoo_jp,5110.0,2026-09-01T16:09:58.629734+09:00
2026-08-28,6647,3355.0,3380.0,3300.0,3380.0,2900,OK,kabutan,3380.0,yahoo_jp,3380.0,2026-09-01T16:12:53.479055+09:00
2026-08-28,6904,552.0,563.0,548.0,560.0,31400,OK,kabutan,560.0,yahoo_jp,560.0,2026-09-01T16:15:47.465171+09:00
2026-08-28,7093,581.0,609.0,574.0,599.0,15200,OK,kabutan,599.0,yahoo_jp,599.0,2026-09-01T16:18:39.463110+09:00
2026-08-28,9344,1321.0,1335.0,1307.0,1320.0,21300,OK,kabutan,1320.0,yahoo_jp,1320.0,2026-09-01T16:21:32.340483+09:00
2025-07-24,6508,5380.0,5530.0,5380.0,,181100,SINGLE_SOURCE,kabutan,5520.0,,,2026-09-01T15:52:46.251517+09:00
2025-07-24,6622,6940.0,7040.0,6870.0,,89700,SINGLE_SOURCE,kabutan,7010.0,,,2026-09-01T15:55:37.062762+09:00
2025-07-25,6508,5540.0,5560.0,5460.0,,192900,SINGLE_SOURCE,kabutan,5510.0,,,2026-09-01T15:52:46.251517+09:00
2025-07-25,6622,7010.0,7110.0,6960.0,,77300,SINGLE_SOURCE,kabutan,6990.0,,,2026-09-01T15:55:37.062762+09:00
2025-07-28,6508,5540.0,5550.0,5410.0,,192100,SINGLE_SOURCE,kabutan,5510.0,,,2026-09-01T15:52:46.251517+09:00
2025-07-28,6622,7000.0,7040.0,6950.0,,55200,SINGLE_SOURCE,kabutan,7000.0,,,2026-09-01T15:55:37.062762+09:00
2025-07-29,6508,5410.0,5520.0,5410.0,,116900,SINGLE_SOURCE,kabutan,5510.0,,,2026-09-01T15:52:46.251517+09:00
2025-07-29,6622,6930.0,7000.0,6910.0,,48700,SINGLE_SOURCE,kabutan,6990.0,,,2026-09-01T15:55:37.062762+09:00
2025-07-30,6508,5500.0,5660.0,5500.0,,203700,SINGLE_SOURCE,kabutan,5600.0,,,2026-09-01T15:52:46.251517+09:00
2025-07-30,6622,7040.0,7060.0,6930.0,,61600,SINGLE_SOURCE,kabutan,7050.0,,,2026-09-01T15:55:37.062762+09:00
2025-07-31,6508,5700.0,5850.0,5680.0,,261500,SINGLE_SOURCE,kabutan,5740.0,,,2026-09-01T15:52:46.251517+09:00
2025-07-31,6622,7140.0,7290.0,7140.0,,109300,SINGLE_SOURCE,kabutan,7230.0,,,2026-09-01T15:55:37.062762+09:00
2025-08-01,6508,5710.0,5860.0,5530.0,,450900,SINGLE_SOURCE,kabutan,5720.0,,,2026-09-01T15:52:46.251517+09:00
2025-08-01,6622,7090.0,7090.0,6840.0,,238600,SINGLE_SOURCE,kabutan,7060.0,,,2026-09-01T15:55:37.062762+09:00
2025-08-04,6508,5550.0,5710.0,5510.0,,233400,SINGLE_SOURCE,kabutan,5710.0,,,2026-09-01T15:52:46.251517+09:00
2025-08-04,6622,6840.0,6950.0,6830.0,,125400,SINGLE_SOURCE,kabutan,6890.0,,,2026-09-01T15:55:37.062762+09:00
2025-08-05,6508,5790.0,5910.0,5740.0,,158700,SINGLE_SOURCE,kabutan,5840.0,,,2026-09-01T15:52:46.251517+09:00
2025-08-05,6622,6990.0,6990.0,6880.0,,122100,SINGLE_SOURCE,kabutan,6970.0,,,2026-09-01T15:55:37.062762+09:00
2025-08-06,6508,5890.0,6040.0,5890.0,,271200,SINGLE_SOURCE,kabutan,5970.0,,,2026-09-01T15:52:46.251517+09:00
2025-08-06,6622,7970.0,7970.0,7700.0,,613400,SINGLE_SOURCE,kabutan,7970.0,,,2026-09-01T15:55:37.062762+09:00
2025-08-07,6508,6010.0,6050.0,5960.0,,239700,SINGLE_SOURCE,kabutan,6040.0,,,2026-09-01T15:52:46.251517+09:00
2025-08-07,6622,8120.0,8230.0,7950.0,,340400,SINGLE_SOURCE,kabutan,8090.0,,,2026-09-01T15:55:37.062762+09:00
2025-08-08,6508,5990.0,6110.0,5980.0,,190100,SINGLE_SOURCE,kabutan,6030.0,,,2026-09-01T15:52:46.251517+09:00
2025-08-08,6622,8050.0,8240.0,7990.0,,190400,SINGLE_SOURCE,kabutan,8070.0,,,2026-09-01T15:55:37.062762+09:00
2025-08-12,6508,6130.0,6230.0,6030.0,,226600,SINGLE_SOURCE,kabutan,6150.0,,,2026-09-01T15:52:46.251517+09:00
2025-08-12,6622,8120.0,8240.0,8100.0,,179200,SINGLE_SOURCE,kabutan,8140.0,,,2026-09-01T15:55:37.062762+09:00
2025-08-13,6508,6140.0,6200.0,6110.0,,140900,SINGLE_SOURCE,kabutan,6160.0,,,2026-09-01T15:52:46.251517+09:00
2025-08-13,6622,8090.0,8280.0,8070.0,,193000,SINGLE_SOURCE,kabutan,8260.0,,,2026-09-01T15:55:37.062762+09:00
2025-08-14,6508,6080.0,6090.0,5960.0,,181300,SINGLE_SOURCE,kabutan,6020.0,,,2026-09-01T15:52:46.251517+09:00
2025-08-14,6622,8260.0,8260.0,8100.0,,140800,SINGLE_SOURCE,kabutan,8180.0,,,2026-09-01T15:55:37.062762+09:00
2025-08-15,6508,5990.0,6040.0,5940.0,,218700,SINGLE_SOURCE,kabutan,6000.0,,,2026-09-01T15:52:46.251517+09:00
2025-08-15,6622,8190.0,8280.0,8120.0,,104200,SINGLE_SOURCE,kabutan,8220.0,,,2026-09-01T15:55:37.062762+09:00
2025-08-18,6508,5980.0,6040.0,5930.0,,170700,SINGLE_SOURCE,kabutan,6020.0,,,2026-09-01T15:52:46.251517+09:00
2025-08-18,6622,8280.0,8280.0,8080.0,,154700,SINGLE_SOURCE,kabutan,8100.0,,,2026-09-01T15:55:37.062762+09:00
2025-08-19,6508,6030.0,6080.0,5930.0,,170800,SINGLE_SOURCE,kabutan,6040.0,,,2026-09-01T15:52:46.251517+09:00
2025-08-19,6622,8100.0,8140.0,8010.0,,190200,SINGLE_SOURCE,kabutan,8120.0,,,2026-09-01T15:55:37.062762+09:00
2025-08-20,6508,6060.0,6060.0,5850.0,,198400,SINGLE_SOURCE,kabutan,5940.0,,,2026-09-01T15:52:46.251517+09:00
2025-08-20,6622,8020.0,8050.0,7920.0,,177000,SINGLE_SOURCE,kabutan,7950.0,,,2026-09-01T15:55:37.062762+09:00
2025-08-21,6508,5890.0,6010.0,5880.0,,171900,SINGLE_SOURCE,kabutan,5980.0,,,2026-09-01T15:52:46.251517+09:00
2025-08-21,6622,7900.0,7960.0,7870.0,,96400,SINGLE_SOURCE,kabutan,7910.0,,,2026-09-01T15:55:37.062762+09:00
2025-08-22,6508,6030.0,6100.0,5970.0,,169700,SINGLE_SOURCE,kabutan,6030.0,,,2026-09-01T15:52:46.251517+09:00
2025-08-22,6622,7880.0,7940.0,7820.0,,116500,SINGLE_SOURCE,kabutan,7880.0,,,2026-09-01T15:55:37.062762+09:00
2025-08-25,6508,6100.0,6190.0,6090.0,,131900,SINGLE_SOURCE,kabutan,6090.0,,,2026-09-01T15:52:46.251517+09:00
2025-08-25,6622,7930.0,8030.0,7900.0,,120900,SINGLE_SOURCE,kabutan,7910.0,,,2026-09-01T15:55:37.062762+09:00
2025-08-26,6508,6090.0,6140.0,6000.0,,158300,SINGLE_SOURCE,kabutan,6040.0,,,2026-09-01T15:52:46.251517+09:00
2025-08-26,6622,7870.0,7930.0,7760.0,,107300,SINGLE_SOURCE,kabutan,7800.0,,,2026-09-01T15:55:37.062762+09:00
2025-08-27,6508,6030.0,6030.0,5940.0,,142600,SINGLE_SOURCE,kabutan,5980.0,,,2026-09-01T15:52:46.251517+09:00
2025-08-27,6622,7830.0,7840.0,7720.0,,90800,SINGLE_SOURCE,kabutan,7800.0,,,2026-09-01T15:55:37.062762+09:00
2025-08-28,6508,5930.0,5960.0,5880.0,,179700,SINGLE_SOURCE,kabutan,5900.0,,,2026-09-01T15:52:46.251517+09:00
2025-08-28,6622,7740.0,7890.0,7730.0,,124600,SINGLE_SOURCE,kabutan,7840.0,,,2026-09-01T15:55:37.062762+09:00
2025-08-29,6508,6000.0,6030.0,5830.0,,210100,SINGLE_SOURCE,kabutan,5870.0,,,2026-09-01T15:52:46.251517+09:00
2025-08-29,6622,7900.0,7940.0,7830.0,,132200,SINGLE_SOURCE,kabutan,7860.0,,,2026-09-01T15:55:37.062762+09:00
2025-09-01,6508,5790.0,5880.0,5720.0,5750.0,153400,OK,kabutan,5750.0,yahoo_jp,5750.0,2026-09-01T15:52:46.251517+09:00
2025-09-01,6622,7780.0,7870.0,7710.0,7750.0,74700,OK,kabutan,7750.0,yahoo_jp,7750.0,2026-09-01T15:55:37.062762+09:00
2025-09-02,6508,5790.0,5790.0,5700.0,5750.0,159200,OK,kabutan,5750.0,yahoo_jp,5750.0,2026-09-01T15:52:46.251517+09:00
2025-09-02,6622,7840.0,7880.0,7650.0,7770.0,120900,OK,kabutan,7770.0,yahoo_jp,7770.0,2026-09-01T15:55:37.062762+09:00
2025-09-03,6508,5750.0,5780.0,5600.0,5650.0,178300,OK,kabutan,5650.0,yahoo_jp,5650.0,2026-09-01T15:52:46.251517+09:00
2025-09-03,6622,7720.0,7780.0,7650.0,7740.0,142100,OK,kabutan,7740.0,yahoo_jp,7740.0,2026-09-01T15:55:37.062762+09:00
2025-09-04,6508,5650.0,5680.0,5600.0,5670.0,152900,OK,kabutan,5670.0,yahoo_jp,5670.0,2026-09-01T15:52:46.251517+09:00
2025-09-04,6622,7680.0,7710.0,7550.0,7620.0,115400,OK,kabutan,7620.0,yahoo_jp,7620.0,2026-09-01T15:55:37.062762+09:00
2025-09-05,6508,5730.0,5810.0,5660.0,5790.0,132000,OK,kabutan,5790.0,yahoo_jp,5790.0,2026-09-01T15:52:46.251517+09:00
2025-09-05,6622,7730.0,7740.0,7630.0,7720.0,122500,OK,kabutan,7720.0,yahoo_jp,7720.0,2026-09-01T15:55:37.062762+09:00
2025-09-08,6508,5850.0,5930.0,5790.0,5880.0,142400,OK,kabutan,5880.0,yahoo_jp,5880.0,2026-09-01T15:52:46.251517+09:00
2025-09-08,6622,7800.0,7920.0,7760.0,7920.0,97700,OK,kabutan,7920.0,yahoo_jp,7920.0,2026-09-01T15:55:37.062762+09:00
2025-09-09,6508,5960.0,6100.0,5850.0,5900.0,158500,OK,kabutan,5900.0,yahoo_jp,5900.0,2026-09-01T15:52:46.251517+09:00
2025-09-09,6622,8000.0,8060.0,7780.0,7830.0,133400,OK,kabutan,7830.0,yahoo_jp,7830.0,2026-09-01T15:55:37.062762+09:00
2025-09-10,6508,5890.0,6100.0,5870.0,6050.0,135800,OK,kabutan,6050.0,yahoo_jp,6050.0,2026-09-01T15:52:46.251517+09:00
2025-09-10,6622,7840.0,7940.0,7810.0,7930.0,88100,OK,kabutan,7930.0,yahoo_jp,7930.0,2026-09-01T15:55:37.062762+09:00
2025-09-11,6508,6050.0,6230.0,6050.0,6170.0,129300,OK,kabutan,6170.0,yahoo_jp,6170.0,2026-09-01T15:52:46.251517+09:00
2025-09-11,6622,8020.0,8210.0,8000.0,8100.0,181700,OK,kabutan,8100.0,yahoo_jp,8100.0,2026-09-01T15:55:37.062762+09:00
2025-09-12,6508,6170.0,6220.0,6070.0,6120.0,132000,OK,kabutan,6120.0,yahoo_jp,6120.0,2026-09-01T15:52:46.251517+09:00
2025-09-12,6622,8120.0,8250.0,8060.0,8210.0,142300,OK,kabutan,8210.0,yahoo_jp,8210.0,2026-09-01T15:55:37.062762+09:00
2025-09-16,6508,6120.0,6180.0,6040.0,6060.0,125600,OK,kabutan,6060.0,yahoo_jp,6060.0,2026-09-01T15:52:46.251517+09:00
2025-09-16,6622,8340.0,8480.0,8320.0,8400.0,185800,OK,kabutan,8400.0,yahoo_jp,8400.0,2026-09-01T15:55:37.062762+09:00
2025-09-17,6508,6010.0,6020.0,5870.0,5880.0,127500,OK,kabutan,5880.0,yahoo_jp,5880.0,2026-09-01T15:52:46.251517+09:00
2025-09-17,6622,8300.0,8340.0,8070.0,8090.0,118800,OK,kabutan,8090.0,yahoo_jp,8090.0,2026-09-01T15:55:37.062762+09:00
2025-09-18,6508,5870.0,5960.0,5830.0,5910.0,115700,OK,kabutan,5910.0,yahoo_jp,5910.0,2026-09-01T15:52:46.251517+09:00
2025-09-18,6622,8120.0,8390.0,8080.0,8330.0,133700,OK,kabutan,8330.0,yahoo_jp,8330.0,2026-09-01T15:55:37.062762+09:00
2025-09-19,6508,5940.0,6000.0,5820.0,5940.0,167300,OK,kabutan,5940.0,yahoo_jp,5940.0,2026-09-01T15:52:46.251517+09:00
2025-09-19,6622,8450.0,8470.0,8130.0,8300.0,231700,OK,kabutan,8300.0,yahoo_jp,8300.0,2026-09-01T15:55:37.062762+09:00
2025-09-22,6508,5990.0,6060.0,5910.0,5920.0,94400,OK,kabutan,5920.0,yahoo_jp,5920.0,2026-09-01T15:52:46.251517+09:00
2025-09-22,6622,8310.0,8520.0,8310.0,8350.0,103900,OK,kabutan,8350.0,yahoo_jp,8350.0,2026-09-01T15:55:37.062762+09:00
2025-09-24,6508,5950.0,5960.0,5850.0,5950.0,93100,OK,kabutan,5950.0,yahoo_jp,5950.0,2026-09-01T15:52:46.251517+09:00
2025-09-24,6622,8400.0,8420.0,8260.0,8420.0,83300,OK,kabutan,8420.0,yahoo_jp,8420.0,2026-09-01T15:55:37.062762+09:00
2025-09-25,6508,5930.0,5990.0,5860.0,5910.0,95900,OK,kabutan,5910.0,yahoo_jp,5910.0,2026-09-01T15:52:46.251517+09:00
2025-09-25,6622,8350.0,8550.0,8330.0,8460.0,129700,OK,kabutan,8460.0,yahoo_jp,8460.0,2026-09-01T15:55:37.062762+09:00
2025-09-26,6508,5910.0,5990.0,5850.0,5880.0,136600,OK,kabutan,5880.0,yahoo_jp,5880.0,2026-09-01T15:52:46.251517+09:00
2025-09-26,6622,8420.0,8420.0,8260.0,8280.0,115000,OK,kabutan,8280.0,yahoo_jp,8280.0,2026-09-01T15:55:37.062762+09:00
2025-09-29,6508,5830.0,5880.0,5710.0,5820.0,131100,OK,kabutan,5820.0,yahoo_jp,5820.0,2026-09-01T15:52:46.251517+09:00
2025-09-29,6622,8150.0,8200.0,8100.0,8160.0,85700,OK,kabutan,8160.0,yahoo_jp,8160.0,2026-09-01T15:55:37.062762+09:00
2025-09-30,6508,5860.0,5900.0,5800.0,5890.0,106200,OK,kabutan,5890.0,yahoo_jp,5890.0,2026-09-01T15:52:46.251517+09:00
2025-09-30,6622,8180.0,8260.0,8090.0,8230.0,92500,OK,kabutan,8230.0,yahoo_jp,8230.0,2026-09-01T15:55:37.062762+09:00
2025-10-01,6508,5810.0,5830.0,5530.0,5670.0,312200,OK,kabutan,5670.0,yahoo_jp,5670.0,2026-09-01T15:52:46.251517+09:00
2025-10-01,6622,8110.0,8180.0,7950.0,7980.0,178700,OK,kabutan,7980.0,yahoo_jp,7980.0,2026-09-01T15:55:37.062762+09:00
2025-10-02,6508,5720.0,5800.0,5720.0,5770.0,113400,OK,kabutan,5770.0,yahoo_jp,5770.0,2026-09-01T15:52:46.251517+09:00
2025-10-02,6622,8010.0,8440.0,7980.0,8390.0,190000,OK,kabutan,8390.0,yahoo_jp,8390.0,2026-09-01T15:55:37.062762+09:00
2025-10-03,6508,5770.0,5790.0,5750.0,5750.0,66900,OK,kabutan,5750.0,yahoo_jp,5750.0,2026-09-01T15:52:46.251517+09:00
2025-10-03,6622,8240.0,8390.0,8200.0,8210.0,265000,OK,kabutan,8210.0,yahoo_jp,8210.0,2026-09-01T15:55:37.062762+09:00
2025-10-06,6508,6050.0,6050.0,5860.0,5880.0,179600,OK,kabutan,5880.0,yahoo_jp,5880.0,2026-09-01T15:52:46.251517+09:00
2025-10-06,6622,8590.0,8620.0,8400.0,8520.0,170000,OK,kabutan,8520.0,yahoo_jp,8520.0,2026-09-01T15:55:37.062762+09:00
2025-10-07,6508,5930.0,5970.0,5810.0,5880.0,129000,OK,kabutan,5880.0,yahoo_jp,5880.0,2026-09-01T15:52:46.251517+09:00
2025-10-07,6622,8650.0,8780.0,8550.0,8640.0,236600,OK,kabutan,8640.0,yahoo_jp,8640.0,2026-09-01T15:55:37.062762+09:00
2025-10-08,6508,5870.0,5930.0,5780.0,5790.0,192900,OK,kabutan,5790.0,yahoo_jp,5790.0,2026-09-01T15:52:46.251517+09:00
2025-10-08,6622,8630.0,8980.0,8580.0,8980.0,224200,OK,kabutan,8980.0,yahoo_jp,8980.0,2026-09-01T15:55:37.062762+09:00
2025-10-09,6508,5940.0,6200.0,5900.0,6200.0,321100,OK,kabutan,6200.0,yahoo_jp,6200.0,2026-09-01T15:52:46.251517+09:00
2025-10-09,6622,9280.0,9490.0,9160.0,9480.0,280400,OK,kabutan,9480.0,yahoo_jp,9480.0,2026-09-01T15:55:37.062762+09:00
2025-10-10,6508,6070.0,6070.0,5810.0,5810.0,326700,OK,kabutan,5810.0,yahoo_jp,5810.0,2026-09-01T15:52:46.251517+09:00
2025-10-10,6622,9360.0,9650.0,9290.0,9380.0,326000,OK,kabutan,9380.0,yahoo_jp,9380.0,2026-09-01T15:55:37.062762+09:00
2025-10-14,6508,5760.0,5930.0,5630.0,5650.0,222500,OK,kabutan,5650.0,yahoo_jp,5650.0,2026-09-01T15:52:46.251517+09:00
2025-10-14,6622,9130.0,9420.0,8910.0,8980.0,296900,OK,kabutan,8980.0,yahoo_jp,8980.0,2026-09-01T15:55:37.062762+09:00
2025-10-15,6508,5810.0,6050.0,5740.0,6050.0,273600,OK,kabutan,6050.0,yahoo_jp,6050.0,2026-09-01T15:52:46.251517+09:00
2025-10-15,6622,9040.0,9500.0,9030.0,9440.0,225900,OK,kabutan,9440.0,yahoo_jp,9440.0,2026-09-01T15:55:37.062762+09:00
2025-10-16,6508,6130.0,6160.0,5950.0,6070.0,180200,OK,kabutan,6070.0,yahoo_jp,6070.0,2026-09-01T15:52:46.251517+09:00
2025-10-16,6622,9520.0,9620.0,9350.0,9480.0,157000,OK,kabutan,9480.0,yahoo_jp,9480.0,2026-09-01T15:55:37.062762+09:00
2025-10-17,6508,6010.0,6050.0,5890.0,5940.0,113200,OK,kabutan,5940.0,yahoo_jp,5940.0,2026-09-01T15:52:46.251517+09:00
2025-10-17,6622,9360.0,9480.0,9250.0,9310.0,110100,OK,kabutan,9310.0,yahoo_jp,9310.0,2026-09-01T15:55:37.062762+09:00
2025-10-20,6508,6030.0,6200.0,5960.0,6170.0,127600,OK,kabutan,6170.0,yahoo_jp,6170.0,2026-09-01T15:52:46.251517+09:00
2025-10-20,6622,9420.0,9760.0,9410.0,9650.0,128000,OK,kabutan,9650.0,yahoo_jp,9650.0,2026-09-01T15:55:37.062762+09:00
2025-10-21,6508,6150.0,6200.0,6070.0,6070.0,96300,OK,kabutan,6070.0,yahoo_jp,6070.0,2026-09-01T15:52:46.251517+09:00
2025-10-21,6622,9800.0,9890.0,9490.0,9530.0,124700,OK,kabutan,9530.0,yahoo_jp,9530.0,2026-09-01T15:55:37.062762+09:00
2025-10-22,6508,6120.0,6540.0,6120.0,6510.0,398300,OK,kabutan,6510.0,yahoo_jp,6510.0,2026-09-01T15:52:46.251517+09:00
2025-10-22,6622,9500.0,9640.0,9410.0,9610.0,153100,OK,kabutan,9610.0,yahoo_jp,9610.0,2026-09-01T15:55:37.062762+09:00
2025-10-23,6508,6410.0,6510.0,6380.0,6460.0,142700,OK,kabutan,6460.0,yahoo_jp,6460.0,2026-09-01T15:52:46.251517+09:00
2025-10-23,6622,9470.0,9520.0,9400.0,9490.0,102200,OK,kabutan,9490.0,yahoo_jp,9490.0,2026-09-01T15:55:37.062762+09:00
2025-10-24,6508,6540.0,6660.0,6530.0,6620.0,176400,OK,kabutan,6620.0,yahoo_jp,6620.0,2026-09-01T15:52:46.251517+09:00
2025-10-24,6622,9490.0,9740.0,9490.0,9680.0,133200,OK,kabutan,9680.0,yahoo_jp,9680.0,2026-09-01T15:55:37.062762+09:00
2025-10-27,6508,6720.0,6740.0,6640.0,6650.0,313000,OK,kabutan,6650.0,yahoo_jp,6650.0,2026-09-01T15:52:46.251517+09:00
2025-10-27,6622,9790.0,10030.0,9730.0,9960.0,195900,OK,kabutan,9960.0,yahoo_jp,9960.0,2026-09-01T15:55:37.062762+09:00
2025-10-28,6508,6670.0,6710.0,6570.0,6580.0,303600,OK,kabutan,6580.0,yahoo_jp,6580.0,2026-09-01T15:52:46.251517+09:00
2025-10-28,6622,9970.0,10010.0,9650.0,9690.0,218200,OK,kabutan,9690.0,yahoo_jp,9690.0,2026-09-01T15:55:37.062762+09:00
2025-10-29,6508,6940.0,7050.0,6870.0,6950.0,415000,OK,kabutan,6950.0,yahoo_jp,6950.0,2026-09-01T15:52:46.251517+09:00
2025-10-29,6622,9770.0,9860.0,9680.0,9680.0,146000,OK,kabutan,9680.0,yahoo_jp,9680.0,2026-09-01T15:55:37.062762+09:00
2025-10-30,6508,7010.0,7520.0,7000.0,7350.0,895600,OK,kabutan,7350.0,yahoo_jp,7350.0,2026-09-01T15:52:46.251517+09:00
2025-10-30,6622,9730.0,10020.0,9720.0,9960.0,177000,OK,kabutan,9960.0,yahoo_jp,9960.0,2026-09-01T15:55:37.062762+09:00
2025-10-31,6508,6700.0,6890.0,6100.0,6130.0,1777500,OK,kabutan,6130.0,yahoo_jp,6130.0,2026-09-01T15:52:46.251517+09:00
2025-10-31,6622,9840.0,10220.0,9820.0,10130.0,222700,OK,kabutan,10130.0,yahoo_jp,10130.0,2026-09-01T15:55:37.062762+09:00
2025-11-04,6508,6350.0,6530.0,6260.0,6520.0,740500,OK,kabutan,6520.0,yahoo_jp,6520.0,2026-09-01T15:52:46.251517+09:00
2025-11-04,6622,10340.0,10560.0,10260.0,10320.0,314500,OK,kabutan,10320.0,yahoo_jp,10320.0,2026-09-01T15:55:37.062762+09:00
2025-11-05,6508,6220.0,6270.0,5880.0,6230.0,656600,OK,kabutan,6230.0,yahoo_jp,6230.0,2026-09-01T15:52:46.251517+09:00
2025-11-05,6622,9840.0,10030.0,9430.0,10030.0,328700,OK,kabutan,10030.0,yahoo_jp,10030.0,2026-09-01T15:55:37.062762+09:00
2025-11-06,6508,6320.0,6350.0,6130.0,6170.0,310700,OK,kabutan,6170.0,yahoo_jp,6170.0,2026-09-01T15:52:46.251517+09:00
2025-11-06,6622,10250.0,10470.0,10110.0,10390.0,276700,OK,kabutan,10390.0,yahoo_jp,10390.0,2026-09-01T15:55:37.062762+09:00
2025-11-07,6508,6010.0,6140.0,5970.0,6050.0,277600,OK,kabutan,6050.0,yahoo_jp,6050.0,2026-09-01T15:52:46.251517+09:00
2025-11-07,6622,9500.0,10100.0,9400.0,9730.0,554700,OK,kabutan,9730.0,yahoo_jp,9730.0,2026-09-01T15:55:37.062762+09:00
2025-11-10,6508,6100.0,6120.0,6020.0,6080.0,188600,OK,kabutan,6080.0,yahoo_jp,6080.0,2026-09-01T15:52:46.251517+09:00
2025-11-10,6622,9730.0,9900.0,9610.0,9810.0,207600,OK,kabutan,9810.0,yahoo_jp,9810.0,2026-09-01T15:55:37.062762+09:00
2025-11-11,6508,6090.0,6330.0,5980.0,6010.0,206800,OK,kabutan,6010.0,yahoo_jp,6010.0,2026-09-01T15:52:46.251517+09:00
2025-11-11,6622,9830.0,9920.0,9530.0,9550.0,217500,OK,kabutan,9550.0,yahoo_jp,9550.0,2026-09-01T15:55:37.062762+09:00
2025-11-12,6508,5960.0,6230.0,5900.0,6150.0,224200,OK,kabutan,6150.0,yahoo_jp,6150.0,2026-09-01T15:52:46.251517+09:00
2025-11-12,6622,9420.0,9540.0,9240.0,9480.0,236100,OK,kabutan,9480.0,yahoo_jp,9480.0,2026-09-01T15:55:37.062762+09:00
2025-11-13,6508,6230.0,6670.0,6150.0,6540.0,423900,OK,kabutan,6540.0,yahoo_jp,6540.0,2026-09-01T15:52:46.251517+09:00
2025-11-13,6622,9490.0,9600.0,9390.0,9510.0,167800,OK,kabutan,9510.0,yahoo_jp,9510.0,2026-09-01T15:55:37.062762+09:00
2025-11-14,6508,6250.0,6250.0,5970.0,6030.0,376500,OK,kabutan,6030.0,yahoo_jp,6030.0,2026-09-01T15:52:46.251517+09:00
2025-11-14,6622,9160.0,9250.0,9000.0,9010.0,217700,OK,kabutan,9010.0,yahoo_jp,9010.0,2026-09-01T15:55:37.062762+09:00
2025-11-17,6508,6000.0,6050.0,5870.0,6050.0,199100,OK,kabutan,6050.0,yahoo_jp,6050.0,2026-09-01T15:52:46.251517+09:00
2025-11-17,6622,9080.0,9250.0,9020.0,9220.0,148700,OK,kabutan,9220.0,yahoo_jp,9220.0,2026-09-01T15:55:37.062762+09:00
2025-11-18,6508,6000.0,6030.0,5680.0,5680.0,268000,OK,kabutan,5680.0,yahoo_jp,5680.0,2026-09-01T15:52:46.251517+09:00
2025-11-18,6622,9070.0,9160.0,8640.0,8660.0,601000,OK,kabutan,8660.0,yahoo_jp,8660.0,2026-09-01T15:55:37.062762+09:00
2025-11-19,6508,5680.0,5740.0,5500.0,5640.0,211200,OK,kabutan,5640.0,yahoo_jp,5640.0,2026-09-01T15:52:46.251517+09:00
2025-11-19,6622,8590.0,8750.0,8470.0,8590.0,246700,OK,kabutan,8590.0,yahoo_jp,8590.0,2026-09-01T15:55:37.062762+09:00
2025-11-20,6508,5870.0,5890.0,5780.0,5820.0,155000,OK,kabutan,5820.0,yahoo_jp,5820.0,2026-09-01T15:52:46.251517+09:00
2025-11-20,6622,8820.0,8950.0,8670.0,8720.0,219400,OK,kabutan,8720.0,yahoo_jp,8720.0,2026-09-01T15:55:37.062762+09:00
2025-11-21,6508,5620.0,5690.0,5450.0,5520.0,326200,OK,kabutan,5520.0,yahoo_jp,5520.0,2026-09-01T15:52:46.251517+09:00
2025-11-21,6622,8470.0,8560.0,8270.0,8400.0,313600,OK,kabutan,8400.0,yahoo_jp,8400.0,2026-09-01T15:55:37.062762+09:00
2025-11-25,6508,5620.0,5680.0,5530.0,5560.0,279800,OK,kabutan,5560.0,yahoo_jp,5560.0,2026-09-01T15:52:46.251517+09:00
2025-11-25,6622,8520.0,8710.0,8420.0,8540.0,344500,OK,kabutan,8540.0,yahoo_jp,8540.0,2026-09-01T15:55:37.062762+09:00
2025-11-26,6508,5590.0,5730.0,5560.0,5640.0,238000,OK,kabutan,5640.0,yahoo_jp,5640.0,2026-09-01T15:52:46.251517+09:00
2025-11-26,6622,8540.0,8680.0,8490.0,8640.0,730200,OK,kabutan,8640.0,yahoo_jp,8640.0,2026-09-01T15:55:37.062762+09:00
2025-11-27,6508,5640.0,5800.0,5600.0,5790.0,194700,OK,kabutan,5790.0,yahoo_jp,5790.0,2026-09-01T15:52:46.251517+09:00
2025-11-27,6622,8690.0,8780.0,8560.0,8630.0,689700,OK,kabutan,8630.0,yahoo_jp,8630.0,2026-09-01T15:55:37.062762+09:00
2025-11-28,6508,5790.0,5840.0,5730.0,5800.0,167500,OK,kabutan,5800.0,yahoo_jp,5800.0,2026-09-01T15:52:46.251517+09:00
2025-11-28,6622,8640.0,8780.0,8550.0,8720.0,394600,OK,kabutan,8720.0,yahoo_jp,8720.0,2026-09-01T15:55:37.062762+09:00
2025-12-01,6508,5760.0,5800.0,5580.0,5580.0,229600,OK,kabutan,5580.0,yahoo_jp,5580.0,2026-09-01T15:52:46.251517+09:00
2025-12-01,6622,8870.0,8950.0,8620.0,8630.0,1372200,OK,kabutan,8630.0,yahoo_jp,8630.0,2026-09-01T15:55:37.062762+09:00
2025-12-02,6508,5610.0,5650.0,5450.0,5520.0,294000,OK,kabutan,5520.0,yahoo_jp,5520.0,2026-09-01T15:52:46.251517+09:00
2025-12-02,6622,8780.0,8890.0,8620.0,8660.0,327200,OK,kabutan,8660.0,yahoo_jp,8660.0,2026-09-01T15:55:37.062762+09:00
2025-12-03,6508,5540.0,5580.0,5470.0,5540.0,186100,OK,kabutan,5540.0,yahoo_jp,5540.0,2026-09-01T15:52:46.251517+09:00
2025-12-03,6622,8950.0,9090.0,8890.0,9040.0,478500,OK,kabutan,9040.0,yahoo_jp,9040.0,2026-09-01T15:55:37.062762+09:00
2025-12-04,6508,5550.0,5690.0,5550.0,5650.0,172600,OK,kabutan,5650.0,yahoo_jp,5650.0,2026-09-01T15:52:46.251517+09:00
2025-12-04,6622,9040.0,9610.0,9000.0,9280.0,484400,OK,kabutan,9280.0,yahoo_jp,9280.0,2026-09-01T15:55:37.062762+09:00
2025-12-05,6508,5580.0,5710.0,5580.0,5620.0,149300,OK,kabutan,5620.0,yahoo_jp,5620.0,2026-09-01T15:52:46.251517+09:00
2025-12-05,6622,9280.0,9580.0,9240.0,9490.0,264100,OK,kabutan,9490.0,yahoo_jp,9490.0,2026-09-01T15:55:37.062762+09:00
2025-12-08,6508,5700.0,5840.0,5660.0,5780.0,231600,OK,kabutan,5780.0,yahoo_jp,5780.0,2026-09-01T15:52:46.251517+09:00
2025-12-08,6622,9600.0,9910.0,9580.0,9890.0,347800,OK,kabutan,9890.0,yahoo_jp,9890.0,2026-09-01T15:55:37.062762+09:00
2025-12-09,6508,5790.0,5820.0,5640.0,5720.0,156800,OK,kabutan,5720.0,yahoo_jp,5720.0,2026-09-01T15:52:46.251517+09:00
2025-12-09,6622,9850.0,9910.0,9700.0,9880.0,192700,OK,kabutan,9880.0,yahoo_jp,9880.0,2026-09-01T15:55:37.062762+09:00
2025-12-10,6508,5660.0,5680.0,5540.0,5570.0,253400,OK,kabutan,5570.0,yahoo_jp,5570.0,2026-09-01T15:52:46.251517+09:00
2025-12-10,6622,9820.0,9970.0,9660.0,9800.0,205300,OK,kabutan,9800.0,yahoo_jp,9800.0,2026-09-01T15:55:37.062762+09:00
2025-12-11,6508,5670.0,5680.0,5450.0,5500.0,148000,OK,kabutan,5500.0,yahoo_jp,5500.0,2026-09-01T15:52:46.251517+09:00
2025-12-11,6622,9890.0,9920.0,9550.0,9550.0,182700,OK,kabutan,9550.0,yahoo_jp,9550.0,2026-09-01T15:55:37.062762+09:00
2025-12-12,6508,5560.0,5720.0,5530.0,5710.0,219600,OK,kabutan,5710.0,yahoo_jp,5710.0,2026-09-01T15:52:46.251517+09:00
2025-12-12,6622,9680.0,9750.0,9480.0,9720.0,204000,OK,kabutan,9720.0,yahoo_jp,9720.0,2026-09-01T15:55:37.062762+09:00
2025-12-15,6508,5610.0,5640.0,5540.0,5600.0,137900,OK,kabutan,5600.0,yahoo_jp,5600.0,2026-09-01T15:52:46.251517+09:00
2025-12-15,6622,9510.0,9620.0,9440.0,9580.0,194900,OK,kabutan,9580.0,yahoo_jp,9580.0,2026-09-01T15:55:37.062762+09:00
2025-12-16,6508,5610.0,5630.0,5460.0,5490.0,177600,OK,kabutan,5490.0,yahoo_jp,5490.0,2026-09-01T15:52:46.251517+09:00
2025-12-16,6622,9590.0,9660.0,9290.0,9390.0,222500,OK,kabutan,9390.0,yahoo_jp,9390.0,2026-09-01T15:55:37.062762+09:00
2025-12-17,6508,5550.0,5650.0,5450.0,5560.0,204600,OK,kabutan,5560.0,yahoo_jp,5560.0,2026-09-01T15:52:46.251517+09:00
2025-12-17,6622,9500.0,9770.0,9490.0,9610.0,292600,OK,kabutan,9610.0,yahoo_jp,9610.0,2026-09-01T15:55:37.062762+09:00
2025-12-18,6508,5440.0,5500.0,5370.0,5450.0,199000,OK,kabutan,5450.0,yahoo_jp,5450.0,2026-09-01T15:52:46.251517+09:00
2025-12-18,6622,9400.0,9470.0,9230.0,9290.0,314800,OK,kabutan,9290.0,yahoo_jp,9290.0,2026-09-01T15:55:37.062762+09:00
2025-12-19,6508,5470.0,5500.0,5430.0,5450.0,229400,OK,kabutan,5450.0,yahoo_jp,5450.0,2026-09-01T15:52:46.251517+09:00
2025-12-19,6622,9340.0,9620.0,9320.0,9600.0,219200,OK,kabutan,9600.0,yahoo_jp,9600.0,2026-09-01T15:55:37.062762+09:00
2025-12-22,6508,5520.0,5570.0,5460.0,5550.0,158300,OK,kabutan,5550.0,yahoo_jp,5550.0,2026-09-01T15:52:46.251517+09:00
2025-12-22,6622,9800.0,10200.0,9790.0,10120.0,306000,OK,kabutan,10120.0,yahoo_jp,10120.0,2026-09-01T15:55:37.062762+09:00
2025-12-23,6508,5590.0,5630.0,5570.0,5630.0,126500,OK,kabutan,5630.0,yahoo_jp,5630.0,2026-09-01T15:52:46.251517+09:00
2025-12-23,6622,10110.0,10170.0,10010.0,10120.0,139100,OK,kabutan,10120.0,yahoo_jp,10120.0,2026-09-01T15:55:37.062762+09:00
2025-12-24,6508,5640.0,5770.0,5590.0,5700.0,162600,OK,kabutan,5700.0,yahoo_jp,5700.0,2026-09-01T15:52:46.251517+09:00
2025-12-24,6622,10120.0,10230.0,10060.0,10060.0,150600,OK,kabutan,10060.0,yahoo_jp,10060.0,2026-09-01T15:55:37.062762+09:00
2025-12-25,6508,5710.0,5730.0,5620.0,5680.0,91200,OK,kabutan,5680.0,yahoo_jp,5680.0,2026-09-01T15:52:46.251517+09:00
2025-12-25,6622,10080.0,10270.0,10080.0,10200.0,147100,OK,kabutan,10200.0,yahoo_jp,10200.0,2026-09-01T15:55:37.062762+09:00
2025-12-26,6508,5750.0,5830.0,5550.0,5580.0,177900,OK,kabutan,5580.0,yahoo_jp,5580.0,2026-09-01T15:52:46.251517+09:00
2025-12-26,6622,10250.0,10270.0,10040.0,10100.0,159600,OK,kabutan,10100.0,yahoo_jp,10100.0,2026-09-01T15:55:37.062762+09:00
2025-12-29,6508,5630.0,5660.0,5580.0,5640.0,81300,OK,kabutan,5640.0,yahoo_jp,5640.0,2026-09-01T15:52:46.251517+09:00
2025-12-29,6622,10180.0,10220.0,10090.0,10150.0,85200,OK,kabutan,10150.0,yahoo_jp,10150.0,2026-09-01T15:55:37.062762+09:00
2025-12-30,6508,5630.0,5640.0,5570.0,5570.0,91700,OK,kabutan,5570.0,yahoo_jp,5570.0,2026-09-01T15:52:46.251517+09:00
2025-12-30,6622,10030.0,10130.0,9980.0,9990.0,127900,OK,kabutan,9990.0,yahoo_jp,9990.0,2026-09-01T15:55:37.062762+09:00
2026-01-05,6508,5770.0,5910.0,5720.0,5880.0,240900,OK,kabutan,5880.0,yahoo_jp,5880.0,2026-09-01T15:52:46.251517+09:00
2026-01-05,6622,10480.0,10690.0,10430.0,10660.0,281000,OK,kabutan,10660.0,yahoo_jp,10660.0,2026-09-01T15:55:37.062762+09:00
2026-01-06,6508,5860.0,5900.0,5760.0,5890.0,187300,OK,kabutan,5890.0,yahoo_jp,5890.0,2026-09-01T15:52:46.251517+09:00
2026-01-06,6622,10750.0,10750.0,10360.0,10540.0,233600,OK,kabutan,10540.0,yahoo_jp,10540.0,2026-09-01T15:55:37.062762+09:00
2026-01-07,6508,5790.0,5890.0,5760.0,5800.0,138700,OK,kabutan,5800.0,yahoo_jp,5800.0,2026-09-01T15:52:46.251517+09:00
2026-01-07,6622,10840.0,11110.0,10800.0,10900.0,288500,OK,kabutan,10900.0,yahoo_jp,10900.0,2026-09-01T15:55:37.062762+09:00
2026-01-08,6508,5820.0,5910.0,5770.0,5790.0,194400,OK,kabutan,5790.0,yahoo_jp,5790.0,2026-09-01T15:52:46.251517+09:00
2026-01-08,6622,10830.0,11020.0,10720.0,10750.0,175100,OK,kabutan,10750.0,yahoo_jp,10750.0,2026-09-01T15:55:37.062762+09:00
2026-01-09,6508,5770.0,5860.0,5700.0,5840.0,167300,OK,kabutan,5840.0,yahoo_jp,5840.0,2026-09-01T15:52:46.251517+09:00
2026-01-09,6622,10730.0,10820.0,10580.0,10820.0,122600,OK,kabutan,10820.0,yahoo_jp,10820.0,2026-09-01T15:55:37.062762+09:00
2026-01-13,6508,6000.0,6000.0,5910.0,5970.0,182300,OK,kabutan,5970.0,yahoo_jp,5970.0,2026-09-01T15:52:46.251517+09:00
2026-01-13,6622,11340.0,11340.0,11140.0,11240.0,168800,OK,kabutan,11240.0,yahoo_jp,11240.0,2026-09-01T15:55:37.062762+09:00
2026-01-14,6508,5990.0,6050.0,5910.0,6050.0,168100,OK,kabutan,6050.0,yahoo_jp,6050.0,2026-09-01T15:52:46.251517+09:00
2026-01-14,6622,11300.0,11600.0,11300.0,11550.0,197800,OK,kabutan,11550.0,yahoo_jp,11550.0,2026-09-01T15:55:37.062762+09:00
2026-01-15,6508,6030.0,6070.0,5940.0,5980.0,180000,OK,kabutan,5980.0,yahoo_jp,5980.0,2026-09-01T15:52:46.251517+09:00
2026-01-15,6622,11400.0,11620.0,11360.0,11600.0,143500,OK,kabutan,11600.0,yahoo_jp,11600.0,2026-09-01T15:55:37.062762+09:00
2026-01-16,6508,6000.0,6230.0,5990.0,6230.0,231100,OK,kabutan,6230.0,yahoo_jp,6230.0,2026-09-01T15:52:46.251517+09:00
2026-01-16,6622,11600.0,11860.0,11480.0,11810.0,184400,OK,kabutan,11810.0,yahoo_jp,11810.0,2026-09-01T15:55:37.062762+09:00
2026-01-19,6508,6210.0,6320.0,6200.0,6260.0,182500,OK,kabutan,6260.0,yahoo_jp,6260.0,2026-09-01T15:52:46.251517+09:00
2026-01-19,6622,11760.0,12040.0,11720.0,11810.0,122300,OK,kabutan,11810.0,yahoo_jp,11810.0,2026-09-01T15:55:37.062762+09:00
2026-01-20,6508,5860.0,6050.0,5660.0,5970.0,497300,OK,kabutan,5970.0,yahoo_jp,5970.0,2026-09-01T15:52:46.251517+09:00
2026-01-20,6622,11860.0,11890.0,11580.0,11640.0,128700,OK,kabutan,11640.0,yahoo_jp,11640.0,2026-09-01T15:55:37.062762+09:00
2026-01-21,6508,5770.0,6030.0,5770.0,6010.0,244800,OK,kabutan,6010.0,yahoo_jp,6010.0,2026-09-01T15:52:46.251517+09:00
2026-01-21,6622,11340.0,11700.0,11330.0,11680.0,93300,OK,kabutan,11680.0,yahoo_jp,11680.0,2026-09-01T15:55:37.062762+09:00
2026-01-22,6508,6100.0,6150.0,6000.0,6090.0,168600,OK,kabutan,6090.0,yahoo_jp,6090.0,2026-09-01T15:52:46.251517+09:00
2026-01-22,6622,11870.0,12040.0,11740.0,11960.0,155800,OK,kabutan,11960.0,yahoo_jp,11960.0,2026-09-01T15:55:37.062762+09:00
2026-01-23,6508,6130.0,6370.0,6130.0,6250.0,317500,OK,kabutan,6250.0,yahoo_jp,6250.0,2026-09-01T15:52:46.251517+09:00
2026-01-23,6622,11960.0,12130.0,11920.0,12060.0,138200,OK,kabutan,12060.0,yahoo_jp,12060.0,2026-09-01T15:55:37.062762+09:00
2026-01-26,6508,6050.0,6220.0,6030.0,6060.0,228400,OK,kabutan,6060.0,yahoo_jp,6060.0,2026-09-01T15:52:46.251517+09:00
2026-01-26,6622,11780.0,12090.0,11590.0,11630.0,271700,OK,kabutan,11630.0,yahoo_jp,11630.0,2026-09-01T15:55:37.062762+09:00
2026-01-27,6508,6010.0,6250.0,6000.0,6210.0,353700,OK,kabutan,6210.0,yahoo_jp,6210.0,2026-09-01T15:52:46.251517+09:00
2026-01-27,6622,11670.0,11850.0,11600.0,11780.0,116900,OK,kabutan,11780.0,yahoo_jp,11780.0,2026-09-01T15:55:37.062762+09:00
2026-01-28,6508,6140.0,6150.0,6040.0,6090.0,222400,OK,kabutan,6090.0,yahoo_jp,6090.0,2026-09-01T15:52:46.251517+09:00
2026-01-28,6622,11800.0,11870.0,11610.0,11700.0,154400,OK,kabutan,11700.0,yahoo_jp,11700.0,2026-09-01T15:55:37.062762+09:00
2026-01-29,6508,6150.0,6240.0,6090.0,6220.0,265900,OK,kabutan,6220.0,yahoo_jp,6220.0,2026-09-01T15:52:46.251517+09:00
2026-01-29,6622,11870.0,11920.0,11510.0,11620.0,246700,OK,kabutan,11620.0,yahoo_jp,11620.0,2026-09-01T15:55:37.062762+09:00
2026-01-30,6508,6230.0,6250.0,5950.0,6040.0,321700,OK,kabutan,6040.0,yahoo_jp,6040.0,2026-09-01T15:52:46.251517+09:00
2026-01-30,6622,11600.0,11660.0,11330.0,11620.0,188400,OK,kabutan,11620.0,yahoo_jp,11620.0,2026-09-01T15:55:37.062762+09:00
2026-02-02,6508,5960.0,6210.0,5940.0,6120.0,581100,OK,kabutan,6120.0,yahoo_jp,6120.0,2026-09-01T15:52:46.251517+09:00
2026-02-02,6622,11650.0,11810.0,11280.0,11350.0,188800,OK,kabutan,11350.0,yahoo_jp,11350.0,2026-09-01T15:55:37.062762+09:00
2026-02-03,6508,6300.0,6560.0,6240.0,6500.0,483300,OK,kabutan,6500.0,yahoo_jp,6500.0,2026-09-01T15:52:46.251517+09:00
2026-02-03,6622,11570.0,11770.0,11500.0,11690.0,339600,OK,kabutan,11690.0,yahoo_jp,11690.0,2026-09-01T15:55:37.062762+09:00
2026-02-04,6508,6450.0,6620.0,6420.0,6540.0,265300,OK,kabutan,6540.0,yahoo_jp,6540.0,2026-09-01T15:52:46.251517+09:00
2026-02-04,6622,12290.0,12570.0,11890.0,11930.0,580200,OK,kabutan,11930.0,yahoo_jp,11930.0,2026-09-01T15:55:37.062762+09:00
2026-02-05,6508,6450.0,6630.0,6430.0,6630.0,228800,OK,kabutan,6630.0,yahoo_jp,6630.0,2026-09-01T15:52:46.251517+09:00
2026-02-05,6622,11820.0,12160.0,11680.0,11970.0,285800,OK,kabutan,11970.0,yahoo_jp,11970.0,2026-09-01T15:55:37.062762+09:00
2026-02-06,6508,6540.0,6760.0,6490.0,6660.0,197700,OK,kabutan,6660.0,yahoo_jp,6660.0,2026-09-01T15:52:46.251517+09:00
2026-02-06,6622,11800.0,12360.0,11740.0,12290.0,183500,OK,kabutan,12290.0,yahoo_jp,12290.0,2026-09-01T15:55:37.062762+09:00
2026-02-09,6508,6950.0,6970.0,6780.0,6890.0,311200,OK,kabutan,6890.0,yahoo_jp,6890.0,2026-09-01T15:52:46.251517+09:00
2026-02-09,6622,12800.0,13430.0,12710.0,13210.0,291300,OK,kabutan,13210.0,yahoo_jp,13210.0,2026-09-01T15:55:37.062762+09:00
2026-02-10,6508,6990.0,7130.0,6940.0,7080.0,212500,OK,kabutan,7080.0,yahoo_jp,7080.0,2026-09-01T15:52:46.251517+09:00
2026-02-10,6622,13230.0,13600.0,13170.0,13590.0,181500,OK,kabutan,13590.0,yahoo_jp,13590.0,2026-09-01T15:55:37.062762+09:00
2026-02-12,6508,7060.0,7230.0,7000.0,7160.0,222300,OK,kabutan,7160.0,yahoo_jp,7160.0,2026-09-01T15:52:46.251517+09:00
2026-02-12,6622,13770.0,14070.0,13650.0,14020.0,194200,OK,kabutan,14020.0,yahoo_jp,14020.0,2026-09-01T15:55:37.062762+09:00
2026-02-13,6508,7010.0,7060.0,6730.0,6790.0,265700,OK,kabutan,6790.0,yahoo_jp,6790.0,2026-09-01T15:52:46.251517+09:00
2026-02-13,6622,13900.0,13930.0,13440.0,13490.0,197800,OK,kabutan,13490.0,yahoo_jp,13490.0,2026-09-01T15:55:37.062762+09:00
2026-02-16,6508,6880.0,7070.0,6850.0,7030.0,255700,OK,kabutan,7030.0,yahoo_jp,7030.0,2026-09-01T15:52:46.251517+09:00
2026-02-16,6622,13450.0,13520.0,13240.0,13500.0,179500,OK,kabutan,13500.0,yahoo_jp,13500.0,2026-09-01T15:55:37.062762+09:00
2026-02-17,6508,7000.0,7030.0,6860.0,6920.0,126200,OK,kabutan,6920.0,yahoo_jp,6920.0,2026-09-01T15:52:46.251517+09:00
2026-02-17,6622,13340.0,13910.0,13220.0,13830.0,232900,OK,kabutan,13830.0,yahoo_jp,13830.0,2026-09-01T15:55:37.062762+09:00
2026-02-18,6508,7240.0,7690.0,7160.0,7470.0,587300,OK,kabutan,7470.0,yahoo_jp,7470.0,2026-09-01T15:52:46.251517+09:00
2026-02-18,6622,13890.0,14330.0,13880.0,14160.0,187800,OK,kabutan,14160.0,yahoo_jp,14160.0,2026-09-01T15:55:37.062762+09:00
2026-02-19,6508,7530.0,7540.0,7370.0,7460.0,251600,OK,kabutan,7460.0,yahoo_jp,7460.0,2026-09-01T15:52:46.251517+09:00
2026-02-19,6622,14160.0,14760.0,14150.0,14650.0,223600,OK,kabutan,14650.0,yahoo_jp,14650.0,2026-09-01T15:55:37.062762+09:00
2026-02-20,6508,7480.0,7720.0,7450.0,7660.0,382600,OK,kabutan,7660.0,yahoo_jp,7660.0,2026-09-01T15:52:46.251517+09:00
2026-02-20,6622,14510.0,14570.0,14280.0,14450.0,162900,OK,kabutan,14450.0,yahoo_jp,14450.0,2026-09-01T15:55:37.062762+09:00
2026-02-24,6508,7580.0,7700.0,7530.0,7570.0,260900,OK,kabutan,7570.0,yahoo_jp,7570.0,2026-09-01T15:52:46.251517+09:00
2026-02-24,6622,14620.0,14990.0,14380.0,14860.0,175200,OK,kabutan,14860.0,yahoo_jp,14860.0,2026-09-01T15:55:37.062762+09:00
2026-02-25,6508,7720.0,7820.0,7590.0,7750.0,256800,OK,kabutan,7750.0,yahoo_jp,7750.0,2026-09-01T15:52:46.251517+09:00
2026-02-25,6622,15000.0,15040.0,14460.0,14680.0,231400,OK,kabutan,14680.0,yahoo_jp,14680.0,2026-09-01T15:55:37.062762+09:00
2026-02-26,6508,7880.0,7900.0,7640.0,7700.0,161000,OK,kabutan,7700.0,yahoo_jp,7700.0,2026-09-01T15:52:46.251517+09:00
2026-02-26,6622,14950.0,15000.0,14310.0,14660.0,200000,OK,kabutan,14660.0,yahoo_jp,14660.0,2026-09-01T15:55:37.062762+09:00
2026-02-27,6508,7640.0,7830.0,7610.0,7820.0,227600,OK,kabutan,7820.0,yahoo_jp,7820.0,2026-09-01T15:52:46.251517+09:00
2026-02-27,6622,14360.0,14610.0,14120.0,14600.0,249900,OK,kabutan,14600.0,yahoo_jp,14600.0,2026-09-01T15:55:37.062762+09:00
2026-03-02,6508,7710.0,7990.0,7710.0,7940.0,241400,OK,kabutan,7940.0,yahoo_jp,7940.0,2026-09-01T15:52:46.251517+09:00
2026-03-02,6622,14010.0,14770.0,14000.0,14720.0,133600,OK,kabutan,14720.0,yahoo_jp,14720.0,2026-09-01T15:55:37.062762+09:00
2026-03-03,6508,7950.0,8040.0,7460.0,7510.0,260500,OK,kabutan,7510.0,yahoo_jp,7510.0,2026-09-01T15:52:46.251517+09:00
2026-03-03,6622,14850.0,14900.0,13590.0,13710.0,252100,OK,kabutan,13710.0,yahoo_jp,13710.0,2026-09-01T15:55:37.062762+09:00
2026-03-04,6508,7210.0,7350.0,6870.0,7070.0,450400,OK,kabutan,7070.0,yahoo_jp,7070.0,2026-09-01T15:52:46.251517+09:00
2026-03-04,6622,13110.0,13430.0,12360.0,12630.0,301800,OK,kabutan,12630.0,yahoo_jp,12630.0,2026-09-01T15:55:37.062762+09:00
2026-03-05,6508,7420.0,7590.0,7230.0,7360.0,263600,OK,kabutan,7360.0,yahoo_jp,7360.0,2026-09-01T15:52:46.251517+09:00
2026-03-05,6622,13260.0,13580.0,12950.0,13160.0,204600,OK,kabutan,13160.0,yahoo_jp,13160.0,2026-09-01T15:55:37.062762+09:00
2026-03-06,6508,7280.0,7420.0,7160.0,7370.0,130200,OK,kabutan,7370.0,yahoo_jp,7370.0,2026-09-01T15:52:46.251517+09:00
2026-03-06,6622,12730.0,13200.0,12710.0,12980.0,156300,OK,kabutan,12980.0,yahoo_jp,12980.0,2026-09-01T15:55:37.062762+09:00
2026-03-09,6508,6750.0,6880.0,6560.0,6790.0,201600,OK,kabutan,6790.0,yahoo_jp,6790.0,2026-09-01T15:52:46.251517+09:00
2026-03-09,6622,11780.0,11990.0,11200.0,11620.0,320500,OK,kabutan,11620.0,yahoo_jp,11620.0,2026-09-01T15:55:37.062762+09:00
2026-03-10,6508,7170.0,7270.0,7060.0,7110.0,214600,OK,kabutan,7110.0,yahoo_jp,7110.0,2026-09-01T15:52:46.251517+09:00
2026-03-10,6622,12300.0,12590.0,12210.0,12320.0,235500,OK,kabutan,12320.0,yahoo_jp,12320.0,2026-09-01T15:55:37.062762+09:00
2026-03-11,6508,7370.0,7530.0,7320.0,7410.0,152200,OK,kabutan,7410.0,yahoo_jp,7410.0,2026-09-01T15:52:46.251517+09:00
2026-03-11,6622,12620.0,12930.0,12540.0,12640.0,144100,OK,kabutan,12640.0,yahoo_jp,12640.0,2026-09-01T15:55:37.062762+09:00
2026-03-12,6508,7260.0,7440.0,7260.0,7400.0,183500,OK,kabutan,7400.0,yahoo_jp,7400.0,2026-09-01T15:52:46.251517+09:00
2026-03-12,6622,12340.0,12530.0,12110.0,12260.0,179300,OK,kabutan,12260.0,yahoo_jp,12260.0,2026-09-01T15:55:37.062762+09:00
2026-03-13,6508,7250.0,7570.0,7250.0,7520.0,269100,OK,kabutan,7520.0,yahoo_jp,7520.0,2026-09-01T15:52:46.251517+09:00
2026-03-13,6622,11780.0,12290.0,11770.0,12290.0,183600,OK,kabutan,12290.0,yahoo_jp,12290.0,2026-09-01T15:55:37.062762+09:00
2026-03-16,6508,7450.0,7490.0,7220.0,7400.0,285500,OK,kabutan,7400.0,yahoo_jp,7400.0,2026-09-01T15:52:46.251517+09:00
2026-03-16,6622,12170.0,12470.0,12170.0,12350.0,110100,OK,kabutan,12350.0,yahoo_jp,12350.0,2026-09-01T15:55:37.062762+09:00
2026-03-17,6508,7550.0,7640.0,7420.0,7460.0,261700,OK,kabutan,7460.0,yahoo_jp,7460.0,2026-09-01T15:52:46.251517+09:00
2026-03-17,6622,12650.0,12700.0,12240.0,12270.0,87500,OK,kabutan,12270.0,yahoo_jp,12270.0,2026-09-01T15:55:37.062762+09:00
2026-03-18,6508,7610.0,7840.0,7570.0,7840.0,201400,OK,kabutan,7840.0,yahoo_jp,7840.0,2026-09-01T15:52:46.251517+09:00
2026-03-18,6622,12610.0,13130.0,12550.0,13130.0,160600,OK,kabutan,13130.0,yahoo_jp,13130.0,2026-09-01T15:55:37.062762+09:00
2026-03-19,6508,7690.0,7750.0,7570.0,7610.0,301300,OK,kabutan,7610.0,yahoo_jp,7610.0,2026-09-01T15:52:46.251517+09:00
2026-03-19,6622,12530.0,12640.0,12300.0,12370.0,284000,OK,kabutan,12370.0,yahoo_jp,12370.0,2026-09-01T15:55:37.062762+09:00
2026-03-23,6508,7260.0,7450.0,7210.0,7390.0,361800,OK,kabutan,7390.0,yahoo_jp,7390.0,2026-09-01T15:52:46.251517+09:00
2026-03-23,6622,11850.0,12000.0,11570.0,11610.0,232200,OK,kabutan,11610.0,yahoo_jp,11610.0,2026-09-01T15:55:37.062762+09:00
2026-03-24,6508,7600.0,7720.0,7510.0,7660.0,349200,OK,kabutan,7660.0,yahoo_jp,7660.0,2026-09-01T15:52:46.251517+09:00
2026-03-24,6622,12070.0,12180.0,11730.0,11970.0,121800,OK,kabutan,11970.0,yahoo_jp,11970.0,2026-09-01T15:55:37.062762+09:00
2026-03-25,6508,7900.0,8370.0,7900.0,8330.0,439800,OK,kabutan,8330.0,yahoo_jp,8330.0,2026-09-01T15:52:46.251517+09:00
2026-03-25,6622,12500.0,12690.0,12450.0,12610.0,109400,OK,kabutan,12610.0,yahoo_jp,12610.0,2026-09-01T15:55:37.062762+09:00
2026-03-26,6508,8480.0,8780.0,8270.0,8350.0,693500,OK,kabutan,8350.0,yahoo_jp,8350.0,2026-09-01T15:52:46.251517+09:00
2026-03-26,6622,12650.0,12780.0,12310.0,12440.0,121300,OK,kabutan,12440.0,yahoo_jp,12440.0,2026-09-01T15:55:37.062762+09:00
2026-03-27,6508,8200.0,8240.0,8010.0,8210.0,335800,OK,kabutan,8210.0,yahoo_jp,8210.0,2026-09-01T15:52:46.251517+09:00
2026-03-27,6622,12080.0,12150.0,11820.0,12120.0,208100,OK,kabutan,12120.0,yahoo_jp,12120.0,2026-09-01T15:55:37.062762+09:00
2026-03-30,6508,7670.0,7790.0,7510.0,7750.0,292800,OK,kabutan,7750.0,yahoo_jp,7750.0,2026-09-01T15:52:46.251517+09:00
2026-03-30,6622,11190.0,11530.0,11160.0,11530.0,194300,OK,kabutan,11530.0,yahoo_jp,11530.0,2026-09-01T15:55:37.062762+09:00
2026-03-31,6508,7370.0,7650.0,7330.0,7500.0,310400,OK,kabutan,7500.0,yahoo_jp,7500.0,2026-09-01T15:52:46.251517+09:00
2026-03-31,6622,11120.0,11510.0,10960.0,11170.0,200500,OK,kabutan,11170.0,yahoo_jp,11170.0,2026-09-01T15:55:37.062762+09:00
2026-04-01,6508,7900.0,8160.0,7810.0,8160.0,291700,OK,kabutan,8160.0,yahoo_jp,8160.0,2026-09-01T15:52:46.251517+09:00
2026-04-01,6622,12070.0,12340.0,11880.0,12340.0,222000,OK,kabutan,12340.0,yahoo_jp,12340.0,2026-09-01T15:55:37.062762+09:00
2026-04-02,6508,8300.0,8360.0,7880.0,7930.0,230400,OK,kabutan,7930.0,yahoo_jp,7930.0,2026-09-01T15:52:46.251517+09:00
2026-04-02,6622,12540.0,12650.0,11830.0,11880.0,158300,OK,kabutan,11880.0,yahoo_jp,11880.0,2026-09-01T15:55:37.062762+09:00
2026-04-03,6508,8060.0,8160.0,8020.0,8040.0,110300,OK,kabutan,8040.0,yahoo_jp,8040.0,2026-09-01T15:52:46.251517+09:00
2026-04-03,6622,12180.0,12270.0,11930.0,12000.0,95200,OK,kabutan,12000.0,yahoo_jp,12000.0,2026-09-01T15:55:37.062762+09:00
2026-04-06,6508,8190.0,8380.0,8190.0,8240.0,203600,OK,kabutan,8240.0,yahoo_jp,8240.0,2026-09-01T15:52:46.251517+09:00
2026-04-06,6622,11940.0,12750.0,11910.0,12410.0,193200,OK,kabutan,12410.0,yahoo_jp,12410.0,2026-09-01T15:55:37.062762+09:00
2026-04-07,6508,8250.0,8330.0,8100.0,8220.0,179200,OK,kabutan,8220.0,yahoo_jp,8220.0,2026-09-01T15:52:46.251517+09:00
2026-04-07,6622,12470.0,12550.0,12280.0,12480.0,114700,OK,kabutan,12480.0,yahoo_jp,12480.0,2026-09-01T15:55:37.062762+09:00
2026-04-08,6508,8660.0,8720.0,8450.0,8630.0,250200,OK,kabutan,8630.0,yahoo_jp,8630.0,2026-09-01T15:52:46.251517+09:00
2026-04-08,6622,13310.0,13730.0,12960.0,13730.0,329000,OK,kabutan,13730.0,yahoo_jp,13730.0,2026-09-01T15:55:37.062762+09:00
2026-04-09,6508,8630.0,8710.0,8540.0,8650.0,207600,OK,kabutan,8650.0,yahoo_jp,8650.0,2026-09-01T15:52:46.251517+09:00
2026-04-09,6622,13650.0,13650.0,13210.0,13390.0,231000,OK,kabutan,13390.0,yahoo_jp,13390.0,2026-09-01T15:55:37.062762+09:00
2026-04-10,6508,8450.0,8640.0,8390.0,8390.0,295100,OK,kabutan,8390.0,yahoo_jp,8390.0,2026-09-01T15:52:46.251517+09:00
2026-04-10,6622,13800.0,14060.0,13760.0,13950.0,234800,OK,kabutan,13950.0,yahoo_jp,13950.0,2026-09-01T15:55:37.062762+09:00
2026-04-13,6508,8490.0,8550.0,8230.0,8360.0,199200,OK,kabutan,8360.0,yahoo_jp,8360.0,2026-09-01T15:52:46.251517+09:00
2026-04-13,6622,13880.0,14140.0,13810.0,14020.0,187300,OK,kabutan,14020.0,yahoo_jp,14020.0,2026-09-01T15:55:37.062762+09:00
2026-04-14,6508,8490.0,8610.0,8400.0,8410.0,170900,OK,kabutan,8410.0,yahoo_jp,8410.0,2026-09-01T15:52:46.251517+09:00
2026-04-14,6622,14550.0,14620.0,14270.0,14380.0,160800,OK,kabutan,14380.0,yahoo_jp,14380.0,2026-09-01T15:55:37.062762+09:00
2026-04-15,6508,8630.0,8650.0,8140.0,8220.0,190600,OK,kabutan,8220.0,yahoo_jp,8220.0,2026-09-01T15:52:46.251517+09:00
2026-04-15,6622,14740.0,14830.0,13880.0,13970.0,160200,OK,kabutan,13970.0,yahoo_jp,13970.0,2026-09-01T15:55:37.062762+09:00
2026-04-16,6508,8270.0,8380.0,8180.0,8370.0,129400,OK,kabutan,8370.0,yahoo_jp,8370.0,2026-09-01T15:52:46.251517+09:00
2026-04-16,6622,14340.0,14440.0,14090.0,14310.0,141500,OK,kabutan,14310.0,yahoo_jp,14310.0,2026-09-01T15:55:37.062762+09:00
2026-04-17,6508,8370.0,8370.0,8170.0,8180.0,137600,OK,kabutan,8180.0,yahoo_jp,8180.0,2026-09-01T15:52:46.251517+09:00
2026-04-17,6622,14320.0,14320.0,13820.0,13880.0,97100,OK,kabutan,13880.0,yahoo_jp,13880.0,2026-09-01T15:55:37.062762+09:00
2026-04-20,6508,8170.0,8250.0,8030.0,8050.0,113000,OK,kabutan,8050.0,yahoo_jp,8050.0,2026-09-01T15:52:46.251517+09:00
2026-04-20,6622,13820.0,14090.0,13820.0,13950.0,69900,OK,kabutan,13950.0,yahoo_jp,13950.0,2026-09-01T15:55:37.062762+09:00
2026-04-21,6508,8120.0,8240.0,8120.0,8170.0,120400,OK,kabutan,8170.0,yahoo_jp,8170.0,2026-09-01T15:52:46.251517+09:00
2026-04-21,6622,14050.0,14210.0,13940.0,14100.0,76400,OK,kabutan,14100.0,yahoo_jp,14100.0,2026-09-01T15:55:37.062762+09:00
2026-04-22,6508,8110.0,8110.0,7910.0,8030.0,127900,OK,kabutan,8030.0,yahoo_jp,8030.0,2026-09-01T15:52:46.251517+09:00
2026-04-22,6622,14080.0,14080.0,13750.0,13930.0,104600,OK,kabutan,13930.0,yahoo_jp,13930.0,2026-09-01T15:55:37.062762+09:00
2026-04-23,6508,8010.0,8150.0,7910.0,8100.0,206200,OK,kabutan,8100.0,yahoo_jp,8100.0,2026-09-01T15:52:46.251517+09:00
2026-04-23,6622,13940.0,14150.0,13420.0,13720.0,152200,OK,kabutan,13720.0,yahoo_jp,13720.0,2026-09-01T15:55:37.062762+09:00
2026-04-24,6508,8150.0,8200.0,8010.0,8120.0,168400,OK,kabutan,8120.0,yahoo_jp,8120.0,2026-09-01T15:52:46.251517+09:00
2026-04-24,6622,13790.0,14040.0,13650.0,13900.0,117300,OK,kabutan,13900.0,yahoo_jp,13900.0,2026-09-01T15:55:37.062762+09:00
2026-04-27,6508,8240.0,8560.0,8200.0,8520.0,251900,OK,kabutan,8520.0,yahoo_jp,8520.0,2026-09-01T15:52:46.251517+09:00
2026-04-27,6622,14080.0,14950.0,13940.0,14770.0,314200,OK,kabutan,14770.0,yahoo_jp,14770.0,2026-09-01T15:55:37.062762+09:00
2026-04-28,6508,8520.0,8680.0,8450.0,8680.0,153600,OK,kabutan,8680.0,yahoo_jp,8680.0,2026-09-01T15:52:46.251517+09:00
2026-04-28,6622,14700.0,14990.0,14500.0,14980.0,188900,OK,kabutan,14980.0,yahoo_jp,14980.0,2026-09-01T15:55:37.062762+09:00
2026-04-30,6508,8550.0,8680.0,8450.0,8460.0,198800,OK,kabutan,8460.0,yahoo_jp,8460.0,2026-09-01T15:52:46.251517+09:00
2026-04-30,6622,15190.0,15710.0,15000.0,15380.0,378400,OK,kabutan,15380.0,yahoo_jp,15380.0,2026-09-01T15:55:37.062762+09:00
2026-05-01,6508,8460.0,8540.0,8310.0,8460.0,163700,OK,kabutan,8460.0,yahoo_jp,8460.0,2026-09-01T15:52:46.251517+09:00
2026-05-01,6622,15460.0,16100.0,15150.0,15760.0,366200,OK,kabutan,15760.0,yahoo_jp,15760.0,2026-09-01T15:55:37.062762+09:00
2026-05-07,6508,9000.0,9350.0,8910.0,9170.0,688300,OK,kabutan,9170.0,yahoo_jp,9170.0,2026-09-01T15:52:46.251517+09:00
2026-05-07,6622,16830.0,17150.0,16500.0,16900.0,423200,OK,kabutan,16900.0,yahoo_jp,16900.0,2026-09-01T15:55:37.062762+09:00
2026-05-08,6508,8870.0,9380.0,8850.0,9350.0,265800,OK,kabutan,9350.0,yahoo_jp,9350.0,2026-09-01T15:52:46.251517+09:00
2026-05-08,6622,16700.0,17280.0,16570.0,17280.0,272100,OK,kabutan,17280.0,yahoo_jp,17280.0,2026-09-01T15:55:37.062762+09:00
2026-05-11,6508,9500.0,9670.0,9160.0,9350.0,345200,OK,kabutan,9350.0,yahoo_jp,9350.0,2026-09-01T15:52:46.251517+09:00
2026-05-11,6622,17880.0,18140.0,17370.0,17620.0,423200,OK,kabutan,17620.0,yahoo_jp,17620.0,2026-09-01T15:55:37.062762+09:00
2026-05-12,6508,9550.0,9600.0,9300.0,9500.0,226700,OK,kabutan,9500.0,yahoo_jp,9500.0,2026-09-01T15:52:46.251517+09:00
2026-05-12,6622,19790.0,19790.0,17640.0,17720.0,587900,OK,kabutan,17720.0,yahoo_jp,17720.0,2026-09-01T15:55:37.062762+09:00
2026-05-13,6508,9350.0,9600.0,9310.0,9490.0,237600,OK,kabutan,9490.0,yahoo_jp,9490.0,2026-09-01T15:52:46.251517+09:00
2026-05-13,6622,17500.0,18220.0,17500.0,18070.0,268300,OK,kabutan,18070.0,yahoo_jp,18070.0,2026-09-01T15:55:37.062762+09:00
2026-05-14,6508,9450.0,9590.0,9310.0,9440.0,339800,OK,kabutan,9440.0,yahoo_jp,9440.0,2026-09-01T15:52:46.251517+09:00
2026-05-14,6622,18150.0,18220.0,17250.0,17330.0,264100,OK,kabutan,17330.0,yahoo_jp,17330.0,2026-09-01T15:55:37.062762+09:00
2026-05-15,6508,10940.0,10940.0,10680.0,10940.0,355700,OK,kabutan,10940.0,yahoo_jp,10940.0,2026-09-01T15:52:46.251517+09:00
2026-05-15,6622,17600.0,18180.0,16670.0,16900.0,237300,OK,kabutan,16900.0,yahoo_jp,16900.0,2026-09-01T15:55:37.062762+09:00
2026-05-18,6508,11070.0,11280.0,10640.0,10910.0,620100,OK,kabutan,10910.0,yahoo_jp,10910.0,2026-09-01T15:52:46.251517+09:00
2026-05-18,6622,17300.0,17320.0,16510.0,16540.0,154600,OK,kabutan,16540.0,yahoo_jp,16540.0,2026-09-01T15:55:37.062762+09:00
2026-05-19,6508,10980.0,11070.0,10410.0,10460.0,446800,OK,kabutan,10460.0,yahoo_jp,10460.0,2026-09-01T15:52:46.251517+09:00
2026-05-19,6622,16620.0,16840.0,15650.0,15840.0,231000,OK,kabutan,15840.0,yahoo_jp,15840.0,2026-09-01T15:55:37.062762+09:00
2026-05-20,6508,10260.0,10500.0,10120.0,10340.0,442100,OK,kabutan,10340.0,yahoo_jp,10340.0,2026-09-01T15:52:46.251517+09:00
2026-05-20,6622,15400.0,15530.0,14980.0,15280.0,275100,OK,kabutan,15280.0,yahoo_jp,15280.0,2026-09-01T15:55:37.062762+09:00
2026-05-21,6508,10640.0,10920.0,10520.0,10720.0,351100,OK,kabutan,10720.0,yahoo_jp,10720.0,2026-09-01T15:52:46.251517+09:00
2026-05-21,6622,15610.0,16040.0,15360.0,15820.0,207100,OK,kabutan,15820.0,yahoo_jp,15820.0,2026-09-01T15:55:37.062762+09:00
2026-05-22,6508,10970.0,11270.0,10870.0,11050.0,309600,OK,kabutan,11050.0,yahoo_jp,11050.0,2026-09-01T15:52:46.251517+09:00
2026-05-22,6622,16400.0,16690.0,16220.0,16340.0,198000,OK,kabutan,16340.0,yahoo_jp,16340.0,2026-09-01T15:55:37.062762+09:00
2026-05-25,6508,11050.0,11350.0,10850.0,10990.0,319700,OK,kabutan,10990.0,yahoo_jp,10990.0,2026-09-01T15:52:46.251517+09:00
2026-05-25,6622,16910.0,17360.0,16710.0,16830.0,222600,OK,kabutan,16830.0,yahoo_jp,16830.0,2026-09-01T15:55:37.062762+09:00
2026-05-26,6508,11370.0,11370.0,10920.0,11100.0,243900,OK,kabutan,11100.0,yahoo_jp,11100.0,2026-09-01T15:52:46.251517+09:00
2026-05-26,6622,17120.0,17240.0,16640.0,17060.0,151800,OK,kabutan,17060.0,yahoo_jp,17060.0,2026-09-01T15:55:37.062762+09:00
2026-05-27,6508,11400.0,11400.0,10770.0,10800.0,349400,OK,kabutan,10800.0,yahoo_jp,10800.0,2026-09-01T15:52:46.251517+09:00
2026-05-27,6622,17360.0,17720.0,16560.0,16620.0,172000,OK,kabutan,16620.0,yahoo_jp,16620.0,2026-09-01T15:55:37.062762+09:00
2026-05-28,6508,10720.0,10820.0,10330.0,10710.0,373500,OK,kabutan,10710.0,yahoo_jp,10710.0,2026-09-01T15:52:46.251517+09:00
2026-05-28,6622,16420.0,16540.0,15840.0,16380.0,170400,OK,kabutan,16380.0,yahoo_jp,16380.0,2026-09-01T15:55:37.062762+09:00
2026-05-29,6508,10640.0,10640.0,10070.0,10070.0,569800,OK,kabutan,10070.0,yahoo_jp,10070.0,2026-09-01T15:52:46.251517+09:00
2026-05-29,6622,16530.0,16650.0,15750.0,15850.0,240800,OK,kabutan,15850.0,yahoo_jp,15850.0,2026-09-01T15:55:37.062762+09:00
2026-06-01,6508,9770.0,10110.0,9710.0,9910.0,388600,OK,kabutan,9910.0,yahoo_jp,9910.0,2026-09-01T15:52:46.251517+09:00
2026-06-01,6622,15640.0,16260.0,15580.0,15790.0,193300,OK,kabutan,15790.0,yahoo_jp,15790.0,2026-09-01T15:55:37.062762+09:00
2026-06-02,6508,9810.0,9850.0,9340.0,9630.0,264700,OK,kabutan,9630.0,yahoo_jp,9630.0,2026-09-01T15:52:46.251517+09:00
2026-06-02,6622,15610.0,15740.0,14840.0,15280.0,245500,OK,kabutan,15280.0,yahoo_jp,15280.0,2026-09-01T15:55:37.062762+09:00
2026-06-03,6508,9650.0,9710.0,9320.0,9510.0,381400,OK,kabutan,9510.0,yahoo_jp,9510.0,2026-09-01T15:52:46.251517+09:00
2026-06-03,6622,15480.0,15870.0,15130.0,15700.0,183800,OK,kabutan,15700.0,yahoo_jp,15700.0,2026-09-01T15:55:37.062762+09:00
2026-06-04,6508,9360.0,9540.0,9300.0,9470.0,255100,OK,kabutan,9470.0,yahoo_jp,9470.0,2026-09-01T15:52:46.251517+09:00
2026-06-04,6622,15320.0,15880.0,15300.0,15760.0,186700,OK,kabutan,15760.0,yahoo_jp,15760.0,2026-09-01T15:55:37.062762+09:00
2026-06-05,6508,9480.0,9950.0,9260.0,9820.0,227200,OK,kabutan,9820.0,yahoo_jp,9820.0,2026-09-01T15:52:46.251517+09:00
2026-06-05,6622,15520.0,16270.0,15310.0,16200.0,267200,OK,kabutan,16200.0,yahoo_jp,16200.0,2026-09-01T15:55:37.062762+09:00
2026-06-08,6508,9220.0,9450.0,9030.0,9300.0,247000,OK,kabutan,9300.0,yahoo_jp,9300.0,2026-09-01T15:52:46.251517+09:00
2026-06-08,6622,14600.0,15470.0,14440.0,15360.0,395800,OK,kabutan,15360.0,yahoo_jp,15360.0,2026-09-01T15:55:37.062762+09:00
2026-06-09,6508,9410.0,9410.0,9030.0,9330.0,289700,OK,kabutan,9330.0,yahoo_jp,9330.0,2026-09-01T15:52:46.251517+09:00
2026-06-09,6622,15590.0,15590.0,15080.0,15410.0,236400,OK,kabutan,15410.0,yahoo_jp,15410.0,2026-09-01T15:55:37.062762+09:00
2026-06-10,6508,9180.0,9240.0,8800.0,8910.0,201800,OK,kabutan,8910.0,yahoo_jp,8910.0,2026-09-01T15:52:46.251517+09:00
2026-06-10,6622,15100.0,15320.0,14580.0,14730.0,229700,OK,kabutan,14730.0,yahoo_jp,14730.0,2026-09-01T15:55:37.062762+09:00
2026-06-11,6508,8610.0,8880.0,8440.0,8850.0,124600,OK,kabutan,8850.0,yahoo_jp,8850.0,2026-09-01T15:52:46.251517+09:00
2026-06-11,6622,14050.0,14610.0,13690.0,14440.0,221800,OK,kabutan,14440.0,yahoo_jp,14440.0,2026-09-01T15:55:37.062762+09:00
2026-06-12,6508,9000.0,9120.0,8860.0,8900.0,207300,OK,kabutan,8900.0,yahoo_jp,8900.0,2026-09-01T15:52:46.251517+09:00
2026-06-12,6622,15200.0,15320.0,14700.0,14970.0,193400,OK,kabutan,14970.0,yahoo_jp,14970.0,2026-09-01T15:55:37.062762+09:00
2026-06-15,6508,9190.0,9350.0,9050.0,9310.0,183300,OK,kabutan,9310.0,yahoo_jp,9310.0,2026-09-01T15:52:46.251517+09:00
2026-06-15,6622,16000.0,16220.0,15490.0,16220.0,220300,OK,kabutan,16220.0,yahoo_jp,16220.0,2026-09-01T15:55:37.062762+09:00
2026-06-16,6508,9400.0,9650.0,9340.0,9430.0,219100,OK,kabutan,9430.0,yahoo_jp,9430.0,2026-09-01T15:52:46.251517+09:00
2026-06-16,6622,16290.0,16500.0,16050.0,16230.0,185400,OK,kabutan,16230.0,yahoo_jp,16230.0,2026-09-01T15:55:37.062762+09:00
2026-06-17,6508,9730.0,10030.0,9510.0,10020.0,296300,OK,kabutan,10020.0,yahoo_jp,10020.0,2026-09-01T15:52:46.251517+09:00
2026-06-17,6622,16170.0,16830.0,16030.0,16830.0,210700,OK,kabutan,16830.0,yahoo_jp,16830.0,2026-09-01T15:55:37.062762+09:00
2026-06-18,6508,10100.0,10430.0,10080.0,10220.0,347700,OK,kabutan,10220.0,yahoo_jp,10220.0,2026-09-01T15:52:46.251517+09:00
2026-06-18,6622,17360.0,18470.0,17290.0,18240.0,510500,OK,kabutan,18240.0,yahoo_jp,18240.0,2026-09-01T15:55:37.062762+09:00
2026-06-19,6508,10500.0,11030.0,10500.0,10740.0,422800,OK,kabutan,10740.0,yahoo_jp,10740.0,2026-09-01T15:52:46.251517+09:00
2026-06-19,6622,18900.0,19050.0,17630.0,17840.0,358200,OK,kabutan,17840.0,yahoo_jp,17840.0,2026-09-01T15:55:37.062762+09:00
2026-06-22,6508,10720.0,11140.0,10630.0,11040.0,201400,OK,kabutan,11040.0,yahoo_jp,11040.0,2026-09-01T15:52:46.251517+09:00
2026-06-22,6622,17870.0,19450.0,17870.0,19450.0,283800,OK,kabutan,19450.0,yahoo_jp,19450.0,2026-09-01T15:55:37.062762+09:00
2026-06-23,6508,11080.0,11130.0,10390.0,10390.0,215700,OK,kabutan,10390.0,yahoo_jp,10390.0,2026-09-01T15:52:46.251517+09:00
2026-06-23,6622,19500.0,19620.0,18570.0,18670.0,283200,OK,kabutan,18670.0,yahoo_jp,18670.0,2026-09-01T15:55:37.062762+09:00
2026-06-24,6508,10310.0,10560.0,10140.0,10320.0,165700,OK,kabutan,10320.0,yahoo_jp,10320.0,2026-09-01T15:52:46.251517+09:00
2026-06-24,6622,18450.0,19180.0,18140.0,18420.0,215900,OK,kabutan,18420.0,yahoo_jp,18420.0,2026-09-01T15:55:37.062762+09:00
2026-06-25,6508,10450.0,10530.0,10240.0,10310.0,148200,OK,kabutan,10310.0,yahoo_jp,10310.0,2026-09-01T15:52:46.251517+09:00
2026-06-25,6622,18950.0,19150.0,18680.0,18930.0,167400,OK,kabutan,18930.0,yahoo_jp,18930.0,2026-09-01T15:55:37.062762+09:00
2026-06-26,6508,10200.0,10340.0,9650.0,9750.0,152700,OK,kabutan,9750.0,yahoo_jp,9750.0,2026-09-01T15:52:46.251517+09:00
2026-06-26,6622,18530.0,18920.0,17800.0,18310.0,186700,OK,kabutan,18310.0,yahoo_jp,18310.0,2026-09-01T15:55:37.062762+09:00
2026-06-29,6508,9810.0,9890.0,9360.0,9870.0,175800,OK,kabutan,9870.0,yahoo_jp,9870.0,2026-09-01T15:52:46.251517+09:00
2026-06-29,6622,18190.0,18190.0,17140.0,17750.0,250600,OK,kabutan,17750.0,yahoo_jp,17750.0,2026-09-01T15:55:37.062762+09:00
2026-06-30,6508,9890.0,9920.0,9670.0,9770.0,135200,OK,kabutan,9770.0,yahoo_jp,9770.0,2026-09-01T15:52:46.251517+09:00
2026-06-30,6622,18110.0,18320.0,17680.0,18050.0,191600,OK,kabutan,18050.0,yahoo_jp,18050.0,2026-09-01T15:55:37.062762+09:00
2026-07-01,6508,10070.0,10260.0,9970.0,9970.0,112100,OK,kabutan,9970.0,yahoo_jp,9970.0,2026-09-01T15:52:46.251517+09:00
2026-07-01,6622,18550.0,18900.0,18290.0,18550.0,147000,OK,kabutan,18550.0,yahoo_jp,18550.0,2026-09-01T15:55:37.062762+09:00
2026-07-02,6508,9790.0,10020.0,9380.0,9480.0,236200,OK,kabutan,9480.0,yahoo_jp,9480.0,2026-09-01T15:52:46.251517+09:00
2026-07-02,6622,17650.0,17710.0,16940.0,17130.0,277000,OK,kabutan,17130.0,yahoo_jp,17130.0,2026-09-01T15:55:37.062762+09:00
2026-07-03,6508,9330.0,9780.0,9270.0,9780.0,123800,OK,kabutan,9780.0,yahoo_jp,9780.0,2026-09-01T15:52:46.251517+09:00
2026-07-03,6622,15960.0,17000.0,15830.0,17000.0,219500,OK,kabutan,17000.0,yahoo_jp,17000.0,2026-09-01T15:55:37.062762+09:00
2026-07-06,6508,9800.0,9860.0,9390.0,9510.0,218300,OK,kabutan,9510.0,yahoo_jp,9510.0,2026-09-01T15:52:46.251517+09:00
2026-07-06,6622,17340.0,17420.0,16660.0,17160.0,200200,OK,kabutan,17160.0,yahoo_jp,17160.0,2026-09-01T15:55:37.062762+09:00
2026-07-07,6508,9410.0,9500.0,9160.0,9290.0,186700,OK,kabutan,9290.0,yahoo_jp,9290.0,2026-09-01T15:52:46.251517+09:00
2026-07-07,6622,17010.0,17280.0,15920.0,16000.0,268400,OK,kabutan,16000.0,yahoo_jp,16000.0,2026-09-01T15:55:37.062762+09:00
2026-07-08,6508,8990.0,9270.0,8870.0,8870.0,104500,OK,kabutan,8870.0,yahoo_jp,8870.0,2026-09-01T15:52:46.251517+09:00
2026-07-08,6622,15010.0,15500.0,14710.0,14790.0,481000,OK,kabutan,14790.0,yahoo_jp,14790.0,2026-09-01T15:55:37.062762+09:00
2026-07-09,6508,9020.0,9100.0,8960.0,9050.0,112000,OK,kabutan,9050.0,yahoo_jp,9050.0,2026-09-01T15:52:46.251517+09:00
2026-07-09,6622,15200.0,15570.0,15130.0,15280.0,217500,OK,kabutan,15280.0,yahoo_jp,15280.0,2026-09-01T15:55:37.062762+09:00
2026-07-10,6508,9110.0,9240.0,9010.0,9070.0,137000,OK,kabutan,9070.0,yahoo_jp,9070.0,2026-09-01T15:52:46.251517+09:00
2026-07-10,6622,15540.0,15890.0,15440.0,15590.0,229200,OK,kabutan,15590.0,yahoo_jp,15590.0,2026-09-01T15:55:37.062762+09:00
2026-07-13,6508,9100.0,9220.0,8740.0,8930.0,182200,OK,kabutan,8930.0,yahoo_jp,8930.0,2026-09-01T15:52:46.251517+09:00
2026-07-13,6622,15570.0,15830.0,14820.0,15070.0,186200,OK,kabutan,15070.0,yahoo_jp,15070.0,2026-09-01T15:55:37.062762+09:00
2026-07-14,6508,8880.0,8930.0,8610.0,8770.0,209400,OK,kabutan,8770.0,yahoo_jp,8770.0,2026-09-01T15:52:46.251517+09:00
2026-07-14,6622,14980.0,15190.0,14540.0,15120.0,280100,OK,kabutan,15120.0,yahoo_jp,15120.0,2026-09-01T15:55:37.062762+09:00
2026-07-15,6508,8900.0,9110.0,8750.0,9060.0,156900,OK,kabutan,9060.0,yahoo_jp,9060.0,2026-09-01T15:52:46.251517+09:00
2026-07-15,6622,15300.0,15750.0,15030.0,15730.0,177200,OK,kabutan,15730.0,yahoo_jp,15730.0,2026-09-01T15:55:37.062762+09:00
2026-07-16,6508,8970.0,9030.0,8790.0,8790.0,129400,OK,kabutan,8790.0,yahoo_jp,8790.0,2026-09-01T15:52:46.251517+09:00
2026-07-16,6622,15370.0,15480.0,15000.0,15040.0,193700,OK,kabutan,15040.0,yahoo_jp,15040.0,2026-09-01T15:55:37.062762+09:00
2026-07-17,6508,8660.0,8780.0,8120.0,8470.0,207000,OK,kabutan,8470.0,yahoo_jp,8470.0,2026-09-01T15:52:46.251517+09:00
2026-07-17,6622,14450.0,14770.0,13540.0,14040.0,475800,OK,kabutan,14040.0,yahoo_jp,14040.0,2026-09-01T15:55:37.062762+09:00
2026-07-21,6508,8620.0,8790.0,8500.0,8760.0,158900,OK,kabutan,8760.0,yahoo_jp,8760.0,2026-09-01T15:52:46.251517+09:00
2026-07-21,6622,14300.0,14710.0,14030.0,14570.0,203200,OK,kabutan,14570.0,yahoo_jp,14570.0,2026-09-01T15:55:37.062762+09:00
2026-07-22,6508,8990.0,9280.0,8870.0,8970.0,248500,OK,kabutan,8970.0,yahoo_jp,8970.0,2026-09-01T15:52:46.251517+09:00
2026-07-22,6622,14990.0,15420.0,14810.0,14850.0,203200,OK,kabutan,14850.0,yahoo_jp,14850.0,2026-09-01T15:55:37.062762+09:00
2026-07-23,6508,9030.0,9160.0,8990.0,9090.0,126600,OK,kabutan,9090.0,yahoo_jp,9090.0,2026-09-01T15:52:46.251517+09:00
2026-07-23,6622,15070.0,15280.0,14900.0,15020.0,110400,OK,kabutan,15020.0,yahoo_jp,15020.0,2026-09-01T15:55:37.062762+09:00
2026-07-24,6508,8870.0,9050.0,8870.0,9020.0,189200,OK,kabutan,9020.0,yahoo_jp,9020.0,2026-09-01T15:52:46.251517+09:00
2026-07-24,6622,14750.0,14900.0,14440.0,14650.0,120300,OK,kabutan,14650.0,yahoo_jp,14650.0,2026-09-01T15:55:37.062762+09:00
2026-07-27,6508,9020.0,9090.0,8750.0,9050.0,189900,OK,kabutan,9050.0,yahoo_jp,9050.0,2026-09-01T15:52:46.251517+09:00
2026-07-27,6622,14680.0,14790.0,14000.0,14620.0,245300,OK,kabutan,14620.0,yahoo_jp,14620.0,2026-09-01T15:55:37.062762+09:00
2026-07-28,6508,8900.0,8900.0,8350.0,8370.0,207700,OK,kabutan,8370.0,yahoo_jp,8370.0,2026-09-01T15:52:46.251517+09:00
2026-07-28,6622,13880.0,13940.0,12950.0,13110.0,513100,OK,kabutan,13110.0,yahoo_jp,13110.0,2026-09-01T15:55:37.062762+09:00
2026-07-29,6508,8310.0,8370.0,7800.0,7990.0,396400,OK,kabutan,7990.0,yahoo_jp,7990.0,2026-09-01T15:52:46.251517+09:00
2026-07-29,6622,13070.0,13170.0,11610.0,11900.0,368800,OK,kabutan,11900.0,yahoo_jp,11900.0,2026-09-01T15:55:37.062762+09:00
2026-07-30,6508,7870.0,8440.0,7850.0,8360.0,306100,OK,kabutan,8360.0,yahoo_jp,8360.0,2026-09-01T15:52:46.251517+09:00
2026-07-30,6622,11620.0,12550.0,11460.0,12250.0,312300,OK,kabutan,12250.0,yahoo_jp,12250.0,2026-09-01T15:55:37.062762+09:00
2026-07-31,6508,8960.0,9620.0,8740.0,9620.0,772700,OK,kabutan,9620.0,yahoo_jp,9620.0,2026-09-01T15:52:46.251517+09:00
2026-07-31,6622,13500.0,14020.0,13190.0,13790.0,366500,OK,kabutan,13790.0,yahoo_jp,13790.0,2026-09-01T15:55:37.062762+09:00
2026-08-03,6508,10070.0,10730.0,9980.0,10440.0,839900,OK,kabutan,10440.0,yahoo_jp,10440.0,2026-09-01T15:52:46.251517+09:00
2026-08-03,6622,13740.0,13980.0,13270.0,13700.0,370600,OK,kabutan,13700.0,yahoo_jp,13700.0,2026-09-01T15:55:37.062762+09:00
2026-08-04,6508,10570.0,10810.0,10170.0,10690.0,359600,OK,kabutan,10690.0,yahoo_jp,10690.0,2026-09-01T15:52:46.251517+09:00
2026-08-04,6622,14240.0,15010.0,14140.0,14780.0,593000,OK,kabutan,14780.0,yahoo_jp,14780.0,2026-09-01T15:55:37.062762+09:00
2026-08-05,6508,11120.0,11610.0,10790.0,11250.0,459400,OK,kabutan,11250.0,yahoo_jp,11250.0,2026-09-01T15:52:46.251517+09:00
2026-08-05,6622,14480.0,15660.0,14470.0,15200.0,726800,OK,kabutan,15200.0,yahoo_jp,15200.0,2026-09-01T15:55:37.062762+09:00
2026-08-06,6508,11210.0,11470.0,10810.0,11140.0,330200,OK,kabutan,11140.0,yahoo_jp,11140.0,2026-09-01T15:52:46.251517+09:00
2026-08-06,6622,14830.0,15200.0,13780.0,14130.0,540400,OK,kabutan,14130.0,yahoo_jp,14130.0,2026-09-01T15:55:37.062762+09:00
2026-08-07,6508,11110.0,11230.0,10670.0,10850.0,304900,OK,kabutan,10850.0,yahoo_jp,10850.0,2026-09-01T15:52:46.251517+09:00
2026-08-07,6622,14130.0,14190.0,13300.0,13830.0,358600,OK,kabutan,13830.0,yahoo_jp,13830.0,2026-09-01T15:55:37.062762+09:00
2026-08-10,6508,10850.0,11200.0,10780.0,10790.0,223500,OK,kabutan,10790.0,yahoo_jp,10790.0,2026-09-01T15:52:46.251517+09:00
2026-08-10,6622,13800.0,14000.0,13370.0,13450.0,324700,OK,kabutan,13450.0,yahoo_jp,13450.0,2026-09-01T15:55:37.062762+09:00
2026-08-12,6508,10930.0,11420.0,10800.0,11400.0,286600,OK,kabutan,11400.0,yahoo_jp,11400.0,2026-09-01T15:52:46.251517+09:00
2026-08-12,6622,13450.0,13600.0,13150.0,13580.0,316000,OK,kabutan,13580.0,yahoo_jp,13580.0,2026-09-01T15:55:37.062762+09:00
2026-08-13,6508,11490.0,11970.0,11350.0,11880.0,364300,OK,kabutan,11880.0,yahoo_jp,11880.0,2026-09-01T15:52:46.251517+09:00
2026-08-13,6622,13880.0,14070.0,13840.0,13980.0,189400,OK,kabutan,13980.0,yahoo_jp,13980.0,2026-09-01T15:55:37.062762+09:00
2026-08-14,6508,12000.0,12520.0,12000.0,12370.0,397900,OK,kabutan,12370.0,yahoo_jp,12370.0,2026-09-01T15:52:46.251517+09:00
2026-08-14,6622,14020.0,14390.0,13840.0,13910.0,211500,OK,kabutan,13910.0,yahoo_jp,13910.0,2026-09-01T15:55:37.062762+09:00
2026-08-17,6508,12470.0,12700.0,12340.0,12660.0,283600,OK,kabutan,12660.0,yahoo_jp,12660.0,2026-09-01T15:52:46.251517+09:00
2026-08-17,6622,13860.0,14590.0,13860.0,14540.0,203300,OK,kabutan,14540.0,yahoo_jp,14540.0,2026-09-01T15:55:37.062762+09:00
2026-08-18,6508,12500.0,12760.0,12080.0,12250.0,326900,OK,kabutan,12250.0,yahoo_jp,12250.0,2026-09-01T15:52:46.251517+09:00
2026-08-18,6622,14500.0,14790.0,14000.0,14070.0,173600,OK,kabutan,14070.0,yahoo_jp,14070.0,2026-09-01T15:55:37.062762+09:00
2026-08-19,6508,11590.0,11870.0,11230.0,11310.0,415200,OK,kabutan,11310.0,yahoo_jp,11310.0,2026-09-01T15:52:46.251517+09:00
2026-08-19,6622,13000.0,13280.0,12800.0,13050.0,215900,OK,kabutan,13050.0,yahoo_jp,13050.0,2026-09-01T15:55:37.062762+09:00
2026-08-20,6508,11260.0,11480.0,11110.0,11230.0,266300,OK,kabutan,11230.0,yahoo_jp,11230.0,2026-09-01T15:52:46.251517+09:00
2026-08-20,6622,13000.0,13260.0,12850.0,13170.0,182600,OK,kabutan,13170.0,yahoo_jp,13170.0,2026-09-01T15:55:37.062762+09:00
2026-08-21,6508,11110.0,11680.0,10940.0,11480.0,274200,OK,kabutan,11480.0,yahoo_jp,11480.0,2026-09-01T15:52:46.251517+09:00
2026-08-21,6622,12840.0,13020.0,12570.0,13020.0,215100,OK,kabutan,13020.0,yahoo_jp,13020.0,2026-09-01T15:55:37.062762+09:00
2026-08-24,6508,11550.0,12010.0,11280.0,11660.0,393700,OK,kabutan,11660.0,yahoo_jp,11660.0,2026-09-01T15:52:46.251517+09:00
2026-08-24,6622,13010.0,13080.0,12720.0,12800.0,178500,OK,kabutan,12800.0,yahoo_jp,12800.0,2026-09-01T15:55:37.062762+09:00
2026-08-25,6508,11450.0,11690.0,11300.0,11580.0,267900,OK,kabutan,11580.0,yahoo_jp,11580.0,2026-09-01T15:52:46.251517+09:00
2026-08-25,6622,12700.0,12990.0,12520.0,12930.0,125800,OK,kabutan,12930.0,yahoo_jp,12930.0,2026-09-01T15:55:37.062762+09:00
2026-08-26,6508,11680.0,11870.0,11480.0,11750.0,214000,OK,kabutan,11750.0,yahoo_jp,11750.0,2026-09-01T15:52:46.251517+09:00
2026-08-26,6622,13190.0,13200.0,12830.0,13140.0,144500,OK,kabutan,13140.0,yahoo_jp,13140.0,2026-09-01T15:55:37.062762+09:00
2026-08-27,6508,12050.0,12290.0,11820.0,11960.0,412000,OK,kabutan,11960.0,yahoo_jp,11960.0,2026-09-01T15:52:46.251517+09:00
2026-08-27,6622,13440.0,13520.0,12870.0,13120.0,198900,OK,kabutan,13120.0,yahoo_jp,13120.0,2026-09-01T15:55:37.062762+09:00
2026-08-28,6508,11950.0,12110.0,11700.0,11720.0,447700,OK,kabutan,11720.0,yahoo_jp,11720.0,2026-09-01T15:52:46.251517+09:00
2026-08-28,6622,13170.0,13280.0,12900.0,12980.0,107600,OK,kabutan,12980.0,yahoo_jp,12980.0,2026-09-01T15:55:37.062762+09:00
2026-08-31,1942,5474.0,5513.0,5401.0,5491.0,916200,OK,kabutan,5491.0,yahoo_jp,5491.0,2026-09-01T15:41:18.978709+09:00
2026-08-31,1944,6796.0,7012.0,6755.0,7012.0,779500,OK,kabutan,7012.0,yahoo_jp,7012.0,2026-09-01T15:44:10.913871+09:00
2026-08-31,1959,8114.0,8185.0,8058.0,8146.0,156300,OK,kabutan,8146.0,yahoo_jp,8146.0,2026-09-01T15:47:01.918589+09:00
2026-08-31,1969,4251.0,4335.0,4239.0,4323.0,403400,OK,kabutan,4323.0,yahoo_jp,4323.0,2026-09-01T15:49:54.785917+09:00
2026-08-31,4440,1630.0,1785.0,1605.0,1785.0,1906000,OK,kabutan,1785.0,yahoo_jp,1785.0,2026-09-01T15:58:28.280973+09:00
2026-08-31,4707,330.0,337.0,330.0,333.0,194300,OK,kabutan,333.0,yahoo_jp,333.0,2026-09-01T16:01:21.693225+09:00
2026-08-31,5137,320.0,336.0,308.0,312.0,2338000,OK,kabutan,312.0,yahoo_jp,312.0,2026-09-01T16:04:15.688123+09:00
2026-08-31,5243,3035.0,3140.0,2955.0,3065.0,406500,OK,kabutan,3065.0,yahoo_jp,3065.0,2026-09-01T16:07:08.232176+09:00
2026-08-31,6027,4780.0,5530.0,4760.0,5360.0,640600,OK,kabutan,5360.0,yahoo_jp,5360.0,2026-09-01T16:09:58.629734+09:00
2026-08-31,6508,11340.0,11960.0,11280.0,11870.0,335400,OK,kabutan,11870.0,yahoo_jp,11870.0,2026-09-01T15:52:46.251517+09:00
2026-08-31,6570,3745.0,3850.0,3660.0,3800.0,41900,OK,kabutan,3800.0,yahoo_jp,3800.0,2026-09-01T15:38:26.516586+09:00
2026-08-31,6622,12710.0,12880.0,12440.0,12870.0,152200,OK,kabutan,12870.0,yahoo_jp,12870.0,2026-09-01T15:55:37.062762+09:00
2026-08-31,6647,3450.0,3450.0,3400.0,3445.0,1100,OK,kabutan,3445.0,yahoo_jp,3445.0,2026-09-01T16:12:53.479055+09:00
2026-08-31,6904,552.0,560.0,552.0,555.0,8000,OK,kabutan,555.0,yahoo_jp,555.0,2026-09-01T16:15:47.465171+09:00
2026-08-31,7093,597.0,604.0,591.0,598.0,3700,OK,kabutan,598.0,yahoo_jp,598.0,2026-09-01T16:18:39.463110+09:00
2026-08-31,9344,1313.0,1313.0,1300.0,1302.0,8500,OK,kabutan,1302.0,yahoo_jp,1302.0,2026-09-01T16:21:32.340483+09:00
2026-09-01,1942,5591.0,5844.0,5550.0,5797.0,1456700,OK,kabutan,5797.0,yahoo_jp,5797.0,2026-09-05T04:02:11.620616+09:00
2026-09-01,1944,7053.0,7320.0,7033.0,7268.0,891300,OK,kabutan,7268.0,yahoo_jp,7268.0,2026-09-05T04:02:27.481621+09:00
2026-09-01,1959,8296.0,8445.0,8200.0,8405.0,183700,OK,kabutan,8405.0,yahoo_jp,8405.0,2026-09-05T04:02:42.408930+09:00
2026-09-01,1969,4325.0,4427.0,4306.0,4401.0,423400,OK,kabutan,4401.0,yahoo_jp,4401.0,2026-09-05T04:02:58.820059+09:00
2026-09-01,4440,1625.0,1773.0,1473.0,1542.0,1815000,OK,kabutan,1542.0,yahoo_jp,1542.0,2026-09-05T04:03:45.011395+09:00
2026-09-01,4707,336.0,336.0,331.0,336.0,33800,OK,kabutan,336.0,yahoo_jp,336.0,2026-09-05T04:04:00.224333+09:00
2026-09-01,5137,296.0,304.0,292.0,297.0,875700,OK,kabutan,297.0,yahoo_jp,297.0,2026-09-05T04:04:15.697828+09:00
2026-09-01,5243,3065.0,3110.0,2886.0,2890.0,397300,OK,kabutan,2890.0,yahoo_jp,2890.0,2026-09-05T04:04:31.167695+09:00
2026-09-01,6027,5310.0,5780.0,5260.0,5270.0,512600,OK,kabutan,5270.0,yahoo_jp,5270.0,2026-09-05T04:04:45.902479+09:00
2026-09-01,6508,11750.0,11780.0,11180.0,11260.0,345100,OK,kabutan,11260.0,yahoo_jp,11260.0,2026-09-05T04:03:14.308355+09:00
2026-09-01,6570,3730.0,4290.0,3730.0,4280.0,245900,OK,kabutan,4280.0,yahoo_jp,4280.0,2026-09-05T04:01:55.691621+09:00
2026-09-01,6622,12700.0,12810.0,12530.0,12540.0,119100,OK,kabutan,12540.0,yahoo_jp,12540.0,2026-09-05T04:03:29.961214+09:00
2026-09-01,6647,3445.0,3445.0,3445.0,,0,SINGLE_SOURCE|NO_TRADE,kabutan,3445.0,,,2026-09-05T04:05:00.873229+09:00
2026-09-01,6904,552.0,558.0,552.0,555.0,8600,OK,kabutan,555.0,yahoo_jp,555.0,2026-09-05T04:05:15.901224+09:00
2026-09-01,7093,594.0,617.0,594.0,602.0,1200,OK,kabutan,602.0,yahoo_jp,602.0,2026-09-05T04:05:31.326986+09:00
2026-09-01,9344,1303.0,1321.0,1302.0,1312.0,12400,OK,kabutan,1312.0,yahoo_jp,1312.0,2026-09-05T04:05:46.400729+09:00
2026-09-02,1942,5667.0,5785.0,5563.0,5570.0,783700,OK,kabutan,5570.0,yahoo_jp,5570.0,2026-09-05T04:02:11.620616+09:00
2026-09-02,1944,7160.0,7245.0,6984.0,6998.0,616700,OK,kabutan,6998.0,yahoo_jp,6998.0,2026-09-05T04:02:27.481621+09:00
2026-09-02,1959,8255.0,8367.0,8096.0,8096.0,178500,OK,kabutan,8096.0,yahoo_jp,8096.0,2026-09-05T04:02:42.408930+09:00
2026-09-02,1969,4322.0,4388.0,4270.0,4279.0,578100,OK,kabutan,4279.0,yahoo_jp,4279.0,2026-09-05T04:02:58.820059+09:00
2026-09-02,4440,1470.0,1930.0,1412.0,1838.0,4957700,OK,kabutan,1838.0,yahoo_jp,1838.0,2026-09-05T04:03:45.011395+09:00
2026-09-02,4707,333.0,336.0,331.0,335.0,30100,OK,kabutan,335.0,yahoo_jp,335.0,2026-09-05T04:04:00.224333+09:00
2026-09-02,5137,289.0,312.0,283.0,309.0,938600,OK,kabutan,309.0,yahoo_jp,309.0,2026-09-05T04:04:15.697828+09:00
2026-09-02,5243,2840.0,2840.0,2740.0,2782.0,322400,OK,kabutan,2782.0,yahoo_jp,2782.0,2026-09-05T04:04:31.167695+09:00
2026-09-02,6027,5240.0,5270.0,4865.0,5090.0,465700,OK,kabutan,5090.0,yahoo_jp,5090.0,2026-09-05T04:04:45.902479+09:00
2026-09-02,6508,11100.0,11200.0,10620.0,10680.0,343200,OK,kabutan,10680.0,yahoo_jp,10680.0,2026-09-05T04:03:14.308355+09:00
2026-09-02,6570,4210.0,4210.0,3900.0,4025.0,146200,OK,kabutan,4025.0,yahoo_jp,4025.0,2026-09-05T04:01:55.691621+09:00
2026-09-02,6622,12330.0,12360.0,12150.0,12200.0,158600,OK,kabutan,12200.0,yahoo_jp,12200.0,2026-09-05T04:03:29.961214+09:00
2026-09-02,6647,3475.0,3475.0,3350.0,3350.0,800,OK,kabutan,3350.0,yahoo_jp,3350.0,2026-09-05T04:05:00.873229+09:00
2026-09-02,6904,555.0,555.0,550.0,553.0,37700,OK,kabutan,553.0,yahoo_jp,553.0,2026-09-05T04:05:15.901224+09:00
2026-09-02,7093,609.0,609.0,596.0,605.0,6300,OK,kabutan,605.0,yahoo_jp,605.0,2026-09-05T04:05:31.326986+09:00
2026-09-02,9344,1321.0,1360.0,1318.0,1320.0,26000,OK,kabutan,1320.0,yahoo_jp,1320.0,2026-09-05T04:05:46.400729+09:00
2026-09-03,1942,5621.0,5685.0,5586.0,5681.0,716700,OK,kabutan,5681.0,yahoo_jp,5681.0,2026-09-05T04:02:11.620616+09:00
2026-09-03,1944,7085.0,7096.0,6997.0,7073.0,541000,OK,kabutan,7073.0,yahoo_jp,7073.0,2026-09-05T04:02:27.481621+09:00
2026-09-03,1959,8096.0,8209.0,8050.0,8209.0,119500,OK,kabutan,8209.0,yahoo_jp,8209.0,2026-09-05T04:02:42.408930+09:00
2026-09-03,1969,4271.0,4321.0,4258.0,4272.0,382500,OK,kabutan,4272.0,yahoo_jp,4272.0,2026-09-05T04:02:58.820059+09:00
2026-09-03,4440,1898.0,2238.0,1845.0,2033.0,9642200,OK,kabutan,2033.0,yahoo_jp,2033.0,2026-09-05T04:03:45.011395+09:00
2026-09-03,4707,335.0,344.0,335.0,342.0,56700,OK,kabutan,342.0,yahoo_jp,342.0,2026-09-05T04:04:00.224333+09:00
2026-09-03,5137,306.0,317.0,302.0,308.0,883100,OK,kabutan,308.0,yahoo_jp,308.0,2026-09-05T04:04:15.697828+09:00
2026-09-03,5243,2740.0,2806.0,2689.0,2701.0,241200,OK,kabutan,2701.0,yahoo_jp,2701.0,2026-09-05T04:04:31.167695+09:00
2026-09-03,6027,4990.0,5080.0,4800.0,4900.0,432900,OK,kabutan,4900.0,yahoo_jp,4900.0,2026-09-05T04:04:45.902479+09:00
2026-09-03,6508,10900.0,10910.0,10470.0,10530.0,208300,OK,kabutan,10530.0,yahoo_jp,10530.0,2026-09-05T04:03:14.308355+09:00
2026-09-03,6570,4145.0,4245.0,4005.0,4225.0,58600,OK,kabutan,4225.0,yahoo_jp,4225.0,2026-09-05T04:01:55.691621+09:00
2026-09-03,6622,12340.0,12410.0,12070.0,12200.0,99800,OK,kabutan,12200.0,yahoo_jp,12200.0,2026-09-05T04:03:29.961214+09:00
2026-09-03,6647,3420.0,3450.0,3350.0,3370.0,1700,OK,kabutan,3370.0,yahoo_jp,3370.0,2026-09-05T04:05:00.873229+09:00
2026-09-03,6904,569.0,653.0,569.0,631.0,441500,OK,kabutan,631.0,yahoo_jp,631.0,2026-09-05T04:05:15.901224+09:00
2026-09-03,7093,612.0,612.0,596.0,596.0,2900,OK,kabutan,596.0,yahoo_jp,596.0,2026-09-05T04:05:31.326986+09:00
2026-09-03,9344,1333.0,1333.0,1311.0,1320.0,22100,OK,kabutan,1320.0,yahoo_jp,1320.0,2026-09-05T04:05:46.400729+09:00
2026-09-04,1942,5626.0,5748.0,5611.0,,672300,SINGLE_SOURCE,yahoo_jp,5630.0,,,2026-09-05T04:02:11.620616+09:00
2026-09-04,1944,7020.0,7088.0,6972.0,,423100,SINGLE_SOURCE,yahoo_jp,7047.0,,,2026-09-05T04:02:27.481621+09:00
2026-09-04,1959,8059.0,8158.0,8040.0,,190600,SINGLE_SOURCE,yahoo_jp,8095.0,,,2026-09-05T04:02:42.408930+09:00
2026-09-04,1969,4284.0,4315.0,4255.0,,373000,SINGLE_SOURCE,yahoo_jp,4314.0,,,2026-09-05T04:02:58.820059+09:00
2026-09-04,4440,2032.0,2147.0,1601.0,,3219200,SINGLE_SOURCE,yahoo_jp,1650.0,,,2026-09-05T04:03:45.011395+09:00
2026-09-04,4707,345.0,345.0,338.0,,17900,SINGLE_SOURCE,yahoo_jp,340.0,,,2026-09-05T04:04:00.224333+09:00
2026-09-04,5137,316.0,338.0,316.0,,1852200,SINGLE_SOURCE,yahoo_jp,324.0,,,2026-09-05T04:04:15.697828+09:00
2026-09-04,5243,2728.0,3020.0,2715.0,,391000,SINGLE_SOURCE,yahoo_jp,2970.0,,,2026-09-05T04:04:31.167695+09:00
2026-09-04,6027,4970.0,5160.0,4760.0,,350800,SINGLE_SOURCE,yahoo_jp,5120.0,,,2026-09-05T04:04:45.902479+09:00
2026-09-04,6508,10700.0,10920.0,10430.0,,228400,SINGLE_SOURCE,yahoo_jp,10800.0,,,2026-09-05T04:03:14.308355+09:00
2026-09-04,6570,4170.0,4395.0,4120.0,,60600,SINGLE_SOURCE,yahoo_jp,4255.0,,,2026-09-05T04:01:55.691621+09:00
2026-09-04,6622,12230.0,12310.0,12070.0,,124900,SINGLE_SOURCE,yahoo_jp,12260.0,,,2026-09-05T04:03:29.961214+09:00
2026-09-04,6647,3350.0,3370.0,3350.0,,400,SINGLE_SOURCE,yahoo_jp,3370.0,,,2026-09-05T04:05:00.873229+09:00
2026-09-04,6904,641.0,647.0,607.0,,129700,SINGLE_SOURCE,yahoo_jp,631.0,,,2026-09-05T04:05:15.901224+09:00
2026-09-04,7093,591.0,591.0,572.0,,4000,SINGLE_SOURCE,yahoo_jp,576.0,,,2026-09-05T04:05:31.326986+09:00
2026-09-04,9344,1336.0,1339.0,1318.0,,19300,SINGLE_SOURCE,yahoo_jp,1320.0,,,2026-09-05T04:05:46.400729+09:00
